pybullet build time: Sep 16 2026 22:14:57
pybullet build time: Sep 16 2026 22:14:57
pybullet build time: Sep 16 2026 22:14:57
pybullet build time: Sep 16 2026 22:14:57
pybullet build time: Sep 16 2026 22:14:57
pybullet build time: Sep 16 2026 22:14:57
pybullet build time: Sep 16 2026 22:14:57
pybullet build time: Sep 16 2026 22:14:57
pybullet build time: Sep 16 2026 22:14:57
pybullet build time: Sep 16 2026 22:14:57
pybullet build time: Sep 16 2026 22:14:57
pybullet build time: Sep 16 2026 22:14:57
pybullet build time: Sep 16 2026 22:14:57
Using cpu device
Logging to ./tb_logs/v4.0_1
C:\Users\Oat\OneDrive - UTS\Spring 2026\Reinforcement Learning\A3\Precision-Strike\.venv\Lib\site-packages\stable_baselines3\common\callbacks.py:419: UserWarning: Training and eval env are not of the same type<stable_baselines3.common.vec_env.subproc_vec_env.SubprocVecEnv object at 0x00000207D6E1F650> != <stable_baselines3.common.vec_env.dummy_vec_env.DummyVecEnv object at 0x00000207DC3AF9D0>
  warnings.warn("Training and eval env are not of the same type" f"{self.training_env} != {self.eval_env}")
------------------------------------
| curriculum/          |           |
|    chase_probability | 1.71e-06  |
| rollout/             |           |
|    ep_len_mean       | 248       |
|    ep_rew_mean       | -1.15e+03 |
| time/                |           |
|    fps               | 6         |
|    iterations        | 1         |
|    time_elapsed      | 947       |
|    total_timesteps   | 6144      |
------------------------------------
------------------------------------------
| curriculum/             |              |
|    chase_probability    | 0.00143      |
| rollout/                |              |
|    ep_len_mean          | 267          |
|    ep_rew_mean          | -1.19e+03    |
| time/                   |              |
|    fps                  | 12           |
|    iterations           | 2            |
|    time_elapsed         | 1011         |
|    total_timesteps      | 12288        |
| train/                  |              |
|    approx_kl            | 0.0035738163 |
|    clip_fraction        | 0.0138       |
|    clip_range           | 0.2          |
|    entropy_loss         | -5.67        |
|    explained_variance   | 0.000167     |
|    learning_rate        | 0.0003       |
|    loss                 | 3e+04        |
|    n_updates            | 10           |
|    policy_gradient_loss | -0.00243     |
|    std                  | 0.997        |
|    value_loss           | 1.8e+04      |
------------------------------------------
------------------------------------------
| rollout/                |              |
|    ep_len_mean          | 276          |
|    ep_rew_mean          | -1.56e+03    |
| time/                   |              |
|    fps                  | 17           |
|    iterations           | 3            |
|    time_elapsed         | 1070         |
|    total_timesteps      | 18432        |
| train/                  |              |
|    approx_kl            | 0.0023621328 |
|    clip_fraction        | 0.00296      |
|    clip_range           | 0.2          |
|    entropy_loss         | -5.67        |
|    explained_variance   | 0.0471       |
|    learning_rate        | 0.0003       |
|    loss                 | 0.548        |
|    n_updates            | 20           |
|    policy_gradient_loss | -0.00112     |
|    std                  | 1            |
|    value_loss           | 2.13e+04     |
------------------------------------------
------------------------------------------
| curriculum/             |              |
|    chase_probability    | 0.00286      |
| rollout/                |              |
|    ep_len_mean          | 277          |
|    ep_rew_mean          | -1.54e+03    |
| time/                   |              |
|    fps                  | 21           |
|    iterations           | 4            |
|    time_elapsed         | 1125         |
|    total_timesteps      | 24576        |
| train/                  |              |
|    approx_kl            | 0.0023132216 |
|    clip_fraction        | 0.00371      |
|    clip_range           | 0.2          |
|    entropy_loss         | -5.68        |
|    explained_variance   | 0.0585       |
|    learning_rate        | 0.0003       |
|    loss                 | 14.1         |
|    n_updates            | 30           |
|    policy_gradient_loss | -0.00102     |
|    std                  | 1            |
|    value_loss           | 3.51e+04     |
------------------------------------------
-----------------------------------------
| curriculum/             |             |
|    chase_probability    | 0.00429     |
| rollout/                |             |
|    ep_len_mean          | 282         |
|    ep_rew_mean          | -1.62e+03   |
| time/                   |             |
|    fps                  | 26          |
|    iterations           | 5           |
|    time_elapsed         | 1177        |
|    total_timesteps      | 30720       |
| train/                  |             |
|    approx_kl            | 0.003823269 |
|    clip_fraction        | 0.0286      |
|    clip_range           | 0.2         |
|    entropy_loss         | -5.68       |
|    explained_variance   | 0.0705      |
|    learning_rate        | 0.0003      |
|    loss                 | 2.63e+04    |
|    n_updates            | 40          |
|    policy_gradient_loss | -0.00159    |
|    std                  | 1           |
|    value_loss           | 2.11e+04    |
-----------------------------------------
------------------------------------------
| rollout/                |              |
|    ep_len_mean          | 290          |
|    ep_rew_mean          | -1.84e+03    |
| time/                   |              |
|    fps                  | 29           |
|    iterations           | 6            |
|    time_elapsed         | 1236         |
|    total_timesteps      | 36864        |
| train/                  |              |
|    approx_kl            | 0.0010605978 |
|    clip_fraction        | 0.00176      |
|    clip_range           | 0.2          |
|    entropy_loss         | -5.69        |
|    explained_variance   | 0.0851       |
|    learning_rate        | 0.0003       |
|    loss                 | 4.1e+03      |
|    n_updates            | 50           |
|    policy_gradient_loss | -0.000344    |
|    std                  | 1            |
|    value_loss           | 3.09e+04     |
------------------------------------------
-------------------------------------------
| curriculum/             |               |
|    chase_probability    | 0.00572       |
| rollout/                |               |
|    ep_len_mean          | 294           |
|    ep_rew_mean          | -1.84e+03     |
| time/                   |               |
|    fps                  | 33            |
|    iterations           | 7             |
|    time_elapsed         | 1290          |
|    total_timesteps      | 43008         |
| train/                  |               |
|    approx_kl            | 0.00097571145 |
|    clip_fraction        | 0.000586      |
|    clip_range           | 0.2           |
|    entropy_loss         | -5.69         |
|    explained_variance   | 0.106         |
|    learning_rate        | 0.0003        |
|    loss                 | 3.07e+04      |
|    n_updates            | 60            |
|    policy_gradient_loss | -0.00013      |
|    std                  | 1             |
|    value_loss           | 3.16e+04      |
-------------------------------------------
------------------------------------------
| rollout/                |              |
|    ep_len_mean          | 301          |
|    ep_rew_mean          | -1.92e+03    |
| time/                   |              |
|    fps                  | 36           |
|    iterations           | 8            |
|    time_elapsed         | 1344         |
|    total_timesteps      | 49152        |
| train/                  |              |
|    approx_kl            | 0.0027333517 |
|    clip_fraction        | 0.00978      |
|    clip_range           | 0.2          |
|    entropy_loss         | -5.69        |
|    explained_variance   | 0.0987       |
|    learning_rate        | 0.0003       |
|    loss                 | 1.6e+04      |
|    n_updates            | 70           |
|    policy_gradient_loss | -0.000178    |
|    std                  | 1            |
|    value_loss           | 2.51e+04     |
------------------------------------------
Eval num_timesteps=49992, episode_reward=-1984.78 +/- 2078.03
Episode length: 300.50 +/- 93.97
------------------------------------------
| eval/                   |              |
|    mean_ep_length       | 300          |
|    mean_reward          | -1.98e+03    |
| time/                   |              |
|    total_timesteps      | 49992        |
| train/                  |              |
|    approx_kl            | 0.0021435395 |
|    clip_fraction        | 0.00755      |
|    clip_range           | 0.2          |
|    entropy_loss         | -5.68        |
|    explained_variance   | 0.136        |
|    learning_rate        | 0.0003       |
|    loss                 | 3.36e+04     |
|    n_updates            | 80           |
|    policy_gradient_loss | -0.000889    |
|    std                  | 1            |
|    value_loss           | 3.55e+04     |
------------------------------------------
New best mean reward!
[episode ends] timestep 50004: crashed=157 (95%), missed_goal=9 (5%)
------------------------------------
| curriculum/          |           |
|    chase_probability | 0.00715   |
| episode_end/         |           |
|    crashed           | 157       |
|    missed_goal       | 9         |
| rollout/             |           |
|    ep_len_mean       | 303       |
|    ep_rew_mean       | -1.97e+03 |
| time/                |           |
|    fps               | 38        |
|    iterations        | 9         |
|    time_elapsed      | 1418      |
|    total_timesteps   | 55296     |
------------------------------------
-----------------------------------------
| curriculum/             |             |
|    chase_probability    | 0.00858     |
| rollout/                |             |
|    ep_len_mean          | 305         |
|    ep_rew_mean          | -1.92e+03   |
| time/                   |             |
|    fps                  | 41          |
|    iterations           | 10          |
|    time_elapsed         | 1477        |
|    total_timesteps      | 61440       |
| train/                  |             |
|    approx_kl            | 0.004997333 |
|    clip_fraction        | 0.0702      |
|    clip_range           | 0.2         |
|    entropy_loss         | -5.67       |
|    explained_variance   | 0.135       |
|    learning_rate        | 0.0003      |
|    loss                 | 9.26        |
|    n_updates            | 90          |
|    policy_gradient_loss | 0.00334     |
|    std                  | 0.997       |
|    value_loss           | 3.01e+04    |
-----------------------------------------
------------------------------------------
| rollout/                |              |
|    ep_len_mean          | 302          |
|    ep_rew_mean          | -1.88e+03    |
| time/                   |              |
|    fps                  | 44           |
|    iterations           | 11           |
|    time_elapsed         | 1534         |
|    total_timesteps      | 67584        |
| train/                  |              |
|    approx_kl            | 0.0026081412 |
|    clip_fraction        | 0.0145       |
|    clip_range           | 0.2          |
|    entropy_loss         | -5.67        |
|    explained_variance   | 0.154        |
|    learning_rate        | 0.0003       |
|    loss                 | 77.5         |
|    n_updates            | 100          |
|    policy_gradient_loss | -0.00165     |
|    std                  | 0.999        |
|    value_loss           | 1.96e+04     |
------------------------------------------
-----------------------------------------
| curriculum/             |             |
|    chase_probability    | 0.01        |
| rollout/                |             |
|    ep_len_mean          | 303         |
|    ep_rew_mean          | -2.11e+03   |
| time/                   |             |
|    fps                  | 46          |
|    iterations           | 12          |
|    time_elapsed         | 1591        |
|    total_timesteps      | 73728       |
| train/                  |             |
|    approx_kl            | 0.002314681 |
|    clip_fraction        | 0.00322     |
|    clip_range           | 0.2         |
|    entropy_loss         | -5.67       |
|    explained_variance   | 0.161       |
|    learning_rate        | 0.0003      |
|    loss                 | 3.26e+03    |
|    n_updates            | 110         |
|    policy_gradient_loss | -0.00107    |
|    std                  | 1           |
|    value_loss           | 3.37e+04    |
-----------------------------------------
------------------------------------------
| rollout/                |              |
|    ep_len_mean          | 294          |
|    ep_rew_mean          | -1.95e+03    |
| time/                   |              |
|    fps                  | 48           |
|    iterations           | 13           |
|    time_elapsed         | 1652         |
|    total_timesteps      | 79872        |
| train/                  |              |
|    approx_kl            | 0.0017896872 |
|    clip_fraction        | 0.000879     |
|    clip_range           | 0.2          |
|    entropy_loss         | -5.68        |
|    explained_variance   | 0.153        |
|    learning_rate        | 0.0003       |
|    loss                 | 1.4e+03      |
|    n_updates            | 120          |
|    policy_gradient_loss | -0.00118     |
|    std                  | 1            |
|    value_loss           | 3.42e+04     |
------------------------------------------
------------------------------------------
| curriculum/             |              |
|    chase_probability    | 0.0114       |
| rollout/                |              |
|    ep_len_mean          | 296          |
|    ep_rew_mean          | -1.93e+03    |
| time/                   |              |
|    fps                  | 50           |
|    iterations           | 14           |
|    time_elapsed         | 1713         |
|    total_timesteps      | 86016        |
| train/                  |              |
|    approx_kl            | 0.0031871523 |
|    clip_fraction        | 0.00669      |
|    clip_range           | 0.2          |
|    entropy_loss         | -5.68        |
|    explained_variance   | 0.19         |
|    learning_rate        | 0.0003       |
|    loss                 | 2.9e+04      |
|    n_updates            | 130          |
|    policy_gradient_loss | -0.00146     |
|    std                  | 1            |
|    value_loss           | 2.41e+04     |
------------------------------------------
------------------------------------------
| curriculum/             |              |
|    chase_probability    | 0.0129       |
| rollout/                |              |
|    ep_len_mean          | 298          |
|    ep_rew_mean          | -2.1e+03     |
| time/                   |              |
|    fps                  | 52           |
|    iterations           | 15           |
|    time_elapsed         | 1770         |
|    total_timesteps      | 92160        |
| train/                  |              |
|    approx_kl            | 0.0021959783 |
|    clip_fraction        | 0.00677      |
|    clip_range           | 0.2          |
|    entropy_loss         | -5.67        |
|    explained_variance   | 0.182        |
|    learning_rate        | 0.0003       |
|    loss                 | 40.3         |
|    n_updates            | 140          |
|    policy_gradient_loss | -0.0012      |
|    std                  | 0.999        |
|    value_loss           | 2.97e+04     |
------------------------------------------
-----------------------------------------
| rollout/                |             |
|    ep_len_mean          | 311         |
|    ep_rew_mean          | -2.24e+03   |
| time/                   |             |
|    fps                  | 53          |
|    iterations           | 16          |
|    time_elapsed         | 1827        |
|    total_timesteps      | 98304       |
| train/                  |             |
|    approx_kl            | 0.001405268 |
|    clip_fraction        | 0.00599     |
|    clip_range           | 0.2         |
|    entropy_loss         | -5.67       |
|    explained_variance   | 0.183       |
|    learning_rate        | 0.0003      |
|    loss                 | 9.77e+03    |
|    n_updates            | 150         |
|    policy_gradient_loss | -0.00107    |
|    std                  | 0.998       |
|    value_loss           | 3.28e+04    |
-----------------------------------------
Eval num_timesteps=99984, episode_reward=-4915.61 +/- 5514.41
Episode length: 441.20 +/- 292.62
-------------------------------------------
| eval/                   |               |
|    mean_ep_length       | 441           |
|    mean_reward          | -4.92e+03     |
| time/                   |               |
|    total_timesteps      | 99984         |
| train/                  |               |
|    approx_kl            | 0.00074806606 |
|    clip_fraction        | 0             |
|    clip_range           | 0.2           |
|    entropy_loss         | -5.66         |
|    explained_variance   | 0.196         |
|    learning_rate        | 0.0003        |
|    loss                 | 9.83e+03      |
|    n_updates            | 160           |
|    policy_gradient_loss | -0.000897     |
|    std                  | 0.997         |
|    value_loss           | 3.62e+04      |
-------------------------------------------
[progress] timestep 100008
[episode ends] timestep 100008: crashed=145 (88%), missed_goal=19 (12%)
------------------------------------
| curriculum/          |           |
|    chase_probability | 0.0143    |
| episode_end/         |           |
|    crashed           | 145       |
|    missed_goal       | 19        |
| rollout/             |           |
|    ep_len_mean       | 306       |
|    ep_rew_mean       | -2.24e+03 |
| time/                |           |
|    fps               | 54        |
|    iterations        | 17        |
|    time_elapsed      | 1911      |
|    total_timesteps   | 104448    |
------------------------------------
------------------------------------------
| curriculum/             |              |
|    chase_probability    | 0.0157       |
| rollout/                |              |
|    ep_len_mean          | 316          |
|    ep_rew_mean          | -2.37e+03    |
| time/                   |              |
|    fps                  | 56           |
|    iterations           | 18           |
|    time_elapsed         | 1961         |
|    total_timesteps      | 110592       |
| train/                  |              |
|    approx_kl            | 0.0021398407 |
|    clip_fraction        | 0.00394      |
|    clip_range           | 0.2          |
|    entropy_loss         | -5.66        |
|    explained_variance   | 0.18         |
|    learning_rate        | 0.0003       |
|    loss                 | 3.57e+04     |
|    n_updates            | 170          |
|    policy_gradient_loss | -0.00101     |
|    std                  | 0.996        |
|    value_loss           | 3.46e+04     |
------------------------------------------
------------------------------------------
| rollout/                |              |
|    ep_len_mean          | 316          |
|    ep_rew_mean          | -2.25e+03    |
| time/                   |              |
|    fps                  | 57           |
|    iterations           | 19           |
|    time_elapsed         | 2018         |
|    total_timesteps      | 116736       |
| train/                  |              |
|    approx_kl            | 0.0018907003 |
|    clip_fraction        | 0.00723      |
|    clip_range           | 0.2          |
|    entropy_loss         | -5.67        |
|    explained_variance   | 0.228        |
|    learning_rate        | 0.0003       |
|    loss                 | 30.5         |
|    n_updates            | 180          |
|    policy_gradient_loss | -0.00134     |
|    std                  | 0.999        |
|    value_loss           | 2.78e+04     |
------------------------------------------
------------------------------------------
| curriculum/             |              |
|    chase_probability    | 0.0172       |
| rollout/                |              |
|    ep_len_mean          | 322          |
|    ep_rew_mean          | -2.31e+03    |
| time/                   |              |
|    fps                  | 59           |
|    iterations           | 20           |
|    time_elapsed         | 2075         |
|    total_timesteps      | 122880       |
| train/                  |              |
|    approx_kl            | 0.0013062712 |
|    clip_fraction        | 0.000798     |
|    clip_range           | 0.2          |
|    entropy_loss         | -5.67        |
|    explained_variance   | 0.22         |
|    learning_rate        | 0.0003       |
|    loss                 | 2.86e+04     |
|    n_updates            | 190          |
|    policy_gradient_loss | -0.000486    |
|    std                  | 1            |
|    value_loss           | 2.49e+04     |
------------------------------------------
------------------------------------------
| rollout/                |              |
|    ep_len_mean          | 313          |
|    ep_rew_mean          | -2.2e+03     |
| time/                   |              |
|    fps                  | 60           |
|    iterations           | 21           |
|    time_elapsed         | 2130         |
|    total_timesteps      | 129024       |
| train/                  |              |
|    approx_kl            | 0.0027516317 |
|    clip_fraction        | 0.00229      |
|    clip_range           | 0.2          |
|    entropy_loss         | -5.68        |
|    explained_variance   | 0.215        |
|    learning_rate        | 0.0003       |
|    loss                 | 2.35e+04     |
|    n_updates            | 200          |
|    policy_gradient_loss | -0.0011      |
|    std                  | 1            |
|    value_loss           | 3.44e+04     |
------------------------------------------
-----------------------------------------
| curriculum/             |             |
|    chase_probability    | 0.0186      |
| rollout/                |             |
|    ep_len_mean          | 309         |
|    ep_rew_mean          | -2.01e+03   |
| time/                   |             |
|    fps                  | 61          |
|    iterations           | 22          |
|    time_elapsed         | 2189        |
|    total_timesteps      | 135168      |
| train/                  |             |
|    approx_kl            | 0.002224779 |
|    clip_fraction        | 0.00288     |
|    clip_range           | 0.2         |
|    entropy_loss         | -5.68       |
|    explained_variance   | 0.268       |
|    learning_rate        | 0.0003      |
|    loss                 | 4.13e+03    |
|    n_updates            | 210         |
|    policy_gradient_loss | -0.00121    |
|    std                  | 1           |
|    value_loss           | 2.8e+04     |
-----------------------------------------
------------------------------------------
| curriculum/             |              |
|    chase_probability    | 0.02         |
| rollout/                |              |
|    ep_len_mean          | 303          |
|    ep_rew_mean          | -1.86e+03    |
| time/                   |              |
|    fps                  | 62           |
|    iterations           | 23           |
|    time_elapsed         | 2249         |
|    total_timesteps      | 141312       |
| train/                  |              |
|    approx_kl            | 0.0021889138 |
|    clip_fraction        | 0.00444      |
|    clip_range           | 0.2          |
|    entropy_loss         | -5.68        |
|    explained_variance   | 0.295        |
|    learning_rate        | 0.0003       |
|    loss                 | 1.55e+04     |
|    n_updates            | 220          |
|    policy_gradient_loss | -0.00178     |
|    std                  | 1            |
|    value_loss           | 1.94e+04     |
------------------------------------------
------------------------------------------
| rollout/                |              |
|    ep_len_mean          | 292          |
|    ep_rew_mean          | -1.87e+03    |
| time/                   |              |
|    fps                  | 63           |
|    iterations           | 24           |
|    time_elapsed         | 2305         |
|    total_timesteps      | 147456       |
| train/                  |              |
|    approx_kl            | 0.0014387091 |
|    clip_fraction        | 0.000716     |
|    clip_range           | 0.2          |
|    entropy_loss         | -5.68        |
|    explained_variance   | 0.243        |
|    learning_rate        | 0.0003       |
|    loss                 | 7.14e+03     |
|    n_updates            | 230          |
|    policy_gradient_loss | -0.000534    |
|    std                  | 1            |
|    value_loss           | 2.12e+04     |
------------------------------------------
Eval num_timesteps=149976, episode_reward=-1972.55 +/- 1431.02
Episode length: 271.70 +/- 57.53
------------------------------------------
| eval/                   |              |
|    mean_ep_length       | 272          |
|    mean_reward          | -1.97e+03    |
| time/                   |              |
|    total_timesteps      | 149976       |
| train/                  |              |
|    approx_kl            | 0.0023090206 |
|    clip_fraction        | 0.00804      |
|    clip_range           | 0.2          |
|    entropy_loss         | -5.68        |
|    explained_variance   | 0.269        |
|    learning_rate        | 0.0003       |
|    loss                 | 9.78e+03     |
|    n_updates            | 240          |
|    policy_gradient_loss | -0.00126     |
|    std                  | 1            |
|    value_loss           | 2.09e+04     |
------------------------------------------
New best mean reward!
[episode ends] timestep 150012: crashed=151 (89%), missed_goal=18 (11%)
------------------------------------
| curriculum/          |           |
|    chase_probability | 0.0214    |
| episode_end/         |           |
|    crashed           | 151       |
|    missed_goal       | 18        |
| rollout/             |           |
|    ep_len_mean       | 290       |
|    ep_rew_mean       | -1.65e+03 |
| time/                |           |
|    fps               | 64        |
|    iterations        | 25        |
|    time_elapsed      | 2385      |
|    total_timesteps   | 153600    |
------------------------------------
-----------------------------------------
| rollout/                |             |
|    ep_len_mean          | 284         |
|    ep_rew_mean          | -1.61e+03   |
| time/                   |             |
|    fps                  | 65          |
|    iterations           | 26          |
|    time_elapsed         | 2446        |
|    total_timesteps      | 159744      |
| train/                  |             |
|    approx_kl            | 0.004638728 |
|    clip_fraction        | 0.016       |
|    clip_range           | 0.2         |
|    entropy_loss         | -5.68       |
|    explained_variance   | 0.241       |
|    learning_rate        | 0.0003      |
|    loss                 | 6.94e+03    |
|    n_updates            | 250         |
|    policy_gradient_loss | -0.00192    |
|    std                  | 1           |
|    value_loss           | 2.39e+04    |
-----------------------------------------
------------------------------------------
| curriculum/             |              |
|    chase_probability    | 0.0229       |
| rollout/                |              |
|    ep_len_mean          | 284          |
|    ep_rew_mean          | -1.76e+03    |
| time/                   |              |
|    fps                  | 66           |
|    iterations           | 27           |
|    time_elapsed         | 2508         |
|    total_timesteps      | 165888       |
| train/                  |              |
|    approx_kl            | 0.0032730226 |
|    clip_fraction        | 0.00903      |
|    clip_range           | 0.2          |
|    entropy_loss         | -5.67        |
|    explained_variance   | 0.256        |
|    learning_rate        | 0.0003       |
|    loss                 | 1.23e+04     |
|    n_updates            | 260          |
|    policy_gradient_loss | -0.00242     |
|    std                  | 0.997        |
|    value_loss           | 2.66e+04     |
------------------------------------------
------------------------------------------
| curriculum/             |              |
|    chase_probability    | 0.0243       |
| rollout/                |              |
|    ep_len_mean          | 283          |
|    ep_rew_mean          | -1.88e+03    |
| time/                   |              |
|    fps                  | 66           |
|    iterations           | 28           |
|    time_elapsed         | 2577         |
|    total_timesteps      | 172032       |
| train/                  |              |
|    approx_kl            | 0.0017779056 |
|    clip_fraction        | 0.00311      |
|    clip_range           | 0.2          |
|    entropy_loss         | -5.66        |
|    explained_variance   | 0.266        |
|    learning_rate        | 0.0003       |
|    loss                 | 2.25e+03     |
|    n_updates            | 270          |
|    policy_gradient_loss | -0.00101     |
|    std                  | 0.996        |
|    value_loss           | 3.05e+04     |
------------------------------------------
------------------------------------------
| rollout/                |              |
|    ep_len_mean          | 292          |
|    ep_rew_mean          | -2.21e+03    |
| time/                   |              |
|    fps                  | 67           |
|    iterations           | 29           |
|    time_elapsed         | 2636         |
|    total_timesteps      | 178176       |
| train/                  |              |
|    approx_kl            | 0.0009524036 |
|    clip_fraction        | 0.00234      |
|    clip_range           | 0.2          |
|    entropy_loss         | -5.66        |
|    explained_variance   | 0.282        |
|    learning_rate        | 0.0003       |
|    loss                 | 3.13e+04     |
|    n_updates            | 280          |
|    policy_gradient_loss | -0.000693    |
|    std                  | 0.995        |
|    value_loss           | 3.72e+04     |
------------------------------------------
------------------------------------------
| curriculum/             |              |
|    chase_probability    | 0.0257       |
| rollout/                |              |
|    ep_len_mean          | 298          |
|    ep_rew_mean          | -2.3e+03     |
| time/                   |              |
|    fps                  | 68           |
|    iterations           | 30           |
|    time_elapsed         | 2692         |
|    total_timesteps      | 184320       |
| train/                  |              |
|    approx_kl            | 0.0016090091 |
|    clip_fraction        | 0.0007       |
|    clip_range           | 0.2          |
|    entropy_loss         | -5.66        |
|    explained_variance   | 0.289        |
|    learning_rate        | 0.0003       |
|    loss                 | 9.77e+03     |
|    n_updates            | 290          |
|    policy_gradient_loss | -0.00114     |
|    std                  | 0.997        |
|    value_loss           | 3.75e+04     |
------------------------------------------
-----------------------------------------
| curriculum/             |             |
|    chase_probability    | 0.0272      |
| rollout/                |             |
|    ep_len_mean          | 315         |
|    ep_rew_mean          | -2.58e+03   |
| time/                   |             |
|    fps                  | 69          |
|    iterations           | 31          |
|    time_elapsed         | 2748        |
|    total_timesteps      | 190464      |
| train/                  |             |
|    approx_kl            | 0.002837607 |
|    clip_fraction        | 0.00542     |
|    clip_range           | 0.2         |
|    entropy_loss         | -5.66       |
|    explained_variance   | 0.329       |
|    learning_rate        | 0.0003      |
|    loss                 | 108         |
|    n_updates            | 300         |
|    policy_gradient_loss | -0.00203    |
|    std                  | 0.998       |
|    value_loss           | 2.82e+04    |
-----------------------------------------
-----------------------------------------
| rollout/                |             |
|    ep_len_mean          | 321         |
|    ep_rew_mean          | -2.74e+03   |
| time/                   |             |
|    fps                  | 70          |
|    iterations           | 32          |
|    time_elapsed         | 2804        |
|    total_timesteps      | 196608      |
| train/                  |             |
|    approx_kl            | 0.001851333 |
|    clip_fraction        | 0.00314     |
|    clip_range           | 0.2         |
|    entropy_loss         | -5.68       |
|    explained_variance   | 0.308       |
|    learning_rate        | 0.0003      |
|    loss                 | 2.03e+04    |
|    n_updates            | 310         |
|    policy_gradient_loss | -0.00123    |
|    std                  | 1           |
|    value_loss           | 4.02e+04    |
-----------------------------------------
Eval num_timesteps=199968, episode_reward=-2503.40 +/- 2030.58
Episode length: 366.60 +/- 83.90
------------------------------------------
| eval/                   |              |
|    mean_ep_length       | 367          |
|    mean_reward          | -2.5e+03     |
| time/                   |              |
|    total_timesteps      | 199968       |
| train/                  |              |
|    approx_kl            | 0.0015312905 |
|    clip_fraction        | 0.00137      |
|    clip_range           | 0.2          |
|    entropy_loss         | -5.68        |
|    explained_variance   | 0.311        |
|    learning_rate        | 0.0003       |
|    loss                 | 2.74e+04     |
|    n_updates            | 320          |
|    policy_gradient_loss | -0.00111     |
|    std                  | 1            |
|    value_loss           | 4.06e+04     |
------------------------------------------
[progress] timestep 200016
[episode ends] timestep 200016: crashed=151 (94%), missed_goal=10 (6%)
------------------------------------
| curriculum/          |           |
|    chase_probability | 0.0286    |
| episode_end/         |           |
|    crashed           | 151       |
|    missed_goal       | 10        |
| rollout/             |           |
|    ep_len_mean       | 323       |
|    ep_rew_mean       | -2.88e+03 |
| time/                |           |
|    fps               | 70        |
|    iterations        | 33        |
|    time_elapsed      | 2892      |
|    total_timesteps   | 202752    |
------------------------------------
------------------------------------------
| rollout/                |              |
|    ep_len_mean          | 320          |
|    ep_rew_mean          | -2.82e+03    |
| time/                   |              |
|    fps                  | 70           |
|    iterations           | 34           |
|    time_elapsed         | 2948         |
|    total_timesteps      | 208896       |
| train/                  |              |
|    approx_kl            | 0.0027352907 |
|    clip_fraction        | 0.00659      |
|    clip_range           | 0.2          |
|    entropy_loss         | -5.68        |
|    explained_variance   | 0.312        |
|    learning_rate        | 0.0003       |
|    loss                 | 2.38e+04     |
|    n_updates            | 330          |
|    policy_gradient_loss | -0.00192     |
|    std                  | 1            |
|    value_loss           | 3.18e+04     |
------------------------------------------
------------------------------------------
| curriculum/             |              |
|    chase_probability    | 0.03         |
| rollout/                |              |
|    ep_len_mean          | 315          |
|    ep_rew_mean          | -2.61e+03    |
| time/                   |              |
|    fps                  | 71           |
|    iterations           | 35           |
|    time_elapsed         | 3000         |
|    total_timesteps      | 215040       |
| train/                  |              |
|    approx_kl            | 0.0023294946 |
|    clip_fraction        | 0.00148      |
|    clip_range           | 0.2          |
|    entropy_loss         | -5.69        |
|    explained_variance   | 0.333        |
|    learning_rate        | 0.0003       |
|    loss                 | 447          |
|    n_updates            | 340          |
|    policy_gradient_loss | -0.00112     |
|    std                  | 1            |
|    value_loss           | 2.97e+04     |
------------------------------------------
-----------------------------------------
| curriculum/             |             |
|    chase_probability    | 0.0315      |
| rollout/                |             |
|    ep_len_mean          | 301         |
|    ep_rew_mean          | -2.25e+03   |
| time/                   |             |
|    fps                  | 72          |
|    iterations           | 36          |
|    time_elapsed         | 3059        |
|    total_timesteps      | 221184      |
| train/                  |             |
|    approx_kl            | 0.004398556 |
|    clip_fraction        | 0.0193      |
|    clip_range           | 0.2         |
|    entropy_loss         | -5.7        |
|    explained_variance   | 0.398       |
|    learning_rate        | 0.0003      |
|    loss                 | 320         |
|    n_updates            | 350         |
|    policy_gradient_loss | -0.00245    |
|    std                  | 1.01        |
|    value_loss           | 2.06e+04    |
-----------------------------------------
------------------------------------------
| rollout/                |              |
|    ep_len_mean          | 288          |
|    ep_rew_mean          | -1.7e+03     |
| time/                   |              |
|    fps                  | 72           |
|    iterations           | 37           |
|    time_elapsed         | 3117         |
|    total_timesteps      | 227328       |
| train/                  |              |
|    approx_kl            | 0.0034077324 |
|    clip_fraction        | 0.00832      |
|    clip_range           | 0.2          |
|    entropy_loss         | -5.71        |
|    explained_variance   | 0.411        |
|    learning_rate        | 0.0003       |
|    loss                 | 39.6         |
|    n_updates            | 360          |
|    policy_gradient_loss | -0.00181     |
|    std                  | 1.01         |
|    value_loss           | 1.58e+04     |
------------------------------------------
-----------------------------------------
| curriculum/             |             |
|    chase_probability    | 0.0329      |
| rollout/                |             |
|    ep_len_mean          | 283         |
|    ep_rew_mean          | -1.45e+03   |
| time/                   |             |
|    fps                  | 73          |
|    iterations           | 38          |
|    time_elapsed         | 3178        |
|    total_timesteps      | 233472      |
| train/                  |             |
|    approx_kl            | 0.004846219 |
|    clip_fraction        | 0.023       |
|    clip_range           | 0.2         |
|    entropy_loss         | -5.7        |
|    explained_variance   | 0.468       |
|    learning_rate        | 0.0003      |
|    loss                 | 11.1        |
|    n_updates            | 370         |
|    policy_gradient_loss | -0.003      |
|    std                  | 1.01        |
|    value_loss           | 8.7e+03     |
-----------------------------------------
-----------------------------------------
| rollout/                |             |
|    ep_len_mean          | 263         |
|    ep_rew_mean          | -938        |
| time/                   |             |
|    fps                  | 73          |
|    iterations           | 39          |
|    time_elapsed         | 3239        |
|    total_timesteps      | 239616      |
| train/                  |             |
|    approx_kl            | 0.003294061 |
|    clip_fraction        | 0.0126      |
|    clip_range           | 0.2         |
|    entropy_loss         | -5.7        |
|    explained_variance   | 0.424       |
|    learning_rate        | 0.0003      |
|    loss                 | 73.3        |
|    n_updates            | 380         |
|    policy_gradient_loss | -0.00123    |
|    std                  | 1.01        |
|    value_loss           | 1.93e+04    |
-----------------------------------------
-----------------------------------------
| curriculum/             |             |
|    chase_probability    | 0.0343      |
| rollout/                |             |
|    ep_len_mean          | 240         |
|    ep_rew_mean          | -508        |
| time/                   |             |
|    fps                  | 74          |
|    iterations           | 40          |
|    time_elapsed         | 3302        |
|    total_timesteps      | 245760      |
| train/                  |             |
|    approx_kl            | 0.004572462 |
|    clip_fraction        | 0.0297      |
|    clip_range           | 0.2         |
|    entropy_loss         | -5.7        |
|    explained_variance   | 0.693       |
|    learning_rate        | 0.0003      |
|    loss                 | 21.8        |
|    n_updates            | 390         |
|    policy_gradient_loss | -0.00344    |
|    std                  | 1.01        |
|    value_loss           | 614         |
-----------------------------------------
Eval num_timesteps=249960, episode_reward=-49.37 +/- 1.50
Episode length: 189.70 +/- 13.19
-----------------------------------------
| eval/                   |             |
|    mean_ep_length       | 190         |
|    mean_reward          | -49.4       |
| time/                   |             |
|    total_timesteps      | 249960      |
| train/                  |             |
|    approx_kl            | 0.004746167 |
|    clip_fraction        | 0.0263      |
|    clip_range           | 0.2         |
|    entropy_loss         | -5.67       |
|    explained_variance   | 0.566       |
|    learning_rate        | 0.0003      |
|    loss                 | 4.59e+03    |
|    n_updates            | 400         |
|    policy_gradient_loss | -0.0026     |
|    std                  | 0.994       |
|    value_loss           | 945         |
-----------------------------------------
New best mean reward!
[episode ends] timestep 250020: crashed=182 (91%), missed_goal=17 (9%)
-----------------------------------
| curriculum/          |          |
|    chase_probability | 0.0357   |
| episode_end/         |          |
|    crashed           | 182      |
|    missed_goal       | 17       |
| rollout/             |          |
|    ep_len_mean       | 216      |
|    ep_rew_mean       | -286     |
| time/                |          |
|    fps               | 74       |
|    iterations        | 41       |
|    time_elapsed      | 3380     |
|    total_timesteps   | 251904   |
-----------------------------------
-----------------------------------------
| rollout/                |             |
|    ep_len_mean          | 197         |
|    ep_rew_mean          | -103        |
| time/                   |             |
|    fps                  | 74          |
|    iterations           | 42          |
|    time_elapsed         | 3444        |
|    total_timesteps      | 258048      |
| train/                  |             |
|    approx_kl            | 0.004135243 |
|    clip_fraction        | 0.0345      |
|    clip_range           | 0.2         |
|    entropy_loss         | -5.64       |
|    explained_variance   | 0.568       |
|    learning_rate        | 0.0003      |
|    loss                 | 3.46        |
|    n_updates            | 410         |
|    policy_gradient_loss | -0.00196    |
|    std                  | 0.989       |
|    value_loss           | 427         |
-----------------------------------------
-----------------------------------------
| curriculum/             |             |
|    chase_probability    | 0.0372      |
| rollout/                |             |
|    ep_len_mean          | 188         |
|    ep_rew_mean          | -83.4       |
| time/                   |             |
|    fps                  | 75          |
|    iterations           | 43          |
|    time_elapsed         | 3510        |
|    total_timesteps      | 264192      |
| train/                  |             |
|    approx_kl            | 0.006820223 |
|    clip_fraction        | 0.0598      |
|    clip_range           | 0.2         |
|    entropy_loss         | -5.63       |
|    explained_variance   | 0.58        |
|    learning_rate        | 0.0003      |
|    loss                 | 1.51        |
|    n_updates            | 420         |
|    policy_gradient_loss | -0.0047     |
|    std                  | 0.988       |
|    value_loss           | 835         |
-----------------------------------------
-----------------------------------------
| curriculum/             |             |
|    chase_probability    | 0.0386      |
| rollout/                |             |
|    ep_len_mean          | 180         |
|    ep_rew_mean          | -71         |
| time/                   |             |
|    fps                  | 75          |
|    iterations           | 44          |
|    time_elapsed         | 3570        |
|    total_timesteps      | 270336      |
| train/                  |             |
|    approx_kl            | 0.006916831 |
|    clip_fraction        | 0.0669      |
|    clip_range           | 0.2         |
|    entropy_loss         | -5.6        |
|    explained_variance   | 0.689       |
|    learning_rate        | 0.0003      |
|    loss                 | 1.31        |
|    n_updates            | 430         |
|    policy_gradient_loss | -0.00477    |
|    std                  | 0.977       |
|    value_loss           | 356         |
-----------------------------------------
------------------------------------------
| rollout/                |              |
|    ep_len_mean          | 176          |
|    ep_rew_mean          | -56.3        |
| time/                   |              |
|    fps                  | 76           |
|    iterations           | 45           |
|    time_elapsed         | 3631         |
|    total_timesteps      | 276480       |
| train/                  |              |
|    approx_kl            | 0.0076122046 |
|    clip_fraction        | 0.0714       |
|    clip_range           | 0.2          |
|    entropy_loss         | -5.56        |
|    explained_variance   | 0.978        |
|    learning_rate        | 0.0003       |
|    loss                 | 0.465        |
|    n_updates            | 440          |
|    policy_gradient_loss | -0.00416     |
|    std                  | 0.972        |
|    value_loss           | 1.93         |
------------------------------------------
------------------------------------------
| curriculum/             |              |
|    chase_probability    | 0.04         |
| rollout/                |              |
|    ep_len_mean          | 176          |
|    ep_rew_mean          | -48.1        |
| time/                   |              |
|    fps                  | 76           |
|    iterations           | 46           |
|    time_elapsed         | 3695         |
|    total_timesteps      | 282624       |
| train/                  |              |
|    approx_kl            | 0.0058309087 |
|    clip_fraction        | 0.0652       |
|    clip_range           | 0.2          |
|    entropy_loss         | -5.55        |
|    explained_variance   | 0.988        |
|    learning_rate        | 0.0003       |
|    loss                 | 1.91         |
|    n_updates            | 450          |
|    policy_gradient_loss | -0.00404     |
|    std                  | 0.969        |
|    value_loss           | 1.19         |
------------------------------------------
-----------------------------------------
| rollout/                |             |
|    ep_len_mean          | 178         |
|    ep_rew_mean          | -48.1       |
| time/                   |             |
|    fps                  | 76          |
|    iterations           | 47          |
|    time_elapsed         | 3759        |
|    total_timesteps      | 288768      |
| train/                  |             |
|    approx_kl            | 0.006564101 |
|    clip_fraction        | 0.0612      |
|    clip_range           | 0.2         |
|    entropy_loss         | -5.54       |
|    explained_variance   | 0.987       |
|    learning_rate        | 0.0003      |
|    loss                 | 0.307       |
|    n_updates            | 460         |
|    policy_gradient_loss | -0.00373    |
|    std                  | 0.967       |
|    value_loss           | 1.35        |
-----------------------------------------
-----------------------------------------
| curriculum/             |             |
|    chase_probability    | 0.0415      |
| rollout/                |             |
|    ep_len_mean          | 182         |
|    ep_rew_mean          | -50.9       |
| time/                   |             |
|    fps                  | 77          |
|    iterations           | 48          |
|    time_elapsed         | 3821        |
|    total_timesteps      | 294912      |
| train/                  |             |
|    approx_kl            | 0.005159737 |
|    clip_fraction        | 0.0588      |
|    clip_range           | 0.2         |
|    entropy_loss         | -5.54       |
|    explained_variance   | 0.99        |
|    learning_rate        | 0.0003      |
|    loss                 | 0.228       |
|    n_updates            | 470         |
|    policy_gradient_loss | -0.0043     |
|    std                  | 0.969       |
|    value_loss           | 1.03        |
-----------------------------------------
Eval num_timesteps=299952, episode_reward=-48.22 +/- 1.57
Episode length: 199.60 +/- 18.82
-----------------------------------------
| eval/                   |             |
|    mean_ep_length       | 200         |
|    mean_reward          | -48.2       |
| time/                   |             |
|    total_timesteps      | 299952      |
| train/                  |             |
|    approx_kl            | 0.007735736 |
|    clip_fraction        | 0.088       |
|    clip_range           | 0.2         |
|    entropy_loss         | -5.55       |
|    explained_variance   | 0.193       |
|    learning_rate        | 0.0003      |
|    loss                 | 0.123       |
|    n_updates            | 480         |
|    policy_gradient_loss | -0.00638    |
|    std                  | 0.971       |
|    value_loss           | 751         |
-----------------------------------------
New best mean reward!
[progress] timestep 300024
[episode ends] timestep 300024: crashed=272 (100%)
-----------------------------------
| curriculum/          |          |
|    chase_probability | 0.0429   |
| episode_end/         |          |
|    crashed           | 272      |
| rollout/             |          |
|    ep_len_mean       | 187      |
|    ep_rew_mean       | -69      |
| time/                |          |
|    fps               | 77       |
|    iterations        | 49       |
|    time_elapsed      | 3899     |
|    total_timesteps   | 301056   |
-----------------------------------
-----------------------------------------
| rollout/                |             |
|    ep_len_mean          | 196         |
|    ep_rew_mean          | -72         |
| time/                   |             |
|    fps                  | 77          |
|    iterations           | 50          |
|    time_elapsed         | 3965        |
|    total_timesteps      | 307200      |
| train/                  |             |
|    approx_kl            | 0.007622859 |
|    clip_fraction        | 0.0757      |
|    clip_range           | 0.2         |
|    entropy_loss         | -5.52       |
|    explained_variance   | 0.7         |
|    learning_rate        | 0.0003      |
|    loss                 | 0.685       |
|    n_updates            | 490         |
|    policy_gradient_loss | -0.00565    |
|    std                  | 0.958       |
|    value_loss           | 70.9        |
-----------------------------------------
------------------------------------------
| curriculum/             |              |
|    chase_probability    | 0.0443       |
| rollout/                |              |
|    ep_len_mean          | 211          |
|    ep_rew_mean          | -115         |
| time/                   |              |
|    fps                  | 77           |
|    iterations           | 51           |
|    time_elapsed         | 4048         |
|    total_timesteps      | 313344       |
| train/                  |              |
|    approx_kl            | 0.0069957045 |
|    clip_fraction        | 0.0873       |
|    clip_range           | 0.2          |
|    entropy_loss         | -5.49        |
|    explained_variance   | 0.668        |
|    learning_rate        | 0.0003       |
|    loss                 | 0.318        |
|    n_updates            | 500          |
|    policy_gradient_loss | -0.00528     |
|    std                  | 0.952        |
|    value_loss           | 77           |
------------------------------------------
-----------------------------------------
| rollout/                |             |
|    ep_len_mean          | 227         |
|    ep_rew_mean          | -98.8       |
| time/                   |             |
|    fps                  | 77          |
|    iterations           | 52          |
|    time_elapsed         | 4112        |
|    total_timesteps      | 319488      |
| train/                  |             |
|    approx_kl            | 0.006362111 |
|    clip_fraction        | 0.0598      |
|    clip_range           | 0.2         |
|    entropy_loss         | -5.47       |
|    explained_variance   | 0.479       |
|    learning_rate        | 0.0003      |
|    loss                 | 4.53        |
|    n_updates            | 510         |
|    policy_gradient_loss | -0.00334    |
|    std                  | 0.949       |
|    value_loss           | 1.79e+03    |
-----------------------------------------
-----------------------------------------
| curriculum/             |             |
|    chase_probability    | 0.0458      |
| rollout/                |             |
|    ep_len_mean          | 240         |
|    ep_rew_mean          | -97.3       |
| time/                   |             |
|    fps                  | 78          |
|    iterations           | 53          |
|    time_elapsed         | 4172        |
|    total_timesteps      | 325632      |
| train/                  |             |
|    approx_kl            | 0.003944377 |
|    clip_fraction        | 0.0295      |
|    clip_range           | 0.2         |
|    entropy_loss         | -5.46       |
|    explained_variance   | 0.674       |
|    learning_rate        | 0.0003      |
|    loss                 | 3.87        |
|    n_updates            | 520         |
|    policy_gradient_loss | -0.00408    |
|    std                  | 0.95        |
|    value_loss           | 417         |
-----------------------------------------
------------------------------------------
| curriculum/             |              |
|    chase_probability    | 0.0472       |
| rollout/                |              |
|    ep_len_mean          | 256          |
|    ep_rew_mean          | -163         |
| time/                   |              |
|    fps                  | 78           |
|    iterations           | 54           |
|    time_elapsed         | 4234         |
|    total_timesteps      | 331776       |
| train/                  |              |
|    approx_kl            | 0.0067706555 |
|    clip_fraction        | 0.0737       |
|    clip_range           | 0.2          |
|    entropy_loss         | -5.46        |
|    explained_variance   | 0.618        |
|    learning_rate        | 0.0003       |
|    loss                 | 202          |
|    n_updates            | 530          |
|    policy_gradient_loss | -0.00289     |
|    std                  | 0.947        |
|    value_loss           | 688          |
------------------------------------------
-----------------------------------------
| rollout/                |             |
|    ep_len_mean          | 271         |
|    ep_rew_mean          | -269        |
| time/                   |             |
|    fps                  | 78          |
|    iterations           | 55          |
|    time_elapsed         | 4297        |
|    total_timesteps      | 337920      |
| train/                  |             |
|    approx_kl            | 0.006558429 |
|    clip_fraction        | 0.0504      |
|    clip_range           | 0.2         |
|    entropy_loss         | -5.45       |
|    explained_variance   | 0.493       |
|    learning_rate        | 0.0003      |
|    loss                 | 3.79        |
|    n_updates            | 540         |
|    policy_gradient_loss | -0.00292    |
|    std                  | 0.946       |
|    value_loss           | 4.23e+03    |
-----------------------------------------
-----------------------------------------
| curriculum/             |             |
|    chase_probability    | 0.0486      |
| rollout/                |             |
|    ep_len_mean          | 286         |
|    ep_rew_mean          | -497        |
| time/                   |             |
|    fps                  | 78          |
|    iterations           | 56          |
|    time_elapsed         | 4356        |
|    total_timesteps      | 344064      |
| train/                  |             |
|    approx_kl            | 0.007609893 |
|    clip_fraction        | 0.068       |
|    clip_range           | 0.2         |
|    entropy_loss         | -5.45       |
|    explained_variance   | 0.549       |
|    learning_rate        | 0.0003      |
|    loss                 | 27.7        |
|    n_updates            | 550         |
|    policy_gradient_loss | -0.00183    |
|    std                  | 0.945       |
|    value_loss           | 6.74e+03    |
-----------------------------------------
Eval num_timesteps=349944, episode_reward=-1766.64 +/- 1651.32
Episode length: 363.70 +/- 52.88
-----------------------------------------
| eval/                   |             |
|    mean_ep_length       | 364         |
|    mean_reward          | -1.77e+03   |
| time/                   |             |
|    total_timesteps      | 349944      |
| train/                  |             |
|    approx_kl            | 0.004641767 |
|    clip_fraction        | 0.0313      |
|    clip_range           | 0.2         |
|    entropy_loss         | -5.45       |
|    explained_variance   | 0.506       |
|    learning_rate        | 0.0003      |
|    loss                 | 12.3        |
|    n_updates            | 560         |
|    policy_gradient_loss | -0.00171    |
|    std                  | 0.946       |
|    value_loss           | 1.61e+04    |
-----------------------------------------
[episode ends] timestep 350028: crashed=131 (71%), missed_goal=54 (29%)
---------------------------------
| episode_end/       |          |
|    crashed         | 131      |
|    missed_goal     | 54       |
| rollout/           |          |
|    ep_len_mean     | 295      |
|    ep_rew_mean     | -699     |
| time/              |          |
|    fps             | 78       |
|    iterations      | 57       |
|    time_elapsed    | 4440     |
|    total_timesteps | 350208   |
---------------------------------
------------------------------------------
| curriculum/             |              |
|    chase_probability    | 0.05         |
| rollout/                |              |
|    ep_len_mean          | 306          |
|    ep_rew_mean          | -891         |
| time/                   |              |
|    fps                  | 79           |
|    iterations           | 58           |
|    time_elapsed         | 4500         |
|    total_timesteps      | 356352       |
| train/                  |              |
|    approx_kl            | 0.0048370906 |
|    clip_fraction        | 0.0202       |
|    clip_range           | 0.2          |
|    entropy_loss         | -5.45        |
|    explained_variance   | 0.53         |
|    learning_rate        | 0.0003       |
|    loss                 | 1.12e+03     |
|    n_updates            | 570          |
|    policy_gradient_loss | -0.000707    |
|    std                  | 0.946        |
|    value_loss           | 1.23e+04     |
------------------------------------------
-----------------------------------------
| curriculum/             |             |
|    chase_probability    | 0.0515      |
| rollout/                |             |
|    ep_len_mean          | 311         |
|    ep_rew_mean          | -1.08e+03   |
| time/                   |             |
|    fps                  | 79          |
|    iterations           | 59          |
|    time_elapsed         | 4554        |
|    total_timesteps      | 362496      |
| train/                  |             |
|    approx_kl            | 0.005065272 |
|    clip_fraction        | 0.0307      |
|    clip_range           | 0.2         |
|    entropy_loss         | -5.45       |
|    explained_variance   | 0.534       |
|    learning_rate        | 0.0003      |
|    loss                 | 22.1        |
|    n_updates            | 580         |
|    policy_gradient_loss | -0.00226    |
|    std                  | 0.946       |
|    value_loss           | 1.64e+04    |
-----------------------------------------
------------------------------------------
| rollout/                |              |
|    ep_len_mean          | 303          |
|    ep_rew_mean          | -1.06e+03    |
| time/                   |              |
|    fps                  | 79           |
|    iterations           | 60           |
|    time_elapsed         | 4615         |
|    total_timesteps      | 368640       |
| train/                  |              |
|    approx_kl            | 0.0064146067 |
|    clip_fraction        | 0.0366       |
|    clip_range           | 0.2          |
|    entropy_loss         | -5.45        |
|    explained_variance   | 0.57         |
|    learning_rate        | 0.0003       |
|    loss                 | 39.8         |
|    n_updates            | 590          |
|    policy_gradient_loss | -0.00256     |
|    std                  | 0.947        |
|    value_loss           | 1.19e+04     |
------------------------------------------
-----------------------------------------
| curriculum/             |             |
|    chase_probability    | 0.0529      |
| rollout/                |             |
|    ep_len_mean          | 287         |
|    ep_rew_mean          | -889        |
| time/                   |             |
|    fps                  | 80          |
|    iterations           | 61          |
|    time_elapsed         | 4674        |
|    total_timesteps      | 374784      |
| train/                  |             |
|    approx_kl            | 0.005560834 |
|    clip_fraction        | 0.0314      |
|    clip_range           | 0.2         |
|    entropy_loss         | -5.45       |
|    explained_variance   | 0.554       |
|    learning_rate        | 0.0003      |
|    loss                 | 1.39e+04    |
|    n_updates            | 600         |
|    policy_gradient_loss | -0.00266    |
|    std                  | 0.946       |
|    value_loss           | 7.03e+03    |
-----------------------------------------
------------------------------------------
| curriculum/             |              |
|    chase_probability    | 0.0543       |
| rollout/                |              |
|    ep_len_mean          | 272          |
|    ep_rew_mean          | -589         |
| time/                   |              |
|    fps                  | 80           |
|    iterations           | 62           |
|    time_elapsed         | 4735         |
|    total_timesteps      | 380928       |
| train/                  |              |
|    approx_kl            | 0.0067286454 |
|    clip_fraction        | 0.0577       |
|    clip_range           | 0.2          |
|    entropy_loss         | -5.44        |
|    explained_variance   | 0.598        |
|    learning_rate        | 0.0003       |
|    loss                 | 80.7         |
|    n_updates            | 610          |
|    policy_gradient_loss | -0.00436     |
|    std                  | 0.943        |
|    value_loss           | 6.26e+03     |
------------------------------------------
------------------------------------------
| rollout/                |              |
|    ep_len_mean          | 257          |
|    ep_rew_mean          | -322         |
| time/                   |              |
|    fps                  | 80           |
|    iterations           | 63           |
|    time_elapsed         | 4798         |
|    total_timesteps      | 387072       |
| train/                  |              |
|    approx_kl            | 0.0077722953 |
|    clip_fraction        | 0.0624       |
|    clip_range           | 0.2          |
|    entropy_loss         | -5.42        |
|    explained_variance   | 0.605        |
|    learning_rate        | 0.0003       |
|    loss                 | 0.317        |
|    n_updates            | 620          |
|    policy_gradient_loss | -0.00229     |
|    std                  | 0.934        |
|    value_loss           | 1.24e+03     |
------------------------------------------
----------------------------------------
| curriculum/             |            |
|    chase_probability    | 0.0558     |
| rollout/                |            |
|    ep_len_mean          | 246        |
|    ep_rew_mean          | -206       |
| time/                   |            |
|    fps                  | 80         |
|    iterations           | 64         |
|    time_elapsed         | 4861       |
|    total_timesteps      | 393216     |
| train/                  |            |
|    approx_kl            | 0.00626237 |
|    clip_fraction        | 0.0938     |
|    clip_range           | 0.2        |
|    entropy_loss         | -5.38      |
|    explained_variance   | 0.407      |
|    learning_rate        | 0.0003     |
|    loss                 | 2.71       |
|    n_updates            | 630        |
|    policy_gradient_loss | -0.00272   |
|    std                  | 0.926      |
|    value_loss           | 678        |
----------------------------------------
-----------------------------------------
| rollout/                |             |
|    ep_len_mean          | 240         |
|    ep_rew_mean          | -208        |
| time/                   |             |
|    fps                  | 81          |
|    iterations           | 65          |
|    time_elapsed         | 4923        |
|    total_timesteps      | 399360      |
| train/                  |             |
|    approx_kl            | 0.005118566 |
|    clip_fraction        | 0.0488      |
|    clip_range           | 0.2         |
|    entropy_loss         | -5.36       |
|    explained_variance   | 0.681       |
|    learning_rate        | 0.0003      |
|    loss                 | 1.7         |
|    n_updates            | 640         |
|    policy_gradient_loss | -7.17e-05   |
|    std                  | 0.923       |
|    value_loss           | 1.41e+03    |
-----------------------------------------
Eval num_timesteps=399936, episode_reward=-198.97 +/- 274.18
Episode length: 221.10 +/- 40.87
------------------------------------------
| eval/                   |              |
|    mean_ep_length       | 221          |
|    mean_reward          | -199         |
| time/                   |              |
|    total_timesteps      | 399936       |
| train/                  |              |
|    approx_kl            | 0.0083316555 |
|    clip_fraction        | 0.0742       |
|    clip_range           | 0.2          |
|    entropy_loss         | -5.36        |
|    explained_variance   | 0.636        |
|    learning_rate        | 0.0003       |
|    loss                 | 13.6         |
|    n_updates            | 650          |
|    policy_gradient_loss | -0.000846    |
|    std                  | 0.926        |
|    value_loss           | 3.54e+03     |
------------------------------------------
[progress] timestep 400032
[episode ends] timestep 400032: crashed=96 (50%), missed_goal=95 (49%), scored=1 (1%)
-----------------------------------
| curriculum/          |          |
|    chase_probability | 0.0572   |
| episode_end/         |          |
|    crashed           | 96       |
|    missed_goal       | 95       |
|    scored            | 1        |
| rollout/             |          |
|    ep_len_mean       | 239      |
|    ep_rew_mean       | -225     |
| time/                |          |
|    fps               | 81       |
|    iterations        | 66       |
|    time_elapsed      | 5001     |
|    total_timesteps   | 405504   |
-----------------------------------
------------------------------------------
| curriculum/             |              |
|    chase_probability    | 0.0586       |
| rollout/                |              |
|    ep_len_mean          | 240          |
|    ep_rew_mean          | -224         |
| time/                   |              |
|    fps                  | 81           |
|    iterations           | 67           |
|    time_elapsed         | 5063         |
|    total_timesteps      | 411648       |
| train/                  |              |
|    approx_kl            | 0.0052221525 |
|    clip_fraction        | 0.0552       |
|    clip_range           | 0.2          |
|    entropy_loss         | -5.35        |
|    explained_variance   | 0.717        |
|    learning_rate        | 0.0003       |
|    loss                 | 1.68         |
|    n_updates            | 660          |
|    policy_gradient_loss | -0.00189     |
|    std                  | 0.923        |
|    value_loss           | 1.73e+03     |
------------------------------------------
----------------------------------------
| rollout/                |            |
|    ep_len_mean          | 247        |
|    ep_rew_mean          | -189       |
| time/                   |            |
|    fps                  | 81         |
|    iterations           | 68         |
|    time_elapsed         | 5121       |
|    total_timesteps      | 417792     |
| train/                  |            |
|    approx_kl            | 0.00723913 |
|    clip_fraction        | 0.0727     |
|    clip_range           | 0.2        |
|    entropy_loss         | -5.36      |
|    explained_variance   | 0.757      |
|    learning_rate        | 0.0003     |
|    loss                 | 390        |
|    n_updates            | 670        |
|    policy_gradient_loss | -0.00433   |
|    std                  | 0.926      |
|    value_loss           | 430        |
----------------------------------------
-----------------------------------------
| curriculum/             |             |
|    chase_probability    | 0.06        |
| rollout/                |             |
|    ep_len_mean          | 262         |
|    ep_rew_mean          | -165        |
| time/                   |             |
|    fps                  | 81          |
|    iterations           | 69          |
|    time_elapsed         | 5179        |
|    total_timesteps      | 423936      |
| train/                  |             |
|    approx_kl            | 0.005886467 |
|    clip_fraction        | 0.109       |
|    clip_range           | 0.2         |
|    entropy_loss         | -5.37       |
|    explained_variance   | 0.891       |
|    learning_rate        | 0.0003      |
|    loss                 | 102         |
|    n_updates            | 680         |
|    policy_gradient_loss | 0.00137     |
|    std                  | 0.925       |
|    value_loss           | 123         |
-----------------------------------------
---------------------------------------
| rollout/                |           |
|    ep_len_mean          | 276       |
|    ep_rew_mean          | -110      |
| time/                   |           |
|    fps                  | 82        |
|    iterations           | 70        |
|    time_elapsed         | 5237      |
|    total_timesteps      | 430080    |
| train/                  |           |
|    approx_kl            | 0.0068115 |
|    clip_fraction        | 0.0642    |
|    clip_range           | 0.2       |
|    entropy_loss         | -5.36     |
|    explained_variance   | 0.555     |
|    learning_rate        | 0.0003    |
|    loss                 | 3.83      |
|    n_updates            | 690       |
|    policy_gradient_loss | -0.0035   |
|    std                  | 0.924     |
|    value_loss           | 1.1e+03   |
---------------------------------------
------------------------------------------
| curriculum/             |              |
|    chase_probability    | 0.0615       |
| rollout/                |              |
|    ep_len_mean          | 296          |
|    ep_rew_mean          | -148         |
| time/                   |              |
|    fps                  | 82           |
|    iterations           | 71           |
|    time_elapsed         | 5296         |
|    total_timesteps      | 436224       |
| train/                  |              |
|    approx_kl            | 0.0069334754 |
|    clip_fraction        | 0.0647       |
|    clip_range           | 0.2          |
|    entropy_loss         | -5.34        |
|    explained_variance   | 0.758        |
|    learning_rate        | 0.0003       |
|    loss                 | 1.62         |
|    n_updates            | 700          |
|    policy_gradient_loss | -0.00349     |
|    std                  | 0.919        |
|    value_loss           | 487          |
------------------------------------------
-----------------------------------------
| curriculum/             |             |
|    chase_probability    | 0.0629      |
| rollout/                |             |
|    ep_len_mean          | 301         |
|    ep_rew_mean          | -132        |
| time/                   |             |
|    fps                  | 82          |
|    iterations           | 72          |
|    time_elapsed         | 5355        |
|    total_timesteps      | 442368      |
| train/                  |             |
|    approx_kl            | 0.007833901 |
|    clip_fraction        | 0.0716      |
|    clip_range           | 0.2         |
|    entropy_loss         | -5.33       |
|    explained_variance   | 0.617       |
|    learning_rate        | 0.0003      |
|    loss                 | 3.38        |
|    n_updates            | 710         |
|    policy_gradient_loss | -0.00193    |
|    std                  | 0.917       |
|    value_loss           | 3.23e+03    |
-----------------------------------------
------------------------------------------
| rollout/                |              |
|    ep_len_mean          | 301          |
|    ep_rew_mean          | -129         |
| time/                   |              |
|    fps                  | 82           |
|    iterations           | 73           |
|    time_elapsed         | 5415         |
|    total_timesteps      | 448512       |
| train/                  |              |
|    approx_kl            | 0.0072935186 |
|    clip_fraction        | 0.0731       |
|    clip_range           | 0.2          |
|    entropy_loss         | -5.32        |
|    explained_variance   | 0.713        |
|    learning_rate        | 0.0003       |
|    loss                 | 1.23         |
|    n_updates            | 720          |
|    policy_gradient_loss | -0.00264     |
|    std                  | 0.917        |
|    value_loss           | 49.8         |
------------------------------------------
Eval num_timesteps=449928, episode_reward=-160.87 +/- 289.39
Episode length: 272.00 +/- 43.13
-----------------------------------------
| eval/                   |             |
|    mean_ep_length       | 272         |
|    mean_reward          | -161        |
| time/                   |             |
|    total_timesteps      | 449928      |
| train/                  |             |
|    approx_kl            | 0.008111261 |
|    clip_fraction        | 0.0782      |
|    clip_range           | 0.2         |
|    entropy_loss         | -5.31       |
|    explained_variance   | 0.67        |
|    learning_rate        | 0.0003      |
|    loss                 | 1.5         |
|    n_updates            | 730         |
|    policy_gradient_loss | -0.00536    |
|    std                  | 0.912       |
|    value_loss           | 66.3        |
-----------------------------------------
[episode ends] timestep 450036: crashed=90 (51%), missed_goal=82 (46%), scored=5 (3%)
-----------------------------------
| curriculum/          |          |
|    chase_probability | 0.0643   |
| episode_end/         |          |
|    crashed           | 90       |
|    missed_goal       | 82       |
|    scored            | 5        |
| rollout/             |          |
|    ep_len_mean       | 299      |
|    ep_rew_mean       | -104     |
| time/                |          |
|    fps               | 82       |
|    iterations        | 74       |
|    time_elapsed      | 5494     |
|    total_timesteps   | 454656   |
-----------------------------------
-----------------------------------------
| curriculum/             |             |
|    chase_probability    | 0.0658      |
| rollout/                |             |
|    ep_len_mean          | 298         |
|    ep_rew_mean          | -90.6       |
| time/                   |             |
|    fps                  | 82          |
|    iterations           | 75          |
|    time_elapsed         | 5555        |
|    total_timesteps      | 460800      |
| train/                  |             |
|    approx_kl            | 0.005639044 |
|    clip_fraction        | 0.0834      |
|    clip_range           | 0.2         |
|    entropy_loss         | -5.31       |
|    explained_variance   | 0.407       |
|    learning_rate        | 0.0003      |
|    loss                 | 3.76        |
|    n_updates            | 740         |
|    policy_gradient_loss | -0.00131    |
|    std                  | 0.914       |
|    value_loss           | 171         |
-----------------------------------------
------------------------------------------
| rollout/                |              |
|    ep_len_mean          | 291          |
|    ep_rew_mean          | -58.2        |
| time/                   |              |
|    fps                  | 83           |
|    iterations           | 76           |
|    time_elapsed         | 5615         |
|    total_timesteps      | 466944       |
| train/                  |              |
|    approx_kl            | 0.0064083803 |
|    clip_fraction        | 0.0941       |
|    clip_range           | 0.2          |
|    entropy_loss         | -5.29        |
|    explained_variance   | 0.634        |
|    learning_rate        | 0.0003       |
|    loss                 | 0.73         |
|    n_updates            | 750          |
|    policy_gradient_loss | -0.00144     |
|    std                  | 0.906        |
|    value_loss           | 890          |
------------------------------------------
-----------------------------------------
| curriculum/             |             |
|    chase_probability    | 0.0672      |
| rollout/                |             |
|    ep_len_mean          | 291         |
|    ep_rew_mean          | -70.5       |
| time/                   |             |
|    fps                  | 83          |
|    iterations           | 77          |
|    time_elapsed         | 5679        |
|    total_timesteps      | 473088      |
| train/                  |             |
|    approx_kl            | 0.006862216 |
|    clip_fraction        | 0.0961      |
|    clip_range           | 0.2         |
|    entropy_loss         | -5.27       |
|    explained_variance   | 0.797       |
|    learning_rate        | 0.0003      |
|    loss                 | 0.612       |
|    n_updates            | 760         |
|    policy_gradient_loss | -0.00401    |
|    std                  | 0.905       |
|    value_loss           | 183         |
-----------------------------------------
-----------------------------------------
| rollout/                |             |
|    ep_len_mean          | 281         |
|    ep_rew_mean          | -65.1       |
| time/                   |             |
|    fps                  | 83          |
|    iterations           | 78          |
|    time_elapsed         | 5741        |
|    total_timesteps      | 479232      |
| train/                  |             |
|    approx_kl            | 0.007313156 |
|    clip_fraction        | 0.0782      |
|    clip_range           | 0.2         |
|    entropy_loss         | -5.27       |
|    explained_variance   | 0.667       |
|    learning_rate        | 0.0003      |
|    loss                 | 2.42        |
|    n_updates            | 770         |
|    policy_gradient_loss | -0.00339    |
|    std                  | 0.904       |
|    value_loss           | 960         |
-----------------------------------------
-----------------------------------------
| curriculum/             |             |
|    chase_probability    | 0.0686      |
| rollout/                |             |
|    ep_len_mean          | 266         |
|    ep_rew_mean          | -40         |
| time/                   |             |
|    fps                  | 83          |
|    iterations           | 79          |
|    time_elapsed         | 5805        |
|    total_timesteps      | 485376      |
| train/                  |             |
|    approx_kl            | 0.011273219 |
|    clip_fraction        | 0.131       |
|    clip_range           | 0.2         |
|    entropy_loss         | -5.27       |
|    explained_variance   | 0.9         |
|    learning_rate        | 0.0003      |
|    loss                 | 1.6         |
|    n_updates            | 780         |
|    policy_gradient_loss | -0.00275    |
|    std                  | 0.907       |
|    value_loss           | 6.96        |
-----------------------------------------
-----------------------------------------
| curriculum/             |             |
|    chase_probability    | 0.0701      |
| rollout/                |             |
|    ep_len_mean          | 259         |
|    ep_rew_mean          | -30.8       |
| time/                   |             |
|    fps                  | 83          |
|    iterations           | 80          |
|    time_elapsed         | 5868        |
|    total_timesteps      | 491520      |
| train/                  |             |
|    approx_kl            | 0.009901276 |
|    clip_fraction        | 0.14        |
|    clip_range           | 0.2         |
|    entropy_loss         | -5.25       |
|    explained_variance   | 0.22        |
|    learning_rate        | 0.0003      |
|    loss                 | 0.393       |
|    n_updates            | 790         |
|    policy_gradient_loss | -0.0028     |
|    std                  | 0.895       |
|    value_loss           | 118         |
-----------------------------------------
-----------------------------------------
| rollout/                |             |
|    ep_len_mean          | 251         |
|    ep_rew_mean          | -13.9       |
| time/                   |             |
|    fps                  | 83          |
|    iterations           | 81          |
|    time_elapsed         | 5930        |
|    total_timesteps      | 497664      |
| train/                  |             |
|    approx_kl            | 0.010200514 |
|    clip_fraction        | 0.108       |
|    clip_range           | 0.2         |
|    entropy_loss         | -5.22       |
|    explained_variance   | 0.349       |
|    learning_rate        | 0.0003      |
|    loss                 | 0.153       |
|    n_updates            | 800         |
|    policy_gradient_loss | -0.00399    |
|    std                  | 0.892       |
|    value_loss           | 123         |
-----------------------------------------
Eval num_timesteps=499920, episode_reward=-32.52 +/- 85.82
Episode length: 261.50 +/- 25.22
------------------------------------------
| eval/                   |              |
|    mean_ep_length       | 262          |
|    mean_reward          | -32.5        |
| time/                   |              |
|    total_timesteps      | 499920       |
| train/                  |              |
|    approx_kl            | 0.0065202415 |
|    clip_fraction        | 0.159        |
|    clip_range           | 0.2          |
|    entropy_loss         | -5.2         |
|    explained_variance   | 0.289        |
|    learning_rate        | 0.0003       |
|    loss                 | 2.32         |
|    n_updates            | 810          |
|    policy_gradient_loss | 0.00182      |
|    std                  | 0.888        |
|    value_loss           | 133          |
------------------------------------------
New best mean reward!
[progress] timestep 500040
[episode ends] timestep 500040: crashed=32 (17%), missed_goal=149 (79%), scored=7 (4%)
-----------------------------------
| curriculum/          |          |
|    chase_probability | 0.0715   |
| episode_end/         |          |
|    crashed           | 32       |
|    missed_goal       | 149      |
|    scored            | 7        |
| rollout/             |          |
|    ep_len_mean       | 246      |
|    ep_rew_mean       | -12.9    |
| time/                |          |
|    fps               | 83       |
|    iterations        | 82       |
|    time_elapsed      | 6016     |
|    total_timesteps   | 503808   |
-----------------------------------
-----------------------------------------
| rollout/                |             |
|    ep_len_mean          | 251         |
|    ep_rew_mean          | -13.2       |
| time/                   |             |
|    fps                  | 83          |
|    iterations           | 83          |
|    time_elapsed         | 6081        |
|    total_timesteps      | 509952      |
| train/                  |             |
|    approx_kl            | 0.011738884 |
|    clip_fraction        | 0.106       |
|    clip_range           | 0.2         |
|    entropy_loss         | -5.19       |
|    explained_variance   | 0.69        |
|    learning_rate        | 0.0003      |
|    loss                 | 0.297       |
|    n_updates            | 820         |
|    policy_gradient_loss | -0.000662   |
|    std                  | 0.884       |
|    value_loss           | 14.7        |
-----------------------------------------
-----------------------------------------
| curriculum/             |             |
|    chase_probability    | 0.0729      |
| rollout/                |             |
|    ep_len_mean          | 254         |
|    ep_rew_mean          | -27.1       |
| time/                   |             |
|    fps                  | 84          |
|    iterations           | 84          |
|    time_elapsed         | 6142        |
|    total_timesteps      | 516096      |
| train/                  |             |
|    approx_kl            | 0.009080876 |
|    clip_fraction        | 0.0886      |
|    clip_range           | 0.2         |
|    entropy_loss         | -5.17       |
|    explained_variance   | 0.908       |
|    learning_rate        | 0.0003      |
|    loss                 | 0.192       |
|    n_updates            | 830         |
|    policy_gradient_loss | -0.00759    |
|    std                  | 0.879       |
|    value_loss           | 0.909       |
-----------------------------------------
------------------------------------------
| curriculum/             |              |
|    chase_probability    | 0.0743       |
| rollout/                |              |
|    ep_len_mean          | 255          |
|    ep_rew_mean          | -43          |
| time/                   |              |
|    fps                  | 84           |
|    iterations           | 85           |
|    time_elapsed         | 6208         |
|    total_timesteps      | 522240       |
| train/                  |              |
|    approx_kl            | 0.0067601074 |
|    clip_fraction        | 0.0902       |
|    clip_range           | 0.2          |
|    entropy_loss         | -5.15        |
|    explained_variance   | 0.0564       |
|    learning_rate        | 0.0003       |
|    loss                 | 1.57e+03     |
|    n_updates            | 840          |
|    policy_gradient_loss | -0.00239     |
|    std                  | 0.878        |
|    value_loss           | 966          |
------------------------------------------
------------------------------------------
| rollout/                |              |
|    ep_len_mean          | 262          |
|    ep_rew_mean          | -49.3        |
| time/                   |              |
|    fps                  | 84           |
|    iterations           | 86           |
|    time_elapsed         | 6267         |
|    total_timesteps      | 528384       |
| train/                  |              |
|    approx_kl            | 0.0072857775 |
|    clip_fraction        | 0.0932       |
|    clip_range           | 0.2          |
|    entropy_loss         | -5.15        |
|    explained_variance   | 0.476        |
|    learning_rate        | 0.0003       |
|    loss                 | 0.184        |
|    n_updates            | 850          |
|    policy_gradient_loss | -0.00391     |
|    std                  | 0.876        |
|    value_loss           | 1.03e+03     |
------------------------------------------
---------------------------------------
| curriculum/             |           |
|    chase_probability    | 0.0758    |
| rollout/                |           |
|    ep_len_mean          | 264       |
|    ep_rew_mean          | -94.8     |
| time/                   |           |
|    fps                  | 84        |
|    iterations           | 87        |
|    time_elapsed         | 6329      |
|    total_timesteps      | 534528    |
| train/                  |           |
|    approx_kl            | 0.0101396 |
|    clip_fraction        | 0.126     |
|    clip_range           | 0.2       |
|    entropy_loss         | -5.13     |
|    explained_variance   | 0.196     |
|    learning_rate        | 0.0003    |
|    loss                 | 0.363     |
|    n_updates            | 860       |
|    policy_gradient_loss | -0.00553  |
|    std                  | 0.872     |
|    value_loss           | 298       |
---------------------------------------
-----------------------------------------
| curriculum/             |             |
|    chase_probability    | 0.0772      |
| rollout/                |             |
|    ep_len_mean          | 263         |
|    ep_rew_mean          | -98.4       |
| time/                   |             |
|    fps                  | 84          |
|    iterations           | 88          |
|    time_elapsed         | 6389        |
|    total_timesteps      | 540672      |
| train/                  |             |
|    approx_kl            | 0.009560134 |
|    clip_fraction        | 0.115       |
|    clip_range           | 0.2         |
|    entropy_loss         | -5.11       |
|    explained_variance   | 0.144       |
|    learning_rate        | 0.0003      |
|    loss                 | 6           |
|    n_updates            | 870         |
|    policy_gradient_loss | 0.000289    |
|    std                  | 0.87        |
|    value_loss           | 1.74e+03    |
-----------------------------------------
-----------------------------------------
| rollout/                |             |
|    ep_len_mean          | 261         |
|    ep_rew_mean          | -63.4       |
| time/                   |             |
|    fps                  | 84          |
|    iterations           | 89          |
|    time_elapsed         | 6453        |
|    total_timesteps      | 546816      |
| train/                  |             |
|    approx_kl            | 0.011439095 |
|    clip_fraction        | 0.128       |
|    clip_range           | 0.2         |
|    entropy_loss         | -5.09       |
|    explained_variance   | 0.157       |
|    learning_rate        | 0.0003      |
|    loss                 | 56.5        |
|    n_updates            | 880         |
|    policy_gradient_loss | -0.00298    |
|    std                  | 0.863       |
|    value_loss           | 166         |
-----------------------------------------
Eval num_timesteps=549912, episode_reward=11.28 +/- 26.74
Episode length: 255.20 +/- 26.86
------------------------------------------
| eval/                   |              |
|    mean_ep_length       | 255          |
|    mean_reward          | 11.3         |
| time/                   |              |
|    total_timesteps      | 549912       |
| train/                  |              |
|    approx_kl            | 0.0087238625 |
|    clip_fraction        | 0.0941       |
|    clip_range           | 0.2          |
|    entropy_loss         | -5.08        |
|    explained_variance   | 0.599        |
|    learning_rate        | 0.0003       |
|    loss                 | 0.121        |
|    n_updates            | 890          |
|    policy_gradient_loss | -0.00228     |
|    std                  | 0.862        |
|    value_loss           | 25           |
------------------------------------------
New best mean reward!
[episode ends] timestep 550044: crashed=10 (5%), missed_goal=165 (86%), scored=16 (8%)
-----------------------------------
| curriculum/          |          |
|    chase_probability | 0.0786   |
| episode_end/         |          |
|    crashed           | 10       |
|    missed_goal       | 165      |
|    scored            | 16       |
| rollout/             |          |
|    ep_len_mean       | 261      |
|    ep_rew_mean       | -60.1    |
| time/                |          |
|    fps               | 84       |
|    iterations        | 90       |
|    time_elapsed      | 6539     |
|    total_timesteps   | 552960   |
-----------------------------------
------------------------------------------
| rollout/                |              |
|    ep_len_mean          | 257          |
|    ep_rew_mean          | -12.2        |
| time/                   |              |
|    fps                  | 84           |
|    iterations           | 91           |
|    time_elapsed         | 6602         |
|    total_timesteps      | 559104       |
| train/                  |              |
|    approx_kl            | 0.0075785923 |
|    clip_fraction        | 0.103        |
|    clip_range           | 0.2          |
|    entropy_loss         | -5.05        |
|    explained_variance   | 0.471        |
|    learning_rate        | 0.0003       |
|    loss                 | 0.211        |
|    n_updates            | 900          |
|    policy_gradient_loss | -0.00407     |
|    std                  | 0.853        |
|    value_loss           | 197          |
------------------------------------------
-----------------------------------------
| curriculum/             |             |
|    chase_probability    | 0.0801      |
| rollout/                |             |
|    ep_len_mean          | 252         |
|    ep_rew_mean          | -6.94       |
| time/                   |             |
|    fps                  | 84          |
|    iterations           | 92          |
|    time_elapsed         | 6661        |
|    total_timesteps      | 565248      |
| train/                  |             |
|    approx_kl            | 0.009375674 |
|    clip_fraction        | 0.0997      |
|    clip_range           | 0.2         |
|    entropy_loss         | -5.03       |
|    explained_variance   | 0.348       |
|    learning_rate        | 0.0003      |
|    loss                 | 0.0665      |
|    n_updates            | 910         |
|    policy_gradient_loss | -0.00275    |
|    std                  | 0.853       |
|    value_loss           | 24.2        |
-----------------------------------------
-----------------------------------------
| curriculum/             |             |
|    chase_probability    | 0.0815      |
| rollout/                |             |
|    ep_len_mean          | 255         |
|    ep_rew_mean          | -6.7        |
| time/                   |             |
|    fps                  | 84          |
|    iterations           | 93          |
|    time_elapsed         | 6723        |
|    total_timesteps      | 571392      |
| train/                  |             |
|    approx_kl            | 0.008774627 |
|    clip_fraction        | 0.127       |
|    clip_range           | 0.2         |
|    entropy_loss         | -5.01       |
|    explained_variance   | 0.174       |
|    learning_rate        | 0.0003      |
|    loss                 | 4.25        |
|    n_updates            | 920         |
|    policy_gradient_loss | 0.000409    |
|    std                  | 0.846       |
|    value_loss           | 236         |
-----------------------------------------
------------------------------------------
| rollout/                |              |
|    ep_len_mean          | 258          |
|    ep_rew_mean          | -0.354       |
| time/                   |              |
|    fps                  | 85           |
|    iterations           | 94           |
|    time_elapsed         | 6786         |
|    total_timesteps      | 577536       |
| train/                  |              |
|    approx_kl            | 0.0073925066 |
|    clip_fraction        | 0.093        |
|    clip_range           | 0.2          |
|    entropy_loss         | -5           |
|    explained_variance   | 0.712        |
|    learning_rate        | 0.0003       |
|    loss                 | 0.643        |
|    n_updates            | 930          |
|    policy_gradient_loss | -0.00318     |
|    std                  | 0.847        |
|    value_loss           | 14.1         |
------------------------------------------
------------------------------------------
| curriculum/             |              |
|    chase_probability    | 0.0829       |
| rollout/                |              |
|    ep_len_mean          | 260          |
|    ep_rew_mean          | -6.88        |
| time/                   |              |
|    fps                  | 85           |
|    iterations           | 95           |
|    time_elapsed         | 6849         |
|    total_timesteps      | 583680       |
| train/                  |              |
|    approx_kl            | 0.0066677206 |
|    clip_fraction        | 0.0679       |
|    clip_range           | 0.2          |
|    entropy_loss         | -5           |
|    explained_variance   | 0.293        |
|    learning_rate        | 0.0003       |
|    loss                 | 0.828        |
|    n_updates            | 940          |
|    policy_gradient_loss | -0.00297     |
|    std                  | 0.845        |
|    value_loss           | 51.4         |
------------------------------------------
-----------------------------------------
| rollout/                |             |
|    ep_len_mean          | 266         |
|    ep_rew_mean          | -8.45       |
| time/                   |             |
|    fps                  | 85          |
|    iterations           | 96          |
|    time_elapsed         | 6912        |
|    total_timesteps      | 589824      |
| train/                  |             |
|    approx_kl            | 0.009716741 |
|    clip_fraction        | 0.0924      |
|    clip_range           | 0.2         |
|    entropy_loss         | -4.98       |
|    explained_variance   | 0.139       |
|    learning_rate        | 0.0003      |
|    loss                 | 0.187       |
|    n_updates            | 950         |
|    policy_gradient_loss | -0.00316    |
|    std                  | 0.838       |
|    value_loss           | 317         |
-----------------------------------------
-----------------------------------------
| curriculum/             |             |
|    chase_probability    | 0.0844      |
| rollout/                |             |
|    ep_len_mean          | 264         |
|    ep_rew_mean          | -5.93       |
| time/                   |             |
|    fps                  | 85          |
|    iterations           | 97          |
|    time_elapsed         | 6970        |
|    total_timesteps      | 595968      |
| train/                  |             |
|    approx_kl            | 0.009644863 |
|    clip_fraction        | 0.162       |
|    clip_range           | 0.2         |
|    entropy_loss         | -4.97       |
|    explained_variance   | 0.305       |
|    learning_rate        | 0.0003      |
|    loss                 | 0.0469      |
|    n_updates            | 960         |
|    policy_gradient_loss | 0.00376     |
|    std                  | 0.841       |
|    value_loss           | 30.9        |
-----------------------------------------
Eval num_timesteps=599904, episode_reward=-266.87 +/- 438.26
Episode length: 291.30 +/- 21.24
-----------------------------------------
| eval/                   |             |
|    mean_ep_length       | 291         |
|    mean_reward          | -267        |
| time/                   |             |
|    total_timesteps      | 599904      |
| train/                  |             |
|    approx_kl            | 0.018575763 |
|    clip_fraction        | 0.126       |
|    clip_range           | 0.2         |
|    entropy_loss         | -4.98       |
|    explained_variance   | 0.167       |
|    learning_rate        | 0.0003      |
|    loss                 | 0.242       |
|    n_updates            | 970         |
|    policy_gradient_loss | -0.00186    |
|    std                  | 0.842       |
|    value_loss           | 139         |
-----------------------------------------
[progress] timestep 600048
[episode ends] timestep 600048: crashed=11 (6%), missed_goal=146 (77%), scored=32 (17%)
-----------------------------------
| curriculum/          |          |
|    chase_probability | 0.0858   |
| episode_end/         |          |
|    crashed           | 11       |
|    missed_goal       | 146      |
|    scored            | 32       |
| rollout/             |          |
|    ep_len_mean       | 269      |
|    ep_rew_mean       | -36.5    |
| time/                |          |
|    fps               | 85       |
|    iterations        | 98       |
|    time_elapsed      | 7051     |
|    total_timesteps   | 602112   |
-----------------------------------
-----------------------------------------
| rollout/                |             |
|    ep_len_mean          | 272         |
|    ep_rew_mean          | -34.7       |
| time/                   |             |
|    fps                  | 85          |
|    iterations           | 99          |
|    time_elapsed         | 7113        |
|    total_timesteps      | 608256      |
| train/                  |             |
|    approx_kl            | 0.012074646 |
|    clip_fraction        | 0.136       |
|    clip_range           | 0.2         |
|    entropy_loss         | -4.98       |
|    explained_variance   | 0.103       |
|    learning_rate        | 0.0003      |
|    loss                 | 0.477       |
|    n_updates            | 980         |
|    policy_gradient_loss | -0.00258    |
|    std                  | 0.841       |
|    value_loss           | 1.48e+03    |
-----------------------------------------
-----------------------------------------
| curriculum/             |             |
|    chase_probability    | 0.0872      |
| rollout/                |             |
|    ep_len_mean          | 274         |
|    ep_rew_mean          | -36.9       |
| time/                   |             |
|    fps                  | 85          |
|    iterations           | 100         |
|    time_elapsed         | 7175        |
|    total_timesteps      | 614400      |
| train/                  |             |
|    approx_kl            | 0.007510559 |
|    clip_fraction        | 0.075       |
|    clip_range           | 0.2         |
|    entropy_loss         | -4.97       |
|    explained_variance   | 0.151       |
|    learning_rate        | 0.0003      |
|    loss                 | 0.195       |
|    n_updates            | 990         |
|    policy_gradient_loss | -0.00213    |
|    std                  | 0.84        |
|    value_loss           | 96.7        |
-----------------------------------------
-----------------------------------------
| curriculum/             |             |
|    chase_probability    | 0.0886      |
| rollout/                |             |
|    ep_len_mean          | 275         |
|    ep_rew_mean          | -36.5       |
| time/                   |             |
|    fps                  | 85          |
|    iterations           | 101         |
|    time_elapsed         | 7235        |
|    total_timesteps      | 620544      |
| train/                  |             |
|    approx_kl            | 0.011183026 |
|    clip_fraction        | 0.188       |
|    clip_range           | 0.2         |
|    entropy_loss         | -4.96       |
|    explained_variance   | 0.146       |
|    learning_rate        | 0.0003      |
|    loss                 | 0.191       |
|    n_updates            | 1000        |
|    policy_gradient_loss | 0.00289     |
|    std                  | 0.838       |
|    value_loss           | 165         |
-----------------------------------------
-----------------------------------------
| rollout/                |             |
|    ep_len_mean          | 272         |
|    ep_rew_mean          | -32.8       |
| time/                   |             |
|    fps                  | 85          |
|    iterations           | 102         |
|    time_elapsed         | 7296        |
|    total_timesteps      | 626688      |
| train/                  |             |
|    approx_kl            | 0.012957752 |
|    clip_fraction        | 0.0783      |
|    clip_range           | 0.2         |
|    entropy_loss         | -4.95       |
|    explained_variance   | 0.35        |
|    learning_rate        | 0.0003      |
|    loss                 | 18.6        |
|    n_updates            | 1010        |
|    policy_gradient_loss | -0.000731   |
|    std                  | 0.834       |
|    value_loss           | 57.8        |
-----------------------------------------
-----------------------------------------
| curriculum/             |             |
|    chase_probability    | 0.0901      |
| rollout/                |             |
|    ep_len_mean          | 273         |
|    ep_rew_mean          | -26.9       |
| time/                   |             |
|    fps                  | 85          |
|    iterations           | 103         |
|    time_elapsed         | 7360        |
|    total_timesteps      | 632832      |
| train/                  |             |
|    approx_kl            | 0.008329709 |
|    clip_fraction        | 0.0772      |
|    clip_range           | 0.2         |
|    entropy_loss         | -4.94       |
|    explained_variance   | 0.496       |
|    learning_rate        | 0.0003      |
|    loss                 | 8.69        |
|    n_updates            | 1020        |
|    policy_gradient_loss | -0.00179    |
|    std                  | 0.836       |
|    value_loss           | 14.3        |
-----------------------------------------
-----------------------------------------
| rollout/                |             |
|    ep_len_mean          | 267         |
|    ep_rew_mean          | -27.4       |
| time/                   |             |
|    fps                  | 86          |
|    iterations           | 104         |
|    time_elapsed         | 7426        |
|    total_timesteps      | 638976      |
| train/                  |             |
|    approx_kl            | 0.014381222 |
|    clip_fraction        | 0.102       |
|    clip_range           | 0.2         |
|    entropy_loss         | -4.94       |
|    explained_variance   | 0.302       |
|    learning_rate        | 0.0003      |
|    loss                 | 0.24        |
|    n_updates            | 1030        |
|    policy_gradient_loss | -0.000965   |
|    std                  | 0.831       |
|    value_loss           | 863         |
-----------------------------------------
-----------------------------------------
| curriculum/             |             |
|    chase_probability    | 0.0915      |
| rollout/                |             |
|    ep_len_mean          | 260         |
|    ep_rew_mean          | -29.6       |
| time/                   |             |
|    fps                  | 86          |
|    iterations           | 105         |
|    time_elapsed         | 7489        |
|    total_timesteps      | 645120      |
| train/                  |             |
|    approx_kl            | 0.012971607 |
|    clip_fraction        | 0.139       |
|    clip_range           | 0.2         |
|    entropy_loss         | -4.93       |
|    explained_variance   | 0.56        |
|    learning_rate        | 0.0003      |
|    loss                 | 3.05        |
|    n_updates            | 1040        |
|    policy_gradient_loss | -0.0016     |
|    std                  | 0.832       |
|    value_loss           | 57.5        |
-----------------------------------------
Eval num_timesteps=649896, episode_reward=-35.99 +/- 101.72
Episode length: 255.30 +/- 29.20
-----------------------------------------
| eval/                   |             |
|    mean_ep_length       | 255         |
|    mean_reward          | -36         |
| time/                   |             |
|    total_timesteps      | 649896      |
| train/                  |             |
|    approx_kl            | 0.011474176 |
|    clip_fraction        | 0.125       |
|    clip_range           | 0.2         |
|    entropy_loss         | -4.94       |
|    explained_variance   | 0.62        |
|    learning_rate        | 0.0003      |
|    loss                 | 0.031       |
|    n_updates            | 1050        |
|    policy_gradient_loss | -0.000337   |
|    std                  | 0.834       |
|    value_loss           | 32.9        |
-----------------------------------------
[episode ends] timestep 650052: crashed=10 (5%), missed_goal=155 (82%), scored=24 (13%)
-----------------------------------
| curriculum/          |          |
|    chase_probability | 0.0929   |
| episode_end/         |          |
|    crashed           | 10       |
|    missed_goal       | 155      |
|    scored            | 24       |
| rollout/             |          |
|    ep_len_mean       | 262      |
|    ep_rew_mean       | -39.6    |
| time/                |          |
|    fps               | 85       |
|    iterations        | 106      |
|    time_elapsed      | 7576     |
|    total_timesteps   | 651264   |
-----------------------------------
----------------------------------------
| rollout/                |            |
|    ep_len_mean          | 253        |
|    ep_rew_mean          | -35.6      |
| time/                   |            |
|    fps                  | 86         |
|    iterations           | 107        |
|    time_elapsed         | 7634       |
|    total_timesteps      | 657408     |
| train/                  |            |
|    approx_kl            | 0.01486658 |
|    clip_fraction        | 0.137      |
|    clip_range           | 0.2        |
|    entropy_loss         | -4.94      |
|    explained_variance   | 0.138      |
|    learning_rate        | 0.0003     |
|    loss                 | 55         |
|    n_updates            | 1060       |
|    policy_gradient_loss | -0.000818  |
|    std                  | 0.836      |
|    value_loss           | 380        |
----------------------------------------
-----------------------------------------
| curriculum/             |             |
|    chase_probability    | 0.0944      |
| rollout/                |             |
|    ep_len_mean          | 246         |
|    ep_rew_mean          | -18.6       |
| time/                   |             |
|    fps                  | 86          |
|    iterations           | 108         |
|    time_elapsed         | 7703        |
|    total_timesteps      | 663552      |
| train/                  |             |
|    approx_kl            | 0.009532764 |
|    clip_fraction        | 0.133       |
|    clip_range           | 0.2         |
|    entropy_loss         | -4.94       |
|    explained_variance   | 0.202       |
|    learning_rate        | 0.0003      |
|    loss                 | 11.9        |
|    n_updates            | 1070        |
|    policy_gradient_loss | -0.00162    |
|    std                  | 0.833       |
|    value_loss           | 183         |
-----------------------------------------
-----------------------------------------
| rollout/                |             |
|    ep_len_mean          | 241         |
|    ep_rew_mean          | -16.6       |
| time/                   |             |
|    fps                  | 86          |
|    iterations           | 109         |
|    time_elapsed         | 7767        |
|    total_timesteps      | 669696      |
| train/                  |             |
|    approx_kl            | 0.012012246 |
|    clip_fraction        | 0.117       |
|    clip_range           | 0.2         |
|    entropy_loss         | -4.94       |
|    explained_variance   | 0.474       |
|    learning_rate        | 0.0003      |
|    loss                 | 21.7        |
|    n_updates            | 1080        |
|    policy_gradient_loss | -0.00083    |
|    std                  | 0.837       |
|    value_loss           | 39          |
-----------------------------------------
-----------------------------------------
| curriculum/             |             |
|    chase_probability    | 0.0958      |
| rollout/                |             |
|    ep_len_mean          | 232         |
|    ep_rew_mean          | -7.27       |
| time/                   |             |
|    fps                  | 86          |
|    iterations           | 110         |
|    time_elapsed         | 7831        |
|    total_timesteps      | 675840      |
| train/                  |             |
|    approx_kl            | 0.009004603 |
|    clip_fraction        | 0.0942      |
|    clip_range           | 0.2         |
|    entropy_loss         | -4.93       |
|    explained_variance   | 0.685       |
|    learning_rate        | 0.0003      |
|    loss                 | 0.0192      |
|    n_updates            | 1090        |
|    policy_gradient_loss | -0.00525    |
|    std                  | 0.828       |
|    value_loss           | 6.58        |
-----------------------------------------
-----------------------------------------
| curriculum/             |             |
|    chase_probability    | 0.0972      |
| rollout/                |             |
|    ep_len_mean          | 233         |
|    ep_rew_mean          | 0.763       |
| time/                   |             |
|    fps                  | 86          |
|    iterations           | 111         |
|    time_elapsed         | 7898        |
|    total_timesteps      | 681984      |
| train/                  |             |
|    approx_kl            | 0.008132877 |
|    clip_fraction        | 0.0992      |
|    clip_range           | 0.2         |
|    entropy_loss         | -4.89       |
|    explained_variance   | 0.764       |
|    learning_rate        | 0.0003      |
|    loss                 | 0.14        |
|    n_updates            | 1100        |
|    policy_gradient_loss | -0.00462    |
|    std                  | 0.822       |
|    value_loss           | 4.72        |
-----------------------------------------
-----------------------------------------
| rollout/                |             |
|    ep_len_mean          | 232         |
|    ep_rew_mean          | -4.44       |
| time/                   |             |
|    fps                  | 86          |
|    iterations           | 112         |
|    time_elapsed         | 7962        |
|    total_timesteps      | 688128      |
| train/                  |             |
|    approx_kl            | 0.012297217 |
|    clip_fraction        | 0.0751      |
|    clip_range           | 0.2         |
|    entropy_loss         | -4.87       |
|    explained_variance   | 0.279       |
|    learning_rate        | 0.0003      |
|    loss                 | 0.322       |
|    n_updates            | 1110        |
|    policy_gradient_loss | -0.00176    |
|    std                  | 0.819       |
|    value_loss           | 46.2        |
-----------------------------------------
-----------------------------------------
| curriculum/             |             |
|    chase_probability    | 0.0987      |
| rollout/                |             |
|    ep_len_mean          | 235         |
|    ep_rew_mean          | -4.26       |
| time/                   |             |
|    fps                  | 86          |
|    iterations           | 113         |
|    time_elapsed         | 8026        |
|    total_timesteps      | 694272      |
| train/                  |             |
|    approx_kl            | 0.010411151 |
|    clip_fraction        | 0.102       |
|    clip_range           | 0.2         |
|    entropy_loss         | -4.87       |
|    explained_variance   | 0.044       |
|    learning_rate        | 0.0003      |
|    loss                 | 0.156       |
|    n_updates            | 1120        |
|    policy_gradient_loss | -0.00394    |
|    std                  | 0.819       |
|    value_loss           | 406         |
-----------------------------------------
Eval num_timesteps=699888, episode_reward=-45.68 +/- 153.36
Episode length: 268.90 +/- 42.22
------------------------------------------
| eval/                   |              |
|    mean_ep_length       | 269          |
|    mean_reward          | -45.7        |
| time/                   |              |
|    total_timesteps      | 699888       |
| train/                  |              |
|    approx_kl            | 0.0073996116 |
|    clip_fraction        | 0.0701       |
|    clip_range           | 0.2          |
|    entropy_loss         | -4.86        |
|    explained_variance   | 0.405        |
|    learning_rate        | 0.0003       |
|    loss                 | 1.06         |
|    n_updates            | 1130         |
|    policy_gradient_loss | -0.00432     |
|    std                  | 0.815        |
|    value_loss           | 46.9         |
------------------------------------------
[progress] timestep 700056
[episode ends] timestep 700056: crashed=8 (4%), missed_goal=180 (85%), scored=24 (11%)
---------------------------------
| episode_end/       |          |
|    crashed         | 8        |
|    missed_goal     | 180      |
|    scored          | 24       |
| rollout/           |          |
|    ep_len_mean     | 239      |
|    ep_rew_mean     | -3.65    |
| time/              |          |
|    fps             | 86       |
|    iterations      | 114      |
|    time_elapsed    | 8111     |
|    total_timesteps | 700416   |
---------------------------------
-----------------------------------------
| curriculum/             |             |
|    chase_probability    | 0.1         |
| rollout/                |             |
|    ep_len_mean          | 248         |
|    ep_rew_mean          | -23.5       |
| time/                   |             |
|    fps                  | 86          |
|    iterations           | 115         |
|    time_elapsed         | 8174        |
|    total_timesteps      | 706560      |
| train/                  |             |
|    approx_kl            | 0.010995977 |
|    clip_fraction        | 0.0706      |
|    clip_range           | 0.2         |
|    entropy_loss         | -4.85       |
|    explained_variance   | 0.251       |
|    learning_rate        | 0.0003      |
|    loss                 | 6.35        |
|    n_updates            | 1140        |
|    policy_gradient_loss | -0.000297   |
|    std                  | 0.814       |
|    value_loss           | 165         |
-----------------------------------------
-----------------------------------------
| curriculum/             |             |
|    chase_probability    | 0.102       |
| rollout/                |             |
|    ep_len_mean          | 260         |
|    ep_rew_mean          | -35.3       |
| time/                   |             |
|    fps                  | 86          |
|    iterations           | 116         |
|    time_elapsed         | 8238        |
|    total_timesteps      | 712704      |
| train/                  |             |
|    approx_kl            | 0.008328808 |
|    clip_fraction        | 0.0795      |
|    clip_range           | 0.2         |
|    entropy_loss         | -4.84       |
|    explained_variance   | 0.123       |
|    learning_rate        | 0.0003      |
|    loss                 | 0.0738      |
|    n_updates            | 1150        |
|    policy_gradient_loss | -0.00435    |
|    std                  | 0.812       |
|    value_loss           | 833         |
-----------------------------------------
-----------------------------------------
| rollout/                |             |
|    ep_len_mean          | 272         |
|    ep_rew_mean          | -33.9       |
| time/                   |             |
|    fps                  | 86          |
|    iterations           | 117         |
|    time_elapsed         | 8299        |
|    total_timesteps      | 718848      |
| train/                  |             |
|    approx_kl            | 0.008829678 |
|    clip_fraction        | 0.096       |
|    clip_range           | 0.2         |
|    entropy_loss         | -4.84       |
|    explained_variance   | 0.184       |
|    learning_rate        | 0.0003      |
|    loss                 | 0.383       |
|    n_updates            | 1160        |
|    policy_gradient_loss | -0.00215    |
|    std                  | 0.814       |
|    value_loss           | 608         |
-----------------------------------------
-----------------------------------------
| curriculum/             |             |
|    chase_probability    | 0.103       |
| rollout/                |             |
|    ep_len_mean          | 281         |
|    ep_rew_mean          | -47.1       |
| time/                   |             |
|    fps                  | 86          |
|    iterations           | 118         |
|    time_elapsed         | 8364        |
|    total_timesteps      | 724992      |
| train/                  |             |
|    approx_kl            | 0.013904475 |
|    clip_fraction        | 0.109       |
|    clip_range           | 0.2         |
|    entropy_loss         | -4.84       |
|    explained_variance   | 0.292       |
|    learning_rate        | 0.0003      |
|    loss                 | 0.173       |
|    n_updates            | 1170        |
|    policy_gradient_loss | -0.00167    |
|    std                  | 0.813       |
|    value_loss           | 98.7        |
-----------------------------------------
-----------------------------------------
| curriculum/             |             |
|    chase_probability    | 0.104       |
| rollout/                |             |
|    ep_len_mean          | 282         |
|    ep_rew_mean          | -69.5       |
| time/                   |             |
|    fps                  | 86          |
|    iterations           | 119         |
|    time_elapsed         | 8426        |
|    total_timesteps      | 731136      |
| train/                  |             |
|    approx_kl            | 0.009347199 |
|    clip_fraction        | 0.117       |
|    clip_range           | 0.2         |
|    entropy_loss         | -4.84       |
|    explained_variance   | 0.0594      |
|    learning_rate        | 0.0003      |
|    loss                 | 1.67        |
|    n_updates            | 1180        |
|    policy_gradient_loss | -9.88e-05   |
|    std                  | 0.813       |
|    value_loss           | 776         |
-----------------------------------------
-----------------------------------------
| rollout/                |             |
|    ep_len_mean          | 279         |
|    ep_rew_mean          | -51.8       |
| time/                   |             |
|    fps                  | 86          |
|    iterations           | 120         |
|    time_elapsed         | 8491        |
|    total_timesteps      | 737280      |
| train/                  |             |
|    approx_kl            | 0.011118735 |
|    clip_fraction        | 0.11        |
|    clip_range           | 0.2         |
|    entropy_loss         | -4.84       |
|    explained_variance   | 0.298       |
|    learning_rate        | 0.0003      |
|    loss                 | 1.27        |
|    n_updates            | 1190        |
|    policy_gradient_loss | -0.000602   |
|    std                  | 0.815       |
|    value_loss           | 1.02e+03    |
-----------------------------------------
-----------------------------------------
| curriculum/             |             |
|    chase_probability    | 0.106       |
| rollout/                |             |
|    ep_len_mean          | 273         |
|    ep_rew_mean          | -57.3       |
| time/                   |             |
|    fps                  | 86          |
|    iterations           | 121         |
|    time_elapsed         | 8549        |
|    total_timesteps      | 743424      |
| train/                  |             |
|    approx_kl            | 0.009909142 |
|    clip_fraction        | 0.138       |
|    clip_range           | 0.2         |
|    entropy_loss         | -4.84       |
|    explained_variance   | 0.42        |
|    learning_rate        | 0.0003      |
|    loss                 | 1.38        |
|    n_updates            | 1200        |
|    policy_gradient_loss | -0.00296    |
|    std                  | 0.811       |
|    value_loss           | 97.6        |
-----------------------------------------
-----------------------------------------
| rollout/                |             |
|    ep_len_mean          | 275         |
|    ep_rew_mean          | -64.7       |
| time/                   |             |
|    fps                  | 87          |
|    iterations           | 122         |
|    time_elapsed         | 8613        |
|    total_timesteps      | 749568      |
| train/                  |             |
|    approx_kl            | 0.009885166 |
|    clip_fraction        | 0.12        |
|    clip_range           | 0.2         |
|    entropy_loss         | -4.82       |
|    explained_variance   | 0.129       |
|    learning_rate        | 0.0003      |
|    loss                 | 0.408       |
|    n_updates            | 1210        |
|    policy_gradient_loss | -0.00299    |
|    std                  | 0.808       |
|    value_loss           | 1.15e+03    |
-----------------------------------------
Eval num_timesteps=749880, episode_reward=-278.98 +/- 492.87
Episode length: 241.70 +/- 25.61
------------------------------------------
| eval/                   |              |
|    mean_ep_length       | 242          |
|    mean_reward          | -279         |
| time/                   |              |
|    total_timesteps      | 749880       |
| train/                  |              |
|    approx_kl            | 0.0142450705 |
|    clip_fraction        | 0.155        |
|    clip_range           | 0.2          |
|    entropy_loss         | -4.81        |
|    explained_variance   | 0.482        |
|    learning_rate        | 0.0003       |
|    loss                 | 16.2         |
|    n_updates            | 1220         |
|    policy_gradient_loss | -0.00037     |
|    std                  | 0.807        |
|    value_loss           | 118          |
------------------------------------------
[episode ends] timestep 750060: crashed=26 (14%), missed_goal=121 (66%), scored=35 (19%)
-----------------------------------
| curriculum/          |          |
|    chase_probability | 0.107    |
| episode_end/         |          |
|    crashed           | 26       |
|    missed_goal       | 121      |
|    scored            | 35       |
| rollout/             |          |
|    ep_len_mean       | 262      |
|    ep_rew_mean       | -27.5    |
| time/                |          |
|    fps               | 86       |
|    iterations        | 123      |
|    time_elapsed      | 8693     |
|    total_timesteps   | 755712   |
-----------------------------------
-----------------------------------------
| curriculum/             |             |
|    chase_probability    | 0.109       |
| rollout/                |             |
|    ep_len_mean          | 253         |
|    ep_rew_mean          | -35.4       |
| time/                   |             |
|    fps                  | 86          |
|    iterations           | 124         |
|    time_elapsed         | 8758        |
|    total_timesteps      | 761856      |
| train/                  |             |
|    approx_kl            | 0.012878288 |
|    clip_fraction        | 0.152       |
|    clip_range           | 0.2         |
|    entropy_loss         | -4.82       |
|    explained_variance   | 0.336       |
|    learning_rate        | 0.0003      |
|    loss                 | 0.0462      |
|    n_updates            | 1230        |
|    policy_gradient_loss | -0.000668   |
|    std                  | 0.81        |
|    value_loss           | 149         |
-----------------------------------------
----------------------------------------
| rollout/                |            |
|    ep_len_mean          | 240        |
|    ep_rew_mean          | -18.5      |
| time/                   |            |
|    fps                  | 87         |
|    iterations           | 125        |
|    time_elapsed         | 8822       |
|    total_timesteps      | 768000     |
| train/                  |            |
|    approx_kl            | 0.02099886 |
|    clip_fraction        | 0.154      |
|    clip_range           | 0.2        |
|    entropy_loss         | -4.82      |
|    explained_variance   | 0.286      |
|    learning_rate        | 0.0003     |
|    loss                 | 19.6       |
|    n_updates            | 1240       |
|    policy_gradient_loss | 0.000154   |
|    std                  | 0.811      |
|    value_loss           | 347        |
----------------------------------------
-----------------------------------------
| curriculum/             |             |
|    chase_probability    | 0.11        |
| rollout/                |             |
|    ep_len_mean          | 226         |
|    ep_rew_mean          | -19.9       |
| time/                   |             |
|    fps                  | 87          |
|    iterations           | 126         |
|    time_elapsed         | 8888        |
|    total_timesteps      | 774144      |
| train/                  |             |
|    approx_kl            | 0.011685302 |
|    clip_fraction        | 0.162       |
|    clip_range           | 0.2         |
|    entropy_loss         | -4.82       |
|    explained_variance   | 0.296       |
|    learning_rate        | 0.0003      |
|    loss                 | 0.226       |
|    n_updates            | 1250        |
|    policy_gradient_loss | -0.000549   |
|    std                  | 0.81        |
|    value_loss           | 107         |
-----------------------------------------
------------------------------------------
| rollout/                |              |
|    ep_len_mean          | 218          |
|    ep_rew_mean          | -20.1        |
| time/                   |              |
|    fps                  | 87           |
|    iterations           | 127          |
|    time_elapsed         | 8953         |
|    total_timesteps      | 780288       |
| train/                  |              |
|    approx_kl            | 0.0091274725 |
|    clip_fraction        | 0.117        |
|    clip_range           | 0.2          |
|    entropy_loss         | -4.81        |
|    explained_variance   | 0.451        |
|    learning_rate        | 0.0003       |
|    loss                 | 0.173        |
|    n_updates            | 1260         |
|    policy_gradient_loss | -0.0031      |
|    std                  | 0.806        |
|    value_loss           | 93           |
------------------------------------------
-----------------------------------------
| curriculum/             |             |
|    chase_probability    | 0.112       |
| rollout/                |             |
|    ep_len_mean          | 214         |
|    ep_rew_mean          | -12.9       |
| time/                   |             |
|    fps                  | 87          |
|    iterations           | 128         |
|    time_elapsed         | 9021        |
|    total_timesteps      | 786432      |
| train/                  |             |
|    approx_kl            | 0.020457564 |
|    clip_fraction        | 0.201       |
|    clip_range           | 0.2         |
|    entropy_loss         | -4.79       |
|    explained_variance   | 0.508       |
|    learning_rate        | 0.0003      |
|    loss                 | 0.138       |
|    n_updates            | 1270        |
|    policy_gradient_loss | 7.35e-05    |
|    std                  | 0.8         |
|    value_loss           | 58.3        |
-----------------------------------------
-----------------------------------------
| curriculum/             |             |
|    chase_probability    | 0.113       |
| rollout/                |             |
|    ep_len_mean          | 219         |
|    ep_rew_mean          | -10.3       |
| time/                   |             |
|    fps                  | 87          |
|    iterations           | 129         |
|    time_elapsed         | 9082        |
|    total_timesteps      | 792576      |
| train/                  |             |
|    approx_kl            | 0.009510462 |
|    clip_fraction        | 0.139       |
|    clip_range           | 0.2         |
|    entropy_loss         | -4.77       |
|    explained_variance   | 0.583       |
|    learning_rate        | 0.0003      |
|    loss                 | 0.102       |
|    n_updates            | 1280        |
|    policy_gradient_loss | -0.00099    |
|    std                  | 0.8         |
|    value_loss           | 66.2        |
-----------------------------------------
---------------------------------------
| rollout/                |           |
|    ep_len_mean          | 223       |
|    ep_rew_mean          | -6.26     |
| time/                   |           |
|    fps                  | 87        |
|    iterations           | 130       |
|    time_elapsed         | 9144      |
|    total_timesteps      | 798720    |
| train/                  |           |
|    approx_kl            | 0.0085889 |
|    clip_fraction        | 0.123     |
|    clip_range           | 0.2       |
|    entropy_loss         | -4.77     |
|    explained_variance   | 0.527     |
|    learning_rate        | 0.0003    |
|    loss                 | 0.999     |
|    n_updates            | 1290      |
|    policy_gradient_loss | -0.000412 |
|    std                  | 0.799     |
|    value_loss           | 89.9      |
---------------------------------------
Eval num_timesteps=799872, episode_reward=-202.94 +/- 350.73
Episode length: 252.50 +/- 54.62
-----------------------------------------
| eval/                   |             |
|    mean_ep_length       | 252         |
|    mean_reward          | -203        |
| time/                   |             |
|    total_timesteps      | 799872      |
| train/                  |             |
|    approx_kl            | 0.011815512 |
|    clip_fraction        | 0.15        |
|    clip_range           | 0.2         |
|    entropy_loss         | -4.76       |
|    explained_variance   | 0.512       |
|    learning_rate        | 0.0003      |
|    loss                 | 1.01        |
|    n_updates            | 1300        |
|    policy_gradient_loss | -0.000889   |
|    std                  | 0.797       |
|    value_loss           | 119         |
-----------------------------------------
[progress] timestep 800064
[episode ends] timestep 800064: crashed=18 (8%), missed_goal=175 (80%), scored=27 (12%)
-----------------------------------
| curriculum/          |          |
|    chase_probability | 0.114    |
| episode_end/         |          |
|    crashed           | 18       |
|    missed_goal       | 175      |
|    scored            | 27       |
| rollout/             |          |
|    ep_len_mean       | 234      |
|    ep_rew_mean       | -1.91    |
| time/                |          |
|    fps               | 87       |
|    iterations        | 131      |
|    time_elapsed      | 9226     |
|    total_timesteps   | 804864   |
-----------------------------------
-----------------------------------------
| curriculum/             |             |
|    chase_probability    | 0.116       |
| rollout/                |             |
|    ep_len_mean          | 241         |
|    ep_rew_mean          | 3.78        |
| time/                   |             |
|    fps                  | 87          |
|    iterations           | 132         |
|    time_elapsed         | 9290        |
|    total_timesteps      | 811008      |
| train/                  |             |
|    approx_kl            | 0.009247281 |
|    clip_fraction        | 0.198       |
|    clip_range           | 0.2         |
|    entropy_loss         | -4.74       |
|    explained_variance   | 0.52        |
|    learning_rate        | 0.0003      |
|    loss                 | 13.3        |
|    n_updates            | 1310        |
|    policy_gradient_loss | 0.003       |
|    std                  | 0.793       |
|    value_loss           | 69.8        |
-----------------------------------------
------------------------------------------
| rollout/                |              |
|    ep_len_mean          | 246          |
|    ep_rew_mean          | 13.4         |
| time/                   |              |
|    fps                  | 87           |
|    iterations           | 133          |
|    time_elapsed         | 9354         |
|    total_timesteps      | 817152       |
| train/                  |              |
|    approx_kl            | 0.0054443427 |
|    clip_fraction        | 0.0427       |
|    clip_range           | 0.2          |
|    entropy_loss         | -4.73        |
|    explained_variance   | 0.873        |
|    learning_rate        | 0.0003       |
|    loss                 | 9.35         |
|    n_updates            | 1320         |
|    policy_gradient_loss | -0.00519     |
|    std                  | 0.793        |
|    value_loss           | 14.3         |
------------------------------------------
------------------------------------------
| curriculum/             |              |
|    chase_probability    | 0.117        |
| rollout/                |              |
|    ep_len_mean          | 247          |
|    ep_rew_mean          | 13.1         |
| time/                   |              |
|    fps                  | 87           |
|    iterations           | 134          |
|    time_elapsed         | 9423         |
|    total_timesteps      | 823296       |
| train/                  |              |
|    approx_kl            | 0.0070683123 |
|    clip_fraction        | 0.0365       |
|    clip_range           | 0.2          |
|    entropy_loss         | -4.73        |
|    explained_variance   | 0.308        |
|    learning_rate        | 0.0003       |
|    loss                 | 2.36         |
|    n_updates            | 1330         |
|    policy_gradient_loss | -0.00316     |
|    std                  | 0.793        |
|    value_loss           | 122          |
------------------------------------------
------------------------------------------
| rollout/                |              |
|    ep_len_mean          | 250          |
|    ep_rew_mean          | 10.7         |
| time/                   |              |
|    fps                  | 87           |
|    iterations           | 135          |
|    time_elapsed         | 9485         |
|    total_timesteps      | 829440       |
| train/                  |              |
|    approx_kl            | 0.0084958235 |
|    clip_fraction        | 0.111        |
|    clip_range           | 0.2          |
|    entropy_loss         | -4.72        |
|    explained_variance   | 0.675        |
|    learning_rate        | 0.0003       |
|    loss                 | 2.83         |
|    n_updates            | 1340         |
|    policy_gradient_loss | -0.00169     |
|    std                  | 0.79         |
|    value_loss           | 22.5         |
------------------------------------------
-----------------------------------------
| curriculum/             |             |
|    chase_probability    | 0.119       |
| rollout/                |             |
|    ep_len_mean          | 251         |
|    ep_rew_mean          | -14.4       |
| time/                   |             |
|    fps                  | 87          |
|    iterations           | 136         |
|    time_elapsed         | 9548        |
|    total_timesteps      | 835584      |
| train/                  |             |
|    approx_kl            | 0.007760428 |
|    clip_fraction        | 0.0632      |
|    clip_range           | 0.2         |
|    entropy_loss         | -4.72       |
|    explained_variance   | 0.349       |
|    learning_rate        | 0.0003      |
|    loss                 | 0.952       |
|    n_updates            | 1350        |
|    policy_gradient_loss | -0.00226    |
|    std                  | 0.79        |
|    value_loss           | 115         |
-----------------------------------------
------------------------------------------
| curriculum/             |              |
|    chase_probability    | 0.12         |
| rollout/                |              |
|    ep_len_mean          | 251          |
|    ep_rew_mean          | -27.1        |
| time/                   |              |
|    fps                  | 87           |
|    iterations           | 137          |
|    time_elapsed         | 9616         |
|    total_timesteps      | 841728       |
| train/                  |              |
|    approx_kl            | 0.0073724873 |
|    clip_fraction        | 0.06         |
|    clip_range           | 0.2          |
|    entropy_loss         | -4.72        |
|    explained_variance   | 0.309        |
|    learning_rate        | 0.0003       |
|    loss                 | 0.379        |
|    n_updates            | 1360         |
|    policy_gradient_loss | -0.00384     |
|    std                  | 0.791        |
|    value_loss           | 1.39e+03     |
------------------------------------------
-----------------------------------------
| rollout/                |             |
|    ep_len_mean          | 251         |
|    ep_rew_mean          | -33.4       |
| time/                   |             |
|    fps                  | 87          |
|    iterations           | 138         |
|    time_elapsed         | 9680        |
|    total_timesteps      | 847872      |
| train/                  |             |
|    approx_kl            | 0.006674141 |
|    clip_fraction        | 0.0583      |
|    clip_range           | 0.2         |
|    entropy_loss         | -4.72       |
|    explained_variance   | 0.521       |
|    learning_rate        | 0.0003      |
|    loss                 | 0.317       |
|    n_updates            | 1370        |
|    policy_gradient_loss | -0.00212    |
|    std                  | 0.791       |
|    value_loss           | 33          |
-----------------------------------------
Eval num_timesteps=849864, episode_reward=-89.99 +/- 136.90
Episode length: 248.00 +/- 32.35
-----------------------------------------
| eval/                   |             |
|    mean_ep_length       | 248         |
|    mean_reward          | -90         |
| time/                   |             |
|    total_timesteps      | 849864      |
| train/                  |             |
|    approx_kl            | 0.015854249 |
|    clip_fraction        | 0.204       |
|    clip_range           | 0.2         |
|    entropy_loss         | -4.72       |
|    explained_variance   | 0.0849      |
|    learning_rate        | 0.0003      |
|    loss                 | 0.483       |
|    n_updates            | 1380        |
|    policy_gradient_loss | 0.00509     |
|    std                  | 0.792       |
|    value_loss           | 476         |
-----------------------------------------
[episode ends] timestep 850068: crashed=10 (5%), missed_goal=133 (66%), scored=59 (29%)
-----------------------------------
| curriculum/          |          |
|    chase_probability | 0.122    |
| episode_end/         |          |
|    crashed           | 10       |
|    missed_goal       | 133      |
|    scored            | 59       |
| rollout/             |          |
|    ep_len_mean       | 246      |
|    ep_rew_mean       | -44.4    |
| time/                |          |
|    fps               | 87       |
|    iterations        | 139      |
|    time_elapsed      | 9766     |
|    total_timesteps   | 854016   |
-----------------------------------
------------------------------------------
| rollout/                |              |
|    ep_len_mean          | 244          |
|    ep_rew_mean          | -27.5        |
| time/                   |              |
|    fps                  | 87           |
|    iterations           | 140          |
|    time_elapsed         | 9828         |
|    total_timesteps      | 860160       |
| train/                  |              |
|    approx_kl            | 0.0148761915 |
|    clip_fraction        | 0.156        |
|    clip_range           | 0.2          |
|    entropy_loss         | -4.73        |
|    explained_variance   | 0.23         |
|    learning_rate        | 0.0003       |
|    loss                 | 2.07         |
|    n_updates            | 1390         |
|    policy_gradient_loss | 0.00227      |
|    std                  | 0.794        |
|    value_loss           | 251          |
------------------------------------------
----------------------------------------
| curriculum/             |            |
|    chase_probability    | 0.123      |
| rollout/                |            |
|    ep_len_mean          | 246        |
|    ep_rew_mean          | -19.1      |
| time/                   |            |
|    fps                  | 87         |
|    iterations           | 141        |
|    time_elapsed         | 9891       |
|    total_timesteps      | 866304     |
| train/                  |            |
|    approx_kl            | 0.01609243 |
|    clip_fraction        | 0.149      |
|    clip_range           | 0.2        |
|    entropy_loss         | -4.71      |
|    explained_variance   | 0.17       |
|    learning_rate        | 0.0003     |
|    loss                 | 6.54       |
|    n_updates            | 1400       |
|    policy_gradient_loss | 0.00163    |
|    std                  | 0.787      |
|    value_loss           | 188        |
----------------------------------------
-----------------------------------------
| curriculum/             |             |
|    chase_probability    | 0.124       |
| rollout/                |             |
|    ep_len_mean          | 247         |
|    ep_rew_mean          | -21.6       |
| time/                   |             |
|    fps                  | 87          |
|    iterations           | 142         |
|    time_elapsed         | 9956        |
|    total_timesteps      | 872448      |
| train/                  |             |
|    approx_kl            | 0.017172536 |
|    clip_fraction        | 0.204       |
|    clip_range           | 0.2         |
|    entropy_loss         | -4.69       |
|    explained_variance   | 0.68        |
|    learning_rate        | 0.0003      |
|    loss                 | 0.0664      |
|    n_updates            | 1410        |
|    policy_gradient_loss | 0.00345     |
|    std                  | 0.784       |
|    value_loss           | 12.4        |
-----------------------------------------
-----------------------------------------
| rollout/                |             |
|    ep_len_mean          | 250         |
|    ep_rew_mean          | -20.3       |
| time/                   |             |
|    fps                  | 87          |
|    iterations           | 143         |
|    time_elapsed         | 10020       |
|    total_timesteps      | 878592      |
| train/                  |             |
|    approx_kl            | 0.009325144 |
|    clip_fraction        | 0.0901      |
|    clip_range           | 0.2         |
|    entropy_loss         | -4.68       |
|    explained_variance   | 0.253       |
|    learning_rate        | 0.0003      |
|    loss                 | 3.22        |
|    n_updates            | 1420        |
|    policy_gradient_loss | -0.00253    |
|    std                  | 0.784       |
|    value_loss           | 377         |
-----------------------------------------
-----------------------------------------
| curriculum/             |             |
|    chase_probability    | 0.126       |
| rollout/                |             |
|    ep_len_mean          | 248         |
|    ep_rew_mean          | -22.5       |
| time/                   |             |
|    fps                  | 87          |
|    iterations           | 144         |
|    time_elapsed         | 10084       |
|    total_timesteps      | 884736      |
| train/                  |             |
|    approx_kl            | 0.010884392 |
|    clip_fraction        | 0.11        |
|    clip_range           | 0.2         |
|    entropy_loss         | -4.67       |
|    explained_variance   | 0.41        |
|    learning_rate        | 0.0003      |
|    loss                 | 20.1        |
|    n_updates            | 1430        |
|    policy_gradient_loss | -0.00325    |
|    std                  | 0.78        |
|    value_loss           | 270         |
-----------------------------------------
-----------------------------------------
| curriculum/             |             |
|    chase_probability    | 0.127       |
| rollout/                |             |
|    ep_len_mean          | 244         |
|    ep_rew_mean          | -46         |
| time/                   |             |
|    fps                  | 87          |
|    iterations           | 145         |
|    time_elapsed         | 10150       |
|    total_timesteps      | 890880      |
| train/                  |             |
|    approx_kl            | 0.009786254 |
|    clip_fraction        | 0.12        |
|    clip_range           | 0.2         |
|    entropy_loss         | -4.66       |
|    explained_variance   | 0.291       |
|    learning_rate        | 0.0003      |
|    loss                 | 649         |
|    n_updates            | 1440        |
|    policy_gradient_loss | -0.00208    |
|    std                  | 0.78        |
|    value_loss           | 483         |
-----------------------------------------
-----------------------------------------
| rollout/                |             |
|    ep_len_mean          | 242         |
|    ep_rew_mean          | -59         |
| time/                   |             |
|    fps                  | 87          |
|    iterations           | 146         |
|    time_elapsed         | 10218       |
|    total_timesteps      | 897024      |
| train/                  |             |
|    approx_kl            | 0.014237564 |
|    clip_fraction        | 0.218       |
|    clip_range           | 0.2         |
|    entropy_loss         | -4.65       |
|    explained_variance   | 0.175       |
|    learning_rate        | 0.0003      |
|    loss                 | 0.0582      |
|    n_updates            | 1450        |
|    policy_gradient_loss | 0.00195     |
|    std                  | 0.774       |
|    value_loss           | 600         |
-----------------------------------------
Eval num_timesteps=899856, episode_reward=-62.43 +/- 159.93
Episode length: 241.10 +/- 24.32
-----------------------------------------
| eval/                   |             |
|    mean_ep_length       | 241         |
|    mean_reward          | -62.4       |
| time/                   |             |
|    total_timesteps      | 899856      |
| train/                  |             |
|    approx_kl            | 0.022706347 |
|    clip_fraction        | 0.244       |
|    clip_range           | 0.2         |
|    entropy_loss         | -4.62       |
|    explained_variance   | 0.537       |
|    learning_rate        | 0.0003      |
|    loss                 | 1.76        |
|    n_updates            | 1460        |
|    policy_gradient_loss | 0.00746     |
|    std                  | 0.773       |
|    value_loss           | 706         |
-----------------------------------------
[progress] timestep 900072
[episode ends] timestep 900072: crashed=20 (10%), missed_goal=152 (73%), scored=36 (17%)
-----------------------------------
| curriculum/          |          |
|    chase_probability | 0.129    |
| episode_end/         |          |
|    crashed           | 20       |
|    missed_goal       | 152      |
|    scored            | 36       |
| rollout/             |          |
|    ep_len_mean       | 235      |
|    ep_rew_mean       | -54.4    |
| time/                |          |
|    fps               | 87       |
|    iterations        | 147      |
|    time_elapsed      | 10301    |
|    total_timesteps   | 903168   |
-----------------------------------
-----------------------------------------
| rollout/                |             |
|    ep_len_mean          | 237         |
|    ep_rew_mean          | -45         |
| time/                   |             |
|    fps                  | 87          |
|    iterations           | 148         |
|    time_elapsed         | 10367       |
|    total_timesteps      | 909312      |
| train/                  |             |
|    approx_kl            | 0.020379933 |
|    clip_fraction        | 0.205       |
|    clip_range           | 0.2         |
|    entropy_loss         | -4.62       |
|    explained_variance   | 0.0751      |
|    learning_rate        | 0.0003      |
|    loss                 | 4.22e+03    |
|    n_updates            | 1470        |
|    policy_gradient_loss | 0.00295     |
|    std                  | 0.773       |
|    value_loss           | 441         |
-----------------------------------------
-----------------------------------------
| curriculum/             |             |
|    chase_probability    | 0.13        |
| rollout/                |             |
|    ep_len_mean          | 239         |
|    ep_rew_mean          | -30.7       |
| time/                   |             |
|    fps                  | 87          |
|    iterations           | 149         |
|    time_elapsed         | 10436       |
|    total_timesteps      | 915456      |
| train/                  |             |
|    approx_kl            | 0.023004448 |
|    clip_fraction        | 0.149       |
|    clip_range           | 0.2         |
|    entropy_loss         | -4.62       |
|    explained_variance   | 0.367       |
|    learning_rate        | 0.0003      |
|    loss                 | 26.8        |
|    n_updates            | 1480        |
|    policy_gradient_loss | 0.00102     |
|    std                  | 0.772       |
|    value_loss           | 210         |
-----------------------------------------
-----------------------------------------
| curriculum/             |             |
|    chase_probability    | 0.132       |
| rollout/                |             |
|    ep_len_mean          | 241         |
|    ep_rew_mean          | -11.2       |
| time/                   |             |
|    fps                  | 87          |
|    iterations           | 150         |
|    time_elapsed         | 10500       |
|    total_timesteps      | 921600      |
| train/                  |             |
|    approx_kl            | 0.011916529 |
|    clip_fraction        | 0.109       |
|    clip_range           | 0.2         |
|    entropy_loss         | -4.62       |
|    explained_variance   | 0.592       |
|    learning_rate        | 0.0003      |
|    loss                 | 0.737       |
|    n_updates            | 1490        |
|    policy_gradient_loss | -0.00224    |
|    std                  | 0.774       |
|    value_loss           | 49.4        |
-----------------------------------------
-----------------------------------------
| rollout/                |             |
|    ep_len_mean          | 246         |
|    ep_rew_mean          | -16.8       |
| time/                   |             |
|    fps                  | 87          |
|    iterations           | 151         |
|    time_elapsed         | 10563       |
|    total_timesteps      | 927744      |
| train/                  |             |
|    approx_kl            | 0.010227938 |
|    clip_fraction        | 0.152       |
|    clip_range           | 0.2         |
|    entropy_loss         | -4.63       |
|    explained_variance   | 0.215       |
|    learning_rate        | 0.0003      |
|    loss                 | 277         |
|    n_updates            | 1500        |
|    policy_gradient_loss | 0.00136     |
|    std                  | 0.777       |
|    value_loss           | 218         |
-----------------------------------------
-----------------------------------------
| curriculum/             |             |
|    chase_probability    | 0.133       |
| rollout/                |             |
|    ep_len_mean          | 249         |
|    ep_rew_mean          | -23.7       |
| time/                   |             |
|    fps                  | 87          |
|    iterations           | 152         |
|    time_elapsed         | 10629       |
|    total_timesteps      | 933888      |
| train/                  |             |
|    approx_kl            | 0.009244225 |
|    clip_fraction        | 0.139       |
|    clip_range           | 0.2         |
|    entropy_loss         | -4.65       |
|    explained_variance   | 0.215       |
|    learning_rate        | 0.0003      |
|    loss                 | 0.151       |
|    n_updates            | 1510        |
|    policy_gradient_loss | -0.00394    |
|    std                  | 0.781       |
|    value_loss           | 752         |
-----------------------------------------
-----------------------------------------
| rollout/                |             |
|    ep_len_mean          | 252         |
|    ep_rew_mean          | -42.5       |
| time/                   |             |
|    fps                  | 87          |
|    iterations           | 153         |
|    time_elapsed         | 10696       |
|    total_timesteps      | 940032      |
| train/                  |             |
|    approx_kl            | 0.014851235 |
|    clip_fraction        | 0.158       |
|    clip_range           | 0.2         |
|    entropy_loss         | -4.65       |
|    explained_variance   | 0.252       |
|    learning_rate        | 0.0003      |
|    loss                 | 9.26        |
|    n_updates            | 1520        |
|    policy_gradient_loss | -0.000209   |
|    std                  | 0.777       |
|    value_loss           | 247         |
-----------------------------------------
-----------------------------------------
| curriculum/             |             |
|    chase_probability    | 0.134       |
| rollout/                |             |
|    ep_len_mean          | 252         |
|    ep_rew_mean          | -50.2       |
| time/                   |             |
|    fps                  | 87          |
|    iterations           | 154         |
|    time_elapsed         | 10759       |
|    total_timesteps      | 946176      |
| train/                  |             |
|    approx_kl            | 0.008500102 |
|    clip_fraction        | 0.095       |
|    clip_range           | 0.2         |
|    entropy_loss         | -4.64       |
|    explained_variance   | 0.241       |
|    learning_rate        | 0.0003      |
|    loss                 | 6.79        |
|    n_updates            | 1530        |
|    policy_gradient_loss | -0.0031     |
|    std                  | 0.779       |
|    value_loss           | 709         |
-----------------------------------------
Eval num_timesteps=949848, episode_reward=-13.41 +/- 85.14
Episode length: 237.00 +/- 14.37
-----------------------------------------
| eval/                   |             |
|    mean_ep_length       | 237         |
|    mean_reward          | -13.4       |
| time/                   |             |
|    total_timesteps      | 949848      |
| train/                  |             |
|    approx_kl            | 0.021159582 |
|    clip_fraction        | 0.19        |
|    clip_range           | 0.2         |
|    entropy_loss         | -4.66       |
|    explained_variance   | 0.484       |
|    learning_rate        | 0.0003      |
|    loss                 | 1.81        |
|    n_updates            | 1540        |
|    policy_gradient_loss | 0.00382     |
|    std                  | 0.782       |
|    value_loss           | 716         |
-----------------------------------------
[episode ends] timestep 950076: crashed=8 (4%), missed_goal=138 (69%), scored=54 (27%)
-----------------------------------
| curriculum/          |          |
|    chase_probability | 0.136    |
| episode_end/         |          |
|    crashed           | 8        |
|    missed_goal       | 138      |
|    scored            | 54       |
| rollout/             |          |
|    ep_len_mean       | 248      |
|    ep_rew_mean       | -38.1    |
| time/                |          |
|    fps               | 87       |
|    iterations        | 155      |
|    time_elapsed      | 10840    |
|    total_timesteps   | 952320   |
-----------------------------------
--------------------------------------
| rollout/                |          |
|    ep_len_mean          | 245      |
|    ep_rew_mean          | -52.5    |
| time/                   |          |
|    fps                  | 87       |
|    iterations           | 156      |
|    time_elapsed         | 10905    |
|    total_timesteps      | 958464   |
| train/                  |          |
|    approx_kl            | 0.008342 |
|    clip_fraction        | 0.0932   |
|    clip_range           | 0.2      |
|    entropy_loss         | -4.67    |
|    explained_variance   | 0.0523   |
|    learning_rate        | 0.0003   |
|    loss                 | 0.262    |
|    n_updates            | 1550     |
|    policy_gradient_loss | -0.00166 |
|    std                  | 0.783    |
|    value_loss           | 261      |
--------------------------------------
-----------------------------------------
| curriculum/             |             |
|    chase_probability    | 0.137       |
| rollout/                |             |
|    ep_len_mean          | 240         |
|    ep_rew_mean          | -34.4       |
| time/                   |             |
|    fps                  | 87          |
|    iterations           | 157         |
|    time_elapsed         | 10970       |
|    total_timesteps      | 964608      |
| train/                  |             |
|    approx_kl            | 0.007679217 |
|    clip_fraction        | 0.123       |
|    clip_range           | 0.2         |
|    entropy_loss         | -4.67       |
|    explained_variance   | 0.22        |
|    learning_rate        | 0.0003      |
|    loss                 | 8.83        |
|    n_updates            | 1560        |
|    policy_gradient_loss | -0.00154    |
|    std                  | 0.784       |
|    value_loss           | 1.17e+03    |
-----------------------------------------
-----------------------------------------
| rollout/                |             |
|    ep_len_mean          | 239         |
|    ep_rew_mean          | -34.4       |
| time/                   |             |
|    fps                  | 87          |
|    iterations           | 158         |
|    time_elapsed         | 11036       |
|    total_timesteps      | 970752      |
| train/                  |             |
|    approx_kl            | 0.011994373 |
|    clip_fraction        | 0.16        |
|    clip_range           | 0.2         |
|    entropy_loss         | -4.67       |
|    explained_variance   | 0.499       |
|    learning_rate        | 0.0003      |
|    loss                 | 1.62        |
|    n_updates            | 1570        |
|    policy_gradient_loss | 0.00206     |
|    std                  | 0.782       |
|    value_loss           | 145         |
-----------------------------------------
----------------------------------------
| curriculum/             |            |
|    chase_probability    | 0.139      |
| rollout/                |            |
|    ep_len_mean          | 238        |
|    ep_rew_mean          | -21.8      |
| time/                   |            |
|    fps                  | 87         |
|    iterations           | 159        |
|    time_elapsed         | 11101      |
|    total_timesteps      | 976896     |
| train/                  |            |
|    approx_kl            | 0.04584226 |
|    clip_fraction        | 0.277      |
|    clip_range           | 0.2        |
|    entropy_loss         | -4.65      |
|    explained_variance   | 0.367      |
|    learning_rate        | 0.0003     |
|    loss                 | 8.06       |
|    n_updates            | 1580       |
|    policy_gradient_loss | 0.011      |
|    std                  | 0.781      |
|    value_loss           | 413        |
----------------------------------------
-----------------------------------------
| curriculum/             |             |
|    chase_probability    | 0.14        |
| rollout/                |             |
|    ep_len_mean          | 237         |
|    ep_rew_mean          | -21.1       |
| time/                   |             |
|    fps                  | 87          |
|    iterations           | 160         |
|    time_elapsed         | 11173       |
|    total_timesteps      | 983040      |
| train/                  |             |
|    approx_kl            | 0.020876149 |
|    clip_fraction        | 0.209       |
|    clip_range           | 0.2         |
|    entropy_loss         | -4.64       |
|    explained_variance   | 0.599       |
|    learning_rate        | 0.0003      |
|    loss                 | 0.263       |
|    n_updates            | 1590        |
|    policy_gradient_loss | 0.00579     |
|    std                  | 0.776       |
|    value_loss           | 56.4        |
-----------------------------------------
-----------------------------------------
| rollout/                |             |
|    ep_len_mean          | 238         |
|    ep_rew_mean          | -20.7       |
| time/                   |             |
|    fps                  | 88          |
|    iterations           | 161         |
|    time_elapsed         | 11236       |
|    total_timesteps      | 989184      |
| train/                  |             |
|    approx_kl            | 0.012747082 |
|    clip_fraction        | 0.141       |
|    clip_range           | 0.2         |
|    entropy_loss         | -4.62       |
|    explained_variance   | 0.571       |
|    learning_rate        | 0.0003      |
|    loss                 | 0.107       |
|    n_updates            | 1600        |
|    policy_gradient_loss | -0.00136    |
|    std                  | 0.775       |
|    value_loss           | 447         |
-----------------------------------------
-----------------------------------------
| curriculum/             |             |
|    chase_probability    | 0.142       |
| rollout/                |             |
|    ep_len_mean          | 237         |
|    ep_rew_mean          | -23.8       |
| time/                   |             |
|    fps                  | 88          |
|    iterations           | 162         |
|    time_elapsed         | 11302       |
|    total_timesteps      | 995328      |
| train/                  |             |
|    approx_kl            | 0.011739407 |
|    clip_fraction        | 0.151       |
|    clip_range           | 0.2         |
|    entropy_loss         | -4.62       |
|    explained_variance   | 0.379       |
|    learning_rate        | 0.0003      |
|    loss                 | 31.2        |
|    n_updates            | 1610        |
|    policy_gradient_loss | 0.000226    |
|    std                  | 0.777       |
|    value_loss           | 316         |
-----------------------------------------
Eval num_timesteps=999840, episode_reward=-198.66 +/- 314.44
Episode length: 250.60 +/- 8.63
-----------------------------------------
| eval/                   |             |
|    mean_ep_length       | 251         |
|    mean_reward          | -199        |
| time/                   |             |
|    total_timesteps      | 999840      |
| train/                  |             |
|    approx_kl            | 0.010075208 |
|    clip_fraction        | 0.0966      |
|    clip_range           | 0.2         |
|    entropy_loss         | -4.62       |
|    explained_variance   | 0.35        |
|    learning_rate        | 0.0003      |
|    loss                 | 6.7         |
|    n_updates            | 1620        |
|    policy_gradient_loss | -0.00196    |
|    std                  | 0.774       |
|    value_loss           | 533         |
-----------------------------------------
[progress] timestep 1000080
[episode ends] timestep 1000080: crashed=9 (4%), missed_goal=143 (68%), scored=58 (28%)
-----------------------------------
| curriculum/          |          |
|    chase_probability | 0.143    |
| episode_end/         |          |
|    crashed           | 9        |
|    missed_goal       | 143      |
|    scored            | 58       |
| rollout/             |          |
|    ep_len_mean       | 238      |
|    ep_rew_mean       | -17.6    |
| time/                |          |
|    fps               | 87       |
|    iterations        | 163      |
|    time_elapsed      | 11383    |
|    total_timesteps   | 1001472  |
-----------------------------------
-----------------------------------------
| rollout/                |             |
|    ep_len_mean          | 240         |
|    ep_rew_mean          | -12.5       |
| time/                   |             |
|    fps                  | 88          |
|    iterations           | 164         |
|    time_elapsed         | 11447       |
|    total_timesteps      | 1007616     |
| train/                  |             |
|    approx_kl            | 0.017537735 |
|    clip_fraction        | 0.0923      |
|    clip_range           | 0.2         |
|    entropy_loss         | -4.61       |
|    explained_variance   | 0.477       |
|    learning_rate        | 0.0003      |
|    loss                 | 1.3         |
|    n_updates            | 1630        |
|    policy_gradient_loss | -0.00109    |
|    std                  | 0.772       |
|    value_loss           | 121         |
-----------------------------------------
-----------------------------------------
| curriculum/             |             |
|    chase_probability    | 0.144       |
| rollout/                |             |
|    ep_len_mean          | 243         |
|    ep_rew_mean          | -23.9       |
| time/                   |             |
|    fps                  | 88          |
|    iterations           | 165         |
|    time_elapsed         | 11515       |
|    total_timesteps      | 1013760     |
| train/                  |             |
|    approx_kl            | 0.006865842 |
|    clip_fraction        | 0.0548      |
|    clip_range           | 0.2         |
|    entropy_loss         | -4.6        |
|    explained_variance   | 0.462       |
|    learning_rate        | 0.0003      |
|    loss                 | 2.27        |
|    n_updates            | 1640        |
|    policy_gradient_loss | -0.00235    |
|    std                  | 0.771       |
|    value_loss           | 413         |
-----------------------------------------
------------------------------------------
| rollout/                |              |
|    ep_len_mean          | 247          |
|    ep_rew_mean          | -37.6        |
| time/                   |              |
|    fps                  | 88           |
|    iterations           | 166          |
|    time_elapsed         | 11581        |
|    total_timesteps      | 1019904      |
| train/                  |              |
|    approx_kl            | 0.0049797236 |
|    clip_fraction        | 0.0691       |
|    clip_range           | 0.2          |
|    entropy_loss         | -4.6         |
|    explained_variance   | 0.484        |
|    learning_rate        | 0.0003       |
|    loss                 | 3.52         |
|    n_updates            | 1650         |
|    policy_gradient_loss | 0.00158      |
|    std                  | 0.772        |
|    value_loss           | 1.21e+03     |
------------------------------------------
-----------------------------------------
| curriculum/             |             |
|    chase_probability    | 0.146       |
| rollout/                |             |
|    ep_len_mean          | 248         |
|    ep_rew_mean          | -49.4       |
| time/                   |             |
|    fps                  | 88          |
|    iterations           | 167         |
|    time_elapsed         | 11646       |
|    total_timesteps      | 1026048     |
| train/                  |             |
|    approx_kl            | 0.009399329 |
|    clip_fraction        | 0.0493      |
|    clip_range           | 0.2         |
|    entropy_loss         | -4.6        |
|    explained_variance   | 0.361       |
|    learning_rate        | 0.0003      |
|    loss                 | 1.29        |
|    n_updates            | 1660        |
|    policy_gradient_loss | -0.0029     |
|    std                  | 0.77        |
|    value_loss           | 1.28e+03    |
-----------------------------------------
-----------------------------------------
| curriculum/             |             |
|    chase_probability    | 0.147       |
| rollout/                |             |
|    ep_len_mean          | 249         |
|    ep_rew_mean          | -56.3       |
| time/                   |             |
|    fps                  | 88          |
|    iterations           | 168         |
|    time_elapsed         | 11706       |
|    total_timesteps      | 1032192     |
| train/                  |             |
|    approx_kl            | 0.014636864 |
|    clip_fraction        | 0.109       |
|    clip_range           | 0.2         |
|    entropy_loss         | -4.59       |
|    explained_variance   | 0.4         |
|    learning_rate        | 0.0003      |
|    loss                 | 4.42        |
|    n_updates            | 1670        |
|    policy_gradient_loss | -0.00255    |
|    std                  | 0.769       |
|    value_loss           | 280         |
-----------------------------------------
-----------------------------------------
| rollout/                |             |
|    ep_len_mean          | 249         |
|    ep_rew_mean          | -63         |
| time/                   |             |
|    fps                  | 88          |
|    iterations           | 169         |
|    time_elapsed         | 11770       |
|    total_timesteps      | 1038336     |
| train/                  |             |
|    approx_kl            | 0.009571314 |
|    clip_fraction        | 0.101       |
|    clip_range           | 0.2         |
|    entropy_loss         | -4.59       |
|    explained_variance   | 0.518       |
|    learning_rate        | 0.0003      |
|    loss                 | 38.1        |
|    n_updates            | 1680        |
|    policy_gradient_loss | -0.00374    |
|    std                  | 0.769       |
|    value_loss           | 844         |
-----------------------------------------
------------------------------------------
| curriculum/             |              |
|    chase_probability    | 0.149        |
| rollout/                |              |
|    ep_len_mean          | 250          |
|    ep_rew_mean          | -44.9        |
| time/                   |              |
|    fps                  | 88           |
|    iterations           | 170          |
|    time_elapsed         | 11831        |
|    total_timesteps      | 1044480      |
| train/                  |              |
|    approx_kl            | 0.0078107044 |
|    clip_fraction        | 0.0881       |
|    clip_range           | 0.2          |
|    entropy_loss         | -4.58        |
|    explained_variance   | 0.235        |
|    learning_rate        | 0.0003       |
|    loss                 | 2.74         |
|    n_updates            | 1690         |
|    policy_gradient_loss | -0.00137     |
|    std                  | 0.768        |
|    value_loss           | 902          |
------------------------------------------
Eval num_timesteps=1049832, episode_reward=-130.19 +/- 252.29
Episode length: 255.60 +/- 12.13
-----------------------------------------
| eval/                   |             |
|    mean_ep_length       | 256         |
|    mean_reward          | -130        |
| time/                   |             |
|    total_timesteps      | 1049832     |
| train/                  |             |
|    approx_kl            | 0.022138894 |
|    clip_fraction        | 0.117       |
|    clip_range           | 0.2         |
|    entropy_loss         | -4.58       |
|    explained_variance   | 0.445       |
|    learning_rate        | 0.0003      |
|    loss                 | 0.595       |
|    n_updates            | 1700        |
|    policy_gradient_loss | 0.00044     |
|    std                  | 0.767       |
|    value_loss           | 680         |
-----------------------------------------
[episode ends] timestep 1050084: crashed=10 (5%), missed_goal=113 (57%), scored=76 (38%)
---------------------------------
| episode_end/       |          |
|    crashed         | 10       |
|    missed_goal     | 113      |
|    scored          | 76       |
| rollout/           |          |
|    ep_len_mean     | 251      |
|    ep_rew_mean     | -50.2    |
| time/              |          |
|    fps             | 88       |
|    iterations      | 171      |
|    time_elapsed    | 11916    |
|    total_timesteps | 1050624  |
---------------------------------
-----------------------------------------
| curriculum/             |             |
|    chase_probability    | 0.15        |
| rollout/                |             |
|    ep_len_mean          | 254         |
|    ep_rew_mean          | -36.4       |
| time/                   |             |
|    fps                  | 88          |
|    iterations           | 172         |
|    time_elapsed         | 11978       |
|    total_timesteps      | 1056768     |
| train/                  |             |
|    approx_kl            | 0.013071339 |
|    clip_fraction        | 0.145       |
|    clip_range           | 0.2         |
|    entropy_loss         | -4.56       |
|    explained_variance   | 0.498       |
|    learning_rate        | 0.0003      |
|    loss                 | 7.05        |
|    n_updates            | 1710        |
|    policy_gradient_loss | -0.00127    |
|    std                  | 0.762       |
|    value_loss           | 806         |
-----------------------------------------
-----------------------------------------
| curriculum/             |             |
|    chase_probability    | 0.152       |
| rollout/                |             |
|    ep_len_mean          | 253         |
|    ep_rew_mean          | -22.3       |
| time/                   |             |
|    fps                  | 88          |
|    iterations           | 173         |
|    time_elapsed         | 12043       |
|    total_timesteps      | 1062912     |
| train/                  |             |
|    approx_kl            | 0.008114648 |
|    clip_fraction        | 0.0916      |
|    clip_range           | 0.2         |
|    entropy_loss         | -4.54       |
|    explained_variance   | 0.475       |
|    learning_rate        | 0.0003      |
|    loss                 | 2.77        |
|    n_updates            | 1720        |
|    policy_gradient_loss | -0.00248    |
|    std                  | 0.76        |
|    value_loss           | 53          |
-----------------------------------------
-----------------------------------------
| rollout/                |             |
|    ep_len_mean          | 248         |
|    ep_rew_mean          | -8.76       |
| time/                   |             |
|    fps                  | 88          |
|    iterations           | 174         |
|    time_elapsed         | 12107       |
|    total_timesteps      | 1069056     |
| train/                  |             |
|    approx_kl            | 0.015724918 |
|    clip_fraction        | 0.126       |
|    clip_range           | 0.2         |
|    entropy_loss         | -4.55       |
|    explained_variance   | 0.297       |
|    learning_rate        | 0.0003      |
|    loss                 | 111         |
|    n_updates            | 1730        |
|    policy_gradient_loss | 0.000355    |
|    std                  | 0.762       |
|    value_loss           | 276         |
-----------------------------------------
-----------------------------------------
| curriculum/             |             |
|    chase_probability    | 0.153       |
| rollout/                |             |
|    ep_len_mean          | 249         |
|    ep_rew_mean          | -7.66       |
| time/                   |             |
|    fps                  | 88          |
|    iterations           | 175         |
|    time_elapsed         | 12172       |
|    total_timesteps      | 1075200     |
| train/                  |             |
|    approx_kl            | 0.017463783 |
|    clip_fraction        | 0.168       |
|    clip_range           | 0.2         |
|    entropy_loss         | -4.54       |
|    explained_variance   | 0.169       |
|    learning_rate        | 0.0003      |
|    loss                 | 0.974       |
|    n_updates            | 1740        |
|    policy_gradient_loss | 0.00095     |
|    std                  | 0.756       |
|    value_loss           | 138         |
-----------------------------------------
-----------------------------------------
| curriculum/             |             |
|    chase_probability    | 0.154       |
| rollout/                |             |
|    ep_len_mean          | 254         |
|    ep_rew_mean          | -33.5       |
| time/                   |             |
|    fps                  | 88          |
|    iterations           | 176         |
|    time_elapsed         | 12236       |
|    total_timesteps      | 1081344     |
| train/                  |             |
|    approx_kl            | 0.018227633 |
|    clip_fraction        | 0.207       |
|    clip_range           | 0.2         |
|    entropy_loss         | -4.5        |
|    explained_variance   | 0.156       |
|    learning_rate        | 0.0003      |
|    loss                 | 0.523       |
|    n_updates            | 1750        |
|    policy_gradient_loss | 0.00281     |
|    std                  | 0.748       |
|    value_loss           | 565         |
-----------------------------------------
----------------------------------------
| rollout/                |            |
|    ep_len_mean          | 255        |
|    ep_rew_mean          | -36.1      |
| time/                   |            |
|    fps                  | 88         |
|    iterations           | 177        |
|    time_elapsed         | 12305      |
|    total_timesteps      | 1087488    |
| train/                  |            |
|    approx_kl            | 0.05607337 |
|    clip_fraction        | 0.324      |
|    clip_range           | 0.2        |
|    entropy_loss         | -4.48      |
|    explained_variance   | 0.368      |
|    learning_rate        | 0.0003     |
|    loss                 | 2.12e+03   |
|    n_updates            | 1760       |
|    policy_gradient_loss | 0.0115     |
|    std                  | 0.748      |
|    value_loss           | 750        |
----------------------------------------
-----------------------------------------
| curriculum/             |             |
|    chase_probability    | 0.156       |
| rollout/                |             |
|    ep_len_mean          | 260         |
|    ep_rew_mean          | -80         |
| time/                   |             |
|    fps                  | 88          |
|    iterations           | 178         |
|    time_elapsed         | 12366       |
|    total_timesteps      | 1093632     |
| train/                  |             |
|    approx_kl            | 0.030734077 |
|    clip_fraction        | 0.214       |
|    clip_range           | 0.2         |
|    entropy_loss         | -4.49       |
|    explained_variance   | 0.374       |
|    learning_rate        | 0.0003      |
|    loss                 | 2.75        |
|    n_updates            | 1770        |
|    policy_gradient_loss | 0.00415     |
|    std                  | 0.754       |
|    value_loss           | 1.16e+03    |
-----------------------------------------
------------------------------------------
| rollout/                |              |
|    ep_len_mean          | 265          |
|    ep_rew_mean          | -98          |
| time/                   |              |
|    fps                  | 88           |
|    iterations           | 179          |
|    time_elapsed         | 12430        |
|    total_timesteps      | 1099776      |
| train/                  |              |
|    approx_kl            | 0.0068028993 |
|    clip_fraction        | 0.136        |
|    clip_range           | 0.2          |
|    entropy_loss         | -4.51        |
|    explained_variance   | 0.579        |
|    learning_rate        | 0.0003       |
|    loss                 | 4.3e+03      |
|    n_updates            | 1780         |
|    policy_gradient_loss | 0.00358      |
|    std                  | 0.753        |
|    value_loss           | 1.15e+03     |
------------------------------------------
Eval num_timesteps=1099824, episode_reward=-121.03 +/- 247.44
Episode length: 286.40 +/- 34.70
-----------------------------------------
| eval/                   |             |
|    mean_ep_length       | 286         |
|    mean_reward          | -121        |
| time/                   |             |
|    total_timesteps      | 1099824     |
| train/                  |             |
|    approx_kl            | 0.035853326 |
|    clip_fraction        | 0.248       |
|    clip_range           | 0.2         |
|    entropy_loss         | -4.5        |
|    explained_variance   | 0.402       |
|    learning_rate        | 0.0003      |
|    loss                 | 35.2        |
|    n_updates            | 1790        |
|    policy_gradient_loss | 0.00688     |
|    std                  | 0.755       |
|    value_loss           | 305         |
-----------------------------------------
[progress] timestep 1100088
[episode ends] timestep 1100088: crashed=7 (4%), missed_goal=143 (73%), scored=45 (23%)
-----------------------------------
| curriculum/          |          |
|    chase_probability | 0.157    |
| episode_end/         |          |
|    crashed           | 7        |
|    missed_goal       | 143      |
|    scored            | 45       |
| rollout/             |          |
|    ep_len_mean       | 266      |
|    ep_rew_mean       | -88.6    |
| time/                |          |
|    fps               | 88       |
|    iterations        | 180      |
|    time_elapsed      | 12513    |
|    total_timesteps   | 1105920  |
-----------------------------------
----------------------------------------
| curriculum/             |            |
|    chase_probability    | 0.159      |
| rollout/                |            |
|    ep_len_mean          | 271        |
|    ep_rew_mean          | -93.1      |
| time/                   |            |
|    fps                  | 88         |
|    iterations           | 181        |
|    time_elapsed         | 12574      |
|    total_timesteps      | 1112064    |
| train/                  |            |
|    approx_kl            | 0.01933855 |
|    clip_fraction        | 0.209      |
|    clip_range           | 0.2        |
|    entropy_loss         | -4.51      |
|    explained_variance   | 0.531      |
|    learning_rate        | 0.0003     |
|    loss                 | 18.8       |
|    n_updates            | 1800       |
|    policy_gradient_loss | 0.00195    |
|    std                  | 0.756      |
|    value_loss           | 1.01e+03   |
----------------------------------------
-----------------------------------------
| rollout/                |             |
|    ep_len_mean          | 285         |
|    ep_rew_mean          | -280        |
| time/                   |             |
|    fps                  | 88          |
|    iterations           | 182         |
|    time_elapsed         | 12629       |
|    total_timesteps      | 1118208     |
| train/                  |             |
|    approx_kl            | 0.009252761 |
|    clip_fraction        | 0.0849      |
|    clip_range           | 0.2         |
|    entropy_loss         | -4.52       |
|    explained_variance   | 0.343       |
|    learning_rate        | 0.0003      |
|    loss                 | 85.8        |
|    n_updates            | 1810        |
|    policy_gradient_loss | -0.000341   |
|    std                  | 0.758       |
|    value_loss           | 7.09e+03    |
-----------------------------------------
-----------------------------------------
| curriculum/             |             |
|    chase_probability    | 0.16        |
| rollout/                |             |
|    ep_len_mean          | 292         |
|    ep_rew_mean          | -268        |
| time/                   |             |
|    fps                  | 88          |
|    iterations           | 183         |
|    time_elapsed         | 12688       |
|    total_timesteps      | 1124352     |
| train/                  |             |
|    approx_kl            | 0.023884231 |
|    clip_fraction        | 0.229       |
|    clip_range           | 0.2         |
|    entropy_loss         | -4.51       |
|    explained_variance   | 0.565       |
|    learning_rate        | 0.0003      |
|    loss                 | 0.177       |
|    n_updates            | 1820        |
|    policy_gradient_loss | 0.000359    |
|    std                  | 0.755       |
|    value_loss           | 8.53e+03    |
-----------------------------------------
-----------------------------------------
| rollout/                |             |
|    ep_len_mean          | 305         |
|    ep_rew_mean          | -484        |
| time/                   |             |
|    fps                  | 88          |
|    iterations           | 184         |
|    time_elapsed         | 12743       |
|    total_timesteps      | 1130496     |
| train/                  |             |
|    approx_kl            | 0.010137555 |
|    clip_fraction        | 0.193       |
|    clip_range           | 0.2         |
|    entropy_loss         | -4.51       |
|    explained_variance   | 0.565       |
|    learning_rate        | 0.0003      |
|    loss                 | 0.72        |
|    n_updates            | 1830        |
|    policy_gradient_loss | 0.0062      |
|    std                  | 0.756       |
|    value_loss           | 8.02e+03    |
-----------------------------------------
----------------------------------------
| curriculum/             |            |
|    chase_probability    | 0.162      |
| rollout/                |            |
|    ep_len_mean          | 309        |
|    ep_rew_mean          | -484       |
| time/                   |            |
|    fps                  | 88         |
|    iterations           | 185        |
|    time_elapsed         | 12802      |
|    total_timesteps      | 1136640    |
| train/                  |            |
|    approx_kl            | 0.03218889 |
|    clip_fraction        | 0.192      |
|    clip_range           | 0.2        |
|    entropy_loss         | -4.53      |
|    explained_variance   | 0.208      |
|    learning_rate        | 0.0003     |
|    loss                 | 90.6       |
|    n_updates            | 1840       |
|    policy_gradient_loss | 0.00543    |
|    std                  | 0.761      |
|    value_loss           | 2.32e+03   |
----------------------------------------
-----------------------------------------
| curriculum/             |             |
|    chase_probability    | 0.163       |
| rollout/                |             |
|    ep_len_mean          | 305         |
|    ep_rew_mean          | -459        |
| time/                   |             |
|    fps                  | 88          |
|    iterations           | 186         |
|    time_elapsed         | 12861       |
|    total_timesteps      | 1142784     |
| train/                  |             |
|    approx_kl            | 0.011907627 |
|    clip_fraction        | 0.128       |
|    clip_range           | 0.2         |
|    entropy_loss         | -4.53       |
|    explained_variance   | 0.611       |
|    learning_rate        | 0.0003      |
|    loss                 | 8.71        |
|    n_updates            | 1850        |
|    policy_gradient_loss | -0.00338    |
|    std                  | 0.759       |
|    value_loss           | 129         |
-----------------------------------------
----------------------------------------
| rollout/                |            |
|    ep_len_mean          | 298        |
|    ep_rew_mean          | -249       |
| time/                   |            |
|    fps                  | 88         |
|    iterations           | 187        |
|    time_elapsed         | 12924      |
|    total_timesteps      | 1148928    |
| train/                  |            |
|    approx_kl            | 0.01604892 |
|    clip_fraction        | 0.178      |
|    clip_range           | 0.2        |
|    entropy_loss         | -4.52      |
|    explained_variance   | 0.149      |
|    learning_rate        | 0.0003     |
|    loss                 | 0.29       |
|    n_updates            | 1860       |
|    policy_gradient_loss | -0.0012    |
|    std                  | 0.757      |
|    value_loss           | 263        |
----------------------------------------
Eval num_timesteps=1149816, episode_reward=-22.64 +/- 69.00
Episode length: 260.20 +/- 21.58
-----------------------------------------
| eval/                   |             |
|    mean_ep_length       | 260         |
|    mean_reward          | -22.6       |
| time/                   |             |
|    total_timesteps      | 1149816     |
| train/                  |             |
|    approx_kl            | 0.013739391 |
|    clip_fraction        | 0.171       |
|    clip_range           | 0.2         |
|    entropy_loss         | -4.5        |
|    explained_variance   | 0.424       |
|    learning_rate        | 0.0003      |
|    loss                 | 0.94        |
|    n_updates            | 1870        |
|    policy_gradient_loss | -0.0026     |
|    std                  | 0.751       |
|    value_loss           | 222         |
-----------------------------------------
[episode ends] timestep 1150092: crashed=7 (4%), max_steps=2 (1%), missed_goal=142 (85%), scored=17 (10%)
-----------------------------------
| curriculum/          |          |
|    chase_probability | 0.164    |
| episode_end/         |          |
|    crashed           | 7        |
|    max_steps         | 2        |
|    missed_goal       | 142      |
|    scored            | 17       |
| rollout/             |          |
|    ep_len_mean       | 282      |
|    ep_rew_mean       | -69.3    |
| time/                |          |
|    fps               | 88       |
|    iterations        | 188      |
|    time_elapsed      | 13003    |
|    total_timesteps   | 1155072  |
-----------------------------------
-----------------------------------------
| curriculum/             |             |
|    chase_probability    | 0.166       |
| rollout/                |             |
|    ep_len_mean          | 278         |
|    ep_rew_mean          | -20.2       |
| time/                   |             |
|    fps                  | 88          |
|    iterations           | 189         |
|    time_elapsed         | 13071       |
|    total_timesteps      | 1161216     |
| train/                  |             |
|    approx_kl            | 0.030089622 |
|    clip_fraction        | 0.245       |
|    clip_range           | 0.2         |
|    entropy_loss         | -4.49       |
|    explained_variance   | 0.501       |
|    learning_rate        | 0.0003      |
|    loss                 | 2.36e+03    |
|    n_updates            | 1880        |
|    policy_gradient_loss | 0.00122     |
|    std                  | 0.753       |
|    value_loss           | 242         |
-----------------------------------------
-----------------------------------------
| rollout/                |             |
|    ep_len_mean          | 275         |
|    ep_rew_mean          | -29         |
| time/                   |             |
|    fps                  | 88          |
|    iterations           | 190         |
|    time_elapsed         | 13133       |
|    total_timesteps      | 1167360     |
| train/                  |             |
|    approx_kl            | 0.015235397 |
|    clip_fraction        | 0.153       |
|    clip_range           | 0.2         |
|    entropy_loss         | -4.49       |
|    explained_variance   | 0.467       |
|    learning_rate        | 0.0003      |
|    loss                 | 0.0984      |
|    n_updates            | 1890        |
|    policy_gradient_loss | -0.00423    |
|    std                  | 0.751       |
|    value_loss           | 26.6        |
-----------------------------------------
-----------------------------------------
| curriculum/             |             |
|    chase_probability    | 0.167       |
| rollout/                |             |
|    ep_len_mean          | 275         |
|    ep_rew_mean          | -21.1       |
| time/                   |             |
|    fps                  | 88          |
|    iterations           | 191         |
|    time_elapsed         | 13206       |
|    total_timesteps      | 1173504     |
| train/                  |             |
|    approx_kl            | 0.010555464 |
|    clip_fraction        | 0.158       |
|    clip_range           | 0.2         |
|    entropy_loss         | -4.48       |
|    explained_variance   | 0.196       |
|    learning_rate        | 0.0003      |
|    loss                 | 0.677       |
|    n_updates            | 1900        |
|    policy_gradient_loss | -0.00579    |
|    std                  | 0.75        |
|    value_loss           | 160         |
-----------------------------------------
-----------------------------------------
| rollout/                |             |
|    ep_len_mean          | 275         |
|    ep_rew_mean          | -9.82       |
| time/                   |             |
|    fps                  | 88          |
|    iterations           | 192         |
|    time_elapsed         | 13275       |
|    total_timesteps      | 1179648     |
| train/                  |             |
|    approx_kl            | 0.018548423 |
|    clip_fraction        | 0.189       |
|    clip_range           | 0.2         |
|    entropy_loss         | -4.48       |
|    explained_variance   | 0.901       |
|    learning_rate        | 0.0003      |
|    loss                 | 0.205       |
|    n_updates            | 1910        |
|    policy_gradient_loss | -0.00313    |
|    std                  | 0.753       |
|    value_loss           | 0.488       |
-----------------------------------------
-----------------------------------------
| curriculum/             |             |
|    chase_probability    | 0.169       |
| rollout/                |             |
|    ep_len_mean          | 275         |
|    ep_rew_mean          | -7.98       |
| time/                   |             |
|    fps                  | 88          |
|    iterations           | 193         |
|    time_elapsed         | 13337       |
|    total_timesteps      | 1185792     |
| train/                  |             |
|    approx_kl            | 0.012322732 |
|    clip_fraction        | 0.172       |
|    clip_range           | 0.2         |
|    entropy_loss         | -4.48       |
|    explained_variance   | 0.41        |
|    learning_rate        | 0.0003      |
|    loss                 | 0.233       |
|    n_updates            | 1920        |
|    policy_gradient_loss | -0.00459    |
|    std                  | 0.75        |
|    value_loss           | 12.2        |
-----------------------------------------
----------------------------------------
| curriculum/             |            |
|    chase_probability    | 0.17       |
| rollout/                |            |
|    ep_len_mean          | 271        |
|    ep_rew_mean          | -1.42      |
| time/                   |            |
|    fps                  | 88         |
|    iterations           | 194        |
|    time_elapsed         | 13400      |
|    total_timesteps      | 1191936    |
| train/                  |            |
|    approx_kl            | 0.01928109 |
|    clip_fraction        | 0.205      |
|    clip_range           | 0.2        |
|    entropy_loss         | -4.47      |
|    explained_variance   | 0.114      |
|    learning_rate        | 0.0003     |
|    loss                 | 0.13       |
|    n_updates            | 1930       |
|    policy_gradient_loss | -0.000374  |
|    std                  | 0.749      |
|    value_loss           | 53.8       |
----------------------------------------
-----------------------------------------
| rollout/                |             |
|    ep_len_mean          | 268         |
|    ep_rew_mean          | -24.2       |
| time/                   |             |
|    fps                  | 88          |
|    iterations           | 195         |
|    time_elapsed         | 13463       |
|    total_timesteps      | 1198080     |
| train/                  |             |
|    approx_kl            | 0.008739724 |
|    clip_fraction        | 0.107       |
|    clip_range           | 0.2         |
|    entropy_loss         | -4.47       |
|    explained_variance   | 0.327       |
|    learning_rate        | 0.0003      |
|    loss                 | 2.4e+03     |
|    n_updates            | 1940        |
|    policy_gradient_loss | -0.00171    |
|    std                  | 0.75        |
|    value_loss           | 483         |
-----------------------------------------
Eval num_timesteps=1199808, episode_reward=-87.57 +/- 172.41
Episode length: 276.20 +/- 35.65
-----------------------------------------
| eval/                   |             |
|    mean_ep_length       | 276         |
|    mean_reward          | -87.6       |
| time/                   |             |
|    total_timesteps      | 1199808     |
| train/                  |             |
|    approx_kl            | 0.005014431 |
|    clip_fraction        | 0.0227      |
|    clip_range           | 0.2         |
|    entropy_loss         | -4.47       |
|    explained_variance   | 0.667       |
|    learning_rate        | 0.0003      |
|    loss                 | 14.8        |
|    n_updates            | 1950        |
|    policy_gradient_loss | -0.00233    |
|    std                  | 0.75        |
|    value_loss           | 886         |
-----------------------------------------
[progress] timestep 1200096
[episode ends] timestep 1200096: crashed=5 (3%), missed_goal=152 (82%), scored=29 (16%)
-----------------------------------
| curriculum/          |          |
|    chase_probability | 0.172    |
| episode_end/         |          |
|    crashed           | 5        |
|    missed_goal       | 152      |
|    scored            | 29       |
| rollout/             |          |
|    ep_len_mean       | 264      |
|    ep_rew_mean       | -33.7    |
| time/                |          |
|    fps               | 88       |
|    iterations        | 196      |
|    time_elapsed      | 13542    |
|    total_timesteps   | 1204224  |
-----------------------------------
------------------------------------------
| rollout/                |              |
|    ep_len_mean          | 266          |
|    ep_rew_mean          | -49.8        |
| time/                   |              |
|    fps                  | 88           |
|    iterations           | 197          |
|    time_elapsed         | 13608        |
|    total_timesteps      | 1210368      |
| train/                  |              |
|    approx_kl            | 0.0045788256 |
|    clip_fraction        | 0.0362       |
|    clip_range           | 0.2          |
|    entropy_loss         | -4.47        |
|    explained_variance   | 0.355        |
|    learning_rate        | 0.0003       |
|    loss                 | 594          |
|    n_updates            | 1960         |
|    policy_gradient_loss | -0.00308     |
|    std                  | 0.75         |
|    value_loss           | 463          |
------------------------------------------
-----------------------------------------
| curriculum/             |             |
|    chase_probability    | 0.173       |
| rollout/                |             |
|    ep_len_mean          | 268         |
|    ep_rew_mean          | -54.8       |
| time/                   |             |
|    fps                  | 89          |
|    iterations           | 198         |
|    time_elapsed         | 13665       |
|    total_timesteps      | 1216512     |
| train/                  |             |
|    approx_kl            | 0.003262507 |
|    clip_fraction        | 0.0104      |
|    clip_range           | 0.2         |
|    entropy_loss         | -4.47       |
|    explained_variance   | 0.472       |
|    learning_rate        | 0.0003      |
|    loss                 | 58.7        |
|    n_updates            | 1970        |
|    policy_gradient_loss | -0.00155    |
|    std                  | 0.749       |
|    value_loss           | 2.71e+03    |
-----------------------------------------
------------------------------------------
| curriculum/             |              |
|    chase_probability    | 0.174        |
| rollout/                |              |
|    ep_len_mean          | 284          |
|    ep_rew_mean          | -335         |
| time/                   |              |
|    fps                  | 89           |
|    iterations           | 199          |
|    time_elapsed         | 13728        |
|    total_timesteps      | 1222656      |
| train/                  |              |
|    approx_kl            | 0.0075146593 |
|    clip_fraction        | 0.0562       |
|    clip_range           | 0.2          |
|    entropy_loss         | -4.47        |
|    explained_variance   | 0.613        |
|    learning_rate        | 0.0003       |
|    loss                 | 173          |
|    n_updates            | 1980         |
|    policy_gradient_loss | -0.00248     |
|    std                  | 0.749        |
|    value_loss           | 1.41e+04     |
------------------------------------------
------------------------------------------
| rollout/                |              |
|    ep_len_mean          | 285          |
|    ep_rew_mean          | -335         |
| time/                   |              |
|    fps                  | 89           |
|    iterations           | 200          |
|    time_elapsed         | 13796        |
|    total_timesteps      | 1228800      |
| train/                  |              |
|    approx_kl            | 0.0075349356 |
|    clip_fraction        | 0.0654       |
|    clip_range           | 0.2          |
|    entropy_loss         | -4.46        |
|    explained_variance   | 0.631        |
|    learning_rate        | 0.0003       |
|    loss                 | 1.2e+03      |
|    n_updates            | 1990         |
|    policy_gradient_loss | -0.00316     |
|    std                  | 0.748        |
|    value_loss           | 3.83e+03     |
------------------------------------------
-----------------------------------------
| curriculum/             |             |
|    chase_probability    | 0.176       |
| rollout/                |             |
|    ep_len_mean          | 285         |
|    ep_rew_mean          | -344        |
| time/                   |             |
|    fps                  | 89          |
|    iterations           | 201         |
|    time_elapsed         | 13862       |
|    total_timesteps      | 1234944     |
| train/                  |             |
|    approx_kl            | 0.009726379 |
|    clip_fraction        | 0.122       |
|    clip_range           | 0.2         |
|    entropy_loss         | -4.46       |
|    explained_variance   | 0.584       |
|    learning_rate        | 0.0003      |
|    loss                 | 13.9        |
|    n_updates            | 2000        |
|    policy_gradient_loss | -0.00102    |
|    std                  | 0.747       |
|    value_loss           | 919         |
-----------------------------------------
----------------------------------------
| curriculum/             |            |
|    chase_probability    | 0.177      |
| rollout/                |            |
|    ep_len_mean          | 275        |
|    ep_rew_mean          | -325       |
| time/                   |            |
|    fps                  | 89         |
|    iterations           | 202        |
|    time_elapsed         | 13928      |
|    total_timesteps      | 1241088    |
| train/                  |            |
|    approx_kl            | 0.02724682 |
|    clip_fraction        | 0.157      |
|    clip_range           | 0.2        |
|    entropy_loss         | -4.45      |
|    explained_variance   | 0.69       |
|    learning_rate        | 0.0003     |
|    loss                 | 25.5       |
|    n_updates            | 2010       |
|    policy_gradient_loss | -0.000514  |
|    std                  | 0.747      |
|    value_loss           | 313        |
----------------------------------------
-----------------------------------------
| rollout/                |             |
|    ep_len_mean          | 256         |
|    ep_rew_mean          | -35.4       |
| time/                   |             |
|    fps                  | 89          |
|    iterations           | 203         |
|    time_elapsed         | 13999       |
|    total_timesteps      | 1247232     |
| train/                  |             |
|    approx_kl            | 0.020702472 |
|    clip_fraction        | 0.185       |
|    clip_range           | 0.2         |
|    entropy_loss         | -4.47       |
|    explained_variance   | 0.515       |
|    learning_rate        | 0.0003      |
|    loss                 | 0.226       |
|    n_updates            | 2020        |
|    policy_gradient_loss | -0.000306   |
|    std                  | 0.749       |
|    value_loss           | 31.6        |
-----------------------------------------
Eval num_timesteps=1249800, episode_reward=-7.11 +/- 71.15
Episode length: 250.80 +/- 26.13
----------------------------------------
| eval/                   |            |
|    mean_ep_length       | 251        |
|    mean_reward          | -7.11      |
| time/                   |            |
|    total_timesteps      | 1249800    |
| train/                  |            |
|    approx_kl            | 0.00952495 |
|    clip_fraction        | 0.122      |
|    clip_range           | 0.2        |
|    entropy_loss         | -4.47      |
|    explained_variance   | 0.175      |
|    learning_rate        | 0.0003     |
|    loss                 | 17.4       |
|    n_updates            | 2030       |
|    policy_gradient_loss | -0.00294   |
|    std                  | 0.748      |
|    value_loss           | 262        |
----------------------------------------
[episode ends] timestep 1250100: crashed=9 (5%), max_steps=1 (1%), missed_goal=129 (70%), scored=45 (24%)
-----------------------------------
| curriculum/          |          |
|    chase_probability | 0.179    |
| episode_end/         |          |
|    crashed           | 9        |
|    max_steps         | 1        |
|    missed_goal       | 129      |
|    scored            | 45       |
| rollout/             |          |
|    ep_len_mean       | 249      |
|    ep_rew_mean       | -25.7    |
| time/                |          |
|    fps               | 88       |
|    iterations        | 204      |
|    time_elapsed      | 14086    |
|    total_timesteps   | 1253376  |
-----------------------------------
-----------------------------------------
| rollout/                |             |
|    ep_len_mean          | 245         |
|    ep_rew_mean          | 0.0541      |
| time/                   |             |
|    fps                  | 88          |
|    iterations           | 205         |
|    time_elapsed         | 14159       |
|    total_timesteps      | 1259520     |
| train/                  |             |
|    approx_kl            | 0.009675588 |
|    clip_fraction        | 0.117       |
|    clip_range           | 0.2         |
|    entropy_loss         | -4.46       |
|    explained_variance   | 0.767       |
|    learning_rate        | 0.0003      |
|    loss                 | 0.198       |
|    n_updates            | 2040        |
|    policy_gradient_loss | -0.00258    |
|    std                  | 0.746       |
|    value_loss           | 10.8        |
-----------------------------------------
------------------------------------------
| curriculum/             |              |
|    chase_probability    | 0.18         |
| rollout/                |              |
|    ep_len_mean          | 245          |
|    ep_rew_mean          | 2.75         |
| time/                   |              |
|    fps                  | 88           |
|    iterations           | 206          |
|    time_elapsed         | 14225        |
|    total_timesteps      | 1265664      |
| train/                  |              |
|    approx_kl            | 0.0154582085 |
|    clip_fraction        | 0.159        |
|    clip_range           | 0.2          |
|    entropy_loss         | -4.45        |
|    explained_variance   | 0.742        |
|    learning_rate        | 0.0003       |
|    loss                 | 5.88         |
|    n_updates            | 2050         |
|    policy_gradient_loss | -0.00227     |
|    std                  | 0.745        |
|    value_loss           | 23.9         |
------------------------------------------
-----------------------------------------
| curriculum/             |             |
|    chase_probability    | 0.182       |
| rollout/                |             |
|    ep_len_mean          | 245         |
|    ep_rew_mean          | 13          |
| time/                   |             |
|    fps                  | 88          |
|    iterations           | 207         |
|    time_elapsed         | 14293       |
|    total_timesteps      | 1271808     |
| train/                  |             |
|    approx_kl            | 0.021213965 |
|    clip_fraction        | 0.118       |
|    clip_range           | 0.2         |
|    entropy_loss         | -4.45       |
|    explained_variance   | 0.728       |
|    learning_rate        | 0.0003      |
|    loss                 | 1.35        |
|    n_updates            | 2060        |
|    policy_gradient_loss | -0.00179    |
|    std                  | 0.749       |
|    value_loss           | 32.3        |
-----------------------------------------
-----------------------------------------
| rollout/                |             |
|    ep_len_mean          | 246         |
|    ep_rew_mean          | 12.9        |
| time/                   |             |
|    fps                  | 88          |
|    iterations           | 208         |
|    time_elapsed         | 14362       |
|    total_timesteps      | 1277952     |
| train/                  |             |
|    approx_kl            | 0.009572559 |
|    clip_fraction        | 0.132       |
|    clip_range           | 0.2         |
|    entropy_loss         | -4.45       |
|    explained_variance   | 0.543       |
|    learning_rate        | 0.0003      |
|    loss                 | 1.09e+03    |
|    n_updates            | 2070        |
|    policy_gradient_loss | -0.00122    |
|    std                  | 0.745       |
|    value_loss           | 504         |
-----------------------------------------
-----------------------------------------
| curriculum/             |             |
|    chase_probability    | 0.183       |
| rollout/                |             |
|    ep_len_mean          | 253         |
|    ep_rew_mean          | -161        |
| time/                   |             |
|    fps                  | 89          |
|    iterations           | 209         |
|    time_elapsed         | 14426       |
|    total_timesteps      | 1284096     |
| train/                  |             |
|    approx_kl            | 0.008095868 |
|    clip_fraction        | 0.112       |
|    clip_range           | 0.2         |
|    entropy_loss         | -4.44       |
|    explained_variance   | 0.594       |
|    learning_rate        | 0.0003      |
|    loss                 | 4.68        |
|    n_updates            | 2080        |
|    policy_gradient_loss | -0.000634   |
|    std                  | 0.744       |
|    value_loss           | 6.75e+03    |
-----------------------------------------
-----------------------------------------
| rollout/                |             |
|    ep_len_mean          | 256         |
|    ep_rew_mean          | -190        |
| time/                   |             |
|    fps                  | 89          |
|    iterations           | 210         |
|    time_elapsed         | 14492       |
|    total_timesteps      | 1290240     |
| train/                  |             |
|    approx_kl            | 0.007938229 |
|    clip_fraction        | 0.0704      |
|    clip_range           | 0.2         |
|    entropy_loss         | -4.43       |
|    explained_variance   | 0.64        |
|    learning_rate        | 0.0003      |
|    loss                 | 0.969       |
|    n_updates            | 2090        |
|    policy_gradient_loss | -0.00448    |
|    std                  | 0.742       |
|    value_loss           | 4.57e+03    |
-----------------------------------------
------------------------------------------
| curriculum/             |              |
|    chase_probability    | 0.184        |
| rollout/                |              |
|    ep_len_mean          | 258          |
|    ep_rew_mean          | -204         |
| time/                   |              |
|    fps                  | 89           |
|    iterations           | 211          |
|    time_elapsed         | 14560        |
|    total_timesteps      | 1296384      |
| train/                  |              |
|    approx_kl            | 0.0077401027 |
|    clip_fraction        | 0.0582       |
|    clip_range           | 0.2          |
|    entropy_loss         | -4.43        |
|    explained_variance   | 0.481        |
|    learning_rate        | 0.0003       |
|    loss                 | 1.55e+03     |
|    n_updates            | 2100         |
|    policy_gradient_loss | -0.00207     |
|    std                  | 0.742        |
|    value_loss           | 1.26e+03     |
------------------------------------------
Eval num_timesteps=1299792, episode_reward=-48.04 +/- 149.39
Episode length: 251.60 +/- 26.68
-----------------------------------------
| eval/                   |             |
|    mean_ep_length       | 252         |
|    mean_reward          | -48         |
| time/                   |             |
|    total_timesteps      | 1299792     |
| train/                  |             |
|    approx_kl            | 0.010771343 |
|    clip_fraction        | 0.112       |
|    clip_range           | 0.2         |
|    entropy_loss         | -4.42       |
|    explained_variance   | 0.414       |
|    learning_rate        | 0.0003      |
|    loss                 | 1.16e+03    |
|    n_updates            | 2110        |
|    policy_gradient_loss | -0.00235    |
|    std                  | 0.741       |
|    value_loss           | 860         |
-----------------------------------------
[progress] timestep 1300104
[episode ends] timestep 1300104: crashed=7 (4%), max_steps=1 (0%), missed_goal=118 (59%), scored=74 (37%)
-----------------------------------
| curriculum/          |          |
|    chase_probability | 0.186    |
| episode_end/         |          |
|    crashed           | 7        |
|    max_steps         | 1        |
|    missed_goal       | 118      |
|    scored            | 74       |
| rollout/             |          |
|    ep_len_mean       | 262      |
|    ep_rew_mean       | -211     |
| time/                |          |
|    fps               | 88       |
|    iterations        | 212      |
|    time_elapsed      | 14647    |
|    total_timesteps   | 1302528  |
-----------------------------------
-----------------------------------------
| rollout/                |             |
|    ep_len_mean          | 256         |
|    ep_rew_mean          | -49.8       |
| time/                   |             |
|    fps                  | 88          |
|    iterations           | 213         |
|    time_elapsed         | 14713       |
|    total_timesteps      | 1308672     |
| train/                  |             |
|    approx_kl            | 0.006805711 |
|    clip_fraction        | 0.0433      |
|    clip_range           | 0.2         |
|    entropy_loss         | -4.42       |
|    explained_variance   | 0.345       |
|    learning_rate        | 0.0003      |
|    loss                 | 3.82        |
|    n_updates            | 2120        |
|    policy_gradient_loss | -0.00308    |
|    std                  | 0.741       |
|    value_loss           | 341         |
-----------------------------------------
-----------------------------------------
| curriculum/             |             |
|    chase_probability    | 0.187       |
| rollout/                |             |
|    ep_len_mean          | 260         |
|    ep_rew_mean          | -47.9       |
| time/                   |             |
|    fps                  | 88          |
|    iterations           | 214         |
|    time_elapsed         | 14779       |
|    total_timesteps      | 1314816     |
| train/                  |             |
|    approx_kl            | 0.017598474 |
|    clip_fraction        | 0.215       |
|    clip_range           | 0.2         |
|    entropy_loss         | -4.42       |
|    explained_variance   | 0.503       |
|    learning_rate        | 0.0003      |
|    loss                 | 1.24        |
|    n_updates            | 2130        |
|    policy_gradient_loss | 0.002       |
|    std                  | 0.741       |
|    value_loss           | 396         |
-----------------------------------------
----------------------------------------
| rollout/                |            |
|    ep_len_mean          | 261        |
|    ep_rew_mean          | -42        |
| time/                   |            |
|    fps                  | 89         |
|    iterations           | 215        |
|    time_elapsed         | 14842      |
|    total_timesteps      | 1320960    |
| train/                  |            |
|    approx_kl            | 0.01978588 |
|    clip_fraction        | 0.144      |
|    clip_range           | 0.2        |
|    entropy_loss         | -4.42      |
|    explained_variance   | 0.527      |
|    learning_rate        | 0.0003     |
|    loss                 | 1.25       |
|    n_updates            | 2140       |
|    policy_gradient_loss | 0.000922   |
|    std                  | 0.741      |
|    value_loss           | 526        |
----------------------------------------
------------------------------------------
| curriculum/             |              |
|    chase_probability    | 0.189        |
| rollout/                |              |
|    ep_len_mean          | 261          |
|    ep_rew_mean          | -37.2        |
| time/                   |              |
|    fps                  | 89           |
|    iterations           | 216          |
|    time_elapsed         | 14900        |
|    total_timesteps      | 1327104      |
| train/                  |              |
|    approx_kl            | 0.0056853965 |
|    clip_fraction        | 0.0447       |
|    clip_range           | 0.2          |
|    entropy_loss         | -4.42        |
|    explained_variance   | 0.49         |
|    learning_rate        | 0.0003       |
|    loss                 | 483          |
|    n_updates            | 2150         |
|    policy_gradient_loss | -0.00314     |
|    std                  | 0.739        |
|    value_loss           | 794          |
------------------------------------------
-----------------------------------------
| curriculum/             |             |
|    chase_probability    | 0.19        |
| rollout/                |             |
|    ep_len_mean          | 264         |
|    ep_rew_mean          | -42         |
| time/                   |             |
|    fps                  | 89          |
|    iterations           | 217         |
|    time_elapsed         | 14963       |
|    total_timesteps      | 1333248     |
| train/                  |             |
|    approx_kl            | 0.008368127 |
|    clip_fraction        | 0.0515      |
|    clip_range           | 0.2         |
|    entropy_loss         | -4.41       |
|    explained_variance   | 0.309       |
|    learning_rate        | 0.0003      |
|    loss                 | 5.71        |
|    n_updates            | 2160        |
|    policy_gradient_loss | -0.00247    |
|    std                  | 0.738       |
|    value_loss           | 233         |
-----------------------------------------
------------------------------------------
| rollout/                |              |
|    ep_len_mean          | 265          |
|    ep_rew_mean          | -43.9        |
| time/                   |              |
|    fps                  | 89           |
|    iterations           | 218          |
|    time_elapsed         | 15028        |
|    total_timesteps      | 1339392      |
| train/                  |              |
|    approx_kl            | 0.0100173075 |
|    clip_fraction        | 0.0757       |
|    clip_range           | 0.2          |
|    entropy_loss         | -4.41        |
|    explained_variance   | 0.267        |
|    learning_rate        | 0.0003       |
|    loss                 | 1.23         |
|    n_updates            | 2170         |
|    policy_gradient_loss | -0.00401     |
|    std                  | 0.738        |
|    value_loss           | 626          |
------------------------------------------
-----------------------------------------
| curriculum/             |             |
|    chase_probability    | 0.192       |
| rollout/                |             |
|    ep_len_mean          | 262         |
|    ep_rew_mean          | -46         |
| time/                   |             |
|    fps                  | 89          |
|    iterations           | 219         |
|    time_elapsed         | 15094       |
|    total_timesteps      | 1345536     |
| train/                  |             |
|    approx_kl            | 0.008328365 |
|    clip_fraction        | 0.0791      |
|    clip_range           | 0.2         |
|    entropy_loss         | -4.41       |
|    explained_variance   | 0.477       |
|    learning_rate        | 0.0003      |
|    loss                 | 11          |
|    n_updates            | 2180        |
|    policy_gradient_loss | -0.00307    |
|    std                  | 0.738       |
|    value_loss           | 537         |
-----------------------------------------
Eval num_timesteps=1349784, episode_reward=-1714.61 +/- 4796.37
Episode length: 334.70 +/- 222.76
-----------------------------------------
| eval/                   |             |
|    mean_ep_length       | 335         |
|    mean_reward          | -1.71e+03   |
| time/                   |             |
|    total_timesteps      | 1349784     |
| train/                  |             |
|    approx_kl            | 0.009676351 |
|    clip_fraction        | 0.0642      |
|    clip_range           | 0.2         |
|    entropy_loss         | -4.41       |
|    explained_variance   | 0.382       |
|    learning_rate        | 0.0003      |
|    loss                 | 3.13        |
|    n_updates            | 2190        |
|    policy_gradient_loss | -0.00099    |
|    std                  | 0.737       |
|    value_loss           | 338         |
-----------------------------------------
[episode ends] timestep 1350108: crashed=9 (5%), missed_goal=110 (58%), scored=71 (37%)
-----------------------------------
| curriculum/          |          |
|    chase_probability | 0.193    |
| episode_end/         |          |
|    crashed           | 9        |
|    missed_goal       | 110      |
|    scored            | 71       |
| rollout/             |          |
|    ep_len_mean       | 261      |
|    ep_rew_mean       | -33.5    |
| time/                |          |
|    fps               | 89       |
|    iterations        | 220      |
|    time_elapsed      | 15185    |
|    total_timesteps   | 1351680  |
-----------------------------------
-----------------------------------------
| rollout/                |             |
|    ep_len_mean          | 261         |
|    ep_rew_mean          | -19.1       |
| time/                   |             |
|    fps                  | 89          |
|    iterations           | 221         |
|    time_elapsed         | 15246       |
|    total_timesteps      | 1357824     |
| train/                  |             |
|    approx_kl            | 0.014888473 |
|    clip_fraction        | 0.174       |
|    clip_range           | 0.2         |
|    entropy_loss         | -4.4        |
|    explained_variance   | 0.441       |
|    learning_rate        | 0.0003      |
|    loss                 | 6.14        |
|    n_updates            | 2200        |
|    policy_gradient_loss | 9.34e-05    |
|    std                  | 0.737       |
|    value_loss           | 172         |
-----------------------------------------
-----------------------------------------
| curriculum/             |             |
|    chase_probability    | 0.194       |
| rollout/                |             |
|    ep_len_mean          | 261         |
|    ep_rew_mean          | -3.31       |
| time/                   |             |
|    fps                  | 89          |
|    iterations           | 222         |
|    time_elapsed         | 15315       |
|    total_timesteps      | 1363968     |
| train/                  |             |
|    approx_kl            | 0.017593188 |
|    clip_fraction        | 0.305       |
|    clip_range           | 0.2         |
|    entropy_loss         | -4.42       |
|    explained_variance   | 0.564       |
|    learning_rate        | 0.0003      |
|    loss                 | 0.261       |
|    n_updates            | 2210        |
|    policy_gradient_loss | 0.00878     |
|    std                  | 0.744       |
|    value_loss           | 36.1        |
-----------------------------------------
------------------------------------------
| rollout/                |              |
|    ep_len_mean          | 261          |
|    ep_rew_mean          | 10.9         |
| time/                   |              |
|    fps                  | 89           |
|    iterations           | 223          |
|    time_elapsed         | 15383        |
|    total_timesteps      | 1370112      |
| train/                  |              |
|    approx_kl            | 0.0145875765 |
|    clip_fraction        | 0.246        |
|    clip_range           | 0.2          |
|    entropy_loss         | -4.45        |
|    explained_variance   | 0.879        |
|    learning_rate        | 0.0003       |
|    loss                 | 1.35         |
|    n_updates            | 2220         |
|    policy_gradient_loss | 0.00761      |
|    std                  | 0.747        |
|    value_loss           | 8.16         |
------------------------------------------
-----------------------------------------
| curriculum/             |             |
|    chase_probability    | 0.196       |
| rollout/                |             |
|    ep_len_mean          | 259         |
|    ep_rew_mean          | 14.3        |
| time/                   |             |
|    fps                  | 89          |
|    iterations           | 224         |
|    time_elapsed         | 15453       |
|    total_timesteps      | 1376256     |
| train/                  |             |
|    approx_kl            | 0.014613338 |
|    clip_fraction        | 0.175       |
|    clip_range           | 0.2         |
|    entropy_loss         | -4.44       |
|    explained_variance   | 0.429       |
|    learning_rate        | 0.0003      |
|    loss                 | 1.17        |
|    n_updates            | 2230        |
|    policy_gradient_loss | 0.00186     |
|    std                  | 0.744       |
|    value_loss           | 46.3        |
-----------------------------------------
-----------------------------------------
| curriculum/             |             |
|    chase_probability    | 0.197       |
| rollout/                |             |
|    ep_len_mean          | 260         |
|    ep_rew_mean          | 15.2        |
| time/                   |             |
|    fps                  | 89          |
|    iterations           | 225         |
|    time_elapsed         | 15525       |
|    total_timesteps      | 1382400     |
| train/                  |             |
|    approx_kl            | 0.035054978 |
|    clip_fraction        | 0.219       |
|    clip_range           | 0.2         |
|    entropy_loss         | -4.42       |
|    explained_variance   | 0.884       |
|    learning_rate        | 0.0003      |
|    loss                 | 0.386       |
|    n_updates            | 2240        |
|    policy_gradient_loss | 0.00211     |
|    std                  | 0.738       |
|    value_loss           | 6.97        |
-----------------------------------------
-----------------------------------------
| rollout/                |             |
|    ep_len_mean          | 263         |
|    ep_rew_mean          | 12.2        |
| time/                   |             |
|    fps                  | 89          |
|    iterations           | 226         |
|    time_elapsed         | 15591       |
|    total_timesteps      | 1388544     |
| train/                  |             |
|    approx_kl            | 0.019037588 |
|    clip_fraction        | 0.234       |
|    clip_range           | 0.2         |
|    entropy_loss         | -4.39       |
|    explained_variance   | 0.9         |
|    learning_rate        | 0.0003      |
|    loss                 | 1.5         |
|    n_updates            | 2250        |
|    policy_gradient_loss | 0.00262     |
|    std                  | 0.737       |
|    value_loss           | 8.9         |
-----------------------------------------
-----------------------------------------
| curriculum/             |             |
|    chase_probability    | 0.199       |
| rollout/                |             |
|    ep_len_mean          | 265         |
|    ep_rew_mean          | 11.5        |
| time/                   |             |
|    fps                  | 89          |
|    iterations           | 227         |
|    time_elapsed         | 15657       |
|    total_timesteps      | 1394688     |
| train/                  |             |
|    approx_kl            | 0.016123237 |
|    clip_fraction        | 0.19        |
|    clip_range           | 0.2         |
|    entropy_loss         | -4.4        |
|    explained_variance   | 0.468       |
|    learning_rate        | 0.0003      |
|    loss                 | 1.53        |
|    n_updates            | 2260        |
|    policy_gradient_loss | 0.00252     |
|    std                  | 0.739       |
|    value_loss           | 49.4        |
-----------------------------------------
Eval num_timesteps=1399776, episode_reward=-17.32 +/- 55.13
Episode length: 275.40 +/- 27.45
-----------------------------------------
| eval/                   |             |
|    mean_ep_length       | 275         |
|    mean_reward          | -17.3       |
| time/                   |             |
|    total_timesteps      | 1399776     |
| train/                  |             |
|    approx_kl            | 0.015020195 |
|    clip_fraction        | 0.189       |
|    clip_range           | 0.2         |
|    entropy_loss         | -4.39       |
|    explained_variance   | 0.589       |
|    learning_rate        | 0.0003      |
|    loss                 | 166         |
|    n_updates            | 2270        |
|    policy_gradient_loss | -0.00333    |
|    std                  | 0.737       |
|    value_loss           | 14.4        |
-----------------------------------------
[progress] timestep 1400112
[episode ends] timestep 1400112: crashed=2 (1%), missed_goal=136 (71%), scored=53 (28%)
---------------------------------
| episode_end/       |          |
|    crashed         | 2        |
|    missed_goal     | 136      |
|    scored          | 53       |
| rollout/           |          |
|    ep_len_mean     | 266      |
|    ep_rew_mean     | 12.3     |
| time/              |          |
|    fps             | 88       |
|    iterations      | 228      |
|    time_elapsed    | 15740    |
|    total_timesteps | 1400832  |
---------------------------------
-----------------------------------------
| curriculum/             |             |
|    chase_probability    | 0.2         |
| rollout/                |             |
|    ep_len_mean          | 269         |
|    ep_rew_mean          | 13.3        |
| time/                   |             |
|    fps                  | 89          |
|    iterations           | 229         |
|    time_elapsed         | 15799       |
|    total_timesteps      | 1406976     |
| train/                  |             |
|    approx_kl            | 0.015999235 |
|    clip_fraction        | 0.193       |
|    clip_range           | 0.2         |
|    entropy_loss         | -4.37       |
|    explained_variance   | 0.752       |
|    learning_rate        | 0.0003      |
|    loss                 | 2.37        |
|    n_updates            | 2280        |
|    policy_gradient_loss | -0.000747   |
|    std                  | 0.732       |
|    value_loss           | 14.8        |
-----------------------------------------
----------------------------------------
| curriculum/             |            |
|    chase_probability    | 0.202      |
| rollout/                |            |
|    ep_len_mean          | 264        |
|    ep_rew_mean          | 10.4       |
| time/                   |            |
|    fps                  | 89         |
|    iterations           | 230        |
|    time_elapsed         | 15865      |
|    total_timesteps      | 1413120    |
| train/                  |            |
|    approx_kl            | 0.04537943 |
|    clip_fraction        | 0.261      |
|    clip_range           | 0.2        |
|    entropy_loss         | -4.34      |
|    explained_variance   | 0.69       |
|    learning_rate        | 0.0003     |
|    loss                 | 20.4       |
|    n_updates            | 2290       |
|    policy_gradient_loss | 0.00838    |
|    std                  | 0.726      |
|    value_loss           | 68.3       |
----------------------------------------
-----------------------------------------
| rollout/                |             |
|    ep_len_mean          | 259         |
|    ep_rew_mean          | 7.34        |
| time/                   |             |
|    fps                  | 89          |
|    iterations           | 231         |
|    time_elapsed         | 15930       |
|    total_timesteps      | 1419264     |
| train/                  |             |
|    approx_kl            | 0.025647731 |
|    clip_fraction        | 0.274       |
|    clip_range           | 0.2         |
|    entropy_loss         | -4.32       |
|    explained_variance   | 0.608       |
|    learning_rate        | 0.0003      |
|    loss                 | 4.8         |
|    n_updates            | 2300        |
|    policy_gradient_loss | 0.0135      |
|    std                  | 0.724       |
|    value_loss           | 19.8        |
-----------------------------------------
-----------------------------------------
| curriculum/             |             |
|    chase_probability    | 0.203       |
| rollout/                |             |
|    ep_len_mean          | 254         |
|    ep_rew_mean          | 0.846       |
| time/                   |             |
|    fps                  | 89          |
|    iterations           | 232         |
|    time_elapsed         | 15993       |
|    total_timesteps      | 1425408     |
| train/                  |             |
|    approx_kl            | 0.011641513 |
|    clip_fraction        | 0.146       |
|    clip_range           | 0.2         |
|    entropy_loss         | -4.31       |
|    explained_variance   | 0.508       |
|    learning_rate        | 0.0003      |
|    loss                 | 0.0759      |
|    n_updates            | 2310        |
|    policy_gradient_loss | -0.00387    |
|    std                  | 0.721       |
|    value_loss           | 42          |
-----------------------------------------
-----------------------------------------
| curriculum/             |             |
|    chase_probability    | 0.204       |
| rollout/                |             |
|    ep_len_mean          | 250         |
|    ep_rew_mean          | -8.06       |
| time/                   |             |
|    fps                  | 89          |
|    iterations           | 233         |
|    time_elapsed         | 16057       |
|    total_timesteps      | 1431552     |
| train/                  |             |
|    approx_kl            | 0.011634435 |
|    clip_fraction        | 0.126       |
|    clip_range           | 0.2         |
|    entropy_loss         | -4.3        |
|    explained_variance   | 0.39        |
|    learning_rate        | 0.0003      |
|    loss                 | 0.392       |
|    n_updates            | 2320        |
|    policy_gradient_loss | -0.00456    |
|    std                  | 0.721       |
|    value_loss           | 102         |
-----------------------------------------
-----------------------------------------
| rollout/                |             |
|    ep_len_mean          | 247         |
|    ep_rew_mean          | -2.74       |
| time/                   |             |
|    fps                  | 89          |
|    iterations           | 234         |
|    time_elapsed         | 16122       |
|    total_timesteps      | 1437696     |
| train/                  |             |
|    approx_kl            | 0.010818186 |
|    clip_fraction        | 0.151       |
|    clip_range           | 0.2         |
|    entropy_loss         | -4.3        |
|    explained_variance   | 0.43        |
|    learning_rate        | 0.0003      |
|    loss                 | 0.204       |
|    n_updates            | 2330        |
|    policy_gradient_loss | 0.000856    |
|    std                  | 0.722       |
|    value_loss           | 178         |
-----------------------------------------
------------------------------------------
| curriculum/             |              |
|    chase_probability    | 0.206        |
| rollout/                |              |
|    ep_len_mean          | 247          |
|    ep_rew_mean          | -8.5         |
| time/                   |              |
|    fps                  | 89           |
|    iterations           | 235          |
|    time_elapsed         | 16186        |
|    total_timesteps      | 1443840      |
| train/                  |              |
|    approx_kl            | 0.0074443966 |
|    clip_fraction        | 0.0783       |
|    clip_range           | 0.2          |
|    entropy_loss         | -4.3         |
|    explained_variance   | 0.347        |
|    learning_rate        | 0.0003       |
|    loss                 | 139          |
|    n_updates            | 2340         |
|    policy_gradient_loss | -0.00298     |
|    std                  | 0.719        |
|    value_loss           | 46.9         |
------------------------------------------
Eval num_timesteps=1449768, episode_reward=-802.66 +/- 1680.45
Episode length: 275.70 +/- 80.27
-----------------------------------------
| eval/                   |             |
|    mean_ep_length       | 276         |
|    mean_reward          | -803        |
| time/                   |             |
|    total_timesteps      | 1449768     |
| train/                  |             |
|    approx_kl            | 0.023443831 |
|    clip_fraction        | 0.135       |
|    clip_range           | 0.2         |
|    entropy_loss         | -4.29       |
|    explained_variance   | 0.233       |
|    learning_rate        | 0.0003      |
|    loss                 | 200         |
|    n_updates            | 2350        |
|    policy_gradient_loss | -0.000779   |
|    std                  | 0.717       |
|    value_loss           | 490         |
-----------------------------------------
---------------------------------
| rollout/           |          |
|    ep_len_mean     | 246      |
|    ep_rew_mean     | -14.8    |
| time/              |          |
|    fps             | 89       |
|    iterations      | 236      |
|    time_elapsed    | 16269    |
|    total_timesteps | 1449984  |
---------------------------------
[episode ends] timestep 1450116: crashed=5 (3%), missed_goal=150 (75%), scored=44 (22%)
-----------------------------------------
| curriculum/             |             |
|    chase_probability    | 0.207       |
| episode_end/            |             |
|    crashed              | 5           |
|    missed_goal          | 150         |
|    scored               | 44          |
| rollout/                |             |
|    ep_len_mean          | 243         |
|    ep_rew_mean          | -20.7       |
| time/                   |             |
|    fps                  | 89          |
|    iterations           | 237         |
|    time_elapsed         | 16331       |
|    total_timesteps      | 1456128     |
| train/                  |             |
|    approx_kl            | 0.015390947 |
|    clip_fraction        | 0.161       |
|    clip_range           | 0.2         |
|    entropy_loss         | -4.28       |
|    explained_variance   | 0.259       |
|    learning_rate        | 0.0003      |
|    loss                 | 1.42        |
|    n_updates            | 2360        |
|    policy_gradient_loss | -0.000221   |
|    std                  | 0.715       |
|    value_loss           | 152         |
-----------------------------------------
----------------------------------------
| curriculum/             |            |
|    chase_probability    | 0.209      |
| rollout/                |            |
|    ep_len_mean          | 244        |
|    ep_rew_mean          | -41.3      |
| time/                   |            |
|    fps                  | 89         |
|    iterations           | 238        |
|    time_elapsed         | 16392      |
|    total_timesteps      | 1462272    |
| train/                  |            |
|    approx_kl            | 0.01294293 |
|    clip_fraction        | 0.205      |
|    clip_range           | 0.2        |
|    entropy_loss         | -4.27      |
|    explained_variance   | 0.071      |
|    learning_rate        | 0.0003     |
|    loss                 | 2.07       |
|    n_updates            | 2370       |
|    policy_gradient_loss | 0.00254    |
|    std                  | 0.716      |
|    value_loss           | 3.61e+03   |
----------------------------------------
-----------------------------------------
| rollout/                |             |
|    ep_len_mean          | 249         |
|    ep_rew_mean          | -189        |
| time/                   |             |
|    fps                  | 89          |
|    iterations           | 239         |
|    time_elapsed         | 16458       |
|    total_timesteps      | 1468416     |
| train/                  |             |
|    approx_kl            | 0.017549066 |
|    clip_fraction        | 0.203       |
|    clip_range           | 0.2         |
|    entropy_loss         | -4.26       |
|    explained_variance   | 0.417       |
|    learning_rate        | 0.0003      |
|    loss                 | 3.29        |
|    n_updates            | 2380        |
|    policy_gradient_loss | 0.0057      |
|    std                  | 0.712       |
|    value_loss           | 5.58e+03    |
-----------------------------------------
----------------------------------------
| curriculum/             |            |
|    chase_probability    | 0.21       |
| rollout/                |            |
|    ep_len_mean          | 260        |
|    ep_rew_mean          | -331       |
| time/                   |            |
|    fps                  | 89         |
|    iterations           | 240        |
|    time_elapsed         | 16521      |
|    total_timesteps      | 1474560    |
| train/                  |            |
|    approx_kl            | 0.01687027 |
|    clip_fraction        | 0.214      |
|    clip_range           | 0.2        |
|    entropy_loss         | -4.25      |
|    explained_variance   | 0.485      |
|    learning_rate        | 0.0003     |
|    loss                 | 23.1       |
|    n_updates            | 2390       |
|    policy_gradient_loss | 0.00376    |
|    std                  | 0.714      |
|    value_loss           | 3.76e+03   |
----------------------------------------
-----------------------------------------
| rollout/                |             |
|    ep_len_mean          | 261         |
|    ep_rew_mean          | -344        |
| time/                   |             |
|    fps                  | 89          |
|    iterations           | 241         |
|    time_elapsed         | 16587       |
|    total_timesteps      | 1480704     |
| train/                  |             |
|    approx_kl            | 0.006986885 |
|    clip_fraction        | 0.0521      |
|    clip_range           | 0.2         |
|    entropy_loss         | -4.25       |
|    explained_variance   | 0.622       |
|    learning_rate        | 0.0003      |
|    loss                 | 0.783       |
|    n_updates            | 2400        |
|    policy_gradient_loss | -0.00225    |
|    std                  | 0.714       |
|    value_loss           | 7.06e+03    |
-----------------------------------------
----------------------------------------
| curriculum/             |            |
|    chase_probability    | 0.212      |
| rollout/                |            |
|    ep_len_mean          | 266        |
|    ep_rew_mean          | -338       |
| time/                   |            |
|    fps                  | 89         |
|    iterations           | 242        |
|    time_elapsed         | 16650      |
|    total_timesteps      | 1486848    |
| train/                  |            |
|    approx_kl            | 0.01879456 |
|    clip_fraction        | 0.102      |
|    clip_range           | 0.2        |
|    entropy_loss         | -4.25      |
|    explained_variance   | 0.666      |
|    learning_rate        | 0.0003     |
|    loss                 | 9.06       |
|    n_updates            | 2410       |
|    policy_gradient_loss | -0.000803  |
|    std                  | 0.714      |
|    value_loss           | 429        |
----------------------------------------
------------------------------------------
| curriculum/             |              |
|    chase_probability    | 0.213        |
| rollout/                |              |
|    ep_len_mean          | 260          |
|    ep_rew_mean          | -184         |
| time/                   |              |
|    fps                  | 89           |
|    iterations           | 243          |
|    time_elapsed         | 16719        |
|    total_timesteps      | 1492992      |
| train/                  |              |
|    approx_kl            | 0.0045811883 |
|    clip_fraction        | 0.029        |
|    clip_range           | 0.2          |
|    entropy_loss         | -4.25        |
|    explained_variance   | 0.471        |
|    learning_rate        | 0.0003       |
|    loss                 | 10.1         |
|    n_updates            | 2420         |
|    policy_gradient_loss | -0.00325     |
|    std                  | 0.712        |
|    value_loss           | 245          |
------------------------------------------
------------------------------------------
| rollout/                |              |
|    ep_len_mean          | 254          |
|    ep_rew_mean          | -38          |
| time/                   |              |
|    fps                  | 89           |
|    iterations           | 244          |
|    time_elapsed         | 16787        |
|    total_timesteps      | 1499136      |
| train/                  |              |
|    approx_kl            | 0.0067766975 |
|    clip_fraction        | 0.0688       |
|    clip_range           | 0.2          |
|    entropy_loss         | -4.24        |
|    explained_variance   | 0.555        |
|    learning_rate        | 0.0003       |
|    loss                 | 6.64         |
|    n_updates            | 2430         |
|    policy_gradient_loss | -0.00275     |
|    std                  | 0.71         |
|    value_loss           | 485          |
------------------------------------------
Eval num_timesteps=1499760, episode_reward=-156.51 +/- 199.92
Episode length: 249.10 +/- 23.32
-----------------------------------------
| eval/                   |             |
|    mean_ep_length       | 249         |
|    mean_reward          | -157        |
| time/                   |             |
|    total_timesteps      | 1499760     |
| train/                  |             |
|    approx_kl            | 0.010207049 |
|    clip_fraction        | 0.128       |
|    clip_range           | 0.2         |
|    entropy_loss         | -4.24       |
|    explained_variance   | 0.461       |
|    learning_rate        | 0.0003      |
|    loss                 | 15.1        |
|    n_updates            | 2440        |
|    policy_gradient_loss | -0.00178    |
|    std                  | 0.712       |
|    value_loss           | 185         |
-----------------------------------------
[progress] timestep 1500120
[episode ends] timestep 1500120: crashed=10 (5%), max_steps=2 (1%), missed_goal=116 (59%), scored=68 (35%)
-----------------------------------
| curriculum/          |          |
|    chase_probability | 0.214    |
| episode_end/         |          |
|    crashed           | 10       |
|    max_steps         | 2        |
|    missed_goal       | 116      |
|    scored            | 68       |
| rollout/             |          |
|    ep_len_mean       | 255      |
|    ep_rew_mean       | -31.4    |
| time/                |          |
|    fps               | 89       |
|    iterations        | 245      |
|    time_elapsed      | 16873    |
|    total_timesteps   | 1505280  |
-----------------------------------
-----------------------------------------
| curriculum/             |             |
|    chase_probability    | 0.216       |
| rollout/                |             |
|    ep_len_mean          | 250         |
|    ep_rew_mean          | -59.8       |
| time/                   |             |
|    fps                  | 89          |
|    iterations           | 246         |
|    time_elapsed         | 16939       |
|    total_timesteps      | 1511424     |
| train/                  |             |
|    approx_kl            | 0.013224679 |
|    clip_fraction        | 0.117       |
|    clip_range           | 0.2         |
|    entropy_loss         | -4.24       |
|    explained_variance   | 0.258       |
|    learning_rate        | 0.0003      |
|    loss                 | 3.54        |
|    n_updates            | 2450        |
|    policy_gradient_loss | -0.00107    |
|    std                  | 0.711       |
|    value_loss           | 974         |
-----------------------------------------
-----------------------------------------
| rollout/                |             |
|    ep_len_mean          | 251         |
|    ep_rew_mean          | -50.7       |
| time/                   |             |
|    fps                  | 89          |
|    iterations           | 247         |
|    time_elapsed         | 17006       |
|    total_timesteps      | 1517568     |
| train/                  |             |
|    approx_kl            | 0.034597676 |
|    clip_fraction        | 0.294       |
|    clip_range           | 0.2         |
|    entropy_loss         | -4.24       |
|    explained_variance   | 0.251       |
|    learning_rate        | 0.0003      |
|    loss                 | 11.1        |
|    n_updates            | 2460        |
|    policy_gradient_loss | 0.0157      |
|    std                  | 0.713       |
|    value_loss           | 1.42e+03    |
-----------------------------------------
----------------------------------------
| curriculum/             |            |
|    chase_probability    | 0.217      |
| rollout/                |            |
|    ep_len_mean          | 255        |
|    ep_rew_mean          | -61.8      |
| time/                   |            |
|    fps                  | 89         |
|    iterations           | 248        |
|    time_elapsed         | 17073      |
|    total_timesteps      | 1523712    |
| train/                  |            |
|    approx_kl            | 0.04455887 |
|    clip_fraction        | 0.259      |
|    clip_range           | 0.2        |
|    entropy_loss         | -4.24      |
|    explained_variance   | 0.45       |
|    learning_rate        | 0.0003     |
|    loss                 | 0.915      |
|    n_updates            | 2470       |
|    policy_gradient_loss | 0.00806    |
|    std                  | 0.711      |
|    value_loss           | 654        |
----------------------------------------
----------------------------------------
| rollout/                |            |
|    ep_len_mean          | 258        |
|    ep_rew_mean          | -76.2      |
| time/                   |            |
|    fps                  | 89         |
|    iterations           | 249        |
|    time_elapsed         | 17139      |
|    total_timesteps      | 1529856    |
| train/                  |            |
|    approx_kl            | 0.02868712 |
|    clip_fraction        | 0.263      |
|    clip_range           | 0.2        |
|    entropy_loss         | -4.24      |
|    explained_variance   | 0.284      |
|    learning_rate        | 0.0003     |
|    loss                 | 38         |
|    n_updates            | 2480       |
|    policy_gradient_loss | 0.00474    |
|    std                  | 0.711      |
|    value_loss           | 575        |
----------------------------------------
-----------------------------------------
| curriculum/             |             |
|    chase_probability    | 0.219       |
| rollout/                |             |
|    ep_len_mean          | 259         |
|    ep_rew_mean          | -39         |
| time/                   |             |
|    fps                  | 89          |
|    iterations           | 250         |
|    time_elapsed         | 17206       |
|    total_timesteps      | 1536000     |
| train/                  |             |
|    approx_kl            | 0.045426976 |
|    clip_fraction        | 0.354       |
|    clip_range           | 0.2         |
|    entropy_loss         | -4.25       |
|    explained_variance   | 0.376       |
|    learning_rate        | 0.0003      |
|    loss                 | 3.47        |
|    n_updates            | 2490        |
|    policy_gradient_loss | 0.0177      |
|    std                  | 0.713       |
|    value_loss           | 786         |
-----------------------------------------
-----------------------------------------
| curriculum/             |             |
|    chase_probability    | 0.22        |
| rollout/                |             |
|    ep_len_mean          | 268         |
|    ep_rew_mean          | -196        |
| time/                   |             |
|    fps                  | 89          |
|    iterations           | 251         |
|    time_elapsed         | 17269       |
|    total_timesteps      | 1542144     |
| train/                  |             |
|    approx_kl            | 0.028625326 |
|    clip_fraction        | 0.22        |
|    clip_range           | 0.2         |
|    entropy_loss         | -4.25       |
|    explained_variance   | 0.295       |
|    learning_rate        | 0.0003      |
|    loss                 | 2.98        |
|    n_updates            | 2500        |
|    policy_gradient_loss | 0.00833     |
|    std                  | 0.713       |
|    value_loss           | 5.7e+03     |
-----------------------------------------
-----------------------------------------
| rollout/                |             |
|    ep_len_mean          | 272         |
|    ep_rew_mean          | -350        |
| time/                   |             |
|    fps                  | 89          |
|    iterations           | 252         |
|    time_elapsed         | 17332       |
|    total_timesteps      | 1548288     |
| train/                  |             |
|    approx_kl            | 0.014497195 |
|    clip_fraction        | 0.21        |
|    clip_range           | 0.2         |
|    entropy_loss         | -4.25       |
|    explained_variance   | 0.645       |
|    learning_rate        | 0.0003      |
|    loss                 | 4.43e+04    |
|    n_updates            | 2510        |
|    policy_gradient_loss | 0.00143     |
|    std                  | 0.715       |
|    value_loss           | 1.19e+04    |
-----------------------------------------
Eval num_timesteps=1549752, episode_reward=-349.43 +/- 466.69
Episode length: 286.30 +/- 49.90
-----------------------------------------
| eval/                   |             |
|    mean_ep_length       | 286         |
|    mean_reward          | -349        |
| time/                   |             |
|    total_timesteps      | 1549752     |
| train/                  |             |
|    approx_kl            | 0.010811337 |
|    clip_fraction        | 0.0625      |
|    clip_range           | 0.2         |
|    entropy_loss         | -4.26       |
|    explained_variance   | 0.608       |
|    learning_rate        | 0.0003      |
|    loss                 | 55.2        |
|    n_updates            | 2520        |
|    policy_gradient_loss | -0.000567   |
|    std                  | 0.715       |
|    value_loss           | 1.85e+03    |
-----------------------------------------
[episode ends] timestep 1550124: crashed=12 (6%), max_steps=2 (1%), missed_goal=107 (57%), scored=68 (36%)
-----------------------------------
| curriculum/          |          |
|    chase_probability | 0.222    |
| episode_end/         |          |
|    crashed           | 12       |
|    max_steps         | 2        |
|    missed_goal       | 107      |
|    scored            | 68       |
| rollout/             |          |
|    ep_len_mean       | 277      |
|    ep_rew_mean       | -340     |
| time/                |          |
|    fps               | 89       |
|    iterations        | 253      |
|    time_elapsed      | 17422    |
|    total_timesteps   | 1554432  |
-----------------------------------
-----------------------------------------
| rollout/                |             |
|    ep_len_mean          | 284         |
|    ep_rew_mean          | -493        |
| time/                   |             |
|    fps                  | 89          |
|    iterations           | 254         |
|    time_elapsed         | 17489       |
|    total_timesteps      | 1560576     |
| train/                  |             |
|    approx_kl            | 0.029146718 |
|    clip_fraction        | 0.289       |
|    clip_range           | 0.2         |
|    entropy_loss         | -4.25       |
|    explained_variance   | 0.65        |
|    learning_rate        | 0.0003      |
|    loss                 | 9.57        |
|    n_updates            | 2530        |
|    policy_gradient_loss | 0.0138      |
|    std                  | 0.714       |
|    value_loss           | 7.27e+03    |
-----------------------------------------
-----------------------------------------
| curriculum/             |             |
|    chase_probability    | 0.223       |
| rollout/                |             |
|    ep_len_mean          | 284         |
|    ep_rew_mean          | -501        |
| time/                   |             |
|    fps                  | 89          |
|    iterations           | 255         |
|    time_elapsed         | 17551       |
|    total_timesteps      | 1566720     |
| train/                  |             |
|    approx_kl            | 0.041025706 |
|    clip_fraction        | 0.279       |
|    clip_range           | 0.2         |
|    entropy_loss         | -4.24       |
|    explained_variance   | 0.644       |
|    learning_rate        | 0.0003      |
|    loss                 | 747         |
|    n_updates            | 2540        |
|    policy_gradient_loss | 0.0119      |
|    std                  | 0.713       |
|    value_loss           | 2.57e+03    |
-----------------------------------------
------------------------------------------
| curriculum/             |              |
|    chase_probability    | 0.224        |
| rollout/                |              |
|    ep_len_mean          | 288          |
|    ep_rew_mean          | -513         |
| time/                   |              |
|    fps                  | 89           |
|    iterations           | 256          |
|    time_elapsed         | 17612        |
|    total_timesteps      | 1572864      |
| train/                  |              |
|    approx_kl            | 0.0058338814 |
|    clip_fraction        | 0.0325       |
|    clip_range           | 0.2          |
|    entropy_loss         | -4.25        |
|    explained_variance   | 0.608        |
|    learning_rate        | 0.0003       |
|    loss                 | 93.8         |
|    n_updates            | 2550         |
|    policy_gradient_loss | -0.00263     |
|    std                  | 0.714        |
|    value_loss           | 1e+04        |
------------------------------------------
-----------------------------------------
| rollout/                |             |
|    ep_len_mean          | 284         |
|    ep_rew_mean          | -516        |
| time/                   |             |
|    fps                  | 89          |
|    iterations           | 257         |
|    time_elapsed         | 17678       |
|    total_timesteps      | 1579008     |
| train/                  |             |
|    approx_kl            | 0.014548077 |
|    clip_fraction        | 0.101       |
|    clip_range           | 0.2         |
|    entropy_loss         | -4.25       |
|    explained_variance   | 0.601       |
|    learning_rate        | 0.0003      |
|    loss                 | 7.46e+03    |
|    n_updates            | 2560        |
|    policy_gradient_loss | 0.00108     |
|    std                  | 0.713       |
|    value_loss           | 1.39e+04    |
-----------------------------------------
-----------------------------------------
| curriculum/             |             |
|    chase_probability    | 0.226       |
| rollout/                |             |
|    ep_len_mean          | 276         |
|    ep_rew_mean          | -506        |
| time/                   |             |
|    fps                  | 89          |
|    iterations           | 258         |
|    time_elapsed         | 17741       |
|    total_timesteps      | 1585152     |
| train/                  |             |
|    approx_kl            | 0.009907617 |
|    clip_fraction        | 0.071       |
|    clip_range           | 0.2         |
|    entropy_loss         | -4.25       |
|    explained_variance   | 0.662       |
|    learning_rate        | 0.0003      |
|    loss                 | 4.45e+04    |
|    n_updates            | 2570        |
|    policy_gradient_loss | -0.00193    |
|    std                  | 0.713       |
|    value_loss           | 7.44e+03    |
-----------------------------------------
-----------------------------------------
| curriculum/             |             |
|    chase_probability    | 0.227       |
| rollout/                |             |
|    ep_len_mean          | 269         |
|    ep_rew_mean          | -500        |
| time/                   |             |
|    fps                  | 89          |
|    iterations           | 259         |
|    time_elapsed         | 17808       |
|    total_timesteps      | 1591296     |
| train/                  |             |
|    approx_kl            | 0.012628187 |
|    clip_fraction        | 0.0799      |
|    clip_range           | 0.2         |
|    entropy_loss         | -4.24       |
|    explained_variance   | 0.662       |
|    learning_rate        | 0.0003      |
|    loss                 | 136         |
|    n_updates            | 2580        |
|    policy_gradient_loss | -0.00239    |
|    std                  | 0.712       |
|    value_loss           | 1.62e+03    |
-----------------------------------------
------------------------------------------
| rollout/                |              |
|    ep_len_mean          | 262          |
|    ep_rew_mean          | -472         |
| time/                   |              |
|    fps                  | 89           |
|    iterations           | 260          |
|    time_elapsed         | 17879        |
|    total_timesteps      | 1597440      |
| train/                  |              |
|    approx_kl            | 0.0068615065 |
|    clip_fraction        | 0.0531       |
|    clip_range           | 0.2          |
|    entropy_loss         | -4.24        |
|    explained_variance   | 0.651        |
|    learning_rate        | 0.0003       |
|    loss                 | 14.4         |
|    n_updates            | 2590         |
|    policy_gradient_loss | -0.00261     |
|    std                  | 0.713        |
|    value_loss           | 7.21e+03     |
------------------------------------------
Eval num_timesteps=1599744, episode_reward=-1625.50 +/- 4618.72
Episode length: 327.20 +/- 225.95
-----------------------------------------
| eval/                   |             |
|    mean_ep_length       | 327         |
|    mean_reward          | -1.63e+03   |
| time/                   |             |
|    total_timesteps      | 1599744     |
| train/                  |             |
|    approx_kl            | 0.008101488 |
|    clip_fraction        | 0.0932      |
|    clip_range           | 0.2         |
|    entropy_loss         | -4.24       |
|    explained_variance   | 0.604       |
|    learning_rate        | 0.0003      |
|    loss                 | 2.34        |
|    n_updates            | 2600        |
|    policy_gradient_loss | -0.00328    |
|    std                  | 0.713       |
|    value_loss           | 2.21e+03    |
-----------------------------------------
[progress] timestep 1600128
[episode ends] timestep 1600128: crashed=12 (7%), max_steps=5 (3%), missed_goal=112 (61%), scored=54 (30%)
-----------------------------------
| curriculum/          |          |
|    chase_probability | 0.229    |
| episode_end/         |          |
|    crashed           | 12       |
|    max_steps         | 5        |
|    missed_goal       | 112      |
|    scored            | 54       |
| rollout/             |          |
|    ep_len_mean       | 249      |
|    ep_rew_mean       | -168     |
| time/                |          |
|    fps               | 89       |
|    iterations        | 261      |
|    time_elapsed      | 17972    |
|    total_timesteps   | 1603584  |
-----------------------------------
-----------------------------------------
| rollout/                |             |
|    ep_len_mean          | 249         |
|    ep_rew_mean          | -176        |
| time/                   |             |
|    fps                  | 89          |
|    iterations           | 262         |
|    time_elapsed         | 18050       |
|    total_timesteps      | 1609728     |
| train/                  |             |
|    approx_kl            | 0.007812109 |
|    clip_fraction        | 0.0942      |
|    clip_range           | 0.2         |
|    entropy_loss         | -4.24       |
|    explained_variance   | 0.512       |
|    learning_rate        | 0.0003      |
|    loss                 | 2.4         |
|    n_updates            | 2610        |
|    policy_gradient_loss | -0.00499    |
|    std                  | 0.711       |
|    value_loss           | 147         |
-----------------------------------------
-----------------------------------------
| curriculum/             |             |
|    chase_probability    | 0.23        |
| rollout/                |             |
|    ep_len_mean          | 250         |
|    ep_rew_mean          | -186        |
| time/                   |             |
|    fps                  | 89          |
|    iterations           | 263         |
|    time_elapsed         | 18116       |
|    total_timesteps      | 1615872     |
| train/                  |             |
|    approx_kl            | 0.010544561 |
|    clip_fraction        | 0.0987      |
|    clip_range           | 0.2         |
|    entropy_loss         | -4.24       |
|    explained_variance   | 0.545       |
|    learning_rate        | 0.0003      |
|    loss                 | 2.79        |
|    n_updates            | 2620        |
|    policy_gradient_loss | -0.00362    |
|    std                  | 0.713       |
|    value_loss           | 575         |
-----------------------------------------
-----------------------------------------
| curriculum/             |             |
|    chase_probability    | 0.232       |
| rollout/                |             |
|    ep_len_mean          | 243         |
|    ep_rew_mean          | -58.2       |
| time/                   |             |
|    fps                  | 89          |
|    iterations           | 264         |
|    time_elapsed         | 18185       |
|    total_timesteps      | 1622016     |
| train/                  |             |
|    approx_kl            | 0.009385423 |
|    clip_fraction        | 0.074       |
|    clip_range           | 0.2         |
|    entropy_loss         | -4.24       |
|    explained_variance   | 0.449       |
|    learning_rate        | 0.0003      |
|    loss                 | 6.29        |
|    n_updates            | 2630        |
|    policy_gradient_loss | -0.00385    |
|    std                  | 0.713       |
|    value_loss           | 791         |
-----------------------------------------
--------------------------------------
| rollout/                |          |
|    ep_len_mean          | 241      |
|    ep_rew_mean          | -41.9    |
| time/                   |          |
|    fps                  | 89       |
|    iterations           | 265      |
|    time_elapsed         | 18253    |
|    total_timesteps      | 1628160  |
| train/                  |          |
|    approx_kl            | 0.025551 |
|    clip_fraction        | 0.129    |
|    clip_range           | 0.2      |
|    entropy_loss         | -4.24    |
|    explained_variance   | 0.445    |
|    learning_rate        | 0.0003   |
|    loss                 | 3.54     |
|    n_updates            | 2640     |
|    policy_gradient_loss | 0.00137  |
|    std                  | 0.712    |
|    value_loss           | 560      |
--------------------------------------
----------------------------------------
| curriculum/             |            |
|    chase_probability    | 0.233      |
| rollout/                |            |
|    ep_len_mean          | 251        |
|    ep_rew_mean          | -231       |
| time/                   |            |
|    fps                  | 89         |
|    iterations           | 266        |
|    time_elapsed         | 18316      |
|    total_timesteps      | 1634304    |
| train/                  |            |
|    approx_kl            | 0.01073281 |
|    clip_fraction        | 0.133      |
|    clip_range           | 0.2        |
|    entropy_loss         | -4.24      |
|    explained_variance   | 0.682      |
|    learning_rate        | 0.0003     |
|    loss                 | 3.29       |
|    n_updates            | 2650       |
|    policy_gradient_loss | -0.00151   |
|    std                  | 0.712      |
|    value_loss           | 4.13e+03   |
----------------------------------------
-----------------------------------------
| rollout/                |             |
|    ep_len_mean          | 249         |
|    ep_rew_mean          | -226        |
| time/                   |             |
|    fps                  | 89          |
|    iterations           | 267         |
|    time_elapsed         | 18380       |
|    total_timesteps      | 1640448     |
| train/                  |             |
|    approx_kl            | 0.009548557 |
|    clip_fraction        | 0.109       |
|    clip_range           | 0.2         |
|    entropy_loss         | -4.24       |
|    explained_variance   | 0.6         |
|    learning_rate        | 0.0003      |
|    loss                 | 1.02e+04    |
|    n_updates            | 2660        |
|    policy_gradient_loss | -0.00167    |
|    std                  | 0.712       |
|    value_loss           | 8.16e+03    |
-----------------------------------------
-----------------------------------------
| curriculum/             |             |
|    chase_probability    | 0.234       |
| rollout/                |             |
|    ep_len_mean          | 251         |
|    ep_rew_mean          | -215        |
| time/                   |             |
|    fps                  | 89          |
|    iterations           | 268         |
|    time_elapsed         | 18442       |
|    total_timesteps      | 1646592     |
| train/                  |             |
|    approx_kl            | 0.009579717 |
|    clip_fraction        | 0.13        |
|    clip_range           | 0.2         |
|    entropy_loss         | -4.24       |
|    explained_variance   | 0.591       |
|    learning_rate        | 0.0003      |
|    loss                 | 5.58        |
|    n_updates            | 2670        |
|    policy_gradient_loss | -0.00102    |
|    std                  | 0.713       |
|    value_loss           | 376         |
-----------------------------------------
Eval num_timesteps=1649736, episode_reward=-58.40 +/- 235.33
Episode length: 260.20 +/- 35.38
-----------------------------------------
| eval/                   |             |
|    mean_ep_length       | 260         |
|    mean_reward          | -58.4       |
| time/                   |             |
|    total_timesteps      | 1649736     |
| train/                  |             |
|    approx_kl            | 0.016258655 |
|    clip_fraction        | 0.198       |
|    clip_range           | 0.2         |
|    entropy_loss         | -4.22       |
|    explained_variance   | 0.648       |
|    learning_rate        | 0.0003      |
|    loss                 | 75.9        |
|    n_updates            | 2680        |
|    policy_gradient_loss | 0.00328     |
|    std                  | 0.705       |
|    value_loss           | 631         |
-----------------------------------------
[episode ends] timestep 1650132: crashed=19 (10%), max_steps=1 (0%), missed_goal=110 (55%), scored=70 (35%)
-----------------------------------
| curriculum/          |          |
|    chase_probability | 0.236    |
| episode_end/         |          |
|    crashed           | 19       |
|    max_steps         | 1        |
|    missed_goal       | 110      |
|    scored            | 70       |
| rollout/             |          |
|    ep_len_mean       | 260      |
|    ep_rew_mean       | -239     |
| time/                |          |
|    fps               | 89       |
|    iterations        | 269      |
|    time_elapsed      | 18525    |
|    total_timesteps   | 1652736  |
-----------------------------------
----------------------------------------
| rollout/                |            |
|    ep_len_mean          | 257        |
|    ep_rew_mean          | -212       |
| time/                   |            |
|    fps                  | 89         |
|    iterations           | 270        |
|    time_elapsed         | 18589      |
|    total_timesteps      | 1658880    |
| train/                  |            |
|    approx_kl            | 0.03085784 |
|    clip_fraction        | 0.325      |
|    clip_range           | 0.2        |
|    entropy_loss         | -4.2       |
|    explained_variance   | 0.664      |
|    learning_rate        | 0.0003     |
|    loss                 | 22.5       |
|    n_updates            | 2690       |
|    policy_gradient_loss | 0.0139     |
|    std                  | 0.704      |
|    value_loss           | 505        |
----------------------------------------
-----------------------------------------
| curriculum/             |             |
|    chase_probability    | 0.237       |
| rollout/                |             |
|    ep_len_mean          | 253         |
|    ep_rew_mean          | -72.7       |
| time/                   |             |
|    fps                  | 89          |
|    iterations           | 271         |
|    time_elapsed         | 18652       |
|    total_timesteps      | 1665024     |
| train/                  |             |
|    approx_kl            | 0.010935441 |
|    clip_fraction        | 0.144       |
|    clip_range           | 0.2         |
|    entropy_loss         | -4.19       |
|    explained_variance   | 0.299       |
|    learning_rate        | 0.0003      |
|    loss                 | 1.17e+03    |
|    n_updates            | 2700        |
|    policy_gradient_loss | 0.000182    |
|    std                  | 0.703       |
|    value_loss           | 1.51e+03    |
-----------------------------------------
-----------------------------------------
| rollout/                |             |
|    ep_len_mean          | 250         |
|    ep_rew_mean          | -60.5       |
| time/                   |             |
|    fps                  | 89          |
|    iterations           | 272         |
|    time_elapsed         | 18711       |
|    total_timesteps      | 1671168     |
| train/                  |             |
|    approx_kl            | 0.006602878 |
|    clip_fraction        | 0.0541      |
|    clip_range           | 0.2         |
|    entropy_loss         | -4.18       |
|    explained_variance   | 0.53        |
|    learning_rate        | 0.0003      |
|    loss                 | 34.5        |
|    n_updates            | 2710        |
|    policy_gradient_loss | -0.0021     |
|    std                  | 0.702       |
|    value_loss           | 915         |
-----------------------------------------
-----------------------------------------
| curriculum/             |             |
|    chase_probability    | 0.239       |
| rollout/                |             |
|    ep_len_mean          | 251         |
|    ep_rew_mean          | -182        |
| time/                   |             |
|    fps                  | 89          |
|    iterations           | 273         |
|    time_elapsed         | 18773       |
|    total_timesteps      | 1677312     |
| train/                  |             |
|    approx_kl            | 0.016369553 |
|    clip_fraction        | 0.188       |
|    clip_range           | 0.2         |
|    entropy_loss         | -4.17       |
|    explained_variance   | 0.657       |
|    learning_rate        | 0.0003      |
|    loss                 | 233         |
|    n_updates            | 2720        |
|    policy_gradient_loss | 0.00516     |
|    std                  | 0.7         |
|    value_loss           | 5.02e+03    |
-----------------------------------------
-----------------------------------------
| curriculum/             |             |
|    chase_probability    | 0.24        |
| rollout/                |             |
|    ep_len_mean          | 254         |
|    ep_rew_mean          | -182        |
| time/                   |             |
|    fps                  | 89          |
|    iterations           | 274         |
|    time_elapsed         | 18835       |
|    total_timesteps      | 1683456     |
| train/                  |             |
|    approx_kl            | 0.016482184 |
|    clip_fraction        | 0.173       |
|    clip_range           | 0.2         |
|    entropy_loss         | -4.17       |
|    explained_variance   | 0.692       |
|    learning_rate        | 0.0003      |
|    loss                 | 1.02        |
|    n_updates            | 2730        |
|    policy_gradient_loss | -0.000675   |
|    std                  | 0.701       |
|    value_loss           | 5.93e+03    |
-----------------------------------------
-----------------------------------------
| rollout/                |             |
|    ep_len_mean          | 253         |
|    ep_rew_mean          | -162        |
| time/                   |             |
|    fps                  | 89          |
|    iterations           | 275         |
|    time_elapsed         | 18895       |
|    total_timesteps      | 1689600     |
| train/                  |             |
|    approx_kl            | 0.014155599 |
|    clip_fraction        | 0.0935      |
|    clip_range           | 0.2         |
|    entropy_loss         | -4.16       |
|    explained_variance   | 0.634       |
|    learning_rate        | 0.0003      |
|    loss                 | 27.8        |
|    n_updates            | 2740        |
|    policy_gradient_loss | -0.00494    |
|    std                  | 0.698       |
|    value_loss           | 159         |
-----------------------------------------
-----------------------------------------
| curriculum/             |             |
|    chase_probability    | 0.242       |
| rollout/                |             |
|    ep_len_mean          | 254         |
|    ep_rew_mean          | -162        |
| time/                   |             |
|    fps                  | 89          |
|    iterations           | 276         |
|    time_elapsed         | 18958       |
|    total_timesteps      | 1695744     |
| train/                  |             |
|    approx_kl            | 0.011544979 |
|    clip_fraction        | 0.0961      |
|    clip_range           | 0.2         |
|    entropy_loss         | -4.14       |
|    explained_variance   | 0.395       |
|    learning_rate        | 0.0003      |
|    loss                 | 2.09        |
|    n_updates            | 2750        |
|    policy_gradient_loss | -0.00438    |
|    std                  | 0.695       |
|    value_loss           | 531         |
-----------------------------------------
Eval num_timesteps=1699728, episode_reward=-1642.80 +/- 4990.43
Episode length: 321.90 +/- 228.90
-----------------------------------------
| eval/                   |             |
|    mean_ep_length       | 322         |
|    mean_reward          | -1.64e+03   |
| time/                   |             |
|    total_timesteps      | 1699728     |
| train/                  |             |
|    approx_kl            | 0.016716147 |
|    clip_fraction        | 0.149       |
|    clip_range           | 0.2         |
|    entropy_loss         | -4.11       |
|    explained_variance   | 0.714       |
|    learning_rate        | 0.0003      |
|    loss                 | 629         |
|    n_updates            | 2760        |
|    policy_gradient_loss | -0.00324    |
|    std                  | 0.69        |
|    value_loss           | 356         |
-----------------------------------------
[progress] timestep 1700136
[episode ends] timestep 1700136: crashed=7 (4%), max_steps=1 (0%), missed_goal=91 (46%), scored=101 (50%)
-----------------------------------
| curriculum/          |          |
|    chase_probability | 0.243    |
| episode_end/         |          |
|    crashed           | 7        |
|    max_steps         | 1        |
|    missed_goal       | 91       |
|    scored            | 101      |
| rollout/             |          |
|    ep_len_mean       | 248      |
|    ep_rew_mean       | -12.7    |
| time/                |          |
|    fps               | 89       |
|    iterations        | 277      |
|    time_elapsed      | 19046    |
|    total_timesteps   | 1701888  |
-----------------------------------
----------------------------------------
| rollout/                |            |
|    ep_len_mean          | 253        |
|    ep_rew_mean          | -48.3      |
| time/                   |            |
|    fps                  | 89         |
|    iterations           | 278        |
|    time_elapsed         | 19111      |
|    total_timesteps      | 1708032    |
| train/                  |            |
|    approx_kl            | 0.04191014 |
|    clip_fraction        | 0.238      |
|    clip_range           | 0.2        |
|    entropy_loss         | -4.1       |
|    explained_variance   | 0.699      |
|    learning_rate        | 0.0003     |
|    loss                 | 18         |
|    n_updates            | 2770       |
|    policy_gradient_loss | 0.00504    |
|    std                  | 0.691      |
|    value_loss           | 1.09e+03   |
----------------------------------------
-----------------------------------------
| curriculum/             |             |
|    chase_probability    | 0.244       |
| rollout/                |             |
|    ep_len_mean          | 252         |
|    ep_rew_mean          | -52.2       |
| time/                   |             |
|    fps                  | 89          |
|    iterations           | 279         |
|    time_elapsed         | 19176       |
|    total_timesteps      | 1714176     |
| train/                  |             |
|    approx_kl            | 0.014420788 |
|    clip_fraction        | 0.128       |
|    clip_range           | 0.2         |
|    entropy_loss         | -4.09       |
|    explained_variance   | 0.541       |
|    learning_rate        | 0.0003      |
|    loss                 | 142         |
|    n_updates            | 2780        |
|    policy_gradient_loss | -0.000427   |
|    std                  | 0.688       |
|    value_loss           | 460         |
-----------------------------------------
----------------------------------------
| rollout/                |            |
|    ep_len_mean          | 257        |
|    ep_rew_mean          | -72.8      |
| time/                   |            |
|    fps                  | 89         |
|    iterations           | 280        |
|    time_elapsed         | 19243      |
|    total_timesteps      | 1720320    |
| train/                  |            |
|    approx_kl            | 0.01723044 |
|    clip_fraction        | 0.148      |
|    clip_range           | 0.2        |
|    entropy_loss         | -4.09      |
|    explained_variance   | 0.545      |
|    learning_rate        | 0.0003     |
|    loss                 | 244        |
|    n_updates            | 2790       |
|    policy_gradient_loss | -0.00275   |
|    std                  | 0.69       |
|    value_loss           | 1.21e+03   |
----------------------------------------
----------------------------------------
| curriculum/             |            |
|    chase_probability    | 0.246      |
| rollout/                |            |
|    ep_len_mean          | 265        |
|    ep_rew_mean          | -254       |
| time/                   |            |
|    fps                  | 89         |
|    iterations           | 281        |
|    time_elapsed         | 19308      |
|    total_timesteps      | 1726464    |
| train/                  |            |
|    approx_kl            | 0.01490103 |
|    clip_fraction        | 0.124      |
|    clip_range           | 0.2        |
|    entropy_loss         | -4.09      |
|    explained_variance   | 0.686      |
|    learning_rate        | 0.0003     |
|    loss                 | 13.3       |
|    n_updates            | 2800       |
|    policy_gradient_loss | -0.000109  |
|    std                  | 0.689      |
|    value_loss           | 7.35e+03   |
----------------------------------------
-----------------------------------------
| curriculum/             |             |
|    chase_probability    | 0.247       |
| rollout/                |             |
|    ep_len_mean          | 262         |
|    ep_rew_mean          | -270        |
| time/                   |             |
|    fps                  | 89          |
|    iterations           | 282         |
|    time_elapsed         | 19378       |
|    total_timesteps      | 1732608     |
| train/                  |             |
|    approx_kl            | 0.018603608 |
|    clip_fraction        | 0.194       |
|    clip_range           | 0.2         |
|    entropy_loss         | -4.09       |
|    explained_variance   | 0.664       |
|    learning_rate        | 0.0003      |
|    loss                 | 8.61        |
|    n_updates            | 2810        |
|    policy_gradient_loss | 0.00626     |
|    std                  | 0.691       |
|    value_loss           | 4.02e+03    |
-----------------------------------------
----------------------------------------
| rollout/                |            |
|    ep_len_mean          | 269        |
|    ep_rew_mean          | -413       |
| time/                   |            |
|    fps                  | 89         |
|    iterations           | 283        |
|    time_elapsed         | 19445      |
|    total_timesteps      | 1738752    |
| train/                  |            |
|    approx_kl            | 0.11377414 |
|    clip_fraction        | 0.254      |
|    clip_range           | 0.2        |
|    entropy_loss         | -4.08      |
|    explained_variance   | 0.665      |
|    learning_rate        | 0.0003     |
|    loss                 | 1.45       |
|    n_updates            | 2820       |
|    policy_gradient_loss | 0.01       |
|    std                  | 0.686      |
|    value_loss           | 9.11e+03   |
----------------------------------------
----------------------------------------
| curriculum/             |            |
|    chase_probability    | 0.249      |
| rollout/                |            |
|    ep_len_mean          | 272        |
|    ep_rew_mean          | -413       |
| time/                   |            |
|    fps                  | 89         |
|    iterations           | 284        |
|    time_elapsed         | 19513      |
|    total_timesteps      | 1744896    |
| train/                  |            |
|    approx_kl            | 0.04625644 |
|    clip_fraction        | 0.221      |
|    clip_range           | 0.2        |
|    entropy_loss         | -4.07      |
|    explained_variance   | 0.675      |
|    learning_rate        | 0.0003     |
|    loss                 | 20.1       |
|    n_updates            | 2830       |
|    policy_gradient_loss | 0.00631    |
|    std                  | 0.686      |
|    value_loss           | 3.43e+03   |
----------------------------------------
Eval num_timesteps=1749720, episode_reward=-41.89 +/- 123.15
Episode length: 278.90 +/- 49.61
-----------------------------------------
| eval/                   |             |
|    mean_ep_length       | 279         |
|    mean_reward          | -41.9       |
| time/                   |             |
|    total_timesteps      | 1749720     |
| train/                  |             |
|    approx_kl            | 0.009967767 |
|    clip_fraction        | 0.0998      |
|    clip_range           | 0.2         |
|    entropy_loss         | -4.07       |
|    explained_variance   | 0.397       |
|    learning_rate        | 0.0003      |
|    loss                 | 1.98        |
|    n_updates            | 2840        |
|    policy_gradient_loss | -0.00597    |
|    std                  | 0.684       |
|    value_loss           | 481         |
-----------------------------------------
[episode ends] timestep 1750140: crashed=21 (11%), max_steps=2 (1%), missed_goal=118 (62%), scored=50 (26%)
---------------------------------
| episode_end/       |          |
|    crashed         | 21       |
|    max_steps       | 2        |
|    missed_goal     | 118      |
|    scored          | 50       |
| rollout/           |          |
|    ep_len_mean     | 266      |
|    ep_rew_mean     | -229     |
| time/              |          |
|    fps             | 89       |
|    iterations      | 285      |
|    time_elapsed    | 19603    |
|    total_timesteps | 1751040  |
---------------------------------
-----------------------------------------
| curriculum/             |             |
|    chase_probability    | 0.25        |
| rollout/                |             |
|    ep_len_mean          | 264         |
|    ep_rew_mean          | -203        |
| time/                   |             |
|    fps                  | 89          |
|    iterations           | 286         |
|    time_elapsed         | 19669       |
|    total_timesteps      | 1757184     |
| train/                  |             |
|    approx_kl            | 0.020138586 |
|    clip_fraction        | 0.184       |
|    clip_range           | 0.2         |
|    entropy_loss         | -4.05       |
|    explained_variance   | 0.346       |
|    learning_rate        | 0.0003      |
|    loss                 | 11.6        |
|    n_updates            | 2850        |
|    policy_gradient_loss | 0.00195     |
|    std                  | 0.678       |
|    value_loss           | 132         |
-----------------------------------------
-----------------------------------------
| curriculum/             |             |
|    chase_probability    | 0.252       |
| rollout/                |             |
|    ep_len_mean          | 253         |
|    ep_rew_mean          | -46.1       |
| time/                   |             |
|    fps                  | 89          |
|    iterations           | 287         |
|    time_elapsed         | 19741       |
|    total_timesteps      | 1763328     |
| train/                  |             |
|    approx_kl            | 0.016796399 |
|    clip_fraction        | 0.126       |
|    clip_range           | 0.2         |
|    entropy_loss         | -4.02       |
|    explained_variance   | 0.409       |
|    learning_rate        | 0.0003      |
|    loss                 | 2.54e+03    |
|    n_updates            | 2860        |
|    policy_gradient_loss | -0.00439    |
|    std                  | 0.676       |
|    value_loss           | 467         |
-----------------------------------------
-----------------------------------------
| rollout/                |             |
|    ep_len_mean          | 247         |
|    ep_rew_mean          | -32.7       |
| time/                   |             |
|    fps                  | 89          |
|    iterations           | 288         |
|    time_elapsed         | 19816       |
|    total_timesteps      | 1769472     |
| train/                  |             |
|    approx_kl            | 0.029534243 |
|    clip_fraction        | 0.307       |
|    clip_range           | 0.2         |
|    entropy_loss         | -4          |
|    explained_variance   | 0.463       |
|    learning_rate        | 0.0003      |
|    loss                 | 0.517       |
|    n_updates            | 2870        |
|    policy_gradient_loss | 0.00808     |
|    std                  | 0.673       |
|    value_loss           | 310         |
-----------------------------------------
-----------------------------------------
| curriculum/             |             |
|    chase_probability    | 0.253       |
| rollout/                |             |
|    ep_len_mean          | 237         |
|    ep_rew_mean          | -28         |
| time/                   |             |
|    fps                  | 89          |
|    iterations           | 289         |
|    time_elapsed         | 19887       |
|    total_timesteps      | 1775616     |
| train/                  |             |
|    approx_kl            | 0.023053989 |
|    clip_fraction        | 0.304       |
|    clip_range           | 0.2         |
|    entropy_loss         | -3.99       |
|    explained_variance   | 0.446       |
|    learning_rate        | 0.0003      |
|    loss                 | 0.0664      |
|    n_updates            | 2880        |
|    policy_gradient_loss | 0.00783     |
|    std                  | 0.671       |
|    value_loss           | 135         |
-----------------------------------------
-----------------------------------------
| curriculum/             |             |
|    chase_probability    | 0.254       |
| rollout/                |             |
|    ep_len_mean          | 235         |
|    ep_rew_mean          | -19.6       |
| time/                   |             |
|    fps                  | 89          |
|    iterations           | 290         |
|    time_elapsed         | 19957       |
|    total_timesteps      | 1781760     |
| train/                  |             |
|    approx_kl            | 0.019905193 |
|    clip_fraction        | 0.231       |
|    clip_range           | 0.2         |
|    entropy_loss         | -3.97       |
|    explained_variance   | 0.402       |
|    learning_rate        | 0.0003      |
|    loss                 | 0.557       |
|    n_updates            | 2890        |
|    policy_gradient_loss | -0.000427   |
|    std                  | 0.666       |
|    value_loss           | 273         |
-----------------------------------------
-----------------------------------------
| rollout/                |             |
|    ep_len_mean          | 234         |
|    ep_rew_mean          | -10.3       |
| time/                   |             |
|    fps                  | 89          |
|    iterations           | 291         |
|    time_elapsed         | 20024       |
|    total_timesteps      | 1787904     |
| train/                  |             |
|    approx_kl            | 0.019044846 |
|    clip_fraction        | 0.26        |
|    clip_range           | 0.2         |
|    entropy_loss         | -3.95       |
|    explained_variance   | 0.468       |
|    learning_rate        | 0.0003      |
|    loss                 | 0.125       |
|    n_updates            | 2900        |
|    policy_gradient_loss | 0.00301     |
|    std                  | 0.666       |
|    value_loss           | 27.6        |
-----------------------------------------
----------------------------------------
| curriculum/             |            |
|    chase_probability    | 0.256      |
| rollout/                |            |
|    ep_len_mean          | 231        |
|    ep_rew_mean          | -6.06      |
| time/                   |            |
|    fps                  | 89         |
|    iterations           | 292        |
|    time_elapsed         | 20098      |
|    total_timesteps      | 1794048    |
| train/                  |            |
|    approx_kl            | 0.02277577 |
|    clip_fraction        | 0.247      |
|    clip_range           | 0.2        |
|    entropy_loss         | -3.96      |
|    explained_variance   | 0.623      |
|    learning_rate        | 0.0003     |
|    loss                 | 0.000517   |
|    n_updates            | 2910       |
|    policy_gradient_loss | -0.00215   |
|    std                  | 0.667      |
|    value_loss           | 26.8       |
----------------------------------------
Eval num_timesteps=1799712, episode_reward=8.35 +/- 19.51
Episode length: 231.30 +/- 16.21
-----------------------------------------
| eval/                   |             |
|    mean_ep_length       | 231         |
|    mean_reward          | 8.35        |
| time/                   |             |
|    total_timesteps      | 1799712     |
| train/                  |             |
|    approx_kl            | 0.011461367 |
|    clip_fraction        | 0.187       |
|    clip_range           | 0.2         |
|    entropy_loss         | -3.94       |
|    explained_variance   | 0.45        |
|    learning_rate        | 0.0003      |
|    loss                 | 162         |
|    n_updates            | 2920        |
|    policy_gradient_loss | -0.000937   |
|    std                  | 0.662       |
|    value_loss           | 23.6        |
-----------------------------------------
[progress] timestep 1800144
[episode ends] timestep 1800144: crashed=8 (4%), missed_goal=173 (84%), scored=26 (13%)
---------------------------------
| episode_end/       |          |
|    crashed         | 8        |
|    missed_goal     | 173      |
|    scored          | 26       |
| rollout/           |          |
|    ep_len_mean     | 237      |
|    ep_rew_mean     | -3.89    |
| time/              |          |
|    fps             | 89       |
|    iterations      | 293      |
|    time_elapsed    | 20188    |
|    total_timesteps | 1800192  |
---------------------------------
-----------------------------------------
| curriculum/             |             |
|    chase_probability    | 0.257       |
| rollout/                |             |
|    ep_len_mean          | 239         |
|    ep_rew_mean          | 0.656       |
| time/                   |             |
|    fps                  | 89          |
|    iterations           | 294         |
|    time_elapsed         | 20255       |
|    total_timesteps      | 1806336     |
| train/                  |             |
|    approx_kl            | 0.016839428 |
|    clip_fraction        | 0.174       |
|    clip_range           | 0.2         |
|    entropy_loss         | -3.92       |
|    explained_variance   | 0.795       |
|    learning_rate        | 0.0003      |
|    loss                 | 0.0476      |
|    n_updates            | 2930        |
|    policy_gradient_loss | -0.000573   |
|    std                  | 0.661       |
|    value_loss           | 8.76        |
-----------------------------------------
-----------------------------------------
| curriculum/             |             |
|    chase_probability    | 0.259       |
| rollout/                |             |
|    ep_len_mean          | 242         |
|    ep_rew_mean          | -5.57       |
| time/                   |             |
|    fps                  | 89          |
|    iterations           | 295         |
|    time_elapsed         | 20324       |
|    total_timesteps      | 1812480     |
| train/                  |             |
|    approx_kl            | 0.018177552 |
|    clip_fraction        | 0.171       |
|    clip_range           | 0.2         |
|    entropy_loss         | -3.92       |
|    explained_variance   | 0.457       |
|    learning_rate        | 0.0003      |
|    loss                 | 6.91        |
|    n_updates            | 2940        |
|    policy_gradient_loss | 0.000159    |
|    std                  | 0.66        |
|    value_loss           | 423         |
-----------------------------------------
----------------------------------------
| rollout/                |            |
|    ep_len_mean          | 248        |
|    ep_rew_mean          | -11.1      |
| time/                   |            |
|    fps                  | 89         |
|    iterations           | 296        |
|    time_elapsed         | 20395      |
|    total_timesteps      | 1818624    |
| train/                  |            |
|    approx_kl            | 0.01854702 |
|    clip_fraction        | 0.118      |
|    clip_range           | 0.2        |
|    entropy_loss         | -3.91      |
|    explained_variance   | 0.526      |
|    learning_rate        | 0.0003     |
|    loss                 | 0.227      |
|    n_updates            | 2950       |
|    policy_gradient_loss | -2.45e-05  |
|    std                  | 0.656      |
|    value_loss           | 128        |
----------------------------------------
-----------------------------------------
| curriculum/             |             |
|    chase_probability    | 0.26        |
| rollout/                |             |
|    ep_len_mean          | 249         |
|    ep_rew_mean          | -7.83       |
| time/                   |             |
|    fps                  | 89          |
|    iterations           | 297         |
|    time_elapsed         | 20468       |
|    total_timesteps      | 1824768     |
| train/                  |             |
|    approx_kl            | 0.021049859 |
|    clip_fraction        | 0.19        |
|    clip_range           | 0.2         |
|    entropy_loss         | -3.89       |
|    explained_variance   | 0.374       |
|    learning_rate        | 0.0003      |
|    loss                 | 1.2         |
|    n_updates            | 2960        |
|    policy_gradient_loss | 0.00179     |
|    std                  | 0.654       |
|    value_loss           | 241         |
-----------------------------------------
-----------------------------------------
| rollout/                |             |
|    ep_len_mean          | 249         |
|    ep_rew_mean          | 1.26        |
| time/                   |             |
|    fps                  | 89          |
|    iterations           | 298         |
|    time_elapsed         | 20543       |
|    total_timesteps      | 1830912     |
| train/                  |             |
|    approx_kl            | 0.028065816 |
|    clip_fraction        | 0.211       |
|    clip_range           | 0.2         |
|    entropy_loss         | -3.88       |
|    explained_variance   | 0.63        |
|    learning_rate        | 0.0003      |
|    loss                 | 21.7        |
|    n_updates            | 2970        |
|    policy_gradient_loss | 0.0029      |
|    std                  | 0.653       |
|    value_loss           | 33.5        |
-----------------------------------------
-----------------------------------------
| curriculum/             |             |
|    chase_probability    | 0.262       |
| rollout/                |             |
|    ep_len_mean          | 248         |
|    ep_rew_mean          | -0.723      |
| time/                   |             |
|    fps                  | 89          |
|    iterations           | 299         |
|    time_elapsed         | 20612       |
|    total_timesteps      | 1837056     |
| train/                  |             |
|    approx_kl            | 0.006675308 |
|    clip_fraction        | 0.0586      |
|    clip_range           | 0.2         |
|    entropy_loss         | -3.87       |
|    explained_variance   | 0.509       |
|    learning_rate        | 0.0003      |
|    loss                 | 9.63        |
|    n_updates            | 2980        |
|    policy_gradient_loss | -0.00142    |
|    std                  | 0.653       |
|    value_loss           | 231         |
-----------------------------------------
-----------------------------------------
| curriculum/             |             |
|    chase_probability    | 0.263       |
| rollout/                |             |
|    ep_len_mean          | 245         |
|    ep_rew_mean          | 9.7         |
| time/                   |             |
|    fps                  | 89          |
|    iterations           | 300         |
|    time_elapsed         | 20685       |
|    total_timesteps      | 1843200     |
| train/                  |             |
|    approx_kl            | 0.011878361 |
|    clip_fraction        | 0.125       |
|    clip_range           | 0.2         |
|    entropy_loss         | -3.87       |
|    explained_variance   | 0.715       |
|    learning_rate        | 0.0003      |
|    loss                 | 4.1         |
|    n_updates            | 2990        |
|    policy_gradient_loss | 0.002       |
|    std                  | 0.652       |
|    value_loss           | 159         |
-----------------------------------------
-----------------------------------------
| rollout/                |             |
|    ep_len_mean          | 242         |
|    ep_rew_mean          | 4.67        |
| time/                   |             |
|    fps                  | 89          |
|    iterations           | 301         |
|    time_elapsed         | 20758       |
|    total_timesteps      | 1849344     |
| train/                  |             |
|    approx_kl            | 0.009256031 |
|    clip_fraction        | 0.0945      |
|    clip_range           | 0.2         |
|    entropy_loss         | -3.87       |
|    explained_variance   | 0.8         |
|    learning_rate        | 0.0003      |
|    loss                 | 0.708       |
|    n_updates            | 3000        |
|    policy_gradient_loss | -0.00534    |
|    std                  | 0.651       |
|    value_loss           | 14          |
-----------------------------------------
Eval num_timesteps=1849704, episode_reward=-79.46 +/- 221.09
Episode length: 286.10 +/- 45.37
-----------------------------------------
| eval/                   |             |
|    mean_ep_length       | 286         |
|    mean_reward          | -79.5       |
| time/                   |             |
|    total_timesteps      | 1849704     |
| train/                  |             |
|    approx_kl            | 0.014804367 |
|    clip_fraction        | 0.159       |
|    clip_range           | 0.2         |
|    entropy_loss         | -3.87       |
|    explained_variance   | 0.569       |
|    learning_rate        | 0.0003      |
|    loss                 | 8.31        |
|    n_updates            | 3010        |
|    policy_gradient_loss | -0.00396    |
|    std                  | 0.652       |
|    value_loss           | 129         |
-----------------------------------------
[episode ends] timestep 1850148: crashed=15 (7%), missed_goal=117 (57%), scored=72 (35%)
-----------------------------------
| curriculum/          |          |
|    chase_probability | 0.264    |
| episode_end/         |          |
|    crashed           | 15       |
|    missed_goal       | 117      |
|    scored            | 72       |
| rollout/             |          |
|    ep_len_mean       | 244      |
|    ep_rew_mean       | -2.24    |
| time/                |          |
|    fps               | 88       |
|    iterations        | 302      |
|    time_elapsed      | 20852    |
|    total_timesteps   | 1855488  |
-----------------------------------
-----------------------------------------
| curriculum/             |             |
|    chase_probability    | 0.266       |
| rollout/                |             |
|    ep_len_mean          | 249         |
|    ep_rew_mean          | -9.53       |
| time/                   |             |
|    fps                  | 88          |
|    iterations           | 303         |
|    time_elapsed         | 20922       |
|    total_timesteps      | 1861632     |
| train/                  |             |
|    approx_kl            | 0.017629577 |
|    clip_fraction        | 0.168       |
|    clip_range           | 0.2         |
|    entropy_loss         | -3.88       |
|    explained_variance   | 0.169       |
|    learning_rate        | 0.0003      |
|    loss                 | 67.8        |
|    n_updates            | 3020        |
|    policy_gradient_loss | -0.0019     |
|    std                  | 0.654       |
|    value_loss           | 433         |
-----------------------------------------
----------------------------------------
| rollout/                |            |
|    ep_len_mean          | 269        |
|    ep_rew_mean          | -301       |
| time/                   |            |
|    fps                  | 89         |
|    iterations           | 304        |
|    time_elapsed         | 20981      |
|    total_timesteps      | 1867776    |
| train/                  |            |
|    approx_kl            | 0.03936154 |
|    clip_fraction        | 0.289      |
|    clip_range           | 0.2        |
|    entropy_loss         | -3.88      |
|    explained_variance   | 0.23       |
|    learning_rate        | 0.0003     |
|    loss                 | 9.04e+03   |
|    n_updates            | 3030       |
|    policy_gradient_loss | 0.0143     |
|    std                  | 0.656      |
|    value_loss           | 4.01e+03   |
----------------------------------------
-----------------------------------------
| curriculum/             |             |
|    chase_probability    | 0.267       |
| rollout/                |             |
|    ep_len_mean          | 285         |
|    ep_rew_mean          | -448        |
| time/                   |             |
|    fps                  | 89          |
|    iterations           | 305         |
|    time_elapsed         | 21045       |
|    total_timesteps      | 1873920     |
| train/                  |             |
|    approx_kl            | 0.023731692 |
|    clip_fraction        | 0.182       |
|    clip_range           | 0.2         |
|    entropy_loss         | -3.89       |
|    explained_variance   | 0.653       |
|    learning_rate        | 0.0003      |
|    loss                 | 3.92e+03    |
|    n_updates            | 3040        |
|    policy_gradient_loss | 0.00251     |
|    std                  | 0.653       |
|    value_loss           | 1.83e+04    |
-----------------------------------------
-----------------------------------------
| rollout/                |             |
|    ep_len_mean          | 296         |
|    ep_rew_mean          | -463        |
| time/                   |             |
|    fps                  | 89          |
|    iterations           | 306         |
|    time_elapsed         | 21118       |
|    total_timesteps      | 1880064     |
| train/                  |             |
|    approx_kl            | 0.016991321 |
|    clip_fraction        | 0.112       |
|    clip_range           | 0.2         |
|    entropy_loss         | -3.87       |
|    explained_variance   | 0.693       |
|    learning_rate        | 0.0003      |
|    loss                 | 33.7        |
|    n_updates            | 3050        |
|    policy_gradient_loss | -0.00101    |
|    std                  | 0.65        |
|    value_loss           | 1.09e+03    |
-----------------------------------------
-----------------------------------------
| curriculum/             |             |
|    chase_probability    | 0.269       |
| rollout/                |             |
|    ep_len_mean          | 299         |
|    ep_rew_mean          | -474        |
| time/                   |             |
|    fps                  | 89          |
|    iterations           | 307         |
|    time_elapsed         | 21181       |
|    total_timesteps      | 1886208     |
| train/                  |             |
|    approx_kl            | 0.009636059 |
|    clip_fraction        | 0.0963      |
|    clip_range           | 0.2         |
|    entropy_loss         | -3.86       |
|    explained_variance   | 0.712       |
|    learning_rate        | 0.0003      |
|    loss                 | 11.1        |
|    n_updates            | 3060        |
|    policy_gradient_loss | -0.000444   |
|    std                  | 0.649       |
|    value_loss           | 3.92e+03    |
-----------------------------------------
-----------------------------------------
| curriculum/             |             |
|    chase_probability    | 0.27        |
| rollout/                |             |
|    ep_len_mean          | 316         |
|    ep_rew_mean          | -744        |
| time/                   |             |
|    fps                  | 89          |
|    iterations           | 308         |
|    time_elapsed         | 21240       |
|    total_timesteps      | 1892352     |
| train/                  |             |
|    approx_kl            | 0.012356994 |
|    clip_fraction        | 0.0365      |
|    clip_range           | 0.2         |
|    entropy_loss         | -3.86       |
|    explained_variance   | 0.641       |
|    learning_rate        | 0.0003      |
|    loss                 | 4.3e+04     |
|    n_updates            | 3070        |
|    policy_gradient_loss | -6.94e-05   |
|    std                  | 0.649       |
|    value_loss           | 1.08e+04    |
-----------------------------------------
-----------------------------------------
| rollout/                |             |
|    ep_len_mean          | 312         |
|    ep_rew_mean          | -637        |
| time/                   |             |
|    fps                  | 89          |
|    iterations           | 309         |
|    time_elapsed         | 21304       |
|    total_timesteps      | 1898496     |
| train/                  |             |
|    approx_kl            | 0.007705052 |
|    clip_fraction        | 0.0637      |
|    clip_range           | 0.2         |
|    entropy_loss         | -3.85       |
|    explained_variance   | 0.708       |
|    learning_rate        | 0.0003      |
|    loss                 | 81.9        |
|    n_updates            | 3080        |
|    policy_gradient_loss | -0.00302    |
|    std                  | 0.648       |
|    value_loss           | 1.03e+04    |
-----------------------------------------
Eval num_timesteps=1899696, episode_reward=17.96 +/- 33.34
Episode length: 268.70 +/- 32.64
-----------------------------------------
| eval/                   |             |
|    mean_ep_length       | 269         |
|    mean_reward          | 18          |
| time/                   |             |
|    total_timesteps      | 1899696     |
| train/                  |             |
|    approx_kl            | 0.007657971 |
|    clip_fraction        | 0.0585      |
|    clip_range           | 0.2         |
|    entropy_loss         | -3.85       |
|    explained_variance   | 0.687       |
|    learning_rate        | 0.0003      |
|    loss                 | 4.19e+04    |
|    n_updates            | 3090        |
|    policy_gradient_loss | -0.00473    |
|    std                  | 0.648       |
|    value_loss           | 5.37e+03    |
-----------------------------------------
New best mean reward!
[progress] timestep 1900152
[episode ends] timestep 1900152: crashed=15 (9%), max_steps=5 (3%), missed_goal=84 (51%), scored=62 (37%)
-----------------------------------
| curriculum/          |          |
|    chase_probability | 0.272    |
| episode_end/         |          |
|    crashed           | 15       |
|    max_steps         | 5        |
|    missed_goal       | 84       |
|    scored            | 62       |
| rollout/             |          |
|    ep_len_mean       | 305      |
|    ep_rew_mean       | -489     |
| time/                |          |
|    fps               | 89       |
|    iterations        | 310      |
|    time_elapsed      | 21396    |
|    total_timesteps   | 1904640  |
-----------------------------------
------------------------------------------
| rollout/                |              |
|    ep_len_mean          | 298          |
|    ep_rew_mean          | -482         |
| time/                   |              |
|    fps                  | 89           |
|    iterations           | 311          |
|    time_elapsed         | 21463        |
|    total_timesteps      | 1910784      |
| train/                  |              |
|    approx_kl            | 0.0086510265 |
|    clip_fraction        | 0.05         |
|    clip_range           | 0.2          |
|    entropy_loss         | -3.85        |
|    explained_variance   | 0.694        |
|    learning_rate        | 0.0003       |
|    loss                 | 1.99         |
|    n_updates            | 3100         |
|    policy_gradient_loss | -0.000929    |
|    std                  | 0.648        |
|    value_loss           | 530          |
------------------------------------------
-----------------------------------------
| curriculum/             |             |
|    chase_probability    | 0.273       |
| rollout/                |             |
|    ep_len_mean          | 287         |
|    ep_rew_mean          | -312        |
| time/                   |             |
|    fps                  | 89          |
|    iterations           | 312         |
|    time_elapsed         | 21531       |
|    total_timesteps      | 1916928     |
| train/                  |             |
|    approx_kl            | 0.021414941 |
|    clip_fraction        | 0.0789      |
|    clip_range           | 0.2         |
|    entropy_loss         | -3.84       |
|    explained_variance   | 0.77        |
|    learning_rate        | 0.0003      |
|    loss                 | 13.8        |
|    n_updates            | 3110        |
|    policy_gradient_loss | -0.00103    |
|    std                  | 0.646       |
|    value_loss           | 415         |
-----------------------------------------
----------------------------------------
| curriculum/             |            |
|    chase_probability    | 0.275      |
| rollout/                |            |
|    ep_len_mean          | 278        |
|    ep_rew_mean          | -157       |
| time/                   |            |
|    fps                  | 89         |
|    iterations           | 313        |
|    time_elapsed         | 21597      |
|    total_timesteps      | 1923072    |
| train/                  |            |
|    approx_kl            | 0.01288452 |
|    clip_fraction        | 0.166      |
|    clip_range           | 0.2        |
|    entropy_loss         | -3.83      |
|    explained_variance   | 0.815      |
|    learning_rate        | 0.0003     |
|    loss                 | 1.38       |
|    n_updates            | 3120       |
|    policy_gradient_loss | 0.0017     |
|    std                  | 0.642      |
|    value_loss           | 65.9       |
----------------------------------------
-----------------------------------------
| rollout/                |             |
|    ep_len_mean          | 271         |
|    ep_rew_mean          | -32.2       |
| time/                   |             |
|    fps                  | 89          |
|    iterations           | 314         |
|    time_elapsed         | 21661       |
|    total_timesteps      | 1929216     |
| train/                  |             |
|    approx_kl            | 0.011364888 |
|    clip_fraction        | 0.11        |
|    clip_range           | 0.2         |
|    entropy_loss         | -3.81       |
|    explained_variance   | 0.849       |
|    learning_rate        | 0.0003      |
|    loss                 | 0.49        |
|    n_updates            | 3130        |
|    policy_gradient_loss | -0.00317    |
|    std                  | 0.641       |
|    value_loss           | 61.4        |
-----------------------------------------
-----------------------------------------
| curriculum/             |             |
|    chase_probability    | 0.276       |
| rollout/                |             |
|    ep_len_mean          | 263         |
|    ep_rew_mean          | -15.6       |
| time/                   |             |
|    fps                  | 89          |
|    iterations           | 315         |
|    time_elapsed         | 21727       |
|    total_timesteps      | 1935360     |
| train/                  |             |
|    approx_kl            | 0.013810513 |
|    clip_fraction        | 0.159       |
|    clip_range           | 0.2         |
|    entropy_loss         | -3.8        |
|    explained_variance   | 0.306       |
|    learning_rate        | 0.0003      |
|    loss                 | 57.7        |
|    n_updates            | 3140        |
|    policy_gradient_loss | -0.00251    |
|    std                  | 0.64        |
|    value_loss           | 886         |
-----------------------------------------
-----------------------------------------
| rollout/                |             |
|    ep_len_mean          | 258         |
|    ep_rew_mean          | -23.4       |
| time/                   |             |
|    fps                  | 89          |
|    iterations           | 316         |
|    time_elapsed         | 21795       |
|    total_timesteps      | 1941504     |
| train/                  |             |
|    approx_kl            | 0.014392544 |
|    clip_fraction        | 0.168       |
|    clip_range           | 0.2         |
|    entropy_loss         | -3.8        |
|    explained_variance   | 0.593       |
|    learning_rate        | 0.0003      |
|    loss                 | 2.48e+03    |
|    n_updates            | 3150        |
|    policy_gradient_loss | 0.00317     |
|    std                  | 0.641       |
|    value_loss           | 525         |
-----------------------------------------
-----------------------------------------
| curriculum/             |             |
|    chase_probability    | 0.277       |
| rollout/                |             |
|    ep_len_mean          | 254         |
|    ep_rew_mean          | -39.4       |
| time/                   |             |
|    fps                  | 89          |
|    iterations           | 317         |
|    time_elapsed         | 21871       |
|    total_timesteps      | 1947648     |
| train/                  |             |
|    approx_kl            | 0.015969029 |
|    clip_fraction        | 0.193       |
|    clip_range           | 0.2         |
|    entropy_loss         | -3.81       |
|    explained_variance   | 0.57        |
|    learning_rate        | 0.0003      |
|    loss                 | 7.05        |
|    n_updates            | 3160        |
|    policy_gradient_loss | 0.00216     |
|    std                  | 0.641       |
|    value_loss           | 598         |
-----------------------------------------
Eval num_timesteps=1949688, episode_reward=-191.86 +/- 399.75
Episode length: 262.40 +/- 57.61
----------------------------------------
| eval/                   |            |
|    mean_ep_length       | 262        |
|    mean_reward          | -192       |
| time/                   |            |
|    total_timesteps      | 1949688    |
| train/                  |            |
|    approx_kl            | 0.03308073 |
|    clip_fraction        | 0.231      |
|    clip_range           | 0.2        |
|    entropy_loss         | -3.8       |
|    explained_variance   | 0.767      |
|    learning_rate        | 0.0003     |
|    loss                 | 2.26       |
|    n_updates            | 3170       |
|    policy_gradient_loss | 0.00424    |
|    std                  | 0.64       |
|    value_loss           | 140        |
----------------------------------------
[episode ends] timestep 1950156: crashed=17 (9%), missed_goal=109 (57%), scored=64 (34%)
-----------------------------------
| curriculum/          |          |
|    chase_probability | 0.279    |
| episode_end/         |          |
|    crashed           | 17       |
|    missed_goal       | 109      |
|    scored            | 64       |
| rollout/             |          |
|    ep_len_mean       | 246      |
|    ep_rew_mean       | -14.1    |
| time/                |          |
|    fps               | 88       |
|    iterations        | 318      |
|    time_elapsed      | 21954    |
|    total_timesteps   | 1953792  |
-----------------------------------
---------------------------------------
| rollout/                |           |
|    ep_len_mean          | 245       |
|    ep_rew_mean          | -8.92     |
| time/                   |           |
|    fps                  | 88        |
|    iterations           | 319       |
|    time_elapsed         | 22022     |
|    total_timesteps      | 1959936   |
| train/                  |           |
|    approx_kl            | 0.0551496 |
|    clip_fraction        | 0.373     |
|    clip_range           | 0.2       |
|    entropy_loss         | -3.8      |
|    explained_variance   | 0.46      |
|    learning_rate        | 0.0003    |
|    loss                 | 1.93      |
|    n_updates            | 3180      |
|    policy_gradient_loss | 0.0212    |
|    std                  | 0.645     |
|    value_loss           | 143       |
---------------------------------------
-----------------------------------------
| curriculum/             |             |
|    chase_probability    | 0.28        |
| rollout/                |             |
|    ep_len_mean          | 246         |
|    ep_rew_mean          | -21.9       |
| time/                   |             |
|    fps                  | 88          |
|    iterations           | 320         |
|    time_elapsed         | 22095       |
|    total_timesteps      | 1966080     |
| train/                  |             |
|    approx_kl            | 0.012463299 |
|    clip_fraction        | 0.189       |
|    clip_range           | 0.2         |
|    entropy_loss         | -3.82       |
|    explained_variance   | 0.607       |
|    learning_rate        | 0.0003      |
|    loss                 | 2.95        |
|    n_updates            | 3190        |
|    policy_gradient_loss | 0.000283    |
|    std                  | 0.641       |
|    value_loss           | 76          |
-----------------------------------------
-----------------------------------------
| curriculum/             |             |
|    chase_probability    | 0.282       |
| rollout/                |             |
|    ep_len_mean          | 246         |
|    ep_rew_mean          | -10.1       |
| time/                   |             |
|    fps                  | 88          |
|    iterations           | 321         |
|    time_elapsed         | 22160       |
|    total_timesteps      | 1972224     |
| train/                  |             |
|    approx_kl            | 0.024915298 |
|    clip_fraction        | 0.339       |
|    clip_range           | 0.2         |
|    entropy_loss         | -3.78       |
|    explained_variance   | 0.431       |
|    learning_rate        | 0.0003      |
|    loss                 | 0.982       |
|    n_updates            | 3200        |
|    policy_gradient_loss | 0.0162      |
|    std                  | 0.637       |
|    value_loss           | 1.18e+03    |
-----------------------------------------
----------------------------------------
| rollout/                |            |
|    ep_len_mean          | 249        |
|    ep_rew_mean          | -168       |
| time/                   |            |
|    fps                  | 88         |
|    iterations           | 322        |
|    time_elapsed         | 22232      |
|    total_timesteps      | 1978368    |
| train/                  |            |
|    approx_kl            | 0.02777958 |
|    clip_fraction        | 0.296      |
|    clip_range           | 0.2        |
|    entropy_loss         | -3.76      |
|    explained_variance   | 0.555      |
|    learning_rate        | 0.0003     |
|    loss                 | 3.11e+04   |
|    n_updates            | 3210       |
|    policy_gradient_loss | 0.0156     |
|    std                  | 0.633      |
|    value_loss           | 6.67e+03   |
----------------------------------------
-----------------------------------------
| curriculum/             |             |
|    chase_probability    | 0.283       |
| rollout/                |             |
|    ep_len_mean          | 260         |
|    ep_rew_mean          | -340        |
| time/                   |             |
|    fps                  | 88          |
|    iterations           | 323         |
|    time_elapsed         | 22300       |
|    total_timesteps      | 1984512     |
| train/                  |             |
|    approx_kl            | 0.033566765 |
|    clip_fraction        | 0.329       |
|    clip_range           | 0.2         |
|    entropy_loss         | -3.74       |
|    explained_variance   | 0.713       |
|    learning_rate        | 0.0003      |
|    loss                 | 322         |
|    n_updates            | 3220        |
|    policy_gradient_loss | 0.0194      |
|    std                  | 0.63        |
|    value_loss           | 8.3e+03     |
-----------------------------------------
----------------------------------------
| rollout/                |            |
|    ep_len_mean          | 271        |
|    ep_rew_mean          | -516       |
| time/                   |            |
|    fps                  | 88         |
|    iterations           | 324        |
|    time_elapsed         | 22369      |
|    total_timesteps      | 1990656    |
| train/                  |            |
|    approx_kl            | 0.02235224 |
|    clip_fraction        | 0.364      |
|    clip_range           | 0.2        |
|    entropy_loss         | -3.73      |
|    explained_variance   | 0.71       |
|    learning_rate        | 0.0003     |
|    loss                 | 49.3       |
|    n_updates            | 3230       |
|    policy_gradient_loss | 0.0202     |
|    std                  | 0.631      |
|    value_loss           | 4.93e+03   |
----------------------------------------
----------------------------------------
| curriculum/             |            |
|    chase_probability    | 0.285      |
| rollout/                |            |
|    ep_len_mean          | 273        |
|    ep_rew_mean          | -514       |
| time/                   |            |
|    fps                  | 88         |
|    iterations           | 325        |
|    time_elapsed         | 22437      |
|    total_timesteps      | 1996800    |
| train/                  |            |
|    approx_kl            | 0.03581438 |
|    clip_fraction        | 0.269      |
|    clip_range           | 0.2        |
|    entropy_loss         | -3.71      |
|    explained_variance   | 0.713      |
|    learning_rate        | 0.0003     |
|    loss                 | 24.6       |
|    n_updates            | 3240       |
|    policy_gradient_loss | 0.0091     |
|    std                  | 0.623      |
|    value_loss           | 6.96e+03   |
----------------------------------------
Eval num_timesteps=1999680, episode_reward=-53.15 +/- 158.04
Episode length: 278.60 +/- 44.46
-----------------------------------------
| eval/                   |             |
|    mean_ep_length       | 279         |
|    mean_reward          | -53.1       |
| time/                   |             |
|    total_timesteps      | 1999680     |
| train/                  |             |
|    approx_kl            | 0.009353095 |
|    clip_fraction        | 0.131       |
|    clip_range           | 0.2         |
|    entropy_loss         | -3.69       |
|    explained_variance   | 0.697       |
|    learning_rate        | 0.0003      |
|    loss                 | 0.378       |
|    n_updates            | 3250        |
|    policy_gradient_loss | 7.74e-05    |
|    std                  | 0.623       |
|    value_loss           | 5.06e+03    |
-----------------------------------------
[progress] timestep 2000160
[episode ends] timestep 2000160: crashed=15 (8%), max_steps=3 (2%), missed_goal=122 (64%), scored=51 (27%)
-----------------------------------
| curriculum/          |          |
|    chase_probability | 0.286    |
| episode_end/         |          |
|    crashed           | 15       |
|    max_steps         | 3        |
|    missed_goal       | 122      |
|    scored            | 51       |
| rollout/             |          |
|    ep_len_mean       | 282      |
|    ep_rew_mean       | -546     |
| time/                |          |
|    fps               | 88       |
|    iterations        | 326      |
|    time_elapsed      | 22524    |
|    total_timesteps   | 2002944  |
-----------------------------------
------------------------------------------
| rollout/                |              |
|    ep_len_mean          | 281          |
|    ep_rew_mean          | -391         |
| time/                   |              |
|    fps                  | 88           |
|    iterations           | 327          |
|    time_elapsed         | 22590        |
|    total_timesteps      | 2009088      |
| train/                  |              |
|    approx_kl            | 0.0057991147 |
|    clip_fraction        | 0.029        |
|    clip_range           | 0.2          |
|    entropy_loss         | -3.69        |
|    explained_variance   | 0.691        |
|    learning_rate        | 0.0003       |
|    loss                 | 60           |
|    n_updates            | 3260         |
|    policy_gradient_loss | -0.00209     |
|    std                  | 0.623        |
|    value_loss           | 6.73e+03     |
------------------------------------------
-----------------------------------------
| curriculum/             |             |
|    chase_probability    | 0.287       |
| rollout/                |             |
|    ep_len_mean          | 288         |
|    ep_rew_mean          | -425        |
| time/                   |             |
|    fps                  | 88          |
|    iterations           | 328         |
|    time_elapsed         | 22656       |
|    total_timesteps      | 2015232     |
| train/                  |             |
|    approx_kl            | 0.006739342 |
|    clip_fraction        | 0.0235      |
|    clip_range           | 0.2         |
|    entropy_loss         | -3.69       |
|    explained_variance   | 0.652       |
|    learning_rate        | 0.0003      |
|    loss                 | 105         |
|    n_updates            | 3270        |
|    policy_gradient_loss | -0.00237    |
|    std                  | 0.623       |
|    value_loss           | 845         |
-----------------------------------------
-----------------------------------------
| rollout/                |             |
|    ep_len_mean          | 283         |
|    ep_rew_mean          | -251        |
| time/                   |             |
|    fps                  | 88          |
|    iterations           | 329         |
|    time_elapsed         | 22723       |
|    total_timesteps      | 2021376     |
| train/                  |             |
|    approx_kl            | 0.005228488 |
|    clip_fraction        | 0.0368      |
|    clip_range           | 0.2         |
|    entropy_loss         | -3.69       |
|    explained_variance   | 0.677       |
|    learning_rate        | 0.0003      |
|    loss                 | 97.9        |
|    n_updates            | 3280        |
|    policy_gradient_loss | -0.000906   |
|    std                  | 0.623       |
|    value_loss           | 939         |
-----------------------------------------
------------------------------------------
| curriculum/             |              |
|    chase_probability    | 0.289        |
| rollout/                |              |
|    ep_len_mean          | 292          |
|    ep_rew_mean          | -390         |
| time/                   |              |
|    fps                  | 88           |
|    iterations           | 330          |
|    time_elapsed         | 22793        |
|    total_timesteps      | 2027520      |
| train/                  |              |
|    approx_kl            | 0.0028995143 |
|    clip_fraction        | 0.00768      |
|    clip_range           | 0.2          |
|    entropy_loss         | -3.69        |
|    explained_variance   | 0.7          |
|    learning_rate        | 0.0003       |
|    loss                 | 19.5         |
|    n_updates            | 3290         |
|    policy_gradient_loss | -0.00181     |
|    std                  | 0.623        |
|    value_loss           | 5.67e+03     |
------------------------------------------
------------------------------------------
| curriculum/             |              |
|    chase_probability    | 0.29         |
| rollout/                |              |
|    ep_len_mean          | 286          |
|    ep_rew_mean          | -230         |
| time/                   |              |
|    fps                  | 88           |
|    iterations           | 331          |
|    time_elapsed         | 22863        |
|    total_timesteps      | 2033664      |
| train/                  |              |
|    approx_kl            | 0.0040030214 |
|    clip_fraction        | 0.0146       |
|    clip_range           | 0.2          |
|    entropy_loss         | -3.69        |
|    explained_variance   | 0.716        |
|    learning_rate        | 0.0003       |
|    loss                 | 15.8         |
|    n_updates            | 3300         |
|    policy_gradient_loss | -0.00221     |
|    std                  | 0.623        |
|    value_loss           | 4.45e+03     |
------------------------------------------
-----------------------------------------
| rollout/                |             |
|    ep_len_mean          | 280         |
|    ep_rew_mean          | -199        |
| time/                   |             |
|    fps                  | 88          |
|    iterations           | 332         |
|    time_elapsed         | 22925       |
|    total_timesteps      | 2039808     |
| train/                  |             |
|    approx_kl            | 0.005853284 |
|    clip_fraction        | 0.0364      |
|    clip_range           | 0.2         |
|    entropy_loss         | -3.69       |
|    explained_variance   | 0.716       |
|    learning_rate        | 0.0003      |
|    loss                 | 329         |
|    n_updates            | 3310        |
|    policy_gradient_loss | -0.00424    |
|    std                  | 0.623       |
|    value_loss           | 3.06e+03    |
-----------------------------------------
------------------------------------------
| curriculum/             |              |
|    chase_probability    | 0.292        |
| rollout/                |              |
|    ep_len_mean          | 287          |
|    ep_rew_mean          | -334         |
| time/                   |              |
|    fps                  | 88           |
|    iterations           | 333          |
|    time_elapsed         | 22993        |
|    total_timesteps      | 2045952      |
| train/                  |              |
|    approx_kl            | 0.0065993485 |
|    clip_fraction        | 0.0452       |
|    clip_range           | 0.2          |
|    entropy_loss         | -3.69        |
|    explained_variance   | 0.732        |
|    learning_rate        | 0.0003       |
|    loss                 | 502          |
|    n_updates            | 3320         |
|    policy_gradient_loss | -0.0044      |
|    std                  | 0.622        |
|    value_loss           | 6.79e+03     |
------------------------------------------
Eval num_timesteps=2049672, episode_reward=-751.51 +/- 2215.10
Episode length: 305.10 +/- 100.57
------------------------------------------
| eval/                   |              |
|    mean_ep_length       | 305          |
|    mean_reward          | -752         |
| time/                   |              |
|    total_timesteps      | 2049672      |
| train/                  |              |
|    approx_kl            | 0.0064045056 |
|    clip_fraction        | 0.0574       |
|    clip_range           | 0.2          |
|    entropy_loss         | -3.68        |
|    explained_variance   | 0.727        |
|    learning_rate        | 0.0003       |
|    loss                 | 230          |
|    n_updates            | 3330         |
|    policy_gradient_loss | -0.00512     |
|    std                  | 0.622        |
|    value_loss           | 759          |
------------------------------------------
[episode ends] timestep 2050164: crashed=19 (11%), max_steps=3 (2%), missed_goal=102 (58%), scored=52 (30%)
-----------------------------------
| curriculum/          |          |
|    chase_probability | 0.293    |
| episode_end/         |          |
|    crashed           | 19       |
|    max_steps         | 3        |
|    missed_goal       | 102      |
|    scored            | 52       |
| rollout/             |          |
|    ep_len_mean       | 285      |
|    ep_rew_mean       | -341     |
| time/                |          |
|    fps               | 88       |
|    iterations        | 334      |
|    time_elapsed      | 23082    |
|    total_timesteps   | 2052096  |
-----------------------------------
-----------------------------------------
| rollout/                |             |
|    ep_len_mean          | 278         |
|    ep_rew_mean          | -203        |
| time/                   |             |
|    fps                  | 88          |
|    iterations           | 335         |
|    time_elapsed         | 23154       |
|    total_timesteps      | 2058240     |
| train/                  |             |
|    approx_kl            | 0.013462738 |
|    clip_fraction        | 0.104       |
|    clip_range           | 0.2         |
|    entropy_loss         | -3.68       |
|    explained_variance   | 0.544       |
|    learning_rate        | 0.0003      |
|    loss                 | 209         |
|    n_updates            | 3340        |
|    policy_gradient_loss | 0.000597    |
|    std                  | 0.619       |
|    value_loss           | 604         |
-----------------------------------------
-----------------------------------------
| curriculum/             |             |
|    chase_probability    | 0.295       |
| rollout/                |             |
|    ep_len_mean          | 274         |
|    ep_rew_mean          | -210        |
| time/                   |             |
|    fps                  | 88          |
|    iterations           | 336         |
|    time_elapsed         | 23224       |
|    total_timesteps      | 2064384     |
| train/                  |             |
|    approx_kl            | 0.009917051 |
|    clip_fraction        | 0.102       |
|    clip_range           | 0.2         |
|    entropy_loss         | -3.67       |
|    explained_variance   | 0.681       |
|    learning_rate        | 0.0003      |
|    loss                 | 293         |
|    n_updates            | 3350        |
|    policy_gradient_loss | -0.00168    |
|    std                  | 0.618       |
|    value_loss           | 1.77e+03    |
-----------------------------------------
-----------------------------------------
| rollout/                |             |
|    ep_len_mean          | 282         |
|    ep_rew_mean          | -359        |
| time/                   |             |
|    fps                  | 88          |
|    iterations           | 337         |
|    time_elapsed         | 23294       |
|    total_timesteps      | 2070528     |
| train/                  |             |
|    approx_kl            | 0.018980585 |
|    clip_fraction        | 0.109       |
|    clip_range           | 0.2         |
|    entropy_loss         | -3.65       |
|    explained_variance   | 0.721       |
|    learning_rate        | 0.0003      |
|    loss                 | 2.31        |
|    n_updates            | 3360        |
|    policy_gradient_loss | -0.00018    |
|    std                  | 0.614       |
|    value_loss           | 1.22e+04    |
-----------------------------------------
-----------------------------------------
| curriculum/             |             |
|    chase_probability    | 0.296       |
| rollout/                |             |
|    ep_len_mean          | 278         |
|    ep_rew_mean          | -357        |
| time/                   |             |
|    fps                  | 88          |
|    iterations           | 338         |
|    time_elapsed         | 23362       |
|    total_timesteps      | 2076672     |
| train/                  |             |
|    approx_kl            | 0.010986615 |
|    clip_fraction        | 0.0836      |
|    clip_range           | 0.2         |
|    entropy_loss         | -3.64       |
|    explained_variance   | 0.518       |
|    learning_rate        | 0.0003      |
|    loss                 | 56.6        |
|    n_updates            | 3370        |
|    policy_gradient_loss | -0.00235    |
|    std                  | 0.614       |
|    value_loss           | 2.8e+03     |
-----------------------------------------
----------------------------------------
| curriculum/             |            |
|    chase_probability    | 0.297      |
| rollout/                |            |
|    ep_len_mean          | 271        |
|    ep_rew_mean          | -358       |
| time/                   |            |
|    fps                  | 88         |
|    iterations           | 339        |
|    time_elapsed         | 23433      |
|    total_timesteps      | 2082816    |
| train/                  |            |
|    approx_kl            | 0.06807875 |
|    clip_fraction        | 0.213      |
|    clip_range           | 0.2        |
|    entropy_loss         | -3.63      |
|    explained_variance   | 0.614      |
|    learning_rate        | 0.0003     |
|    loss                 | 0.609      |
|    n_updates            | 3380       |
|    policy_gradient_loss | 0.00688    |
|    std                  | 0.614      |
|    value_loss           | 327        |
----------------------------------------
-----------------------------------------
| rollout/                |             |
|    ep_len_mean          | 268         |
|    ep_rew_mean          | -354        |
| time/                   |             |
|    fps                  | 88          |
|    iterations           | 340         |
|    time_elapsed         | 23504       |
|    total_timesteps      | 2088960     |
| train/                  |             |
|    approx_kl            | 0.021045396 |
|    clip_fraction        | 0.242       |
|    clip_range           | 0.2         |
|    entropy_loss         | -3.64       |
|    explained_variance   | 0.693       |
|    learning_rate        | 0.0003      |
|    loss                 | 46          |
|    n_updates            | 3390        |
|    policy_gradient_loss | 0.00844     |
|    std                  | 0.616       |
|    value_loss           | 527         |
-----------------------------------------
----------------------------------------
| curriculum/             |            |
|    chase_probability    | 0.299      |
| rollout/                |            |
|    ep_len_mean          | 249        |
|    ep_rew_mean          | -57.6      |
| time/                   |            |
|    fps                  | 88         |
|    iterations           | 341        |
|    time_elapsed         | 23573      |
|    total_timesteps      | 2095104    |
| train/                  |            |
|    approx_kl            | 0.02537552 |
|    clip_fraction        | 0.201      |
|    clip_range           | 0.2        |
|    entropy_loss         | -3.64      |
|    explained_variance   | 0.755      |
|    learning_rate        | 0.0003     |
|    loss                 | 770        |
|    n_updates            | 3400       |
|    policy_gradient_loss | 0.00741    |
|    std                  | 0.615      |
|    value_loss           | 602        |
----------------------------------------
Eval num_timesteps=2099664, episode_reward=-1578.66 +/- 4705.85
Episode length: 334.40 +/- 224.01
----------------------------------------
| eval/                   |            |
|    mean_ep_length       | 334        |
|    mean_reward          | -1.58e+03  |
| time/                   |            |
|    total_timesteps      | 2099664    |
| train/                  |            |
|    approx_kl            | 0.07698224 |
|    clip_fraction        | 0.35       |
|    clip_range           | 0.2        |
|    entropy_loss         | -3.63      |
|    explained_variance   | 0.709      |
|    learning_rate        | 0.0003     |
|    loss                 | 91.5       |
|    n_updates            | 3410       |
|    policy_gradient_loss | 0.0265     |
|    std                  | 0.615      |
|    value_loss           | 277        |
----------------------------------------
[progress] timestep 2100168
[episode ends] timestep 2100168: crashed=22 (12%), max_steps=2 (1%), missed_goal=116 (62%), scored=48 (26%)
---------------------------------
| episode_end/       |          |
|    crashed         | 22       |
|    max_steps       | 2        |
|    missed_goal     | 116      |
|    scored          | 48       |
| rollout/           |          |
|    ep_len_mean     | 255      |
|    ep_rew_mean     | -53.2    |
| time/              |          |
|    fps             | 88       |
|    iterations      | 342      |
|    time_elapsed    | 23669    |
|    total_timesteps | 2101248  |
---------------------------------
-----------------------------------------
| curriculum/             |             |
|    chase_probability    | 0.3         |
| rollout/                |             |
|    ep_len_mean          | 255         |
|    ep_rew_mean          | -36.3       |
| time/                   |             |
|    fps                  | 88          |
|    iterations           | 343         |
|    time_elapsed         | 23741       |
|    total_timesteps      | 2107392     |
| train/                  |             |
|    approx_kl            | 0.020835899 |
|    clip_fraction        | 0.171       |
|    clip_range           | 0.2         |
|    entropy_loss         | -3.63       |
|    explained_variance   | 0.667       |
|    learning_rate        | 0.0003      |
|    loss                 | 1           |
|    n_updates            | 3420        |
|    policy_gradient_loss | 0.00377     |
|    std                  | 0.614       |
|    value_loss           | 311         |
-----------------------------------------
----------------------------------------
| curriculum/             |            |
|    chase_probability    | 0.302      |
| rollout/                |            |
|    ep_len_mean          | 257        |
|    ep_rew_mean          | -9.8       |
| time/                   |            |
|    fps                  | 88         |
|    iterations           | 344        |
|    time_elapsed         | 23810      |
|    total_timesteps      | 2113536    |
| train/                  |            |
|    approx_kl            | 0.01398236 |
|    clip_fraction        | 0.12       |
|    clip_range           | 0.2        |
|    entropy_loss         | -3.62      |
|    explained_variance   | 0.61       |
|    learning_rate        | 0.0003     |
|    loss                 | 34.1       |
|    n_updates            | 3430       |
|    policy_gradient_loss | 0.00163    |
|    std                  | 0.613      |
|    value_loss           | 184        |
----------------------------------------
-----------------------------------------
| rollout/                |             |
|    ep_len_mean          | 257         |
|    ep_rew_mean          | 6.98        |
| time/                   |             |
|    fps                  | 88          |
|    iterations           | 345         |
|    time_elapsed         | 23876       |
|    total_timesteps      | 2119680     |
| train/                  |             |
|    approx_kl            | 0.043532263 |
|    clip_fraction        | 0.212       |
|    clip_range           | 0.2         |
|    entropy_loss         | -3.62       |
|    explained_variance   | 0.619       |
|    learning_rate        | 0.0003      |
|    loss                 | 7.73        |
|    n_updates            | 3440        |
|    policy_gradient_loss | 0.00174     |
|    std                  | 0.611       |
|    value_loss           | 42.7        |
-----------------------------------------
----------------------------------------
| curriculum/             |            |
|    chase_probability    | 0.303      |
| rollout/                |            |
|    ep_len_mean          | 265        |
|    ep_rew_mean          | -7.25      |
| time/                   |            |
|    fps                  | 88         |
|    iterations           | 346        |
|    time_elapsed         | 23944      |
|    total_timesteps      | 2125824    |
| train/                  |            |
|    approx_kl            | 0.13369243 |
|    clip_fraction        | 0.424      |
|    clip_range           | 0.2        |
|    entropy_loss         | -3.61      |
|    explained_variance   | 0.522      |
|    learning_rate        | 0.0003     |
|    loss                 | 108        |
|    n_updates            | 3450       |
|    policy_gradient_loss | 0.0328     |
|    std                  | 0.61       |
|    value_loss           | 89.1       |
----------------------------------------
-----------------------------------------
| curriculum/             |             |
|    chase_probability    | 0.305       |
| rollout/                |             |
|    ep_len_mean          | 270         |
|    ep_rew_mean          | -2.92       |
| time/                   |             |
|    fps                  | 88          |
|    iterations           | 347         |
|    time_elapsed         | 24009       |
|    total_timesteps      | 2131968     |
| train/                  |             |
|    approx_kl            | 0.020905271 |
|    clip_fraction        | 0.165       |
|    clip_range           | 0.2         |
|    entropy_loss         | -3.62       |
|    explained_variance   | 0.631       |
|    learning_rate        | 0.0003      |
|    loss                 | 11.4        |
|    n_updates            | 3460        |
|    policy_gradient_loss | -0.000326   |
|    std                  | 0.613       |
|    value_loss           | 265         |
-----------------------------------------
-----------------------------------------
| rollout/                |             |
|    ep_len_mean          | 272         |
|    ep_rew_mean          | -18.1       |
| time/                   |             |
|    fps                  | 88          |
|    iterations           | 348         |
|    time_elapsed         | 24073       |
|    total_timesteps      | 2138112     |
| train/                  |             |
|    approx_kl            | 0.011122518 |
|    clip_fraction        | 0.148       |
|    clip_range           | 0.2         |
|    entropy_loss         | -3.63       |
|    explained_variance   | 0.462       |
|    learning_rate        | 0.0003      |
|    loss                 | 679         |
|    n_updates            | 3470        |
|    policy_gradient_loss | -0.000305   |
|    std                  | 0.612       |
|    value_loss           | 1.63e+03    |
-----------------------------------------
-----------------------------------------
| curriculum/             |             |
|    chase_probability    | 0.306       |
| rollout/                |             |
|    ep_len_mean          | 284         |
|    ep_rew_mean          | -194        |
| time/                   |             |
|    fps                  | 88          |
|    iterations           | 349         |
|    time_elapsed         | 24135       |
|    total_timesteps      | 2144256     |
| train/                  |             |
|    approx_kl            | 0.025979808 |
|    clip_fraction        | 0.209       |
|    clip_range           | 0.2         |
|    entropy_loss         | -3.63       |
|    explained_variance   | 0.625       |
|    learning_rate        | 0.0003      |
|    loss                 | 2.6         |
|    n_updates            | 3480        |
|    policy_gradient_loss | 0.00676     |
|    std                  | 0.615       |
|    value_loss           | 5.45e+03    |
-----------------------------------------
Eval num_timesteps=2149656, episode_reward=-1832.50 +/- 4622.31
Episode length: 339.90 +/- 225.45
-----------------------------------------
| eval/                   |             |
|    mean_ep_length       | 340         |
|    mean_reward          | -1.83e+03   |
| time/                   |             |
|    total_timesteps      | 2149656     |
| train/                  |             |
|    approx_kl            | 0.010020573 |
|    clip_fraction        | 0.103       |
|    clip_range           | 0.2         |
|    entropy_loss         | -3.64       |
|    explained_variance   | 0.756       |
|    learning_rate        | 0.0003      |
|    loss                 | 1.3e+04     |
|    n_updates            | 3490        |
|    policy_gradient_loss | -0.00317    |
|    std                  | 0.614       |
|    value_loss           | 1.58e+03    |
-----------------------------------------
[episode ends] timestep 2150172: crashed=8 (4%), max_steps=1 (1%), missed_goal=113 (61%), scored=62 (34%)
---------------------------------
| episode_end/       |          |
|    crashed         | 8        |
|    max_steps       | 1        |
|    missed_goal     | 113      |
|    scored          | 62       |
| rollout/           |          |
|    ep_len_mean     | 282      |
|    ep_rew_mean     | -205     |
| time/              |          |
|    fps             | 88       |
|    iterations      | 350      |
|    time_elapsed    | 24231    |
|    total_timesteps | 2150400  |
---------------------------------
-----------------------------------------
| curriculum/             |             |
|    chase_probability    | 0.307       |
| rollout/                |             |
|    ep_len_mean          | 274         |
|    ep_rew_mean          | -191        |
| time/                   |             |
|    fps                  | 88          |
|    iterations           | 351         |
|    time_elapsed         | 24297       |
|    total_timesteps      | 2156544     |
| train/                  |             |
|    approx_kl            | 0.008969756 |
|    clip_fraction        | 0.106       |
|    clip_range           | 0.2         |
|    entropy_loss         | -3.63       |
|    explained_variance   | 0.421       |
|    learning_rate        | 0.0003      |
|    loss                 | 0.363       |
|    n_updates            | 3500        |
|    policy_gradient_loss | -0.00176    |
|    std                  | 0.614       |
|    value_loss           | 403         |
-----------------------------------------
------------------------------------------
| curriculum/             |              |
|    chase_probability    | 0.309        |
| rollout/                |              |
|    ep_len_mean          | 285          |
|    ep_rew_mean          | -345         |
| time/                   |              |
|    fps                  | 88           |
|    iterations           | 352          |
|    time_elapsed         | 24360        |
|    total_timesteps      | 2162688      |
| train/                  |              |
|    approx_kl            | 0.0133613525 |
|    clip_fraction        | 0.126        |
|    clip_range           | 0.2          |
|    entropy_loss         | -3.63        |
|    explained_variance   | 0.742        |
|    learning_rate        | 0.0003       |
|    loss                 | 122          |
|    n_updates            | 3510         |
|    policy_gradient_loss | -0.00312     |
|    std                  | 0.612        |
|    value_loss           | 4.81e+03     |
------------------------------------------
-----------------------------------------
| rollout/                |             |
|    ep_len_mean          | 275         |
|    ep_rew_mean          | -186        |
| time/                   |             |
|    fps                  | 88          |
|    iterations           | 353         |
|    time_elapsed         | 24424       |
|    total_timesteps      | 2168832     |
| train/                  |             |
|    approx_kl            | 0.010254638 |
|    clip_fraction        | 0.12        |
|    clip_range           | 0.2         |
|    entropy_loss         | -3.62       |
|    explained_variance   | 0.727       |
|    learning_rate        | 0.0003      |
|    loss                 | 7.53        |
|    n_updates            | 3520        |
|    policy_gradient_loss | -0.00243    |
|    std                  | 0.612       |
|    value_loss           | 5.32e+03    |
-----------------------------------------
-----------------------------------------
| curriculum/             |             |
|    chase_probability    | 0.31        |
| rollout/                |             |
|    ep_len_mean          | 274         |
|    ep_rew_mean          | -176        |
| time/                   |             |
|    fps                  | 88          |
|    iterations           | 354         |
|    time_elapsed         | 24497       |
|    total_timesteps      | 2174976     |
| train/                  |             |
|    approx_kl            | 0.011146042 |
|    clip_fraction        | 0.108       |
|    clip_range           | 0.2         |
|    entropy_loss         | -3.62       |
|    explained_variance   | 0.41        |
|    learning_rate        | 0.0003      |
|    loss                 | 1.27        |
|    n_updates            | 3530        |
|    policy_gradient_loss | -0.00586    |
|    std                  | 0.611       |
|    value_loss           | 254         |
-----------------------------------------
-----------------------------------------
| rollout/                |             |
|    ep_len_mean          | 272         |
|    ep_rew_mean          | -184        |
| time/                   |             |
|    fps                  | 88          |
|    iterations           | 355         |
|    time_elapsed         | 24564       |
|    total_timesteps      | 2181120     |
| train/                  |             |
|    approx_kl            | 0.014071907 |
|    clip_fraction        | 0.151       |
|    clip_range           | 0.2         |
|    entropy_loss         | -3.61       |
|    explained_variance   | 0.654       |
|    learning_rate        | 0.0003      |
|    loss                 | 7.06        |
|    n_updates            | 3540        |
|    policy_gradient_loss | -0.000255   |
|    std                  | 0.612       |
|    value_loss           | 94.9        |
-----------------------------------------
----------------------------------------
| curriculum/             |            |
|    chase_probability    | 0.312      |
| rollout/                |            |
|    ep_len_mean          | 275        |
|    ep_rew_mean          | -279       |
| time/                   |            |
|    fps                  | 88         |
|    iterations           | 356        |
|    time_elapsed         | 24629      |
|    total_timesteps      | 2187264    |
| train/                  |            |
|    approx_kl            | 0.02375226 |
|    clip_fraction        | 0.157      |
|    clip_range           | 0.2        |
|    entropy_loss         | -3.62      |
|    explained_variance   | 0.69       |
|    learning_rate        | 0.0003     |
|    loss                 | 0.97       |
|    n_updates            | 3550       |
|    policy_gradient_loss | 0.00189    |
|    std                  | 0.611      |
|    value_loss           | 3.38e+03   |
----------------------------------------
------------------------------------------
| curriculum/             |              |
|    chase_probability    | 0.313        |
| rollout/                |              |
|    ep_len_mean          | 265          |
|    ep_rew_mean          | -127         |
| time/                   |              |
|    fps                  | 88           |
|    iterations           | 357          |
|    time_elapsed         | 24696        |
|    total_timesteps      | 2193408      |
| train/                  |              |
|    approx_kl            | 0.0155340545 |
|    clip_fraction        | 0.178        |
|    clip_range           | 0.2          |
|    entropy_loss         | -3.62        |
|    explained_variance   | 0.72         |
|    learning_rate        | 0.0003       |
|    loss                 | 0.884        |
|    n_updates            | 3560         |
|    policy_gradient_loss | -0.000809    |
|    std                  | 0.613        |
|    value_loss           | 3.12e+03     |
------------------------------------------
------------------------------------------
| rollout/                |              |
|    ep_len_mean          | 263          |
|    ep_rew_mean          | -115         |
| time/                   |              |
|    fps                  | 88           |
|    iterations           | 358          |
|    time_elapsed         | 24768        |
|    total_timesteps      | 2199552      |
| train/                  |              |
|    approx_kl            | 0.0083854655 |
|    clip_fraction        | 0.0819       |
|    clip_range           | 0.2          |
|    entropy_loss         | -3.63        |
|    explained_variance   | 0.742        |
|    learning_rate        | 0.0003       |
|    loss                 | 1.32e+03     |
|    n_updates            | 3570         |
|    policy_gradient_loss | -0.00425     |
|    std                  | 0.613        |
|    value_loss           | 163          |
------------------------------------------
Eval num_timesteps=2199648, episode_reward=-70.74 +/- 192.16
Episode length: 258.30 +/- 24.69
-----------------------------------------
| eval/                   |             |
|    mean_ep_length       | 258         |
|    mean_reward          | -70.7       |
| time/                   |             |
|    total_timesteps      | 2199648     |
| train/                  |             |
|    approx_kl            | 0.029943055 |
|    clip_fraction        | 0.242       |
|    clip_range           | 0.2         |
|    entropy_loss         | -3.61       |
|    explained_variance   | 0.74        |
|    learning_rate        | 0.0003      |
|    loss                 | 2.58        |
|    n_updates            | 3580        |
|    policy_gradient_loss | 0.00418     |
|    std                  | 0.61        |
|    value_loss           | 6.41e+03    |
-----------------------------------------
[progress] timestep 2200176
[episode ends] timestep 2200176: crashed=8 (4%), max_steps=1 (1%), missed_goal=112 (60%), scored=65 (35%)
-----------------------------------
| curriculum/          |          |
|    chase_probability | 0.315    |
| episode_end/         |          |
|    crashed           | 8        |
|    max_steps         | 1        |
|    missed_goal       | 112      |
|    scored            | 65       |
| rollout/             |          |
|    ep_len_mean       | 268      |
|    ep_rew_mean       | -255     |
| time/                |          |
|    fps               | 88       |
|    iterations        | 359      |
|    time_elapsed      | 24852    |
|    total_timesteps   | 2205696  |
-----------------------------------
-----------------------------------------
| curriculum/             |             |
|    chase_probability    | 0.316       |
| rollout/                |             |
|    ep_len_mean          | 260         |
|    ep_rew_mean          | -160        |
| time/                   |             |
|    fps                  | 88          |
|    iterations           | 360         |
|    time_elapsed         | 24921       |
|    total_timesteps      | 2211840     |
| train/                  |             |
|    approx_kl            | 0.020209925 |
|    clip_fraction        | 0.224       |
|    clip_range           | 0.2         |
|    entropy_loss         | -3.62       |
|    explained_variance   | 0.763       |
|    learning_rate        | 0.0003      |
|    loss                 | 0.344       |
|    n_updates            | 3590        |
|    policy_gradient_loss | 0.00344     |
|    std                  | 0.613       |
|    value_loss           | 3.14e+03    |
-----------------------------------------
-----------------------------------------
| rollout/                |             |
|    ep_len_mean          | 259         |
|    ep_rew_mean          | -164        |
| time/                   |             |
|    fps                  | 88          |
|    iterations           | 361         |
|    time_elapsed         | 24989       |
|    total_timesteps      | 2217984     |
| train/                  |             |
|    approx_kl            | 0.023446416 |
|    clip_fraction        | 0.205       |
|    clip_range           | 0.2         |
|    entropy_loss         | -3.63       |
|    explained_variance   | 0.477       |
|    learning_rate        | 0.0003      |
|    loss                 | 45          |
|    n_updates            | 3600        |
|    policy_gradient_loss | 0.00246     |
|    std                  | 0.614       |
|    value_loss           | 873         |
-----------------------------------------
-----------------------------------------
| curriculum/             |             |
|    chase_probability    | 0.317       |
| rollout/                |             |
|    ep_len_mean          | 259         |
|    ep_rew_mean          | -168        |
| time/                   |             |
|    fps                  | 88          |
|    iterations           | 362         |
|    time_elapsed         | 25058       |
|    total_timesteps      | 2224128     |
| train/                  |             |
|    approx_kl            | 0.019242404 |
|    clip_fraction        | 0.23        |
|    clip_range           | 0.2         |
|    entropy_loss         | -3.63       |
|    explained_variance   | 0.592       |
|    learning_rate        | 0.0003      |
|    loss                 | 2.83        |
|    n_updates            | 3610        |
|    policy_gradient_loss | 0.00434     |
|    std                  | 0.612       |
|    value_loss           | 106         |
-----------------------------------------
-----------------------------------------
| rollout/                |             |
|    ep_len_mean          | 254         |
|    ep_rew_mean          | -40         |
| time/                   |             |
|    fps                  | 88          |
|    iterations           | 363         |
|    time_elapsed         | 25125       |
|    total_timesteps      | 2230272     |
| train/                  |             |
|    approx_kl            | 0.014778554 |
|    clip_fraction        | 0.175       |
|    clip_range           | 0.2         |
|    entropy_loss         | -3.63       |
|    explained_variance   | 0.566       |
|    learning_rate        | 0.0003      |
|    loss                 | 7.69        |
|    n_updates            | 3620        |
|    policy_gradient_loss | 0.0018      |
|    std                  | 0.614       |
|    value_loss           | 405         |
-----------------------------------------
----------------------------------------
| curriculum/             |            |
|    chase_probability    | 0.319      |
| rollout/                |            |
|    ep_len_mean          | 254        |
|    ep_rew_mean          | -40.6      |
| time/                   |            |
|    fps                  | 88         |
|    iterations           | 364        |
|    time_elapsed         | 25191      |
|    total_timesteps      | 2236416    |
| train/                  |            |
|    approx_kl            | 0.06597571 |
|    clip_fraction        | 0.298      |
|    clip_range           | 0.2        |
|    entropy_loss         | -3.61      |
|    explained_variance   | 0.493      |
|    learning_rate        | 0.0003     |
|    loss                 | 1.58       |
|    n_updates            | 3630       |
|    policy_gradient_loss | 0.0137     |
|    std                  | 0.609      |
|    value_loss           | 669        |
----------------------------------------
-----------------------------------------
| curriculum/             |             |
|    chase_probability    | 0.32        |
| rollout/                |             |
|    ep_len_mean          | 249         |
|    ep_rew_mean          | -32.8       |
| time/                   |             |
|    fps                  | 88          |
|    iterations           | 365         |
|    time_elapsed         | 25257       |
|    total_timesteps      | 2242560     |
| train/                  |             |
|    approx_kl            | 0.022632433 |
|    clip_fraction        | 0.225       |
|    clip_range           | 0.2         |
|    entropy_loss         | -3.61       |
|    explained_variance   | 0.739       |
|    learning_rate        | 0.0003      |
|    loss                 | 1.04        |
|    n_updates            | 3640        |
|    policy_gradient_loss | 0.00176     |
|    std                  | 0.609       |
|    value_loss           | 102         |
-----------------------------------------
-----------------------------------------
| rollout/                |             |
|    ep_len_mean          | 249         |
|    ep_rew_mean          | -40.8       |
| time/                   |             |
|    fps                  | 88          |
|    iterations           | 366         |
|    time_elapsed         | 25320       |
|    total_timesteps      | 2248704     |
| train/                  |             |
|    approx_kl            | 0.026232153 |
|    clip_fraction        | 0.189       |
|    clip_range           | 0.2         |
|    entropy_loss         | -3.59       |
|    explained_variance   | 0.411       |
|    learning_rate        | 0.0003      |
|    loss                 | 0.34        |
|    n_updates            | 3650        |
|    policy_gradient_loss | -0.00112    |
|    std                  | 0.604       |
|    value_loss           | 149         |
-----------------------------------------
Eval num_timesteps=2249640, episode_reward=-5.05 +/- 79.58
Episode length: 241.90 +/- 17.63
----------------------------------------
| eval/                   |            |
|    mean_ep_length       | 242        |
|    mean_reward          | -5.05      |
| time/                   |            |
|    total_timesteps      | 2249640    |
| train/                  |            |
|    approx_kl            | 0.02838184 |
|    clip_fraction        | 0.278      |
|    clip_range           | 0.2        |
|    entropy_loss         | -3.57      |
|    explained_variance   | 0.816      |
|    learning_rate        | 0.0003     |
|    loss                 | 0.211      |
|    n_updates            | 3660       |
|    policy_gradient_loss | 0.00717    |
|    std                  | 0.605      |
|    value_loss           | 217        |
----------------------------------------
[episode ends] timestep 2250180: crashed=11 (6%), max_steps=1 (1%), missed_goal=129 (65%), scored=57 (29%)
-----------------------------------
| curriculum/          |          |
|    chase_probability | 0.322    |
| episode_end/         |          |
|    crashed           | 11       |
|    max_steps         | 1        |
|    missed_goal       | 129      |
|    scored            | 57       |
| rollout/             |          |
|    ep_len_mean       | 243      |
|    ep_rew_mean       | -16.5    |
| time/                |          |
|    fps               | 88       |
|    iterations        | 367      |
|    time_elapsed      | 25409    |
|    total_timesteps   | 2254848  |
-----------------------------------
-----------------------------------------
| rollout/                |             |
|    ep_len_mean          | 243         |
|    ep_rew_mean          | -12.1       |
| time/                   |             |
|    fps                  | 88          |
|    iterations           | 368         |
|    time_elapsed         | 25477       |
|    total_timesteps      | 2260992     |
| train/                  |             |
|    approx_kl            | 0.018778123 |
|    clip_fraction        | 0.277       |
|    clip_range           | 0.2         |
|    entropy_loss         | -3.57       |
|    explained_variance   | 0.634       |
|    learning_rate        | 0.0003      |
|    loss                 | 0.218       |
|    n_updates            | 3670        |
|    policy_gradient_loss | 0.00865     |
|    std                  | 0.605       |
|    value_loss           | 140         |
-----------------------------------------
---------------------------------------
| curriculum/             |           |
|    chase_probability    | 0.323     |
| rollout/                |           |
|    ep_len_mean          | 245       |
|    ep_rew_mean          | -8.66     |
| time/                   |           |
|    fps                  | 88        |
|    iterations           | 369       |
|    time_elapsed         | 25542     |
|    total_timesteps      | 2267136   |
| train/                  |           |
|    approx_kl            | 0.0280753 |
|    clip_fraction        | 0.325     |
|    clip_range           | 0.2       |
|    entropy_loss         | -3.58     |
|    explained_variance   | 0.889     |
|    learning_rate        | 0.0003    |
|    loss                 | 0.883     |
|    n_updates            | 3680      |
|    policy_gradient_loss | 0.00815   |
|    std                  | 0.606     |
|    value_loss           | 169       |
---------------------------------------
-----------------------------------------
| curriculum/             |             |
|    chase_probability    | 0.325       |
| rollout/                |             |
|    ep_len_mean          | 246         |
|    ep_rew_mean          | -31.4       |
| time/                   |             |
|    fps                  | 88          |
|    iterations           | 370         |
|    time_elapsed         | 25611       |
|    total_timesteps      | 2273280     |
| train/                  |             |
|    approx_kl            | 0.014625765 |
|    clip_fraction        | 0.237       |
|    clip_range           | 0.2         |
|    entropy_loss         | -3.58       |
|    explained_variance   | 0.775       |
|    learning_rate        | 0.0003      |
|    loss                 | 1.02        |
|    n_updates            | 3690        |
|    policy_gradient_loss | 0.00336     |
|    std                  | 0.604       |
|    value_loss           | 437         |
-----------------------------------------
----------------------------------------
| rollout/                |            |
|    ep_len_mean          | 251        |
|    ep_rew_mean          | -34.4      |
| time/                   |            |
|    fps                  | 88         |
|    iterations           | 371        |
|    time_elapsed         | 25683      |
|    total_timesteps      | 2279424    |
| train/                  |            |
|    approx_kl            | 0.04190952 |
|    clip_fraction        | 0.23       |
|    clip_range           | 0.2        |
|    entropy_loss         | -3.57      |
|    explained_variance   | 0.606      |
|    learning_rate        | 0.0003     |
|    loss                 | 251        |
|    n_updates            | 3700       |
|    policy_gradient_loss | 0.00528    |
|    std                  | 0.604      |
|    value_loss           | 756        |
----------------------------------------
-----------------------------------------
| curriculum/             |             |
|    chase_probability    | 0.326       |
| rollout/                |             |
|    ep_len_mean          | 256         |
|    ep_rew_mean          | -47.5       |
| time/                   |             |
|    fps                  | 88          |
|    iterations           | 372         |
|    time_elapsed         | 25757       |
|    total_timesteps      | 2285568     |
| train/                  |             |
|    approx_kl            | 0.007659918 |
|    clip_fraction        | 0.0981      |
|    clip_range           | 0.2         |
|    entropy_loss         | -3.57       |
|    explained_variance   | 0.567       |
|    learning_rate        | 0.0003      |
|    loss                 | 0.728       |
|    n_updates            | 3710        |
|    policy_gradient_loss | -0.00152    |
|    std                  | 0.604       |
|    value_loss           | 977         |
-----------------------------------------
------------------------------------------
| rollout/                |              |
|    ep_len_mean          | 258          |
|    ep_rew_mean          | -45.9        |
| time/                   |              |
|    fps                  | 88           |
|    iterations           | 373          |
|    time_elapsed         | 25831        |
|    total_timesteps      | 2291712      |
| train/                  |              |
|    approx_kl            | 0.0130785005 |
|    clip_fraction        | 0.161        |
|    clip_range           | 0.2          |
|    entropy_loss         | -3.58        |
|    explained_variance   | 0.78         |
|    learning_rate        | 0.0003       |
|    loss                 | 239          |
|    n_updates            | 3720         |
|    policy_gradient_loss | -0.00218     |
|    std                  | 0.604        |
|    value_loss           | 1.49e+03     |
------------------------------------------
-----------------------------------------
| curriculum/             |             |
|    chase_probability    | 0.327       |
| rollout/                |             |
|    ep_len_mean          | 263         |
|    ep_rew_mean          | -182        |
| time/                   |             |
|    fps                  | 88          |
|    iterations           | 374         |
|    time_elapsed         | 25900       |
|    total_timesteps      | 2297856     |
| train/                  |             |
|    approx_kl            | 0.023123858 |
|    clip_fraction        | 0.154       |
|    clip_range           | 0.2         |
|    entropy_loss         | -3.58       |
|    explained_variance   | 0.763       |
|    learning_rate        | 0.0003      |
|    loss                 | 0.809       |
|    n_updates            | 3730        |
|    policy_gradient_loss | -0.00105    |
|    std                  | 0.605       |
|    value_loss           | 6.5e+03     |
-----------------------------------------
Eval num_timesteps=2299632, episode_reward=-34.26 +/- 116.61
Episode length: 261.30 +/- 32.62
-----------------------------------------
| eval/                   |             |
|    mean_ep_length       | 261         |
|    mean_reward          | -34.3       |
| time/                   |             |
|    total_timesteps      | 2299632     |
| train/                  |             |
|    approx_kl            | 0.016825957 |
|    clip_fraction        | 0.183       |
|    clip_range           | 0.2         |
|    entropy_loss         | -3.58       |
|    explained_variance   | 0.759       |
|    learning_rate        | 0.0003      |
|    loss                 | 1.14        |
|    n_updates            | 3740        |
|    policy_gradient_loss | -0.000337   |
|    std                  | 0.603       |
|    value_loss           | 2.46e+03    |
-----------------------------------------
[progress] timestep 2300184
[episode ends] timestep 2300184: crashed=5 (3%), max_steps=1 (1%), missed_goal=118 (60%), scored=73 (37%)
-----------------------------------
| curriculum/          |          |
|    chase_probability | 0.329    |
| episode_end/         |          |
|    crashed           | 5        |
|    max_steps         | 1        |
|    missed_goal       | 118      |
|    scored            | 73       |
| rollout/             |          |
|    ep_len_mean       | 260      |
|    ep_rew_mean       | -178     |
| time/                |          |
|    fps               | 88       |
|    iterations        | 375      |
|    time_elapsed      | 25994    |
|    total_timesteps   | 2304000  |
-----------------------------------
-----------------------------------------
| rollout/                |             |
|    ep_len_mean          | 262         |
|    ep_rew_mean          | -182        |
| time/                   |             |
|    fps                  | 88          |
|    iterations           | 376         |
|    time_elapsed         | 26062       |
|    total_timesteps      | 2310144     |
| train/                  |             |
|    approx_kl            | 0.017383501 |
|    clip_fraction        | 0.205       |
|    clip_range           | 0.2         |
|    entropy_loss         | -3.57       |
|    explained_variance   | 0.681       |
|    learning_rate        | 0.0003      |
|    loss                 | 28.8        |
|    n_updates            | 3750        |
|    policy_gradient_loss | 0.00307     |
|    std                  | 0.603       |
|    value_loss           | 656         |
-----------------------------------------
-----------------------------------------
| curriculum/             |             |
|    chase_probability    | 0.33        |
| rollout/                |             |
|    ep_len_mean          | 269         |
|    ep_rew_mean          | -197        |
| time/                   |             |
|    fps                  | 88          |
|    iterations           | 377         |
|    time_elapsed         | 26132       |
|    total_timesteps      | 2316288     |
| train/                  |             |
|    approx_kl            | 0.011845835 |
|    clip_fraction        | 0.106       |
|    clip_range           | 0.2         |
|    entropy_loss         | -3.57       |
|    explained_variance   | 0.702       |
|    learning_rate        | 0.0003      |
|    loss                 | 6.03        |
|    n_updates            | 3760        |
|    policy_gradient_loss | -0.00197    |
|    std                  | 0.602       |
|    value_loss           | 1.01e+03    |
-----------------------------------------
-----------------------------------------
| curriculum/             |             |
|    chase_probability    | 0.332       |
| rollout/                |             |
|    ep_len_mean          | 268         |
|    ep_rew_mean          | -32.9       |
| time/                   |             |
|    fps                  | 88          |
|    iterations           | 378         |
|    time_elapsed         | 26203       |
|    total_timesteps      | 2322432     |
| train/                  |             |
|    approx_kl            | 0.014302698 |
|    clip_fraction        | 0.148       |
|    clip_range           | 0.2         |
|    entropy_loss         | -3.57       |
|    explained_variance   | 0.568       |
|    learning_rate        | 0.0003      |
|    loss                 | 23.5        |
|    n_updates            | 3770        |
|    policy_gradient_loss | 0.00196     |
|    std                  | 0.602       |
|    value_loss           | 603         |
-----------------------------------------
-----------------------------------------
| rollout/                |             |
|    ep_len_mean          | 278         |
|    ep_rew_mean          | -188        |
| time/                   |             |
|    fps                  | 88          |
|    iterations           | 379         |
|    time_elapsed         | 26263       |
|    total_timesteps      | 2328576     |
| train/                  |             |
|    approx_kl            | 0.011757514 |
|    clip_fraction        | 0.109       |
|    clip_range           | 0.2         |
|    entropy_loss         | -3.57       |
|    explained_variance   | 0.749       |
|    learning_rate        | 0.0003      |
|    loss                 | 1.26e+04    |
|    n_updates            | 3780        |
|    policy_gradient_loss | -0.000741   |
|    std                  | 0.603       |
|    value_loss           | 7.78e+03    |
-----------------------------------------
----------------------------------------
| curriculum/             |            |
|    chase_probability    | 0.333      |
| rollout/                |            |
|    ep_len_mean          | 307        |
|    ep_rew_mean          | -682       |
| time/                   |            |
|    fps                  | 88         |
|    iterations           | 380        |
|    time_elapsed         | 26320      |
|    total_timesteps      | 2334720    |
| train/                  |            |
|    approx_kl            | 0.00913657 |
|    clip_fraction        | 0.0648     |
|    clip_range           | 0.2        |
|    entropy_loss         | -3.57      |
|    explained_variance   | 0.766      |
|    learning_rate        | 0.0003     |
|    loss                 | 2.98e+04   |
|    n_updates            | 3790       |
|    policy_gradient_loss | -0.00132   |
|    std                  | 0.603      |
|    value_loss           | 2.37e+04   |
----------------------------------------
-----------------------------------------
| rollout/                |             |
|    ep_len_mean          | 304         |
|    ep_rew_mean          | -659        |
| time/                   |             |
|    fps                  | 88          |
|    iterations           | 381         |
|    time_elapsed         | 26382       |
|    total_timesteps      | 2340864     |
| train/                  |             |
|    approx_kl            | 0.008670604 |
|    clip_fraction        | 0.0753      |
|    clip_range           | 0.2         |
|    entropy_loss         | -3.57       |
|    explained_variance   | 0.764       |
|    learning_rate        | 0.0003      |
|    loss                 | 1.48        |
|    n_updates            | 3800        |
|    policy_gradient_loss | -0.00151    |
|    std                  | 0.602       |
|    value_loss           | 9.96e+03    |
-----------------------------------------
-----------------------------------------
| curriculum/             |             |
|    chase_probability    | 0.335       |
| rollout/                |             |
|    ep_len_mean          | 311         |
|    ep_rew_mean          | -816        |
| time/                   |             |
|    fps                  | 88          |
|    iterations           | 382         |
|    time_elapsed         | 26445       |
|    total_timesteps      | 2347008     |
| train/                  |             |
|    approx_kl            | 0.004537312 |
|    clip_fraction        | 0.0196      |
|    clip_range           | 0.2         |
|    entropy_loss         | -3.57       |
|    explained_variance   | 0.763       |
|    learning_rate        | 0.0003      |
|    loss                 | 241         |
|    n_updates            | 3810        |
|    policy_gradient_loss | -0.00171    |
|    std                  | 0.602       |
|    value_loss           | 8.31e+03    |
-----------------------------------------
Eval num_timesteps=2349624, episode_reward=33.06 +/- 32.39
Episode length: 264.50 +/- 38.58
------------------------------------------
| eval/                   |              |
|    mean_ep_length       | 264          |
|    mean_reward          | 33.1         |
| time/                   |              |
|    total_timesteps      | 2349624      |
| train/                  |              |
|    approx_kl            | 0.0073363916 |
|    clip_fraction        | 0.0305       |
|    clip_range           | 0.2          |
|    entropy_loss         | -3.57        |
|    explained_variance   | 0.772        |
|    learning_rate        | 0.0003       |
|    loss                 | 9.87         |
|    n_updates            | 3820         |
|    policy_gradient_loss | -0.00341     |
|    std                  | 0.602        |
|    value_loss           | 8.92e+03     |
------------------------------------------
New best mean reward!
[episode ends] timestep 2350188: crashed=2 (1%), max_steps=6 (4%), missed_goal=80 (48%), scored=80 (48%)
-----------------------------------
| curriculum/          |          |
|    chase_probability | 0.336    |
| episode_end/         |          |
|    crashed           | 2        |
|    max_steps         | 6        |
|    missed_goal       | 80       |
|    scored            | 80       |
| rollout/             |          |
|    ep_len_mean       | 315      |
|    ep_rew_mean       | -969     |
| time/                |          |
|    fps               | 88       |
|    iterations        | 383      |
|    time_elapsed      | 26531    |
|    total_timesteps   | 2353152  |
-----------------------------------
-----------------------------------------
| rollout/                |             |
|    ep_len_mean          | 290         |
|    ep_rew_mean          | -472        |
| time/                   |             |
|    fps                  | 88          |
|    iterations           | 384         |
|    time_elapsed         | 26594       |
|    total_timesteps      | 2359296     |
| train/                  |             |
|    approx_kl            | 0.012339882 |
|    clip_fraction        | 0.0878      |
|    clip_range           | 0.2         |
|    entropy_loss         | -3.56       |
|    explained_variance   | 0.784       |
|    learning_rate        | 0.0003      |
|    loss                 | 25.2        |
|    n_updates            | 3830        |
|    policy_gradient_loss | -0.00558    |
|    std                  | 0.601       |
|    value_loss           | 1.56e+03    |
-----------------------------------------
-----------------------------------------
| curriculum/             |             |
|    chase_probability    | 0.337       |
| rollout/                |             |
|    ep_len_mean          | 283         |
|    ep_rew_mean          | -305        |
| time/                   |             |
|    fps                  | 88          |
|    iterations           | 385         |
|    time_elapsed         | 26660       |
|    total_timesteps      | 2365440     |
| train/                  |             |
|    approx_kl            | 0.024375996 |
|    clip_fraction        | 0.124       |
|    clip_range           | 0.2         |
|    entropy_loss         | -3.56       |
|    explained_variance   | 0.755       |
|    learning_rate        | 0.0003      |
|    loss                 | 3.22        |
|    n_updates            | 3840        |
|    policy_gradient_loss | -0.00188    |
|    std                  | 0.601       |
|    value_loss           | 119         |
-----------------------------------------
-----------------------------------------
| rollout/                |             |
|    ep_len_mean          | 290         |
|    ep_rew_mean          | -459        |
| time/                   |             |
|    fps                  | 88          |
|    iterations           | 386         |
|    time_elapsed         | 26721       |
|    total_timesteps      | 2371584     |
| train/                  |             |
|    approx_kl            | 0.015941799 |
|    clip_fraction        | 0.15        |
|    clip_range           | 0.2         |
|    entropy_loss         | -3.55       |
|    explained_variance   | 0.705       |
|    learning_rate        | 0.0003      |
|    loss                 | 2.11        |
|    n_updates            | 3850        |
|    policy_gradient_loss | 0.00382     |
|    std                  | 0.599       |
|    value_loss           | 6.02e+03    |
-----------------------------------------
-----------------------------------------
| curriculum/             |             |
|    chase_probability    | 0.339       |
| rollout/                |             |
|    ep_len_mean          | 290         |
|    ep_rew_mean          | -437        |
| time/                   |             |
|    fps                  | 88          |
|    iterations           | 387         |
|    time_elapsed         | 26782       |
|    total_timesteps      | 2377728     |
| train/                  |             |
|    approx_kl            | 0.006929584 |
|    clip_fraction        | 0.0708      |
|    clip_range           | 0.2         |
|    entropy_loss         | -3.54       |
|    explained_variance   | 0.771       |
|    learning_rate        | 0.0003      |
|    loss                 | 65.9        |
|    n_updates            | 3860        |
|    policy_gradient_loss | -0.00487    |
|    std                  | 0.598       |
|    value_loss           | 1.64e+04    |
-----------------------------------------
------------------------------------------
| curriculum/             |              |
|    chase_probability    | 0.34         |
| rollout/                |              |
|    ep_len_mean          | 287          |
|    ep_rew_mean          | -453         |
| time/                   |              |
|    fps                  | 88           |
|    iterations           | 388          |
|    time_elapsed         | 26860        |
|    total_timesteps      | 2383872      |
| train/                  |              |
|    approx_kl            | 0.0087313475 |
|    clip_fraction        | 0.129        |
|    clip_range           | 0.2          |
|    entropy_loss         | -3.54        |
|    explained_variance   | 0.787        |
|    learning_rate        | 0.0003       |
|    loss                 | 17           |
|    n_updates            | 3870         |
|    policy_gradient_loss | -0.00126     |
|    std                  | 0.599        |
|    value_loss           | 3.99e+03     |
------------------------------------------
-----------------------------------------
| rollout/                |             |
|    ep_len_mean          | 304         |
|    ep_rew_mean          | -776        |
| time/                   |             |
|    fps                  | 88          |
|    iterations           | 389         |
|    time_elapsed         | 26924       |
|    total_timesteps      | 2390016     |
| train/                  |             |
|    approx_kl            | 0.016981652 |
|    clip_fraction        | 0.162       |
|    clip_range           | 0.2         |
|    entropy_loss         | -3.55       |
|    explained_variance   | 0.744       |
|    learning_rate        | 0.0003      |
|    loss                 | 3.01        |
|    n_updates            | 3880        |
|    policy_gradient_loss | -0.00138    |
|    std                  | 0.601       |
|    value_loss           | 7.93e+03    |
-----------------------------------------
-----------------------------------------
| curriculum/             |             |
|    chase_probability    | 0.342       |
| rollout/                |             |
|    ep_len_mean          | 306         |
|    ep_rew_mean          | -934        |
| time/                   |             |
|    fps                  | 88          |
|    iterations           | 390         |
|    time_elapsed         | 26983       |
|    total_timesteps      | 2396160     |
| train/                  |             |
|    approx_kl            | 0.011899886 |
|    clip_fraction        | 0.144       |
|    clip_range           | 0.2         |
|    entropy_loss         | -3.54       |
|    explained_variance   | 0.773       |
|    learning_rate        | 0.0003      |
|    loss                 | 721         |
|    n_updates            | 3890        |
|    policy_gradient_loss | -0.00245    |
|    std                  | 0.6         |
|    value_loss           | 1.72e+04    |
-----------------------------------------
Eval num_timesteps=2399616, episode_reward=40.50 +/- 31.27
Episode length: 254.80 +/- 35.05
----------------------------------------
| eval/                   |            |
|    mean_ep_length       | 255        |
|    mean_reward          | 40.5       |
| time/                   |            |
|    total_timesteps      | 2399616    |
| train/                  |            |
|    approx_kl            | 0.02095679 |
|    clip_fraction        | 0.269      |
|    clip_range           | 0.2        |
|    entropy_loss         | -3.54      |
|    explained_variance   | 0.79       |
|    learning_rate        | 0.0003     |
|    loss                 | 0.192      |
|    n_updates            | 3900       |
|    policy_gradient_loss | 0.00632    |
|    std                  | 0.599      |
|    value_loss           | 4.64e+03   |
----------------------------------------
New best mean reward!
[progress] timestep 2400192
[episode ends] timestep 2400192: crashed=2 (1%), max_steps=6 (3%), missed_goal=81 (47%), scored=85 (49%)
-----------------------------------
| curriculum/          |          |
|    chase_probability | 0.343    |
| episode_end/         |          |
|    crashed           | 2        |
|    max_steps         | 6        |
|    missed_goal       | 81       |
|    scored            | 85       |
| rollout/             |          |
|    ep_len_mean       | 283      |
|    ep_rew_mean       | -625     |
| time/                |          |
|    fps               | 88       |
|    iterations        | 391      |
|    time_elapsed      | 27068    |
|    total_timesteps   | 2402304  |
-----------------------------------
-----------------------------------------
| rollout/                |             |
|    ep_len_mean          | 271         |
|    ep_rew_mean          | -491        |
| time/                   |             |
|    fps                  | 88          |
|    iterations           | 392         |
|    time_elapsed         | 27143       |
|    total_timesteps      | 2408448     |
| train/                  |             |
|    approx_kl            | 0.019553235 |
|    clip_fraction        | 0.222       |
|    clip_range           | 0.2         |
|    entropy_loss         | -3.53       |
|    explained_variance   | 0.705       |
|    learning_rate        | 0.0003      |
|    loss                 | 1.63        |
|    n_updates            | 3910        |
|    policy_gradient_loss | 0.00188     |
|    std                  | 0.594       |
|    value_loss           | 51.3        |
-----------------------------------------
-----------------------------------------
| curriculum/             |             |
|    chase_probability    | 0.345       |
| rollout/                |             |
|    ep_len_mean          | 252         |
|    ep_rew_mean          | -153        |
| time/                   |             |
|    fps                  | 88          |
|    iterations           | 393         |
|    time_elapsed         | 27211       |
|    total_timesteps      | 2414592     |
| train/                  |             |
|    approx_kl            | 0.028104944 |
|    clip_fraction        | 0.168       |
|    clip_range           | 0.2         |
|    entropy_loss         | -3.51       |
|    explained_variance   | 0.795       |
|    learning_rate        | 0.0003      |
|    loss                 | 0.517       |
|    n_updates            | 3920        |
|    policy_gradient_loss | 0.0015      |
|    std                  | 0.596       |
|    value_loss           | 546         |
-----------------------------------------
----------------------------------------
| rollout/                |            |
|    ep_len_mean          | 246        |
|    ep_rew_mean          | 1.36       |
| time/                   |            |
|    fps                  | 88         |
|    iterations           | 394        |
|    time_elapsed         | 27279      |
|    total_timesteps      | 2420736    |
| train/                  |            |
|    approx_kl            | 0.01309431 |
|    clip_fraction        | 0.19       |
|    clip_range           | 0.2        |
|    entropy_loss         | -3.52      |
|    explained_variance   | 0.631      |
|    learning_rate        | 0.0003     |
|    loss                 | 0.305      |
|    n_updates            | 3930       |
|    policy_gradient_loss | -0.00141   |
|    std                  | 0.595      |
|    value_loss           | 61.2       |
----------------------------------------
----------------------------------------
| curriculum/             |            |
|    chase_probability    | 0.346      |
| rollout/                |            |
|    ep_len_mean          | 248        |
|    ep_rew_mean          | 7.55       |
| time/                   |            |
|    fps                  | 88         |
|    iterations           | 395        |
|    time_elapsed         | 27349      |
|    total_timesteps      | 2426880    |
| train/                  |            |
|    approx_kl            | 0.05052194 |
|    clip_fraction        | 0.297      |
|    clip_range           | 0.2        |
|    entropy_loss         | -3.51      |
|    explained_variance   | 0.778      |
|    learning_rate        | 0.0003     |
|    loss                 | 2.74       |
|    n_updates            | 3940       |
|    policy_gradient_loss | 0.0141     |
|    std                  | 0.592      |
|    value_loss           | 785        |
----------------------------------------
-----------------------------------------
| curriculum/             |             |
|    chase_probability    | 0.347       |
| rollout/                |             |
|    ep_len_mean          | 254         |
|    ep_rew_mean          | -133        |
| time/                   |             |
|    fps                  | 88          |
|    iterations           | 396         |
|    time_elapsed         | 27414       |
|    total_timesteps      | 2433024     |
| train/                  |             |
|    approx_kl            | 0.011630622 |
|    clip_fraction        | 0.151       |
|    clip_range           | 0.2         |
|    entropy_loss         | -3.5        |
|    explained_variance   | 0.792       |
|    learning_rate        | 0.0003      |
|    loss                 | 17.7        |
|    n_updates            | 3950        |
|    policy_gradient_loss | -0.000303   |
|    std                  | 0.593       |
|    value_loss           | 6.29e+03    |
-----------------------------------------
-----------------------------------------
| rollout/                |             |
|    ep_len_mean          | 253         |
|    ep_rew_mean          | -133        |
| time/                   |             |
|    fps                  | 88          |
|    iterations           | 397         |
|    time_elapsed         | 27485       |
|    total_timesteps      | 2439168     |
| train/                  |             |
|    approx_kl            | 0.023011098 |
|    clip_fraction        | 0.2         |
|    clip_range           | 0.2         |
|    entropy_loss         | -3.5        |
|    explained_variance   | 0.791       |
|    learning_rate        | 0.0003      |
|    loss                 | 2.58        |
|    n_updates            | 3960        |
|    policy_gradient_loss | 0.00381     |
|    std                  | 0.594       |
|    value_loss           | 2.51e+03    |
-----------------------------------------
-----------------------------------------
| curriculum/             |             |
|    chase_probability    | 0.349       |
| rollout/                |             |
|    ep_len_mean          | 256         |
|    ep_rew_mean          | -139        |
| time/                   |             |
|    fps                  | 88          |
|    iterations           | 398         |
|    time_elapsed         | 27557       |
|    total_timesteps      | 2445312     |
| train/                  |             |
|    approx_kl            | 0.014688332 |
|    clip_fraction        | 0.138       |
|    clip_range           | 0.2         |
|    entropy_loss         | -3.51       |
|    explained_variance   | 0.568       |
|    learning_rate        | 0.0003      |
|    loss                 | 0.459       |
|    n_updates            | 3970        |
|    policy_gradient_loss | -0.00241    |
|    std                  | 0.594       |
|    value_loss           | 229         |
-----------------------------------------
Eval num_timesteps=2449608, episode_reward=-14.79 +/- 117.03
Episode length: 265.20 +/- 33.97
-----------------------------------------
| eval/                   |             |
|    mean_ep_length       | 265         |
|    mean_reward          | -14.8       |
| time/                   |             |
|    total_timesteps      | 2449608     |
| train/                  |             |
|    approx_kl            | 0.010055758 |
|    clip_fraction        | 0.101       |
|    clip_range           | 0.2         |
|    entropy_loss         | -3.5        |
|    explained_variance   | 0.518       |
|    learning_rate        | 0.0003      |
|    loss                 | 1.3         |
|    n_updates            | 3980        |
|    policy_gradient_loss | -0.00391    |
|    std                  | 0.593       |
|    value_loss           | 287         |
-----------------------------------------
[episode ends] timestep 2450196: crashed=4 (2%), max_steps=1 (1%), missed_goal=94 (47%), scored=100 (50%)
---------------------------------
| episode_end/       |          |
|    crashed         | 4        |
|    max_steps       | 1        |
|    missed_goal     | 94       |
|    scored          | 100      |
| rollout/           |          |
|    ep_len_mean     | 253      |
|    ep_rew_mean     | -147     |
| time/              |          |
|    fps             | 88       |
|    iterations      | 399      |
|    time_elapsed    | 27652    |
|    total_timesteps | 2451456  |
---------------------------------
-----------------------------------------
| curriculum/             |             |
|    chase_probability    | 0.35        |
| rollout/                |             |
|    ep_len_mean          | 247         |
|    ep_rew_mean          | -0.731      |
| time/                   |             |
|    fps                  | 88          |
|    iterations           | 400         |
|    time_elapsed         | 27719       |
|    total_timesteps      | 2457600     |
| train/                  |             |
|    approx_kl            | 0.020335723 |
|    clip_fraction        | 0.146       |
|    clip_range           | 0.2         |
|    entropy_loss         | -3.49       |
|    explained_variance   | 0.64        |
|    learning_rate        | 0.0003      |
|    loss                 | 206         |
|    n_updates            | 3990        |
|    policy_gradient_loss | -0.00066    |
|    std                  | 0.59        |
|    value_loss           | 155         |
-----------------------------------------
------------------------------------------
| curriculum/             |              |
|    chase_probability    | 0.352        |
| rollout/                |              |
|    ep_len_mean          | 253          |
|    ep_rew_mean          | -84.5        |
| time/                   |              |
|    fps                  | 88           |
|    iterations           | 401          |
|    time_elapsed         | 27794        |
|    total_timesteps      | 2463744      |
| train/                  |              |
|    approx_kl            | 0.0148235755 |
|    clip_fraction        | 0.153        |
|    clip_range           | 0.2          |
|    entropy_loss         | -3.48        |
|    explained_variance   | 0.64         |
|    learning_rate        | 0.0003       |
|    loss                 | 0.363        |
|    n_updates            | 4000         |
|    policy_gradient_loss | -0.00254     |
|    std                  | 0.589        |
|    value_loss           | 2.67e+03     |
------------------------------------------
-----------------------------------------
| rollout/                |             |
|    ep_len_mean          | 249         |
|    ep_rew_mean          | -84.1       |
| time/                   |             |
|    fps                  | 88          |
|    iterations           | 402         |
|    time_elapsed         | 27871       |
|    total_timesteps      | 2469888     |
| train/                  |             |
|    approx_kl            | 0.008923761 |
|    clip_fraction        | 0.112       |
|    clip_range           | 0.2         |
|    entropy_loss         | -3.48       |
|    explained_variance   | 0.461       |
|    learning_rate        | 0.0003      |
|    loss                 | 1.78        |
|    n_updates            | 4010        |
|    policy_gradient_loss | -0.00163    |
|    std                  | 0.588       |
|    value_loss           | 988         |
-----------------------------------------
-----------------------------------------
| curriculum/             |             |
|    chase_probability    | 0.353       |
| rollout/                |             |
|    ep_len_mean          | 250         |
|    ep_rew_mean          | -81.2       |
| time/                   |             |
|    fps                  | 88          |
|    iterations           | 403         |
|    time_elapsed         | 27938       |
|    total_timesteps      | 2476032     |
| train/                  |             |
|    approx_kl            | 0.009359713 |
|    clip_fraction        | 0.0962      |
|    clip_range           | 0.2         |
|    entropy_loss         | -3.46       |
|    explained_variance   | 0.559       |
|    learning_rate        | 0.0003      |
|    loss                 | 266         |
|    n_updates            | 4020        |
|    policy_gradient_loss | -0.00568    |
|    std                  | 0.585       |
|    value_loss           | 496         |
-----------------------------------------
-----------------------------------------
| curriculum/             |             |
|    chase_probability    | 0.355       |
| rollout/                |             |
|    ep_len_mean          | 250         |
|    ep_rew_mean          | -86.1       |
| time/                   |             |
|    fps                  | 88          |
|    iterations           | 404         |
|    time_elapsed         | 28009       |
|    total_timesteps      | 2482176     |
| train/                  |             |
|    approx_kl            | 0.014974966 |
|    clip_fraction        | 0.128       |
|    clip_range           | 0.2         |
|    entropy_loss         | -3.45       |
|    explained_variance   | 0.402       |
|    learning_rate        | 0.0003      |
|    loss                 | 13.4        |
|    n_updates            | 4030        |
|    policy_gradient_loss | -0.00132    |
|    std                  | 0.585       |
|    value_loss           | 190         |
-----------------------------------------
-----------------------------------------
| rollout/                |             |
|    ep_len_mean          | 243         |
|    ep_rew_mean          | 0.793       |
| time/                   |             |
|    fps                  | 88          |
|    iterations           | 405         |
|    time_elapsed         | 28080       |
|    total_timesteps      | 2488320     |
| train/                  |             |
|    approx_kl            | 0.011199713 |
|    clip_fraction        | 0.103       |
|    clip_range           | 0.2         |
|    entropy_loss         | -3.46       |
|    explained_variance   | 0.274       |
|    learning_rate        | 0.0003      |
|    loss                 | 185         |
|    n_updates            | 4040        |
|    policy_gradient_loss | -0.0016     |
|    std                  | 0.587       |
|    value_loss           | 552         |
-----------------------------------------
-----------------------------------------
| curriculum/             |             |
|    chase_probability    | 0.356       |
| rollout/                |             |
|    ep_len_mean          | 242         |
|    ep_rew_mean          | 2.52        |
| time/                   |             |
|    fps                  | 88          |
|    iterations           | 406         |
|    time_elapsed         | 28152       |
|    total_timesteps      | 2494464     |
| train/                  |             |
|    approx_kl            | 0.022162953 |
|    clip_fraction        | 0.175       |
|    clip_range           | 0.2         |
|    entropy_loss         | -3.45       |
|    explained_variance   | 0.718       |
|    learning_rate        | 0.0003      |
|    loss                 | 5.08        |
|    n_updates            | 4050        |
|    policy_gradient_loss | -0.000567   |
|    std                  | 0.585       |
|    value_loss           | 38.4        |
-----------------------------------------
Eval num_timesteps=2499600, episode_reward=13.31 +/- 41.68
Episode length: 246.90 +/- 28.23
-----------------------------------------
| eval/                   |             |
|    mean_ep_length       | 247         |
|    mean_reward          | 13.3        |
| time/                   |             |
|    total_timesteps      | 2499600     |
| train/                  |             |
|    approx_kl            | 0.014023875 |
|    clip_fraction        | 0.14        |
|    clip_range           | 0.2         |
|    entropy_loss         | -3.45       |
|    explained_variance   | 0.574       |
|    learning_rate        | 0.0003      |
|    loss                 | 2.97        |
|    n_updates            | 4060        |
|    policy_gradient_loss | -0.00372    |
|    std                  | 0.585       |
|    value_loss           | 322         |
-----------------------------------------
[progress] timestep 2500200
[episode ends] timestep 2500200: crashed=3 (1%), missed_goal=94 (46%), scored=107 (52%)
---------------------------------
| episode_end/       |          |
|    crashed         | 3        |
|    missed_goal     | 94       |
|    scored          | 107      |
| rollout/           |          |
|    ep_len_mean     | 241      |
|    ep_rew_mean     | 6.32     |
| time/              |          |
|    fps             | 88       |
|    iterations      | 407      |
|    time_elapsed    | 28246    |
|    total_timesteps | 2500608  |
---------------------------------
----------------------------------------
| curriculum/             |            |
|    chase_probability    | 0.357      |
| rollout/                |            |
|    ep_len_mean          | 240        |
|    ep_rew_mean          | 10         |
| time/                   |            |
|    fps                  | 88         |
|    iterations           | 408        |
|    time_elapsed         | 28319      |
|    total_timesteps      | 2506752    |
| train/                  |            |
|    approx_kl            | 0.01179703 |
|    clip_fraction        | 0.146      |
|    clip_range           | 0.2        |
|    entropy_loss         | -3.45      |
|    explained_variance   | 0.677      |
|    learning_rate        | 0.0003     |
|    loss                 | 0.772      |
|    n_updates            | 4070       |
|    policy_gradient_loss | -0.00248   |
|    std                  | 0.586      |
|    value_loss           | 105        |
----------------------------------------
----------------------------------------
| curriculum/             |            |
|    chase_probability    | 0.359      |
| rollout/                |            |
|    ep_len_mean          | 247        |
|    ep_rew_mean          | -140       |
| time/                   |            |
|    fps                  | 88         |
|    iterations           | 409        |
|    time_elapsed         | 28390      |
|    total_timesteps      | 2512896    |
| train/                  |            |
|    approx_kl            | 0.01186649 |
|    clip_fraction        | 0.157      |
|    clip_range           | 0.2        |
|    entropy_loss         | -3.45      |
|    explained_variance   | 0.776      |
|    learning_rate        | 0.0003     |
|    loss                 | 3.41e+04   |
|    n_updates            | 4080       |
|    policy_gradient_loss | -0.00162   |
|    std                  | 0.586      |
|    value_loss           | 4.75e+03   |
----------------------------------------
-----------------------------------------
| rollout/                |             |
|    ep_len_mean          | 248         |
|    ep_rew_mean          | -157        |
| time/                   |             |
|    fps                  | 88          |
|    iterations           | 410         |
|    time_elapsed         | 28456       |
|    total_timesteps      | 2519040     |
| train/                  |             |
|    approx_kl            | 0.049786348 |
|    clip_fraction        | 0.313       |
|    clip_range           | 0.2         |
|    entropy_loss         | -3.46       |
|    explained_variance   | 0.676       |
|    learning_rate        | 0.0003      |
|    loss                 | 1.73e+04    |
|    n_updates            | 4090        |
|    policy_gradient_loss | 0.0226      |
|    std                  | 0.586       |
|    value_loss           | 3.1e+03     |
-----------------------------------------
-----------------------------------------
| curriculum/             |             |
|    chase_probability    | 0.36        |
| rollout/                |             |
|    ep_len_mean          | 247         |
|    ep_rew_mean          | -168        |
| time/                   |             |
|    fps                  | 88          |
|    iterations           | 411         |
|    time_elapsed         | 28526       |
|    total_timesteps      | 2525184     |
| train/                  |             |
|    approx_kl            | 0.009172168 |
|    clip_fraction        | 0.0906      |
|    clip_range           | 0.2         |
|    entropy_loss         | -3.45       |
|    explained_variance   | 0.624       |
|    learning_rate        | 0.0003      |
|    loss                 | 30.8        |
|    n_updates            | 4100        |
|    policy_gradient_loss | 0.000143    |
|    std                  | 0.585       |
|    value_loss           | 860         |
-----------------------------------------
-----------------------------------------
| rollout/                |             |
|    ep_len_mean          | 253         |
|    ep_rew_mean          | -333        |
| time/                   |             |
|    fps                  | 88          |
|    iterations           | 412         |
|    time_elapsed         | 28593       |
|    total_timesteps      | 2531328     |
| train/                  |             |
|    approx_kl            | 0.010346457 |
|    clip_fraction        | 0.113       |
|    clip_range           | 0.2         |
|    entropy_loss         | -3.45       |
|    explained_variance   | 0.793       |
|    learning_rate        | 0.0003      |
|    loss                 | 124         |
|    n_updates            | 4110        |
|    policy_gradient_loss | 0.00063     |
|    std                  | 0.586       |
|    value_loss           | 5.14e+03    |
-----------------------------------------
-----------------------------------------
| curriculum/             |             |
|    chase_probability    | 0.362       |
| rollout/                |             |
|    ep_len_mean          | 252         |
|    ep_rew_mean          | -254        |
| time/                   |             |
|    fps                  | 88          |
|    iterations           | 413         |
|    time_elapsed         | 28658       |
|    total_timesteps      | 2537472     |
| train/                  |             |
|    approx_kl            | 0.011977144 |
|    clip_fraction        | 0.117       |
|    clip_range           | 0.2         |
|    entropy_loss         | -3.46       |
|    explained_variance   | 0.771       |
|    learning_rate        | 0.0003      |
|    loss                 | 318         |
|    n_updates            | 4120        |
|    policy_gradient_loss | -0.000551   |
|    std                  | 0.587       |
|    value_loss           | 6.01e+03    |
-----------------------------------------
-----------------------------------------
| curriculum/             |             |
|    chase_probability    | 0.363       |
| rollout/                |             |
|    ep_len_mean          | 252         |
|    ep_rew_mean          | -256        |
| time/                   |             |
|    fps                  | 88          |
|    iterations           | 414         |
|    time_elapsed         | 28731       |
|    total_timesteps      | 2543616     |
| train/                  |             |
|    approx_kl            | 0.008307881 |
|    clip_fraction        | 0.118       |
|    clip_range           | 0.2         |
|    entropy_loss         | -3.46       |
|    explained_variance   | 0.576       |
|    learning_rate        | 0.0003      |
|    loss                 | 665         |
|    n_updates            | 4130        |
|    policy_gradient_loss | -4.57e-05   |
|    std                  | 0.587       |
|    value_loss           | 1.59e+03    |
-----------------------------------------
Eval num_timesteps=2549592, episode_reward=-16.63 +/- 107.99
Episode length: 240.30 +/- 14.89
-----------------------------------------
| eval/                   |             |
|    mean_ep_length       | 240         |
|    mean_reward          | -16.6       |
| time/                   |             |
|    total_timesteps      | 2549592     |
| train/                  |             |
|    approx_kl            | 0.022404725 |
|    clip_fraction        | 0.156       |
|    clip_range           | 0.2         |
|    entropy_loss         | -3.46       |
|    explained_variance   | 0.793       |
|    learning_rate        | 0.0003      |
|    loss                 | 10.1        |
|    n_updates            | 4140        |
|    policy_gradient_loss | 0.00134     |
|    std                  | 0.588       |
|    value_loss           | 770         |
-----------------------------------------
---------------------------------
| rollout/           |          |
|    ep_len_mean     | 252      |
|    ep_rew_mean     | -257     |
| time/              |          |
|    fps             | 88       |
|    iterations      | 415      |
|    time_elapsed    | 28821    |
|    total_timesteps | 2549760  |
---------------------------------
[episode ends] timestep 2550204: crashed=8 (4%), max_steps=2 (1%), missed_goal=101 (50%), scored=90 (45%)
------------------------------------------
| curriculum/             |              |
|    chase_probability    | 0.365        |
| episode_end/            |              |
|    crashed              | 8            |
|    max_steps            | 2            |
|    missed_goal          | 101          |
|    scored               | 90           |
| rollout/                |              |
|    ep_len_mean          | 248          |
|    ep_rew_mean          | -182         |
| time/                   |              |
|    fps                  | 88           |
|    iterations           | 416          |
|    time_elapsed         | 28886        |
|    total_timesteps      | 2555904      |
| train/                  |              |
|    approx_kl            | 0.0094736805 |
|    clip_fraction        | 0.0894       |
|    clip_range           | 0.2          |
|    entropy_loss         | -3.46        |
|    explained_variance   | 0.785        |
|    learning_rate        | 0.0003       |
|    loss                 | 15.6         |
|    n_updates            | 4150         |
|    policy_gradient_loss | -0.00333     |
|    std                  | 0.588        |
|    value_loss           | 1.28e+03     |
------------------------------------------
----------------------------------------
| rollout/                |            |
|    ep_len_mean          | 245        |
|    ep_rew_mean          | -125       |
| time/                   |            |
|    fps                  | 88         |
|    iterations           | 417        |
|    time_elapsed         | 28952      |
|    total_timesteps      | 2562048    |
| train/                  |            |
|    approx_kl            | 0.02007232 |
|    clip_fraction        | 0.32       |
|    clip_range           | 0.2        |
|    entropy_loss         | -3.47      |
|    explained_variance   | 0.799      |
|    learning_rate        | 0.0003     |
|    loss                 | 3.81e+04   |
|    n_updates            | 4160       |
|    policy_gradient_loss | 0.0206     |
|    std                  | 0.589      |
|    value_loss           | 6.8e+03    |
----------------------------------------
----------------------------------------
| curriculum/             |            |
|    chase_probability    | 0.366      |
| rollout/                |            |
|    ep_len_mean          | 255        |
|    ep_rew_mean          | -293       |
| time/                   |            |
|    fps                  | 88         |
|    iterations           | 418        |
|    time_elapsed         | 29020      |
|    total_timesteps      | 2568192    |
| train/                  |            |
|    approx_kl            | 0.02600351 |
|    clip_fraction        | 0.313      |
|    clip_range           | 0.2        |
|    entropy_loss         | -3.47      |
|    explained_variance   | 0.796      |
|    learning_rate        | 0.0003     |
|    loss                 | 1.83       |
|    n_updates            | 4170       |
|    policy_gradient_loss | 0.0159     |
|    std                  | 0.591      |
|    value_loss           | 6.31e+03   |
----------------------------------------
------------------------------------------
| curriculum/             |              |
|    chase_probability    | 0.367        |
| rollout/                |              |
|    ep_len_mean          | 257          |
|    ep_rew_mean          | -289         |
| time/                   |              |
|    fps                  | 88           |
|    iterations           | 419          |
|    time_elapsed         | 29086        |
|    total_timesteps      | 2574336      |
| train/                  |              |
|    approx_kl            | 0.0120373545 |
|    clip_fraction        | 0.194        |
|    clip_range           | 0.2          |
|    entropy_loss         | -3.47        |
|    explained_variance   | 0.821        |
|    learning_rate        | 0.0003       |
|    loss                 | 50.2         |
|    n_updates            | 4180         |
|    policy_gradient_loss | 0.0104       |
|    std                  | 0.591        |
|    value_loss           | 2.28e+03     |
------------------------------------------
-----------------------------------------
| rollout/                |             |
|    ep_len_mean          | 256         |
|    ep_rew_mean          | -202        |
| time/                   |             |
|    fps                  | 88          |
|    iterations           | 420         |
|    time_elapsed         | 29157       |
|    total_timesteps      | 2580480     |
| train/                  |             |
|    approx_kl            | 0.011537214 |
|    clip_fraction        | 0.132       |
|    clip_range           | 0.2         |
|    entropy_loss         | -3.47       |
|    explained_variance   | 0.821       |
|    learning_rate        | 0.0003      |
|    loss                 | 210         |
|    n_updates            | 4190        |
|    policy_gradient_loss | -0.00341    |
|    std                  | 0.589       |
|    value_loss           | 444         |
-----------------------------------------
-----------------------------------------
| curriculum/             |             |
|    chase_probability    | 0.369       |
| rollout/                |             |
|    ep_len_mean          | 263         |
|    ep_rew_mean          | -356        |
| time/                   |             |
|    fps                  | 88          |
|    iterations           | 421         |
|    time_elapsed         | 29221       |
|    total_timesteps      | 2586624     |
| train/                  |             |
|    approx_kl            | 0.011482809 |
|    clip_fraction        | 0.118       |
|    clip_range           | 0.2         |
|    entropy_loss         | -3.46       |
|    explained_variance   | 0.804       |
|    learning_rate        | 0.0003      |
|    loss                 | 12.1        |
|    n_updates            | 4200        |
|    policy_gradient_loss | -0.00328    |
|    std                  | 0.589       |
|    value_loss           | 6.58e+03    |
-----------------------------------------
-----------------------------------------
| curriculum/             |             |
|    chase_probability    | 0.37        |
| rollout/                |             |
|    ep_len_mean          | 255         |
|    ep_rew_mean          | -181        |
| time/                   |             |
|    fps                  | 88          |
|    iterations           | 422         |
|    time_elapsed         | 29287       |
|    total_timesteps      | 2592768     |
| train/                  |             |
|    approx_kl            | 0.012998991 |
|    clip_fraction        | 0.159       |
|    clip_range           | 0.2         |
|    entropy_loss         | -3.44       |
|    explained_variance   | 0.811       |
|    learning_rate        | 0.0003      |
|    loss                 | 9.88        |
|    n_updates            | 4210        |
|    policy_gradient_loss | -0.00491    |
|    std                  | 0.585       |
|    value_loss           | 3.1e+03     |
-----------------------------------------
---------------------------------------
| rollout/                |           |
|    ep_len_mean          | 263       |
|    ep_rew_mean          | -315      |
| time/                   |           |
|    fps                  | 88        |
|    iterations           | 423       |
|    time_elapsed         | 29350     |
|    total_timesteps      | 2598912   |
| train/                  |           |
|    approx_kl            | 0.0727293 |
|    clip_fraction        | 0.274     |
|    clip_range           | 0.2       |
|    entropy_loss         | -3.43     |
|    explained_variance   | 0.81      |
|    learning_rate        | 0.0003    |
|    loss                 | 813       |
|    n_updates            | 4220      |
|    policy_gradient_loss | 0.00871   |
|    std                  | 0.584     |
|    value_loss           | 4.44e+03  |
---------------------------------------
Eval num_timesteps=2599584, episode_reward=-100.79 +/- 414.47
Episode length: 246.90 +/- 25.28
-----------------------------------------
| eval/                   |             |
|    mean_ep_length       | 247         |
|    mean_reward          | -101        |
| time/                   |             |
|    total_timesteps      | 2599584     |
| train/                  |             |
|    approx_kl            | 0.016580539 |
|    clip_fraction        | 0.159       |
|    clip_range           | 0.2         |
|    entropy_loss         | -3.42       |
|    explained_variance   | 0.812       |
|    learning_rate        | 0.0003      |
|    loss                 | 2.57        |
|    n_updates            | 4230        |
|    policy_gradient_loss | -1.97e-06   |
|    std                  | 0.584       |
|    value_loss           | 5.1e+03     |
-----------------------------------------
[progress] timestep 2600208
[episode ends] timestep 2600208: crashed=2 (1%), max_steps=3 (2%), missed_goal=104 (54%), scored=84 (44%)
-----------------------------------
| curriculum/          |          |
|    chase_probability | 0.372    |
| episode_end/         |          |
|    crashed           | 2        |
|    max_steps         | 3        |
|    missed_goal       | 104      |
|    scored            | 84       |
| rollout/             |          |
|    ep_len_mean       | 263      |
|    ep_rew_mean       | -310     |
| time/                |          |
|    fps               | 88       |
|    iterations        | 424      |
|    time_elapsed      | 29430    |
|    total_timesteps   | 2605056  |
-----------------------------------
-----------------------------------------
| rollout/                |             |
|    ep_len_mean          | 257         |
|    ep_rew_mean          | -147        |
| time/                   |             |
|    fps                  | 88          |
|    iterations           | 425         |
|    time_elapsed         | 29496       |
|    total_timesteps      | 2611200     |
| train/                  |             |
|    approx_kl            | 0.017676285 |
|    clip_fraction        | 0.223       |
|    clip_range           | 0.2         |
|    entropy_loss         | -3.43       |
|    explained_variance   | 0.358       |
|    learning_rate        | 0.0003      |
|    loss                 | 1.84        |
|    n_updates            | 4240        |
|    policy_gradient_loss | 0.0014      |
|    std                  | 0.587       |
|    value_loss           | 237         |
-----------------------------------------
-----------------------------------------
| curriculum/             |             |
|    chase_probability    | 0.373       |
| rollout/                |             |
|    ep_len_mean          | 266         |
|    ep_rew_mean          | -292        |
| time/                   |             |
|    fps                  | 88          |
|    iterations           | 426         |
|    time_elapsed         | 29560       |
|    total_timesteps      | 2617344     |
| train/                  |             |
|    approx_kl            | 0.013157591 |
|    clip_fraction        | 0.271       |
|    clip_range           | 0.2         |
|    entropy_loss         | -3.41       |
|    explained_variance   | 0.763       |
|    learning_rate        | 0.0003      |
|    loss                 | 0.0486      |
|    n_updates            | 4250        |
|    policy_gradient_loss | 0.0119      |
|    std                  | 0.583       |
|    value_loss           | 2.8e+03     |
-----------------------------------------
-----------------------------------------
| curriculum/             |             |
|    chase_probability    | 0.375       |
| rollout/                |             |
|    ep_len_mean          | 266         |
|    ep_rew_mean          | -290        |
| time/                   |             |
|    fps                  | 88          |
|    iterations           | 427         |
|    time_elapsed         | 29623       |
|    total_timesteps      | 2623488     |
| train/                  |             |
|    approx_kl            | 0.015527007 |
|    clip_fraction        | 0.263       |
|    clip_range           | 0.2         |
|    entropy_loss         | -3.41       |
|    explained_variance   | 0.79        |
|    learning_rate        | 0.0003      |
|    loss                 | 1.7e+03     |
|    n_updates            | 4260        |
|    policy_gradient_loss | 0.0114      |
|    std                  | 0.584       |
|    value_loss           | 6.07e+03    |
-----------------------------------------
-----------------------------------------
| rollout/                |             |
|    ep_len_mean          | 263         |
|    ep_rew_mean          | -149        |
| time/                   |             |
|    fps                  | 88          |
|    iterations           | 428         |
|    time_elapsed         | 29688       |
|    total_timesteps      | 2629632     |
| train/                  |             |
|    approx_kl            | 0.012541577 |
|    clip_fraction        | 0.106       |
|    clip_range           | 0.2         |
|    entropy_loss         | -3.4        |
|    explained_variance   | 0.354       |
|    learning_rate        | 0.0003      |
|    loss                 | 1.55        |
|    n_updates            | 4270        |
|    policy_gradient_loss | -0.00539    |
|    std                  | 0.582       |
|    value_loss           | 427         |
-----------------------------------------
-----------------------------------------
| curriculum/             |             |
|    chase_probability    | 0.376       |
| rollout/                |             |
|    ep_len_mean          | 264         |
|    ep_rew_mean          | -147        |
| time/                   |             |
|    fps                  | 88          |
|    iterations           | 429         |
|    time_elapsed         | 29755       |
|    total_timesteps      | 2635776     |
| train/                  |             |
|    approx_kl            | 0.013159954 |
|    clip_fraction        | 0.149       |
|    clip_range           | 0.2         |
|    entropy_loss         | -3.4        |
|    explained_variance   | 0.447       |
|    learning_rate        | 0.0003      |
|    loss                 | 9.25        |
|    n_updates            | 4280        |
|    policy_gradient_loss | -0.00333    |
|    std                  | 0.583       |
|    value_loss           | 673         |
-----------------------------------------
-----------------------------------------
| rollout/                |             |
|    ep_len_mean          | 272         |
|    ep_rew_mean          | -314        |
| time/                   |             |
|    fps                  | 88          |
|    iterations           | 430         |
|    time_elapsed         | 29820       |
|    total_timesteps      | 2641920     |
| train/                  |             |
|    approx_kl            | 0.023898715 |
|    clip_fraction        | 0.208       |
|    clip_range           | 0.2         |
|    entropy_loss         | -3.4        |
|    explained_variance   | 0.824       |
|    learning_rate        | 0.0003      |
|    loss                 | 2.04        |
|    n_updates            | 4290        |
|    policy_gradient_loss | 0.00373     |
|    std                  | 0.583       |
|    value_loss           | 5.06e+03    |
-----------------------------------------
-----------------------------------------
| curriculum/             |             |
|    chase_probability    | 0.377       |
| rollout/                |             |
|    ep_len_mean          | 261         |
|    ep_rew_mean          | -174        |
| time/                   |             |
|    fps                  | 88          |
|    iterations           | 431         |
|    time_elapsed         | 29883       |
|    total_timesteps      | 2648064     |
| train/                  |             |
|    approx_kl            | 0.014396891 |
|    clip_fraction        | 0.155       |
|    clip_range           | 0.2         |
|    entropy_loss         | -3.4        |
|    explained_variance   | 0.781       |
|    learning_rate        | 0.0003      |
|    loss                 | 1.59        |
|    n_updates            | 4300        |
|    policy_gradient_loss | 0.000104    |
|    std                  | 0.582       |
|    value_loss           | 4.97e+03    |
-----------------------------------------
Eval num_timesteps=2649576, episode_reward=-1.40 +/- 140.00
Episode length: 257.30 +/- 46.80
-----------------------------------------
| eval/                   |             |
|    mean_ep_length       | 257         |
|    mean_reward          | -1.4        |
| time/                   |             |
|    total_timesteps      | 2649576     |
| train/                  |             |
|    approx_kl            | 0.015808942 |
|    clip_fraction        | 0.181       |
|    clip_range           | 0.2         |
|    entropy_loss         | -3.39       |
|    explained_variance   | 0.907       |
|    learning_rate        | 0.0003      |
|    loss                 | 8.93        |
|    n_updates            | 4310        |
|    policy_gradient_loss | -0.00218    |
|    std                  | 0.579       |
|    value_loss           | 156         |
-----------------------------------------
[episode ends] timestep 2650212: crashed=3 (2%), max_steps=2 (1%), missed_goal=86 (46%), scored=98 (52%)
-----------------------------------
| curriculum/          |          |
|    chase_probability | 0.379    |
| episode_end/         |          |
|    crashed           | 3        |
|    max_steps         | 2        |
|    missed_goal       | 86       |
|    scored            | 98       |
| rollout/             |          |
|    ep_len_mean       | 255      |
|    ep_rew_mean       | -154     |
| time/                |          |
|    fps               | 88       |
|    iterations        | 432      |
|    time_elapsed      | 29967    |
|    total_timesteps   | 2654208  |
-----------------------------------
-----------------------------------------
| rollout/                |             |
|    ep_len_mean          | 250         |
|    ep_rew_mean          | -164        |
| time/                   |             |
|    fps                  | 88          |
|    iterations           | 433         |
|    time_elapsed         | 30040       |
|    total_timesteps      | 2660352     |
| train/                  |             |
|    approx_kl            | 0.010694909 |
|    clip_fraction        | 0.0798      |
|    clip_range           | 0.2         |
|    entropy_loss         | -3.37       |
|    explained_variance   | 0.536       |
|    learning_rate        | 0.0003      |
|    loss                 | 25          |
|    n_updates            | 4320        |
|    policy_gradient_loss | -0.00267    |
|    std                  | 0.576       |
|    value_loss           | 682         |
-----------------------------------------
-----------------------------------------
| curriculum/             |             |
|    chase_probability    | 0.38        |
| rollout/                |             |
|    ep_len_mean          | 237         |
|    ep_rew_mean          | 3.29        |
| time/                   |             |
|    fps                  | 88          |
|    iterations           | 434         |
|    time_elapsed         | 30106       |
|    total_timesteps      | 2666496     |
| train/                  |             |
|    approx_kl            | 0.020334287 |
|    clip_fraction        | 0.197       |
|    clip_range           | 0.2         |
|    entropy_loss         | -3.35       |
|    explained_variance   | 0.824       |
|    learning_rate        | 0.0003      |
|    loss                 | 2.12e+03    |
|    n_updates            | 4330        |
|    policy_gradient_loss | 0.00103     |
|    std                  | 0.574       |
|    value_loss           | 1.06e+03    |
-----------------------------------------
---------------------------------------
| curriculum/             |           |
|    chase_probability    | 0.382     |
| rollout/                |           |
|    ep_len_mean          | 247       |
|    ep_rew_mean          | -159      |
| time/                   |           |
|    fps                  | 88        |
|    iterations           | 435       |
|    time_elapsed         | 30171     |
|    total_timesteps      | 2672640   |
| train/                  |           |
|    approx_kl            | 0.0167431 |
|    clip_fraction        | 0.224     |
|    clip_range           | 0.2       |
|    entropy_loss         | -3.34     |
|    explained_variance   | 0.806     |
|    learning_rate        | 0.0003    |
|    loss                 | 2.79      |
|    n_updates            | 4340      |
|    policy_gradient_loss | 0.00276   |
|    std                  | 0.573     |
|    value_loss           | 6.52e+03  |
---------------------------------------
-----------------------------------------
| rollout/                |             |
|    ep_len_mean          | 248         |
|    ep_rew_mean          | -197        |
| time/                   |             |
|    fps                  | 88          |
|    iterations           | 436         |
|    time_elapsed         | 30238       |
|    total_timesteps      | 2678784     |
| train/                  |             |
|    approx_kl            | 0.019815715 |
|    clip_fraction        | 0.18        |
|    clip_range           | 0.2         |
|    entropy_loss         | -3.34       |
|    explained_variance   | 0.815       |
|    learning_rate        | 0.0003      |
|    loss                 | 0.27        |
|    n_updates            | 4350        |
|    policy_gradient_loss | -0.000635   |
|    std                  | 0.572       |
|    value_loss           | 2.42e+03    |
-----------------------------------------
-----------------------------------------
| curriculum/             |             |
|    chase_probability    | 0.383       |
| rollout/                |             |
|    ep_len_mean          | 250         |
|    ep_rew_mean          | -197        |
| time/                   |             |
|    fps                  | 88          |
|    iterations           | 437         |
|    time_elapsed         | 30304       |
|    total_timesteps      | 2684928     |
| train/                  |             |
|    approx_kl            | 0.020318232 |
|    clip_fraction        | 0.283       |
|    clip_range           | 0.2         |
|    entropy_loss         | -3.35       |
|    explained_variance   | 0.632       |
|    learning_rate        | 0.0003      |
|    loss                 | 4.1         |
|    n_updates            | 4360        |
|    policy_gradient_loss | 0.00595     |
|    std                  | 0.573       |
|    value_loss           | 832         |
-----------------------------------------
-----------------------------------------
| rollout/                |             |
|    ep_len_mean          | 253         |
|    ep_rew_mean          | -194        |
| time/                   |             |
|    fps                  | 88          |
|    iterations           | 438         |
|    time_elapsed         | 30378       |
|    total_timesteps      | 2691072     |
| train/                  |             |
|    approx_kl            | 0.012966136 |
|    clip_fraction        | 0.141       |
|    clip_range           | 0.2         |
|    entropy_loss         | -3.35       |
|    explained_variance   | 0.796       |
|    learning_rate        | 0.0003      |
|    loss                 | 4.84        |
|    n_updates            | 4370        |
|    policy_gradient_loss | -0.00106    |
|    std                  | 0.573       |
|    value_loss           | 397         |
-----------------------------------------
------------------------------------------
| curriculum/             |              |
|    chase_probability    | 0.385        |
| rollout/                |              |
|    ep_len_mean          | 241          |
|    ep_rew_mean          | -31.6        |
| time/                   |              |
|    fps                  | 88           |
|    iterations           | 439          |
|    time_elapsed         | 30445        |
|    total_timesteps      | 2697216      |
| train/                  |              |
|    approx_kl            | 0.0148504935 |
|    clip_fraction        | 0.108        |
|    clip_range           | 0.2          |
|    entropy_loss         | -3.34        |
|    explained_variance   | 0.799        |
|    learning_rate        | 0.0003       |
|    loss                 | 12.5         |
|    n_updates            | 4380         |
|    policy_gradient_loss | -0.000583    |
|    std                  | 0.571        |
|    value_loss           | 261          |
------------------------------------------
Eval num_timesteps=2699568, episode_reward=-1729.52 +/- 4590.36
Episode length: 334.70 +/- 223.87
-----------------------------------------
| eval/                   |             |
|    mean_ep_length       | 335         |
|    mean_reward          | -1.73e+03   |
| time/                   |             |
|    total_timesteps      | 2699568     |
| train/                  |             |
|    approx_kl            | 0.018831408 |
|    clip_fraction        | 0.205       |
|    clip_range           | 0.2         |
|    entropy_loss         | -3.32       |
|    explained_variance   | 0.857       |
|    learning_rate        | 0.0003      |
|    loss                 | 1.31        |
|    n_updates            | 4390        |
|    policy_gradient_loss | 0.00498     |
|    std                  | 0.569       |
|    value_loss           | 215         |
-----------------------------------------
[progress] timestep 2700216
[episode ends] timestep 2700216: max_steps=1 (0%), missed_goal=81 (39%), scored=124 (60%)
-----------------------------------
| curriculum/          |          |
|    chase_probability | 0.386    |
| episode_end/         |          |
|    max_steps         | 1        |
|    missed_goal       | 81       |
|    scored            | 124      |
| rollout/             |          |
|    ep_len_mean       | 241      |
|    ep_rew_mean       | 8.14     |
| time/                |          |
|    fps               | 88       |
|    iterations        | 440      |
|    time_elapsed      | 30531    |
|    total_timesteps   | 2703360  |
-----------------------------------
-----------------------------------------
| rollout/                |             |
|    ep_len_mean          | 242         |
|    ep_rew_mean          | 11.2        |
| time/                   |             |
|    fps                  | 88          |
|    iterations           | 441         |
|    time_elapsed         | 30602       |
|    total_timesteps      | 2709504     |
| train/                  |             |
|    approx_kl            | 0.025425732 |
|    clip_fraction        | 0.212       |
|    clip_range           | 0.2         |
|    entropy_loss         | -3.31       |
|    explained_variance   | 0.482       |
|    learning_rate        | 0.0003      |
|    loss                 | 0.128       |
|    n_updates            | 4400        |
|    policy_gradient_loss | 0.00346     |
|    std                  | 0.568       |
|    value_loss           | 186         |
-----------------------------------------
-----------------------------------------
| curriculum/             |             |
|    chase_probability    | 0.387       |
| rollout/                |             |
|    ep_len_mean          | 249         |
|    ep_rew_mean          | -32.3       |
| time/                   |             |
|    fps                  | 88          |
|    iterations           | 442         |
|    time_elapsed         | 30667       |
|    total_timesteps      | 2715648     |
| train/                  |             |
|    approx_kl            | 0.032659117 |
|    clip_fraction        | 0.219       |
|    clip_range           | 0.2         |
|    entropy_loss         | -3.3        |
|    explained_variance   | 0.795       |
|    learning_rate        | 0.0003      |
|    loss                 | 2.39        |
|    n_updates            | 4410        |
|    policy_gradient_loss | 0.00212     |
|    std                  | 0.567       |
|    value_loss           | 1.09e+03    |
-----------------------------------------
----------------------------------------
| rollout/                |            |
|    ep_len_mean          | 252        |
|    ep_rew_mean          | -33.8      |
| time/                   |            |
|    fps                  | 88         |
|    iterations           | 443        |
|    time_elapsed         | 30734      |
|    total_timesteps      | 2721792    |
| train/                  |            |
|    approx_kl            | 0.01096234 |
|    clip_fraction        | 0.153      |
|    clip_range           | 0.2        |
|    entropy_loss         | -3.3       |
|    explained_variance   | 0.777      |
|    learning_rate        | 0.0003     |
|    loss                 | 97.9       |
|    n_updates            | 4420       |
|    policy_gradient_loss | 0.00122    |
|    std                  | 0.567      |
|    value_loss           | 3.1e+03    |
----------------------------------------
-----------------------------------------
| curriculum/             |             |
|    chase_probability    | 0.389       |
| rollout/                |             |
|    ep_len_mean          | 263         |
|    ep_rew_mean          | -190        |
| time/                   |             |
|    fps                  | 88          |
|    iterations           | 444         |
|    time_elapsed         | 30794       |
|    total_timesteps      | 2727936     |
| train/                  |             |
|    approx_kl            | 0.016026894 |
|    clip_fraction        | 0.165       |
|    clip_range           | 0.2         |
|    entropy_loss         | -3.28       |
|    explained_variance   | 0.818       |
|    learning_rate        | 0.0003      |
|    loss                 | 2.38        |
|    n_updates            | 4430        |
|    policy_gradient_loss | 0.001       |
|    std                  | 0.563       |
|    value_loss           | 6.24e+03    |
-----------------------------------------
----------------------------------------
| curriculum/             |            |
|    chase_probability    | 0.39       |
| rollout/                |            |
|    ep_len_mean          | 264        |
|    ep_rew_mean          | -192       |
| time/                   |            |
|    fps                  | 88         |
|    iterations           | 445        |
|    time_elapsed         | 30863      |
|    total_timesteps      | 2734080    |
| train/                  |            |
|    approx_kl            | 0.01749568 |
|    clip_fraction        | 0.217      |
|    clip_range           | 0.2        |
|    entropy_loss         | -3.26      |
|    explained_variance   | 0.771      |
|    learning_rate        | 0.0003     |
|    loss                 | 95.1       |
|    n_updates            | 4440       |
|    policy_gradient_loss | 0.00075    |
|    std                  | 0.562      |
|    value_loss           | 1.2e+03    |
----------------------------------------
-----------------------------------------
| rollout/                |             |
|    ep_len_mean          | 261         |
|    ep_rew_mean          | -154        |
| time/                   |             |
|    fps                  | 88          |
|    iterations           | 446         |
|    time_elapsed         | 30930       |
|    total_timesteps      | 2740224     |
| train/                  |             |
|    approx_kl            | 0.019853001 |
|    clip_fraction        | 0.201       |
|    clip_range           | 0.2         |
|    entropy_loss         | -3.24       |
|    explained_variance   | 0.662       |
|    learning_rate        | 0.0003      |
|    loss                 | 2.15        |
|    n_updates            | 4450        |
|    policy_gradient_loss | -0.00274    |
|    std                  | 0.56        |
|    value_loss           | 156         |
-----------------------------------------
-----------------------------------------
| curriculum/             |             |
|    chase_probability    | 0.392       |
| rollout/                |             |
|    ep_len_mean          | 271         |
|    ep_rew_mean          | -304        |
| time/                   |             |
|    fps                  | 88          |
|    iterations           | 447         |
|    time_elapsed         | 30990       |
|    total_timesteps      | 2746368     |
| train/                  |             |
|    approx_kl            | 0.014431824 |
|    clip_fraction        | 0.204       |
|    clip_range           | 0.2         |
|    entropy_loss         | -3.26       |
|    explained_variance   | 0.744       |
|    learning_rate        | 0.0003      |
|    loss                 | 3.71        |
|    n_updates            | 4460        |
|    policy_gradient_loss | 0.00153     |
|    std                  | 0.564       |
|    value_loss           | 3.46e+03    |
-----------------------------------------
Eval num_timesteps=2749560, episode_reward=46.03 +/- 29.91
Episode length: 239.00 +/- 15.95
-----------------------------------------
| eval/                   |             |
|    mean_ep_length       | 239         |
|    mean_reward          | 46          |
| time/                   |             |
|    total_timesteps      | 2749560     |
| train/                  |             |
|    approx_kl            | 0.029423602 |
|    clip_fraction        | 0.288       |
|    clip_range           | 0.2         |
|    entropy_loss         | -3.27       |
|    explained_variance   | 0.824       |
|    learning_rate        | 0.0003      |
|    loss                 | 2.13        |
|    n_updates            | 4470        |
|    policy_gradient_loss | 0.011       |
|    std                  | 0.563       |
|    value_loss           | 4.22e+03    |
-----------------------------------------
New best mean reward!
[episode ends] timestep 2750220: crashed=4 (2%), max_steps=2 (1%), missed_goal=60 (31%), scored=126 (66%)
-----------------------------------
| curriculum/          |          |
|    chase_probability | 0.393    |
| episode_end/         |          |
|    crashed           | 4        |
|    max_steps         | 2        |
|    missed_goal       | 60       |
|    scored            | 126      |
| rollout/             |          |
|    ep_len_mean       | 260      |
|    ep_rew_mean       | -149     |
| time/                |          |
|    fps               | 88       |
|    iterations        | 448      |
|    time_elapsed      | 31072    |
|    total_timesteps   | 2752512  |
-----------------------------------
----------------------------------------
| rollout/                |            |
|    ep_len_mean          | 257        |
|    ep_rew_mean          | -147       |
| time/                   |            |
|    fps                  | 88         |
|    iterations           | 449        |
|    time_elapsed         | 31142      |
|    total_timesteps      | 2758656    |
| train/                  |            |
|    approx_kl            | 0.09509134 |
|    clip_fraction        | 0.284      |
|    clip_range           | 0.2        |
|    entropy_loss         | -3.25      |
|    explained_variance   | 0.745      |
|    learning_rate        | 0.0003     |
|    loss                 | 1.72       |
|    n_updates            | 4480       |
|    policy_gradient_loss | 0.0156     |
|    std                  | 0.561      |
|    value_loss           | 136        |
----------------------------------------
----------------------------------------
| curriculum/             |            |
|    chase_probability    | 0.395      |
| rollout/                |            |
|    ep_len_mean          | 258        |
|    ep_rew_mean          | -162       |
| time/                   |            |
|    fps                  | 88         |
|    iterations           | 450        |
|    time_elapsed         | 31211      |
|    total_timesteps      | 2764800    |
| train/                  |            |
|    approx_kl            | 0.01924638 |
|    clip_fraction        | 0.253      |
|    clip_range           | 0.2        |
|    entropy_loss         | -3.24      |
|    explained_variance   | 0.785      |
|    learning_rate        | 0.0003     |
|    loss                 | 0.278      |
|    n_updates            | 4490       |
|    policy_gradient_loss | 0.00769    |
|    std                  | 0.56       |
|    value_loss           | 1.89e+03   |
----------------------------------------
-----------------------------------------
| rollout/                |             |
|    ep_len_mean          | 270         |
|    ep_rew_mean          | -497        |
| time/                   |             |
|    fps                  | 88          |
|    iterations           | 451         |
|    time_elapsed         | 31270       |
|    total_timesteps      | 2770944     |
| train/                  |             |
|    approx_kl            | 0.012103478 |
|    clip_fraction        | 0.164       |
|    clip_range           | 0.2         |
|    entropy_loss         | -3.23       |
|    explained_variance   | 0.807       |
|    learning_rate        | 0.0003      |
|    loss                 | 202         |
|    n_updates            | 4500        |
|    policy_gradient_loss | 0.00135     |
|    std                  | 0.558       |
|    value_loss           | 1.19e+04    |
-----------------------------------------
-----------------------------------------
| curriculum/             |             |
|    chase_probability    | 0.396       |
| rollout/                |             |
|    ep_len_mean          | 264         |
|    ep_rew_mean          | -345        |
| time/                   |             |
|    fps                  | 88          |
|    iterations           | 452         |
|    time_elapsed         | 31331       |
|    total_timesteps      | 2777088     |
| train/                  |             |
|    approx_kl            | 0.051783342 |
|    clip_fraction        | 0.214       |
|    clip_range           | 0.2         |
|    entropy_loss         | -3.22       |
|    explained_variance   | 0.829       |
|    learning_rate        | 0.0003      |
|    loss                 | 1.16        |
|    n_updates            | 4510        |
|    policy_gradient_loss | 0.00545     |
|    std                  | 0.558       |
|    value_loss           | 5.33e+03    |
-----------------------------------------
-----------------------------------------
| curriculum/             |             |
|    chase_probability    | 0.397       |
| rollout/                |             |
|    ep_len_mean          | 264         |
|    ep_rew_mean          | -348        |
| time/                   |             |
|    fps                  | 88          |
|    iterations           | 453         |
|    time_elapsed         | 31404       |
|    total_timesteps      | 2783232     |
| train/                  |             |
|    approx_kl            | 0.027125334 |
|    clip_fraction        | 0.201       |
|    clip_range           | 0.2         |
|    entropy_loss         | -3.22       |
|    explained_variance   | 0.713       |
|    learning_rate        | 0.0003      |
|    loss                 | 4.25        |
|    n_updates            | 4520        |
|    policy_gradient_loss | 0.00158     |
|    std                  | 0.556       |
|    value_loss           | 505         |
-----------------------------------------
-----------------------------------------
| rollout/                |             |
|    ep_len_mean          | 266         |
|    ep_rew_mean          | -380        |
| time/                   |             |
|    fps                  | 88          |
|    iterations           | 454         |
|    time_elapsed         | 31471       |
|    total_timesteps      | 2789376     |
| train/                  |             |
|    approx_kl            | 0.017314957 |
|    clip_fraction        | 0.138       |
|    clip_range           | 0.2         |
|    entropy_loss         | -3.2        |
|    explained_variance   | 0.658       |
|    learning_rate        | 0.0003      |
|    loss                 | 167         |
|    n_updates            | 4530        |
|    policy_gradient_loss | -0.000888   |
|    std                  | 0.554       |
|    value_loss           | 1.23e+03    |
-----------------------------------------
-----------------------------------------
| curriculum/             |             |
|    chase_probability    | 0.399       |
| rollout/                |             |
|    ep_len_mean          | 253         |
|    ep_rew_mean          | -57.4       |
| time/                   |             |
|    fps                  | 88          |
|    iterations           | 455         |
|    time_elapsed         | 31538       |
|    total_timesteps      | 2795520     |
| train/                  |             |
|    approx_kl            | 0.031013338 |
|    clip_fraction        | 0.169       |
|    clip_range           | 0.2         |
|    entropy_loss         | -3.19       |
|    explained_variance   | 0.687       |
|    learning_rate        | 0.0003      |
|    loss                 | 13.2        |
|    n_updates            | 4540        |
|    policy_gradient_loss | 0.00429     |
|    std                  | 0.552       |
|    value_loss           | 1.34e+03    |
-----------------------------------------
Eval num_timesteps=2799552, episode_reward=-150.23 +/- 357.12
Episode length: 242.60 +/- 40.56
----------------------------------------
| eval/                   |            |
|    mean_ep_length       | 243        |
|    mean_reward          | -150       |
| time/                   |            |
|    total_timesteps      | 2799552    |
| train/                  |            |
|    approx_kl            | 0.01529431 |
|    clip_fraction        | 0.143      |
|    clip_range           | 0.2        |
|    entropy_loss         | -3.18      |
|    explained_variance   | 0.746      |
|    learning_rate        | 0.0003     |
|    loss                 | 440        |
|    n_updates            | 4550       |
|    policy_gradient_loss | 0.00262    |
|    std                  | 0.552      |
|    value_loss           | 1.49e+03   |
----------------------------------------
[progress] timestep 2800224
[episode ends] timestep 2800224: crashed=4 (2%), max_steps=2 (1%), missed_goal=58 (30%), scored=131 (67%)
---------------------------------
| episode_end/       |          |
|    crashed         | 4        |
|    max_steps       | 2        |
|    missed_goal     | 58       |
|    scored          | 131      |
| rollout/           |          |
|    ep_len_mean     | 249      |
|    ep_rew_mean     | -56      |
| time/              |          |
|    fps             | 88       |
|    iterations      | 456      |
|    time_elapsed    | 31621    |
|    total_timesteps | 2801664  |
---------------------------------
-----------------------------------------
| curriculum/             |             |
|    chase_probability    | 0.4         |
| rollout/                |             |
|    ep_len_mean          | 252         |
|    ep_rew_mean          | -78.8       |
| time/                   |             |
|    fps                  | 88          |
|    iterations           | 457         |
|    time_elapsed         | 31690       |
|    total_timesteps      | 2807808     |
| train/                  |             |
|    approx_kl            | 0.008223774 |
|    clip_fraction        | 0.0626      |
|    clip_range           | 0.2         |
|    entropy_loss         | -3.18       |
|    explained_variance   | 0.791       |
|    learning_rate        | 0.0003      |
|    loss                 | 20.8        |
|    n_updates            | 4560        |
|    policy_gradient_loss | -0.000889   |
|    std                  | 0.552       |
|    value_loss           | 2.45e+03    |
-----------------------------------------
------------------------------------------
| curriculum/             |              |
|    chase_probability    | 0.402        |
| rollout/                |              |
|    ep_len_mean          | 254          |
|    ep_rew_mean          | -181         |
| time/                   |              |
|    fps                  | 88           |
|    iterations           | 458          |
|    time_elapsed         | 31761        |
|    total_timesteps      | 2813952      |
| train/                  |              |
|    approx_kl            | 0.0076883063 |
|    clip_fraction        | 0.0383       |
|    clip_range           | 0.2          |
|    entropy_loss         | -3.18        |
|    explained_variance   | 0.807        |
|    learning_rate        | 0.0003       |
|    loss                 | 81.2         |
|    n_updates            | 4570         |
|    policy_gradient_loss | -0.00161     |
|    std                  | 0.551        |
|    value_loss           | 6.75e+03     |
------------------------------------------
------------------------------------------
| rollout/                |              |
|    ep_len_mean          | 261          |
|    ep_rew_mean          | -358         |
| time/                   |              |
|    fps                  | 88           |
|    iterations           | 459          |
|    time_elapsed         | 31824        |
|    total_timesteps      | 2820096      |
| train/                  |              |
|    approx_kl            | 0.0057354663 |
|    clip_fraction        | 0.0549       |
|    clip_range           | 0.2          |
|    entropy_loss         | -3.17        |
|    explained_variance   | 0.828        |
|    learning_rate        | 0.0003       |
|    loss                 | 3.38         |
|    n_updates            | 4580         |
|    policy_gradient_loss | -0.00384     |
|    std                  | 0.551        |
|    value_loss           | 9.94e+03     |
------------------------------------------
-----------------------------------------
| curriculum/             |             |
|    chase_probability    | 0.403       |
| rollout/                |             |
|    ep_len_mean          | 272         |
|    ep_rew_mean          | -541        |
| time/                   |             |
|    fps                  | 88          |
|    iterations           | 460         |
|    time_elapsed         | 31888       |
|    total_timesteps      | 2826240     |
| train/                  |             |
|    approx_kl            | 0.015120502 |
|    clip_fraction        | 0.129       |
|    clip_range           | 0.2         |
|    entropy_loss         | -3.17       |
|    explained_variance   | 0.817       |
|    learning_rate        | 0.0003      |
|    loss                 | 0.754       |
|    n_updates            | 4590        |
|    policy_gradient_loss | 0.000966    |
|    std                  | 0.551       |
|    value_loss           | 1.27e+04    |
-----------------------------------------
----------------------------------------
| curriculum/             |            |
|    chase_probability    | 0.405      |
| rollout/                |            |
|    ep_len_mean          | 282        |
|    ep_rew_mean          | -747       |
| time/                   |            |
|    fps                  | 88         |
|    iterations           | 461        |
|    time_elapsed         | 31953      |
|    total_timesteps      | 2832384    |
| train/                  |            |
|    approx_kl            | 0.00745634 |
|    clip_fraction        | 0.0715     |
|    clip_range           | 0.2        |
|    entropy_loss         | -3.17      |
|    explained_variance   | 0.806      |
|    learning_rate        | 0.0003     |
|    loss                 | 12         |
|    n_updates            | 4600       |
|    policy_gradient_loss | -0.00425   |
|    std                  | 0.551      |
|    value_loss           | 7.89e+03   |
----------------------------------------
-----------------------------------------
| rollout/                |             |
|    ep_len_mean          | 283         |
|    ep_rew_mean          | -758        |
| time/                   |             |
|    fps                  | 88          |
|    iterations           | 462         |
|    time_elapsed         | 32020       |
|    total_timesteps      | 2838528     |
| train/                  |             |
|    approx_kl            | 0.013951435 |
|    clip_fraction        | 0.104       |
|    clip_range           | 0.2         |
|    entropy_loss         | -3.17       |
|    explained_variance   | 0.774       |
|    learning_rate        | 0.0003      |
|    loss                 | 164         |
|    n_updates            | 4610        |
|    policy_gradient_loss | -0.00201    |
|    std                  | 0.55        |
|    value_loss           | 7.09e+03    |
-----------------------------------------
-----------------------------------------
| curriculum/             |             |
|    chase_probability    | 0.406       |
| rollout/                |             |
|    ep_len_mean          | 283         |
|    ep_rew_mean          | -771        |
| time/                   |             |
|    fps                  | 88          |
|    iterations           | 463         |
|    time_elapsed         | 32087       |
|    total_timesteps      | 2844672     |
| train/                  |             |
|    approx_kl            | 0.008792326 |
|    clip_fraction        | 0.0773      |
|    clip_range           | 0.2         |
|    entropy_loss         | -3.16       |
|    explained_variance   | 0.827       |
|    learning_rate        | 0.0003      |
|    loss                 | 23.9        |
|    n_updates            | 4620        |
|    policy_gradient_loss | -0.00185    |
|    std                  | 0.551       |
|    value_loss           | 6.32e+03    |
-----------------------------------------
Eval num_timesteps=2849544, episode_reward=45.46 +/- 30.00
Episode length: 226.30 +/- 21.42
----------------------------------------
| eval/                   |            |
|    mean_ep_length       | 226        |
|    mean_reward          | 45.5       |
| time/                   |            |
|    total_timesteps      | 2849544    |
| train/                  |            |
|    approx_kl            | 0.05968945 |
|    clip_fraction        | 0.189      |
|    clip_range           | 0.2        |
|    entropy_loss         | -3.17      |
|    explained_variance   | 0.847      |
|    learning_rate        | 0.0003     |
|    loss                 | 2.92       |
|    n_updates            | 4630       |
|    policy_gradient_loss | 0.00301    |
|    std                  | 0.55       |
|    value_loss           | 3.75e+03   |
----------------------------------------
[episode ends] timestep 2850228: crashed=4 (2%), max_steps=5 (3%), missed_goal=48 (27%), scored=124 (69%)
---------------------------------
| episode_end/       |          |
|    crashed         | 4        |
|    max_steps       | 5        |
|    missed_goal     | 48       |
|    scored          | 124      |
| rollout/           |          |
|    ep_len_mean     | 272      |
|    ep_rew_mean     | -562     |
| time/              |          |
|    fps             | 88       |
|    iterations      | 464      |
|    time_elapsed    | 32170    |
|    total_timesteps | 2850816  |
---------------------------------
-----------------------------------------
| curriculum/             |             |
|    chase_probability    | 0.407       |
| rollout/                |             |
|    ep_len_mean          | 261         |
|    ep_rew_mean          | -343        |
| time/                   |             |
|    fps                  | 88          |
|    iterations           | 465         |
|    time_elapsed         | 32239       |
|    total_timesteps      | 2856960     |
| train/                  |             |
|    approx_kl            | 0.010406981 |
|    clip_fraction        | 0.16        |
|    clip_range           | 0.2         |
|    entropy_loss         | -3.15       |
|    explained_variance   | 0.826       |
|    learning_rate        | 0.0003      |
|    loss                 | 1.36        |
|    n_updates            | 4640        |
|    policy_gradient_loss | 0.00101     |
|    std                  | 0.547       |
|    value_loss           | 6.12e+03    |
-----------------------------------------
-----------------------------------------
| curriculum/             |             |
|    chase_probability    | 0.409       |
| rollout/                |             |
|    ep_len_mean          | 257         |
|    ep_rew_mean          | -325        |
| time/                   |             |
|    fps                  | 88          |
|    iterations           | 466         |
|    time_elapsed         | 32310       |
|    total_timesteps      | 2863104     |
| train/                  |             |
|    approx_kl            | 0.025076667 |
|    clip_fraction        | 0.26        |
|    clip_range           | 0.2         |
|    entropy_loss         | -3.15       |
|    explained_variance   | 0.596       |
|    learning_rate        | 0.0003      |
|    loss                 | 2.08        |
|    n_updates            | 4650        |
|    policy_gradient_loss | 0.00352     |
|    std                  | 0.547       |
|    value_loss           | 103         |
-----------------------------------------
-----------------------------------------
| rollout/                |             |
|    ep_len_mean          | 256         |
|    ep_rew_mean          | -183        |
| time/                   |             |
|    fps                  | 88          |
|    iterations           | 467         |
|    time_elapsed         | 32378       |
|    total_timesteps      | 2869248     |
| train/                  |             |
|    approx_kl            | 0.030707499 |
|    clip_fraction        | 0.226       |
|    clip_range           | 0.2         |
|    entropy_loss         | -3.14       |
|    explained_variance   | 0.749       |
|    learning_rate        | 0.0003      |
|    loss                 | 92.8        |
|    n_updates            | 4660        |
|    policy_gradient_loss | 0.00358     |
|    std                  | 0.546       |
|    value_loss           | 512         |
-----------------------------------------
-----------------------------------------
| curriculum/             |             |
|    chase_probability    | 0.41        |
| rollout/                |             |
|    ep_len_mean          | 259         |
|    ep_rew_mean          | -210        |
| time/                   |             |
|    fps                  | 88          |
|    iterations           | 468         |
|    time_elapsed         | 32446       |
|    total_timesteps      | 2875392     |
| train/                  |             |
|    approx_kl            | 0.034027684 |
|    clip_fraction        | 0.163       |
|    clip_range           | 0.2         |
|    entropy_loss         | -3.15       |
|    explained_variance   | 0.81        |
|    learning_rate        | 0.0003      |
|    loss                 | 104         |
|    n_updates            | 4670        |
|    policy_gradient_loss | 0.00243     |
|    std                  | 0.548       |
|    value_loss           | 1.02e+03    |
-----------------------------------------
-----------------------------------------
| rollout/                |             |
|    ep_len_mean          | 259         |
|    ep_rew_mean          | -201        |
| time/                   |             |
|    fps                  | 88          |
|    iterations           | 469         |
|    time_elapsed         | 32506       |
|    total_timesteps      | 2881536     |
| train/                  |             |
|    approx_kl            | 0.017890455 |
|    clip_fraction        | 0.177       |
|    clip_range           | 0.2         |
|    entropy_loss         | -3.15       |
|    explained_variance   | 0.807       |
|    learning_rate        | 0.0003      |
|    loss                 | 4.43e+03    |
|    n_updates            | 4680        |
|    policy_gradient_loss | 0.00141     |
|    std                  | 0.547       |
|    value_loss           | 9.04e+03    |
-----------------------------------------
-----------------------------------------
| curriculum/             |             |
|    chase_probability    | 0.412       |
| rollout/                |             |
|    ep_len_mean          | 272         |
|    ep_rew_mean          | -384        |
| time/                   |             |
|    fps                  | 88          |
|    iterations           | 470         |
|    time_elapsed         | 32568       |
|    total_timesteps      | 2887680     |
| train/                  |             |
|    approx_kl            | 0.017826466 |
|    clip_fraction        | 0.139       |
|    clip_range           | 0.2         |
|    entropy_loss         | -3.14       |
|    explained_variance   | 0.831       |
|    learning_rate        | 0.0003      |
|    loss                 | 119         |
|    n_updates            | 4690        |
|    policy_gradient_loss | 0.00109     |
|    std                  | 0.547       |
|    value_loss           | 9.13e+03    |
-----------------------------------------
-----------------------------------------
| curriculum/             |             |
|    chase_probability    | 0.413       |
| rollout/                |             |
|    ep_len_mean          | 266         |
|    ep_rew_mean          | -362        |
| time/                   |             |
|    fps                  | 88          |
|    iterations           | 471         |
|    time_elapsed         | 32637       |
|    total_timesteps      | 2893824     |
| train/                  |             |
|    approx_kl            | 0.012212679 |
|    clip_fraction        | 0.115       |
|    clip_range           | 0.2         |
|    entropy_loss         | -3.14       |
|    explained_variance   | 0.764       |
|    learning_rate        | 0.0003      |
|    loss                 | 266         |
|    n_updates            | 4700        |
|    policy_gradient_loss | -0.000493   |
|    std                  | 0.547       |
|    value_loss           | 1.14e+03    |
-----------------------------------------
Eval num_timesteps=2899536, episode_reward=-1383.33 +/- 4259.32
Episode length: 327.50 +/- 224.71
-----------------------------------------
| eval/                   |             |
|    mean_ep_length       | 328         |
|    mean_reward          | -1.38e+03   |
| time/                   |             |
|    total_timesteps      | 2899536     |
| train/                  |             |
|    approx_kl            | 0.020495905 |
|    clip_fraction        | 0.221       |
|    clip_range           | 0.2         |
|    entropy_loss         | -3.15       |
|    explained_variance   | 0.846       |
|    learning_rate        | 0.0003      |
|    loss                 | 10.7        |
|    n_updates            | 4710        |
|    policy_gradient_loss | 0.00471     |
|    std                  | 0.549       |
|    value_loss           | 4.79e+03    |
-----------------------------------------
---------------------------------
| rollout/           |          |
|    ep_len_mean     | 276      |
|    ep_rew_mean     | -525     |
| time/              |          |
|    fps             | 88       |
|    iterations      | 472      |
|    time_elapsed    | 32729    |
|    total_timesteps | 2899968  |
---------------------------------
[progress] timestep 2900232
[episode ends] timestep 2900232: crashed=4 (2%), max_steps=4 (2%), missed_goal=77 (41%), scored=104 (55%)
-----------------------------------------
| curriculum/             |             |
|    chase_probability    | 0.415       |
| episode_end/            |             |
|    crashed              | 4           |
|    max_steps            | 4           |
|    missed_goal          | 77          |
|    scored               | 104         |
| rollout/                |             |
|    ep_len_mean          | 265         |
|    ep_rew_mean          | -337        |
| time/                   |             |
|    fps                  | 88          |
|    iterations           | 473         |
|    time_elapsed         | 32799       |
|    total_timesteps      | 2906112     |
| train/                  |             |
|    approx_kl            | 0.022170207 |
|    clip_fraction        | 0.234       |
|    clip_range           | 0.2         |
|    entropy_loss         | -3.15       |
|    explained_variance   | 0.824       |
|    learning_rate        | 0.0003      |
|    loss                 | 1.39        |
|    n_updates            | 4720        |
|    policy_gradient_loss | 0.00528     |
|    std                  | 0.548       |
|    value_loss           | 4.51e+03    |
-----------------------------------------
-----------------------------------------
| rollout/                |             |
|    ep_len_mean          | 253         |
|    ep_rew_mean          | -162        |
| time/                   |             |
|    fps                  | 88          |
|    iterations           | 474         |
|    time_elapsed         | 32872       |
|    total_timesteps      | 2912256     |
| train/                  |             |
|    approx_kl            | 0.104839206 |
|    clip_fraction        | 0.34        |
|    clip_range           | 0.2         |
|    entropy_loss         | -3.14       |
|    explained_variance   | 0.685       |
|    learning_rate        | 0.0003      |
|    loss                 | 3.21        |
|    n_updates            | 4730        |
|    policy_gradient_loss | 0.0167      |
|    std                  | 0.544       |
|    value_loss           | 143         |
-----------------------------------------
----------------------------------------
| curriculum/             |            |
|    chase_probability    | 0.416      |
| rollout/                |            |
|    ep_len_mean          | 251        |
|    ep_rew_mean          | -159       |
| time/                   |            |
|    fps                  | 88         |
|    iterations           | 475        |
|    time_elapsed         | 32950      |
|    total_timesteps      | 2918400    |
| train/                  |            |
|    approx_kl            | 0.07466108 |
|    clip_fraction        | 0.312      |
|    clip_range           | 0.2        |
|    entropy_loss         | -3.13      |
|    explained_variance   | 0.63       |
|    learning_rate        | 0.0003     |
|    loss                 | 2.77       |
|    n_updates            | 4740       |
|    policy_gradient_loss | 0.01       |
|    std                  | 0.546      |
|    value_loss           | 178        |
----------------------------------------
-----------------------------------------
| curriculum/             |             |
|    chase_probability    | 0.417       |
| rollout/                |             |
|    ep_len_mean          | 241         |
|    ep_rew_mean          | 10.4        |
| time/                   |             |
|    fps                  | 88          |
|    iterations           | 476         |
|    time_elapsed         | 33029       |
|    total_timesteps      | 2924544     |
| train/                  |             |
|    approx_kl            | 0.021238873 |
|    clip_fraction        | 0.168       |
|    clip_range           | 0.2         |
|    entropy_loss         | -3.12       |
|    explained_variance   | 0.816       |
|    learning_rate        | 0.0003      |
|    loss                 | 0.989       |
|    n_updates            | 4750        |
|    policy_gradient_loss | 0.00207     |
|    std                  | 0.543       |
|    value_loss           | 19.3        |
-----------------------------------------
-----------------------------------------
| rollout/                |             |
|    ep_len_mean          | 243         |
|    ep_rew_mean          | -4.41       |
| time/                   |             |
|    fps                  | 88          |
|    iterations           | 477         |
|    time_elapsed         | 33102       |
|    total_timesteps      | 2930688     |
| train/                  |             |
|    approx_kl            | 0.019973453 |
|    clip_fraction        | 0.155       |
|    clip_range           | 0.2         |
|    entropy_loss         | -3.1        |
|    explained_variance   | 0.471       |
|    learning_rate        | 0.0003      |
|    loss                 | 1.04        |
|    n_updates            | 4760        |
|    policy_gradient_loss | -0.000689   |
|    std                  | 0.544       |
|    value_loss           | 213         |
-----------------------------------------
----------------------------------------
| curriculum/             |            |
|    chase_probability    | 0.419      |
| rollout/                |            |
|    ep_len_mean          | 243        |
|    ep_rew_mean          | -13.8      |
| time/                   |            |
|    fps                  | 88         |
|    iterations           | 478        |
|    time_elapsed         | 33171      |
|    total_timesteps      | 2936832    |
| train/                  |            |
|    approx_kl            | 0.01608846 |
|    clip_fraction        | 0.173      |
|    clip_range           | 0.2        |
|    entropy_loss         | -3.1       |
|    explained_variance   | 0.819      |
|    learning_rate        | 0.0003     |
|    loss                 | 45         |
|    n_updates            | 4770       |
|    policy_gradient_loss | 0.000841   |
|    std                  | 0.544      |
|    value_loss           | 2.23e+03   |
----------------------------------------
-----------------------------------------
| curriculum/             |             |
|    chase_probability    | 0.42        |
| rollout/                |             |
|    ep_len_mean          | 253         |
|    ep_rew_mean          | -188        |
| time/                   |             |
|    fps                  | 88          |
|    iterations           | 479         |
|    time_elapsed         | 33238       |
|    total_timesteps      | 2942976     |
| train/                  |             |
|    approx_kl            | 0.012871665 |
|    clip_fraction        | 0.132       |
|    clip_range           | 0.2         |
|    entropy_loss         | -3.1        |
|    explained_variance   | 0.817       |
|    learning_rate        | 0.0003      |
|    loss                 | 56.3        |
|    n_updates            | 4780        |
|    policy_gradient_loss | -0.00275    |
|    std                  | 0.541       |
|    value_loss           | 5.77e+03    |
-----------------------------------------
-----------------------------------------
| rollout/                |             |
|    ep_len_mean          | 256         |
|    ep_rew_mean          | -194        |
| time/                   |             |
|    fps                  | 88          |
|    iterations           | 480         |
|    time_elapsed         | 33307       |
|    total_timesteps      | 2949120     |
| train/                  |             |
|    approx_kl            | 0.018930735 |
|    clip_fraction        | 0.318       |
|    clip_range           | 0.2         |
|    entropy_loss         | -3.05       |
|    explained_variance   | 0.853       |
|    learning_rate        | 0.0003      |
|    loss                 | 1           |
|    n_updates            | 4790        |
|    policy_gradient_loss | 0.0108      |
|    std                  | 0.535       |
|    value_loss           | 1.38e+03    |
-----------------------------------------
Eval num_timesteps=2949528, episode_reward=-1638.86 +/- 4845.74
Episode length: 324.50 +/- 226.37
-----------------------------------------
| eval/                   |             |
|    mean_ep_length       | 324         |
|    mean_reward          | -1.64e+03   |
| time/                   |             |
|    total_timesteps      | 2949528     |
| train/                  |             |
|    approx_kl            | 0.014360686 |
|    clip_fraction        | 0.187       |
|    clip_range           | 0.2         |
|    entropy_loss         | -3.03       |
|    explained_variance   | 0.605       |
|    learning_rate        | 0.0003      |
|    loss                 | 0.501       |
|    n_updates            | 4800        |
|    policy_gradient_loss | 0.00012     |
|    std                  | 0.533       |
|    value_loss           | 410         |
-----------------------------------------
[episode ends] timestep 2950236: crashed=6 (3%), max_steps=1 (0%), missed_goal=101 (50%), scored=94 (47%)
-----------------------------------
| curriculum/          |          |
|    chase_probability | 0.422    |
| episode_end/         |          |
|    crashed           | 6        |
|    max_steps         | 1        |
|    missed_goal       | 101      |
|    scored            | 94       |
| rollout/             |          |
|    ep_len_mean       | 257      |
|    ep_rew_mean       | -196     |
| time/                |          |
|    fps               | 88       |
|    iterations        | 481      |
|    time_elapsed      | 33399    |
|    total_timesteps   | 2955264  |
-----------------------------------
-----------------------------------------
| rollout/                |             |
|    ep_len_mean          | 258         |
|    ep_rew_mean          | -173        |
| time/                   |             |
|    fps                  | 88          |
|    iterations           | 482         |
|    time_elapsed         | 33462       |
|    total_timesteps      | 2961408     |
| train/                  |             |
|    approx_kl            | 0.014620879 |
|    clip_fraction        | 0.138       |
|    clip_range           | 0.2         |
|    entropy_loss         | -3.02       |
|    explained_variance   | 0.397       |
|    learning_rate        | 0.0003      |
|    loss                 | 416         |
|    n_updates            | 4810        |
|    policy_gradient_loss | -0.00304    |
|    std                  | 0.532       |
|    value_loss           | 418         |
-----------------------------------------
-----------------------------------------
| curriculum/             |             |
|    chase_probability    | 0.423       |
| rollout/                |             |
|    ep_len_mean          | 252         |
|    ep_rew_mean          | 0.932       |
| time/                   |             |
|    fps                  | 88          |
|    iterations           | 483         |
|    time_elapsed         | 33528       |
|    total_timesteps      | 2967552     |
| train/                  |             |
|    approx_kl            | 0.023192966 |
|    clip_fraction        | 0.183       |
|    clip_range           | 0.2         |
|    entropy_loss         | -3.02       |
|    explained_variance   | 0.778       |
|    learning_rate        | 0.0003      |
|    loss                 | 8.07        |
|    n_updates            | 4820        |
|    policy_gradient_loss | 0.00169     |
|    std                  | 0.531       |
|    value_loss           | 144         |
-----------------------------------------
-----------------------------------------
| curriculum/             |             |
|    chase_probability    | 0.425       |
| rollout/                |             |
|    ep_len_mean          | 252         |
|    ep_rew_mean          | 8.63        |
| time/                   |             |
|    fps                  | 88          |
|    iterations           | 484         |
|    time_elapsed         | 33592       |
|    total_timesteps      | 2973696     |
| train/                  |             |
|    approx_kl            | 0.019868283 |
|    clip_fraction        | 0.193       |
|    clip_range           | 0.2         |
|    entropy_loss         | -3.01       |
|    explained_variance   | 0.832       |
|    learning_rate        | 0.0003      |
|    loss                 | 0.141       |
|    n_updates            | 4830        |
|    policy_gradient_loss | -0.00224    |
|    std                  | 0.53        |
|    value_loss           | 22.3        |
-----------------------------------------
-----------------------------------------
| rollout/                |             |
|    ep_len_mean          | 251         |
|    ep_rew_mean          | 23          |
| time/                   |             |
|    fps                  | 88          |
|    iterations           | 485         |
|    time_elapsed         | 33659       |
|    total_timesteps      | 2979840     |
| train/                  |             |
|    approx_kl            | 0.014976063 |
|    clip_fraction        | 0.212       |
|    clip_range           | 0.2         |
|    entropy_loss         | -2.99       |
|    explained_variance   | 0.696       |
|    learning_rate        | 0.0003      |
|    loss                 | 1.83        |
|    n_updates            | 4840        |
|    policy_gradient_loss | -0.00432    |
|    std                  | 0.528       |
|    value_loss           | 58.9        |
-----------------------------------------
----------------------------------------
| curriculum/             |            |
|    chase_probability    | 0.426      |
| rollout/                |            |
|    ep_len_mean          | 251        |
|    ep_rew_mean          | 18.4       |
| time/                   |            |
|    fps                  | 88         |
|    iterations           | 486        |
|    time_elapsed         | 33721      |
|    total_timesteps      | 2985984    |
| train/                  |            |
|    approx_kl            | 0.01067035 |
|    clip_fraction        | 0.136      |
|    clip_range           | 0.2        |
|    entropy_loss         | -2.99      |
|    explained_variance   | 0.798      |
|    learning_rate        | 0.0003     |
|    loss                 | 1.78       |
|    n_updates            | 4850       |
|    policy_gradient_loss | -0.00289   |
|    std                  | 0.527      |
|    value_loss           | 19.4       |
----------------------------------------
-----------------------------------------
| rollout/                |             |
|    ep_len_mean          | 253         |
|    ep_rew_mean          | -20.3       |
| time/                   |             |
|    fps                  | 88          |
|    iterations           | 487         |
|    time_elapsed         | 33786       |
|    total_timesteps      | 2992128     |
| train/                  |             |
|    approx_kl            | 0.015434821 |
|    clip_fraction        | 0.155       |
|    clip_range           | 0.2         |
|    entropy_loss         | -2.98       |
|    explained_variance   | 0.181       |
|    learning_rate        | 0.0003      |
|    loss                 | 12.7        |
|    n_updates            | 4860        |
|    policy_gradient_loss | -0.00059    |
|    std                  | 0.527       |
|    value_loss           | 501         |
-----------------------------------------
---------------------------------------
| curriculum/             |           |
|    chase_probability    | 0.427     |
| rollout/                |           |
|    ep_len_mean          | 256       |
|    ep_rew_mean          | -74.1     |
| time/                   |           |
|    fps                  | 88        |
|    iterations           | 488       |
|    time_elapsed         | 33847     |
|    total_timesteps      | 2998272   |
| train/                  |           |
|    approx_kl            | 0.0192331 |
|    clip_fraction        | 0.218     |
|    clip_range           | 0.2       |
|    entropy_loss         | -2.99     |
|    explained_variance   | 0.499     |
|    learning_rate        | 0.0003    |
|    loss                 | 141       |
|    n_updates            | 4870      |
|    policy_gradient_loss | 0.00693   |
|    std                  | 0.527     |
|    value_loss           | 401       |
---------------------------------------
Eval num_timesteps=2999520, episode_reward=19.80 +/- 77.90
Episode length: 253.40 +/- 19.50
-----------------------------------------
| eval/                   |             |
|    mean_ep_length       | 253         |
|    mean_reward          | 19.8        |
| time/                   |             |
|    total_timesteps      | 2999520     |
| train/                  |             |
|    approx_kl            | 0.018193329 |
|    clip_fraction        | 0.151       |
|    clip_range           | 0.2         |
|    entropy_loss         | -2.98       |
|    explained_variance   | 0.743       |
|    learning_rate        | 0.0003      |
|    loss                 | 511         |
|    n_updates            | 4880        |
|    policy_gradient_loss | -0.00537    |
|    std                  | 0.525       |
|    value_loss           | 1.94e+03    |
-----------------------------------------
[progress] timestep 3000240
[episode ends] timestep 3000240: crashed=5 (3%), missed_goal=67 (34%), scored=125 (63%)
-----------------------------------
| curriculum/          |          |
|    chase_probability | 0.429    |
| episode_end/         |          |
|    crashed           | 5        |
|    missed_goal       | 67       |
|    scored            | 125      |
| rollout/             |          |
|    ep_len_mean       | 259      |
|    ep_rew_mean       | -88.2    |
| time/                |          |
|    fps               | 88       |
|    iterations        | 489      |
|    time_elapsed      | 33930    |
|    total_timesteps   | 3004416  |
-----------------------------------
-----------------------------------------
| rollout/                |             |
|    ep_len_mean          | 260         |
|    ep_rew_mean          | -106        |
| time/                   |             |
|    fps                  | 88          |
|    iterations           | 490         |
|    time_elapsed         | 33993       |
|    total_timesteps      | 3010560     |
| train/                  |             |
|    approx_kl            | 0.028728805 |
|    clip_fraction        | 0.289       |
|    clip_range           | 0.2         |
|    entropy_loss         | -2.96       |
|    explained_variance   | 0.649       |
|    learning_rate        | 0.0003      |
|    loss                 | 0.302       |
|    n_updates            | 4890        |
|    policy_gradient_loss | 0.0092      |
|    std                  | 0.524       |
|    value_loss           | 579         |
-----------------------------------------
----------------------------------------
| curriculum/             |            |
|    chase_probability    | 0.43       |
| rollout/                |            |
|    ep_len_mean          | 258        |
|    ep_rew_mean          | -105       |
| time/                   |            |
|    fps                  | 88         |
|    iterations           | 491        |
|    time_elapsed         | 34058      |
|    total_timesteps      | 3016704    |
| train/                  |            |
|    approx_kl            | 0.04295999 |
|    clip_fraction        | 0.285      |
|    clip_range           | 0.2        |
|    entropy_loss         | -2.95      |
|    explained_variance   | 0.477      |
|    learning_rate        | 0.0003     |
|    loss                 | 0.258      |
|    n_updates            | 4900       |
|    policy_gradient_loss | 0.0103     |
|    std                  | 0.522      |
|    value_loss           | 675        |
----------------------------------------
----------------------------------------
| curriculum/             |            |
|    chase_probability    | 0.432      |
| rollout/                |            |
|    ep_len_mean          | 255        |
|    ep_rew_mean          | -70.6      |
| time/                   |            |
|    fps                  | 88         |
|    iterations           | 492        |
|    time_elapsed         | 34121      |
|    total_timesteps      | 3022848    |
| train/                  |            |
|    approx_kl            | 0.04002394 |
|    clip_fraction        | 0.338      |
|    clip_range           | 0.2        |
|    entropy_loss         | -2.95      |
|    explained_variance   | 0.747      |
|    learning_rate        | 0.0003     |
|    loss                 | 542        |
|    n_updates            | 4910       |
|    policy_gradient_loss | 0.0148     |
|    std                  | 0.523      |
|    value_loss           | 1.37e+03   |
----------------------------------------
-----------------------------------------
| rollout/                |             |
|    ep_len_mean          | 256         |
|    ep_rew_mean          | -71         |
| time/                   |             |
|    fps                  | 88          |
|    iterations           | 493         |
|    time_elapsed         | 34183       |
|    total_timesteps      | 3028992     |
| train/                  |             |
|    approx_kl            | 0.020484108 |
|    clip_fraction        | 0.232       |
|    clip_range           | 0.2         |
|    entropy_loss         | -2.95       |
|    explained_variance   | 0.747       |
|    learning_rate        | 0.0003      |
|    loss                 | 44.6        |
|    n_updates            | 4920        |
|    policy_gradient_loss | 0.00624     |
|    std                  | 0.523       |
|    value_loss           | 1.33e+03    |
-----------------------------------------
-----------------------------------------
| curriculum/             |             |
|    chase_probability    | 0.433       |
| rollout/                |             |
|    ep_len_mean          | 258         |
|    ep_rew_mean          | -79.4       |
| time/                   |             |
|    fps                  | 88          |
|    iterations           | 494         |
|    time_elapsed         | 34245       |
|    total_timesteps      | 3035136     |
| train/                  |             |
|    approx_kl            | 0.034424823 |
|    clip_fraction        | 0.277       |
|    clip_range           | 0.2         |
|    entropy_loss         | -2.95       |
|    explained_variance   | 0.757       |
|    learning_rate        | 0.0003      |
|    loss                 | 1.53e+03    |
|    n_updates            | 4930        |
|    policy_gradient_loss | 0.0118      |
|    std                  | 0.523       |
|    value_loss           | 874         |
-----------------------------------------
-----------------------------------------
| rollout/                |             |
|    ep_len_mean          | 261         |
|    ep_rew_mean          | -77.1       |
| time/                   |             |
|    fps                  | 88          |
|    iterations           | 495         |
|    time_elapsed         | 34312       |
|    total_timesteps      | 3041280     |
| train/                  |             |
|    approx_kl            | 0.029389223 |
|    clip_fraction        | 0.247       |
|    clip_range           | 0.2         |
|    entropy_loss         | -2.94       |
|    explained_variance   | 0.665       |
|    learning_rate        | 0.0003      |
|    loss                 | 2.3         |
|    n_updates            | 4940        |
|    policy_gradient_loss | 0.00705     |
|    std                  | 0.519       |
|    value_loss           | 726         |
-----------------------------------------
-----------------------------------------
| curriculum/             |             |
|    chase_probability    | 0.435       |
| rollout/                |             |
|    ep_len_mean          | 261         |
|    ep_rew_mean          | -50         |
| time/                   |             |
|    fps                  | 88          |
|    iterations           | 496         |
|    time_elapsed         | 34376       |
|    total_timesteps      | 3047424     |
| train/                  |             |
|    approx_kl            | 0.039944407 |
|    clip_fraction        | 0.241       |
|    clip_range           | 0.2         |
|    entropy_loss         | -2.91       |
|    explained_variance   | 0.806       |
|    learning_rate        | 0.0003      |
|    loss                 | 5.13        |
|    n_updates            | 4950        |
|    policy_gradient_loss | 0.00235     |
|    std                  | 0.519       |
|    value_loss           | 140         |
-----------------------------------------
Eval num_timesteps=3049512, episode_reward=-6.04 +/- 109.45
Episode length: 257.90 +/- 16.62
-----------------------------------------
| eval/                   |             |
|    mean_ep_length       | 258         |
|    mean_reward          | -6.04       |
| time/                   |             |
|    total_timesteps      | 3049512     |
| train/                  |             |
|    approx_kl            | 0.013487577 |
|    clip_fraction        | 0.171       |
|    clip_range           | 0.2         |
|    entropy_loss         | -2.92       |
|    explained_variance   | 0.777       |
|    learning_rate        | 0.0003      |
|    loss                 | 0.623       |
|    n_updates            | 4960        |
|    policy_gradient_loss | 0.00123     |
|    std                  | 0.52        |
|    value_loss           | 111         |
-----------------------------------------
[episode ends] timestep 3050244: crashed=3 (2%), missed_goal=71 (37%), scored=120 (62%)
-----------------------------------
| curriculum/          |          |
|    chase_probability | 0.436    |
| episode_end/         |          |
|    crashed           | 3        |
|    missed_goal       | 71       |
|    scored            | 120      |
| rollout/             |          |
|    ep_len_mean       | 263      |
|    ep_rew_mean       | -22.4    |
| time/                |          |
|    fps               | 88       |
|    iterations        | 497      |
|    time_elapsed      | 34459    |
|    total_timesteps   | 3053568  |
-----------------------------------
-----------------------------------------
| rollout/                |             |
|    ep_len_mean          | 263         |
|    ep_rew_mean          | -1.4        |
| time/                   |             |
|    fps                  | 88          |
|    iterations           | 498         |
|    time_elapsed         | 34523       |
|    total_timesteps      | 3059712     |
| train/                  |             |
|    approx_kl            | 0.014579418 |
|    clip_fraction        | 0.116       |
|    clip_range           | 0.2         |
|    entropy_loss         | -2.92       |
|    explained_variance   | 0.495       |
|    learning_rate        | 0.0003      |
|    loss                 | 8.58        |
|    n_updates            | 4970        |
|    policy_gradient_loss | -0.00374    |
|    std                  | 0.52        |
|    value_loss           | 602         |
-----------------------------------------
----------------------------------------
| curriculum/             |            |
|    chase_probability    | 0.437      |
| rollout/                |            |
|    ep_len_mean          | 260        |
|    ep_rew_mean          | -0.592     |
| time/                   |            |
|    fps                  | 88         |
|    iterations           | 499        |
|    time_elapsed         | 34588      |
|    total_timesteps      | 3065856    |
| train/                  |            |
|    approx_kl            | 0.02498662 |
|    clip_fraction        | 0.183      |
|    clip_range           | 0.2        |
|    entropy_loss         | -2.92      |
|    explained_variance   | 0.747      |
|    learning_rate        | 0.0003     |
|    loss                 | 0.699      |
|    n_updates            | 4980       |
|    policy_gradient_loss | -0.00174   |
|    std                  | 0.52       |
|    value_loss           | 126        |
----------------------------------------
-----------------------------------------
| rollout/                |             |
|    ep_len_mean          | 259         |
|    ep_rew_mean          | -20.8       |
| time/                   |             |
|    fps                  | 88          |
|    iterations           | 500         |
|    time_elapsed         | 34653       |
|    total_timesteps      | 3072000     |
| train/                  |             |
|    approx_kl            | 0.059049893 |
|    clip_fraction        | 0.46        |
|    clip_range           | 0.2         |
|    entropy_loss         | -2.9        |
|    explained_variance   | 0.788       |
|    learning_rate        | 0.0003      |
|    loss                 | 3.29        |
|    n_updates            | 4990        |
|    policy_gradient_loss | 0.0306      |
|    std                  | 0.518       |
|    value_loss           | 444         |
-----------------------------------------
-----------------------------------------
| curriculum/             |             |
|    chase_probability    | 0.439       |
| rollout/                |             |
|    ep_len_mean          | 257         |
|    ep_rew_mean          | -15.1       |
| time/                   |             |
|    fps                  | 88          |
|    iterations           | 501         |
|    time_elapsed         | 34721       |
|    total_timesteps      | 3078144     |
| train/                  |             |
|    approx_kl            | 0.024109304 |
|    clip_fraction        | 0.172       |
|    clip_range           | 0.2         |
|    entropy_loss         | -2.9        |
|    explained_variance   | 0.485       |
|    learning_rate        | 0.0003      |
|    loss                 | 4.86        |
|    n_updates            | 5000        |
|    policy_gradient_loss | 0.00115     |
|    std                  | 0.517       |
|    value_loss           | 113         |
-----------------------------------------
----------------------------------------
| curriculum/             |            |
|    chase_probability    | 0.44       |
| rollout/                |            |
|    ep_len_mean          | 255        |
|    ep_rew_mean          | -10.5      |
| time/                   |            |
|    fps                  | 88         |
|    iterations           | 502        |
|    time_elapsed         | 34785      |
|    total_timesteps      | 3084288    |
| train/                  |            |
|    approx_kl            | 0.03382849 |
|    clip_fraction        | 0.335      |
|    clip_range           | 0.2        |
|    entropy_loss         | -2.91      |
|    explained_variance   | 0.664      |
|    learning_rate        | 0.0003     |
|    loss                 | 10.3       |
|    n_updates            | 5010       |
|    policy_gradient_loss | 0.0125     |
|    std                  | 0.518      |
|    value_loss           | 69.1       |
----------------------------------------
-----------------------------------------
| rollout/                |             |
|    ep_len_mean          | 257         |
|    ep_rew_mean          | -10.6       |
| time/                   |             |
|    fps                  | 88          |
|    iterations           | 503         |
|    time_elapsed         | 34848       |
|    total_timesteps      | 3090432     |
| train/                  |             |
|    approx_kl            | 0.035073925 |
|    clip_fraction        | 0.223       |
|    clip_range           | 0.2         |
|    entropy_loss         | -2.88       |
|    explained_variance   | 0.767       |
|    learning_rate        | 0.0003      |
|    loss                 | 0.471       |
|    n_updates            | 5020        |
|    policy_gradient_loss | 0.0056      |
|    std                  | 0.511       |
|    value_loss           | 32.1        |
-----------------------------------------
-----------------------------------------
| curriculum/             |             |
|    chase_probability    | 0.442       |
| rollout/                |             |
|    ep_len_mean          | 257         |
|    ep_rew_mean          | 7.1         |
| time/                   |             |
|    fps                  | 88          |
|    iterations           | 504         |
|    time_elapsed         | 34915       |
|    total_timesteps      | 3096576     |
| train/                  |             |
|    approx_kl            | 0.052809525 |
|    clip_fraction        | 0.333       |
|    clip_range           | 0.2         |
|    entropy_loss         | -2.86       |
|    explained_variance   | 0.885       |
|    learning_rate        | 0.0003      |
|    loss                 | 0.137       |
|    n_updates            | 5030        |
|    policy_gradient_loss | 0.0101      |
|    std                  | 0.511       |
|    value_loss           | 21.5        |
-----------------------------------------
Eval num_timesteps=3099504, episode_reward=14.46 +/- 25.06
Episode length: 234.40 +/- 11.72
-----------------------------------------
| eval/                   |             |
|    mean_ep_length       | 234         |
|    mean_reward          | 14.5        |
| time/                   |             |
|    total_timesteps      | 3099504     |
| train/                  |             |
|    approx_kl            | 0.031905208 |
|    clip_fraction        | 0.257       |
|    clip_range           | 0.2         |
|    entropy_loss         | -2.88       |
|    explained_variance   | 0.89        |
|    learning_rate        | 0.0003      |
|    loss                 | 0.922       |
|    n_updates            | 5040        |
|    policy_gradient_loss | 0.00478     |
|    std                  | 0.514       |
|    value_loss           | 7.72        |
-----------------------------------------
[progress] timestep 3100248
[episode ends] timestep 3100248: crashed=7 (4%), missed_goal=124 (64%), scored=63 (32%)
-----------------------------------
| curriculum/          |          |
|    chase_probability | 0.443    |
| episode_end/         |          |
|    crashed           | 7        |
|    missed_goal       | 124      |
|    scored            | 63       |
| rollout/             |          |
|    ep_len_mean       | 255      |
|    ep_rew_mean       | 5.06     |
| time/                |          |
|    fps               | 88       |
|    iterations        | 505      |
|    time_elapsed      | 35002    |
|    total_timesteps   | 3102720  |
-----------------------------------
-----------------------------------------
| rollout/                |             |
|    ep_len_mean          | 250         |
|    ep_rew_mean          | 2.82        |
| time/                   |             |
|    fps                  | 88          |
|    iterations           | 506         |
|    time_elapsed         | 35065       |
|    total_timesteps      | 3108864     |
| train/                  |             |
|    approx_kl            | 0.010170561 |
|    clip_fraction        | 0.135       |
|    clip_range           | 0.2         |
|    entropy_loss         | -2.88       |
|    explained_variance   | 0.764       |
|    learning_rate        | 0.0003      |
|    loss                 | 56.5        |
|    n_updates            | 5050        |
|    policy_gradient_loss | -0.00498    |
|    std                  | 0.513       |
|    value_loss           | 30.9        |
-----------------------------------------
-----------------------------------------
| curriculum/             |             |
|    chase_probability    | 0.445       |
| rollout/                |             |
|    ep_len_mean          | 244         |
|    ep_rew_mean          | 4.16        |
| time/                   |             |
|    fps                  | 88          |
|    iterations           | 507         |
|    time_elapsed         | 35132       |
|    total_timesteps      | 3115008     |
| train/                  |             |
|    approx_kl            | 0.017496074 |
|    clip_fraction        | 0.164       |
|    clip_range           | 0.2         |
|    entropy_loss         | -2.88       |
|    explained_variance   | 0.612       |
|    learning_rate        | 0.0003      |
|    loss                 | 0.379       |
|    n_updates            | 5060        |
|    policy_gradient_loss | -0.00453    |
|    std                  | 0.512       |
|    value_loss           | 103         |
-----------------------------------------
-----------------------------------------
| rollout/                |             |
|    ep_len_mean          | 243         |
|    ep_rew_mean          | 5.52        |
| time/                   |             |
|    fps                  | 88          |
|    iterations           | 508         |
|    time_elapsed         | 35199       |
|    total_timesteps      | 3121152     |
| train/                  |             |
|    approx_kl            | 0.029666565 |
|    clip_fraction        | 0.287       |
|    clip_range           | 0.2         |
|    entropy_loss         | -2.88       |
|    explained_variance   | 0.815       |
|    learning_rate        | 0.0003      |
|    loss                 | 95.5        |
|    n_updates            | 5070        |
|    policy_gradient_loss | 0.00912     |
|    std                  | 0.514       |
|    value_loss           | 19.2        |
-----------------------------------------
-----------------------------------------
| curriculum/             |             |
|    chase_probability    | 0.446       |
| rollout/                |             |
|    ep_len_mean          | 244         |
|    ep_rew_mean          | 7.18        |
| time/                   |             |
|    fps                  | 88          |
|    iterations           | 509         |
|    time_elapsed         | 35264       |
|    total_timesteps      | 3127296     |
| train/                  |             |
|    approx_kl            | 0.030301966 |
|    clip_fraction        | 0.133       |
|    clip_range           | 0.2         |
|    entropy_loss         | -2.87       |
|    explained_variance   | 0.938       |
|    learning_rate        | 0.0003      |
|    loss                 | 5.82        |
|    n_updates            | 5080        |
|    policy_gradient_loss | -0.00394    |
|    std                  | 0.51        |
|    value_loss           | 14.4        |
-----------------------------------------
-----------------------------------------
| curriculum/             |             |
|    chase_probability    | 0.448       |
| rollout/                |             |
|    ep_len_mean          | 248         |
|    ep_rew_mean          | -2.62       |
| time/                   |             |
|    fps                  | 88          |
|    iterations           | 510         |
|    time_elapsed         | 35334       |
|    total_timesteps      | 3133440     |
| train/                  |             |
|    approx_kl            | 0.021524603 |
|    clip_fraction        | 0.291       |
|    clip_range           | 0.2         |
|    entropy_loss         | -2.85       |
|    explained_variance   | 0.405       |
|    learning_rate        | 0.0003      |
|    loss                 | 3.04        |
|    n_updates            | 5090        |
|    policy_gradient_loss | 0.00932     |
|    std                  | 0.51        |
|    value_loss           | 171         |
-----------------------------------------
-----------------------------------------
| rollout/                |             |
|    ep_len_mean          | 251         |
|    ep_rew_mean          | -30.7       |
| time/                   |             |
|    fps                  | 88          |
|    iterations           | 511         |
|    time_elapsed         | 35397       |
|    total_timesteps      | 3139584     |
| train/                  |             |
|    approx_kl            | 0.010845751 |
|    clip_fraction        | 0.0868      |
|    clip_range           | 0.2         |
|    entropy_loss         | -2.85       |
|    explained_variance   | 0.584       |
|    learning_rate        | 0.0003      |
|    loss                 | 304         |
|    n_updates            | 5100        |
|    policy_gradient_loss | -0.00277    |
|    std                  | 0.51        |
|    value_loss           | 826         |
-----------------------------------------
-----------------------------------------
| curriculum/             |             |
|    chase_probability    | 0.449       |
| rollout/                |             |
|    ep_len_mean          | 255         |
|    ep_rew_mean          | -31.8       |
| time/                   |             |
|    fps                  | 88          |
|    iterations           | 512         |
|    time_elapsed         | 35459       |
|    total_timesteps      | 3145728     |
| train/                  |             |
|    approx_kl            | 0.015770204 |
|    clip_fraction        | 0.135       |
|    clip_range           | 0.2         |
|    entropy_loss         | -2.84       |
|    explained_variance   | 0.569       |
|    learning_rate        | 0.0003      |
|    loss                 | 0.456       |
|    n_updates            | 5110        |
|    policy_gradient_loss | -0.000991   |
|    std                  | 0.509       |
|    value_loss           | 2.22e+03    |
-----------------------------------------
Eval num_timesteps=3149496, episode_reward=-97.95 +/- 226.53
Episode length: 257.80 +/- 35.63
----------------------------------------
| eval/                   |            |
|    mean_ep_length       | 258        |
|    mean_reward          | -97.9      |
| time/                   |            |
|    total_timesteps      | 3149496    |
| train/                  |            |
|    approx_kl            | 0.01707848 |
|    clip_fraction        | 0.131      |
|    clip_range           | 0.2        |
|    entropy_loss         | -2.84      |
|    explained_variance   | 0.643      |
|    learning_rate        | 0.0003     |
|    loss                 | 0.231      |
|    n_updates            | 5120       |
|    policy_gradient_loss | 1.66e-05   |
|    std                  | 0.508      |
|    value_loss           | 469        |
----------------------------------------
[episode ends] timestep 3150252: crashed=6 (3%), missed_goal=111 (55%), scored=84 (42%)
---------------------------------
| episode_end/       |          |
|    crashed         | 6        |
|    missed_goal     | 111      |
|    scored          | 84       |
| rollout/           |          |
|    ep_len_mean     | 256      |
|    ep_rew_mean     | -56.6    |
| time/              |          |
|    fps             | 88       |
|    iterations      | 513      |
|    time_elapsed    | 35544    |
|    total_timesteps | 3151872  |
---------------------------------
----------------------------------------
| curriculum/             |            |
|    chase_probability    | 0.45       |
| rollout/                |            |
|    ep_len_mean          | 265        |
|    ep_rew_mean          | -110       |
| time/                   |            |
|    fps                  | 88         |
|    iterations           | 514        |
|    time_elapsed         | 35607      |
|    total_timesteps      | 3158016    |
| train/                  |            |
|    approx_kl            | 0.01215703 |
|    clip_fraction        | 0.102      |
|    clip_range           | 0.2        |
|    entropy_loss         | -2.83      |
|    explained_variance   | 0.606      |
|    learning_rate        | 0.0003     |
|    loss                 | 322        |
|    n_updates            | 5130       |
|    policy_gradient_loss | -0.000214  |
|    std                  | 0.508      |
|    value_loss           | 1.5e+03    |
----------------------------------------
-----------------------------------------
| curriculum/             |             |
|    chase_probability    | 0.452       |
| rollout/                |             |
|    ep_len_mean          | 275         |
|    ep_rew_mean          | -285        |
| time/                   |             |
|    fps                  | 88          |
|    iterations           | 515         |
|    time_elapsed         | 35667       |
|    total_timesteps      | 3164160     |
| train/                  |             |
|    approx_kl            | 0.030476758 |
|    clip_fraction        | 0.175       |
|    clip_range           | 0.2         |
|    entropy_loss         | -2.83       |
|    explained_variance   | 0.591       |
|    learning_rate        | 0.0003      |
|    loss                 | 3.39e+03    |
|    n_updates            | 5140        |
|    policy_gradient_loss | 0.00282     |
|    std                  | 0.509       |
|    value_loss           | 4.31e+03    |
-----------------------------------------
-----------------------------------------
| rollout/                |             |
|    ep_len_mean          | 283         |
|    ep_rew_mean          | -423        |
| time/                   |             |
|    fps                  | 88          |
|    iterations           | 516         |
|    time_elapsed         | 35724       |
|    total_timesteps      | 3170304     |
| train/                  |             |
|    approx_kl            | 0.010460629 |
|    clip_fraction        | 0.0761      |
|    clip_range           | 0.2         |
|    entropy_loss         | -2.83       |
|    explained_variance   | 0.831       |
|    learning_rate        | 0.0003      |
|    loss                 | 2.19e+04    |
|    n_updates            | 5150        |
|    policy_gradient_loss | -0.00145    |
|    std                  | 0.508       |
|    value_loss           | 9.91e+03    |
-----------------------------------------
-----------------------------------------
| curriculum/             |             |
|    chase_probability    | 0.453       |
| rollout/                |             |
|    ep_len_mean          | 295         |
|    ep_rew_mean          | -595        |
| time/                   |             |
|    fps                  | 88          |
|    iterations           | 517         |
|    time_elapsed         | 35787       |
|    total_timesteps      | 3176448     |
| train/                  |             |
|    approx_kl            | 0.013374063 |
|    clip_fraction        | 0.128       |
|    clip_range           | 0.2         |
|    entropy_loss         | -2.82       |
|    explained_variance   | 0.819       |
|    learning_rate        | 0.0003      |
|    loss                 | 0.134       |
|    n_updates            | 5160        |
|    policy_gradient_loss | -0.000344   |
|    std                  | 0.506       |
|    value_loss           | 7.6e+03     |
-----------------------------------------
-----------------------------------------
| curriculum/             |             |
|    chase_probability    | 0.455       |
| rollout/                |             |
|    ep_len_mean          | 296         |
|    ep_rew_mean          | -575        |
| time/                   |             |
|    fps                  | 88          |
|    iterations           | 518         |
|    time_elapsed         | 35848       |
|    total_timesteps      | 3182592     |
| train/                  |             |
|    approx_kl            | 0.014972069 |
|    clip_fraction        | 0.18        |
|    clip_range           | 0.2         |
|    entropy_loss         | -2.81       |
|    explained_variance   | 0.839       |
|    learning_rate        | 0.0003      |
|    loss                 | 62.3        |
|    n_updates            | 5170        |
|    policy_gradient_loss | 0.00236     |
|    std                  | 0.504       |
|    value_loss           | 5.92e+03    |
-----------------------------------------
----------------------------------------
| rollout/                |            |
|    ep_len_mean          | 291        |
|    ep_rew_mean          | -549       |
| time/                   |            |
|    fps                  | 88         |
|    iterations           | 519        |
|    time_elapsed         | 35912      |
|    total_timesteps      | 3188736    |
| train/                  |            |
|    approx_kl            | 0.05059883 |
|    clip_fraction        | 0.277      |
|    clip_range           | 0.2        |
|    entropy_loss         | -2.8       |
|    explained_variance   | 0.806      |
|    learning_rate        | 0.0003     |
|    loss                 | 151        |
|    n_updates            | 5180       |
|    policy_gradient_loss | 0.0149     |
|    std                  | 0.503      |
|    value_loss           | 495        |
----------------------------------------
-----------------------------------------
| curriculum/             |             |
|    chase_probability    | 0.456       |
| rollout/                |             |
|    ep_len_mean          | 288         |
|    ep_rew_mean          | -444        |
| time/                   |             |
|    fps                  | 88          |
|    iterations           | 520         |
|    time_elapsed         | 35970       |
|    total_timesteps      | 3194880     |
| train/                  |             |
|    approx_kl            | 0.011564787 |
|    clip_fraction        | 0.0735      |
|    clip_range           | 0.2         |
|    entropy_loss         | -2.79       |
|    explained_variance   | 0.427       |
|    learning_rate        | 0.0003      |
|    loss                 | 32          |
|    n_updates            | 5190        |
|    policy_gradient_loss | -3.03e-05   |
|    std                  | 0.503       |
|    value_loss           | 719         |
-----------------------------------------
Eval num_timesteps=3199488, episode_reward=-176.14 +/- 640.95
Episode length: 276.20 +/- 47.52
------------------------------------------
| eval/                   |              |
|    mean_ep_length       | 276          |
|    mean_reward          | -176         |
| time/                   |              |
|    total_timesteps      | 3199488      |
| train/                  |              |
|    approx_kl            | 0.0063322517 |
|    clip_fraction        | 0.0417       |
|    clip_range           | 0.2          |
|    entropy_loss         | -2.79        |
|    explained_variance   | 0.68         |
|    learning_rate        | 0.0003       |
|    loss                 | 4.83         |
|    n_updates            | 5200         |
|    policy_gradient_loss | -0.00256     |
|    std                  | 0.503        |
|    value_loss           | 1.71e+03     |
------------------------------------------
[progress] timestep 3200256
[episode ends] timestep 3200256: crashed=18 (11%), max_steps=3 (2%), missed_goal=64 (37%), scored=86 (50%)
---------------------------------
| episode_end/       |          |
|    crashed         | 18       |
|    max_steps       | 3        |
|    missed_goal     | 64       |
|    scored          | 86       |
| rollout/           |          |
|    ep_len_mean     | 286      |
|    ep_rew_mean     | -262     |
| time/              |          |
|    fps             | 88       |
|    iterations      | 521      |
|    time_elapsed    | 36054    |
|    total_timesteps | 3201024  |
---------------------------------
-----------------------------------------
| curriculum/             |             |
|    chase_probability    | 0.458       |
| rollout/                |             |
|    ep_len_mean          | 277         |
|    ep_rew_mean          | -88         |
| time/                   |             |
|    fps                  | 88          |
|    iterations           | 522         |
|    time_elapsed         | 36114       |
|    total_timesteps      | 3207168     |
| train/                  |             |
|    approx_kl            | 0.008332419 |
|    clip_fraction        | 0.0629      |
|    clip_range           | 0.2         |
|    entropy_loss         | -2.79       |
|    explained_variance   | 0.732       |
|    learning_rate        | 0.0003      |
|    loss                 | 151         |
|    n_updates            | 5210        |
|    policy_gradient_loss | -0.00594    |
|    std                  | 0.503       |
|    value_loss           | 164         |
-----------------------------------------
-----------------------------------------
| curriculum/             |             |
|    chase_probability    | 0.459       |
| rollout/                |             |
|    ep_len_mean          | 273         |
|    ep_rew_mean          | -58.1       |
| time/                   |             |
|    fps                  | 88          |
|    iterations           | 523         |
|    time_elapsed         | 36176       |
|    total_timesteps      | 3213312     |
| train/                  |             |
|    approx_kl            | 0.016918898 |
|    clip_fraction        | 0.165       |
|    clip_range           | 0.2         |
|    entropy_loss         | -2.78       |
|    explained_variance   | 0.712       |
|    learning_rate        | 0.0003      |
|    loss                 | 0.549       |
|    n_updates            | 5220        |
|    policy_gradient_loss | -0.00172    |
|    std                  | 0.502       |
|    value_loss           | 97.9        |
-----------------------------------------
----------------------------------------
| rollout/                |            |
|    ep_len_mean          | 262        |
|    ep_rew_mean          | 29.4       |
| time/                   |            |
|    fps                  | 88         |
|    iterations           | 524        |
|    time_elapsed         | 36245      |
|    total_timesteps      | 3219456    |
| train/                  |            |
|    approx_kl            | 0.01262823 |
|    clip_fraction        | 0.161      |
|    clip_range           | 0.2        |
|    entropy_loss         | -2.79      |
|    explained_variance   | 0.718      |
|    learning_rate        | 0.0003     |
|    loss                 | 44.7       |
|    n_updates            | 5230       |
|    policy_gradient_loss | -0.0063    |
|    std                  | 0.503      |
|    value_loss           | 271        |
----------------------------------------
-----------------------------------------
| curriculum/             |             |
|    chase_probability    | 0.46        |
| rollout/                |             |
|    ep_len_mean          | 254         |
|    ep_rew_mean          | 32.3        |
| time/                   |             |
|    fps                  | 88          |
|    iterations           | 525         |
|    time_elapsed         | 36306       |
|    total_timesteps      | 3225600     |
| train/                  |             |
|    approx_kl            | 0.014351119 |
|    clip_fraction        | 0.111       |
|    clip_range           | 0.2         |
|    entropy_loss         | -2.79       |
|    explained_variance   | 0.834       |
|    learning_rate        | 0.0003      |
|    loss                 | 2.99        |
|    n_updates            | 5240        |
|    policy_gradient_loss | -0.00561    |
|    std                  | 0.504       |
|    value_loss           | 23.8        |
-----------------------------------------
----------------------------------------
| rollout/                |            |
|    ep_len_mean          | 248        |
|    ep_rew_mean          | 29         |
| time/                   |            |
|    fps                  | 88         |
|    iterations           | 526        |
|    time_elapsed         | 36372      |
|    total_timesteps      | 3231744    |
| train/                  |            |
|    approx_kl            | 0.02006826 |
|    clip_fraction        | 0.211      |
|    clip_range           | 0.2        |
|    entropy_loss         | -2.77      |
|    explained_variance   | 0.869      |
|    learning_rate        | 0.0003     |
|    loss                 | 17.8       |
|    n_updates            | 5250       |
|    policy_gradient_loss | -0.00207   |
|    std                  | 0.499      |
|    value_loss           | 15.2       |
----------------------------------------
-----------------------------------------
| curriculum/             |             |
|    chase_probability    | 0.462       |
| rollout/                |             |
|    ep_len_mean          | 244         |
|    ep_rew_mean          | 30.3        |
| time/                   |             |
|    fps                  | 88          |
|    iterations           | 527         |
|    time_elapsed         | 36440       |
|    total_timesteps      | 3237888     |
| train/                  |             |
|    approx_kl            | 0.017030803 |
|    clip_fraction        | 0.179       |
|    clip_range           | 0.2         |
|    entropy_loss         | -2.75       |
|    explained_variance   | 0.409       |
|    learning_rate        | 0.0003      |
|    loss                 | 11.6        |
|    n_updates            | 5260        |
|    policy_gradient_loss | -0.00101    |
|    std                  | 0.499       |
|    value_loss           | 76.2        |
-----------------------------------------
----------------------------------------
| curriculum/             |            |
|    chase_probability    | 0.463      |
| rollout/                |            |
|    ep_len_mean          | 243        |
|    ep_rew_mean          | 24.6       |
| time/                   |            |
|    fps                  | 88         |
|    iterations           | 528        |
|    time_elapsed         | 36506      |
|    total_timesteps      | 3244032    |
| train/                  |            |
|    approx_kl            | 0.04357356 |
|    clip_fraction        | 0.294      |
|    clip_range           | 0.2        |
|    entropy_loss         | -2.75      |
|    explained_variance   | 0.904      |
|    learning_rate        | 0.0003     |
|    loss                 | 0.126      |
|    n_updates            | 5270       |
|    policy_gradient_loss | 0.0082     |
|    std                  | 0.5        |
|    value_loss           | 17.9       |
----------------------------------------
Eval num_timesteps=3249480, episode_reward=27.01 +/- 31.13
Episode length: 245.40 +/- 21.01
-----------------------------------------
| eval/                   |             |
|    mean_ep_length       | 245         |
|    mean_reward          | 27          |
| time/                   |             |
|    total_timesteps      | 3249480     |
| train/                  |             |
|    approx_kl            | 0.044820532 |
|    clip_fraction        | 0.278       |
|    clip_range           | 0.2         |
|    entropy_loss         | -2.76       |
|    explained_variance   | 0.907       |
|    learning_rate        | 0.0003      |
|    loss                 | 23.7        |
|    n_updates            | 5280        |
|    policy_gradient_loss | 0.00914     |
|    std                  | 0.501       |
|    value_loss           | 13.6        |
-----------------------------------------
---------------------------------
| rollout/           |          |
|    ep_len_mean     | 240      |
|    ep_rew_mean     | 21.4     |
| time/              |          |
|    fps             | 88       |
|    iterations      | 529      |
|    time_elapsed    | 36593    |
|    total_timesteps | 3250176  |
---------------------------------
[episode ends] timestep 3250260: crashed=8 (4%), missed_goal=84 (41%), scored=112 (55%)
----------------------------------------
| curriculum/             |            |
|    chase_probability    | 0.465      |
| episode_end/            |            |
|    crashed              | 8          |
|    missed_goal          | 84         |
|    scored               | 112        |
| rollout/                |            |
|    ep_len_mean          | 240        |
|    ep_rew_mean          | 25.7       |
| time/                   |            |
|    fps                  | 88         |
|    iterations           | 530        |
|    time_elapsed         | 36654      |
|    total_timesteps      | 3256320    |
| train/                  |            |
|    approx_kl            | 0.02622363 |
|    clip_fraction        | 0.198      |
|    clip_range           | 0.2        |
|    entropy_loss         | -2.76      |
|    explained_variance   | 0.819      |
|    learning_rate        | 0.0003     |
|    loss                 | 0.495      |
|    n_updates            | 5290       |
|    policy_gradient_loss | 0.002      |
|    std                  | 0.498      |
|    value_loss           | 30         |
----------------------------------------
-----------------------------------------
| rollout/                |             |
|    ep_len_mean          | 238         |
|    ep_rew_mean          | 30.5        |
| time/                   |             |
|    fps                  | 88          |
|    iterations           | 531         |
|    time_elapsed         | 36716       |
|    total_timesteps      | 3262464     |
| train/                  |             |
|    approx_kl            | 0.024969442 |
|    clip_fraction        | 0.231       |
|    clip_range           | 0.2         |
|    entropy_loss         | -2.74       |
|    explained_variance   | 0.871       |
|    learning_rate        | 0.0003      |
|    loss                 | 0.348       |
|    n_updates            | 5300        |
|    policy_gradient_loss | 0.0013      |
|    std                  | 0.497       |
|    value_loss           | 11.6        |
-----------------------------------------
-----------------------------------------
| curriculum/             |             |
|    chase_probability    | 0.466       |
| rollout/                |             |
|    ep_len_mean          | 240         |
|    ep_rew_mean          | 33          |
| time/                   |             |
|    fps                  | 88          |
|    iterations           | 532         |
|    time_elapsed         | 36780       |
|    total_timesteps      | 3268608     |
| train/                  |             |
|    approx_kl            | 0.015065655 |
|    clip_fraction        | 0.168       |
|    clip_range           | 0.2         |
|    entropy_loss         | -2.74       |
|    explained_variance   | 0.782       |
|    learning_rate        | 0.0003      |
|    loss                 | 0.312       |
|    n_updates            | 5310        |
|    policy_gradient_loss | -0.00501    |
|    std                  | 0.497       |
|    value_loss           | 44.7        |
-----------------------------------------
-----------------------------------------
| curriculum/             |             |
|    chase_probability    | 0.468       |
| rollout/                |             |
|    ep_len_mean          | 241         |
|    ep_rew_mean          | 37.5        |
| time/                   |             |
|    fps                  | 88          |
|    iterations           | 533         |
|    time_elapsed         | 36847       |
|    total_timesteps      | 3274752     |
| train/                  |             |
|    approx_kl            | 0.022021292 |
|    clip_fraction        | 0.186       |
|    clip_range           | 0.2         |
|    entropy_loss         | -2.74       |
|    explained_variance   | 0.833       |
|    learning_rate        | 0.0003      |
|    loss                 | 0.257       |
|    n_updates            | 5320        |
|    policy_gradient_loss | -0.00138    |
|    std                  | 0.497       |
|    value_loss           | 32.6        |
-----------------------------------------
-----------------------------------------
| rollout/                |             |
|    ep_len_mean          | 245         |
|    ep_rew_mean          | 34.1        |
| time/                   |             |
|    fps                  | 88          |
|    iterations           | 534         |
|    time_elapsed         | 36912       |
|    total_timesteps      | 3280896     |
| train/                  |             |
|    approx_kl            | 0.013720084 |
|    clip_fraction        | 0.19        |
|    clip_range           | 0.2         |
|    entropy_loss         | -2.73       |
|    explained_variance   | 0.641       |
|    learning_rate        | 0.0003      |
|    loss                 | 0.545       |
|    n_updates            | 5330        |
|    policy_gradient_loss | -0.00142    |
|    std                  | 0.493       |
|    value_loss           | 96.6        |
-----------------------------------------
-----------------------------------------
| curriculum/             |             |
|    chase_probability    | 0.469       |
| rollout/                |             |
|    ep_len_mean          | 251         |
|    ep_rew_mean          | 21.9        |
| time/                   |             |
|    fps                  | 88          |
|    iterations           | 535         |
|    time_elapsed         | 36978       |
|    total_timesteps      | 3287040     |
| train/                  |             |
|    approx_kl            | 0.019038836 |
|    clip_fraction        | 0.219       |
|    clip_range           | 0.2         |
|    entropy_loss         | -2.72       |
|    explained_variance   | 0.479       |
|    learning_rate        | 0.0003      |
|    loss                 | 0.495       |
|    n_updates            | 5340        |
|    policy_gradient_loss | 0.00328     |
|    std                  | 0.494       |
|    value_loss           | 192         |
-----------------------------------------
-----------------------------------------
| curriculum/             |             |
|    chase_probability    | 0.47        |
| rollout/                |             |
|    ep_len_mean          | 252         |
|    ep_rew_mean          | 20.9        |
| time/                   |             |
|    fps                  | 88          |
|    iterations           | 536         |
|    time_elapsed         | 37045       |
|    total_timesteps      | 3293184     |
| train/                  |             |
|    approx_kl            | 0.030372227 |
|    clip_fraction        | 0.251       |
|    clip_range           | 0.2         |
|    entropy_loss         | -2.72       |
|    explained_variance   | 0.53        |
|    learning_rate        | 0.0003      |
|    loss                 | 0.19        |
|    n_updates            | 5350        |
|    policy_gradient_loss | 0.00139     |
|    std                  | 0.493       |
|    value_loss           | 919         |
-----------------------------------------
-----------------------------------------
| rollout/                |             |
|    ep_len_mean          | 262         |
|    ep_rew_mean          | -151        |
| time/                   |             |
|    fps                  | 88          |
|    iterations           | 537         |
|    time_elapsed         | 37108       |
|    total_timesteps      | 3299328     |
| train/                  |             |
|    approx_kl            | 0.024941718 |
|    clip_fraction        | 0.257       |
|    clip_range           | 0.2         |
|    entropy_loss         | -2.73       |
|    explained_variance   | 0.78        |
|    learning_rate        | 0.0003      |
|    loss                 | 0.528       |
|    n_updates            | 5360        |
|    policy_gradient_loss | 0.00508     |
|    std                  | 0.493       |
|    value_loss           | 3.59e+03    |
-----------------------------------------
Eval num_timesteps=3299472, episode_reward=-31.78 +/- 133.43
Episode length: 258.50 +/- 36.84
----------------------------------------
| eval/                   |            |
|    mean_ep_length       | 258        |
|    mean_reward          | -31.8      |
| time/                   |            |
|    total_timesteps      | 3299472    |
| train/                  |            |
|    approx_kl            | 0.25997484 |
|    clip_fraction        | 0.157      |
|    clip_range           | 0.2        |
|    entropy_loss         | -2.72      |
|    explained_variance   | 0.871      |
|    learning_rate        | 0.0003     |
|    loss                 | 18.4       |
|    n_updates            | 5370       |
|    policy_gradient_loss | 0.0125     |
|    std                  | 0.492      |
|    value_loss           | 1.1e+03    |
----------------------------------------
[progress] timestep 3300264
[episode ends] timestep 3300264: crashed=4 (2%), max_steps=1 (0%), missed_goal=75 (38%), scored=120 (60%)
-----------------------------------
| curriculum/          |          |
|    chase_probability | 0.472    |
| episode_end/         |          |
|    crashed           | 4        |
|    max_steps         | 1        |
|    missed_goal       | 75       |
|    scored            | 120      |
| rollout/             |          |
|    ep_len_mean       | 259      |
|    ep_rew_mean       | -152     |
| time/                |          |
|    fps               | 88       |
|    iterations        | 538      |
|    time_elapsed      | 37191    |
|    total_timesteps   | 3305472  |
-----------------------------------
------------------------------------------
| rollout/                |              |
|    ep_len_mean          | 252          |
|    ep_rew_mean          | -158         |
| time/                   |              |
|    fps                  | 88           |
|    iterations           | 539          |
|    time_elapsed         | 37264        |
|    total_timesteps      | 3311616      |
| train/                  |              |
|    approx_kl            | 0.0110273855 |
|    clip_fraction        | 0.104        |
|    clip_range           | 0.2          |
|    entropy_loss         | -2.72        |
|    explained_variance   | 0.78         |
|    learning_rate        | 0.0003       |
|    loss                 | 1            |
|    n_updates            | 5380         |
|    policy_gradient_loss | -0.00381     |
|    std                  | 0.492        |
|    value_loss           | 332          |
------------------------------------------
-----------------------------------------
| curriculum/             |             |
|    chase_probability    | 0.473       |
| rollout/                |             |
|    ep_len_mean          | 254         |
|    ep_rew_mean          | -180        |
| time/                   |             |
|    fps                  | 88          |
|    iterations           | 540         |
|    time_elapsed         | 37332       |
|    total_timesteps      | 3317760     |
| train/                  |             |
|    approx_kl            | 0.011479075 |
|    clip_fraction        | 0.106       |
|    clip_range           | 0.2         |
|    entropy_loss         | -2.72       |
|    explained_variance   | 0.8         |
|    learning_rate        | 0.0003      |
|    loss                 | 1.94        |
|    n_updates            | 5390        |
|    policy_gradient_loss | -0.00185    |
|    std                  | 0.492       |
|    value_loss           | 235         |
-----------------------------------------
-----------------------------------------
| curriculum/             |             |
|    chase_probability    | 0.475       |
| rollout/                |             |
|    ep_len_mean          | 246         |
|    ep_rew_mean          | -29.7       |
| time/                   |             |
|    fps                  | 88          |
|    iterations           | 541         |
|    time_elapsed         | 37397       |
|    total_timesteps      | 3323904     |
| train/                  |             |
|    approx_kl            | 0.016204508 |
|    clip_fraction        | 0.13        |
|    clip_range           | 0.2         |
|    entropy_loss         | -2.71       |
|    explained_variance   | 0.432       |
|    learning_rate        | 0.0003      |
|    loss                 | 17.7        |
|    n_updates            | 5400        |
|    policy_gradient_loss | -0.00211    |
|    std                  | 0.491       |
|    value_loss           | 1.07e+03    |
-----------------------------------------
----------------------------------------
| rollout/                |            |
|    ep_len_mean          | 248        |
|    ep_rew_mean          | -37.8      |
| time/                   |            |
|    fps                  | 88         |
|    iterations           | 542        |
|    time_elapsed         | 37465      |
|    total_timesteps      | 3330048    |
| train/                  |            |
|    approx_kl            | 0.02340434 |
|    clip_fraction        | 0.276      |
|    clip_range           | 0.2        |
|    entropy_loss         | -2.71      |
|    explained_variance   | 0.622      |
|    learning_rate        | 0.0003     |
|    loss                 | 597        |
|    n_updates            | 5410       |
|    policy_gradient_loss | 0.00732    |
|    std                  | 0.491      |
|    value_loss           | 467        |
----------------------------------------
-----------------------------------------
| curriculum/             |             |
|    chase_probability    | 0.476       |
| rollout/                |             |
|    ep_len_mean          | 252         |
|    ep_rew_mean          | -39.7       |
| time/                   |             |
|    fps                  | 88          |
|    iterations           | 543         |
|    time_elapsed         | 37531       |
|    total_timesteps      | 3336192     |
| train/                  |             |
|    approx_kl            | 0.017945612 |
|    clip_fraction        | 0.172       |
|    clip_range           | 0.2         |
|    entropy_loss         | -2.69       |
|    explained_variance   | 0.677       |
|    learning_rate        | 0.0003      |
|    loss                 | 1.27        |
|    n_updates            | 5420        |
|    policy_gradient_loss | -0.00348    |
|    std                  | 0.487       |
|    value_loss           | 146         |
-----------------------------------------
-----------------------------------------
| rollout/                |             |
|    ep_len_mean          | 252         |
|    ep_rew_mean          | -28.9       |
| time/                   |             |
|    fps                  | 88          |
|    iterations           | 544         |
|    time_elapsed         | 37597       |
|    total_timesteps      | 3342336     |
| train/                  |             |
|    approx_kl            | 0.024619097 |
|    clip_fraction        | 0.204       |
|    clip_range           | 0.2         |
|    entropy_loss         | -2.66       |
|    explained_variance   | 0.626       |
|    learning_rate        | 0.0003      |
|    loss                 | 1.87        |
|    n_updates            | 5430        |
|    policy_gradient_loss | 0.000232    |
|    std                  | 0.484       |
|    value_loss           | 478         |
-----------------------------------------
-----------------------------------------
| curriculum/             |             |
|    chase_probability    | 0.478       |
| rollout/                |             |
|    ep_len_mean          | 256         |
|    ep_rew_mean          | -20.4       |
| time/                   |             |
|    fps                  | 88          |
|    iterations           | 545         |
|    time_elapsed         | 37662       |
|    total_timesteps      | 3348480     |
| train/                  |             |
|    approx_kl            | 0.024200529 |
|    clip_fraction        | 0.238       |
|    clip_range           | 0.2         |
|    entropy_loss         | -2.65       |
|    explained_variance   | 0.763       |
|    learning_rate        | 0.0003      |
|    loss                 | 216         |
|    n_updates            | 5440        |
|    policy_gradient_loss | 0.00215     |
|    std                  | 0.484       |
|    value_loss           | 483         |
-----------------------------------------
Eval num_timesteps=3349464, episode_reward=37.93 +/- 33.47
Episode length: 231.40 +/- 13.73
-----------------------------------------
| eval/                   |             |
|    mean_ep_length       | 231         |
|    mean_reward          | 37.9        |
| time/                   |             |
|    total_timesteps      | 3349464     |
| train/                  |             |
|    approx_kl            | 0.024081014 |
|    clip_fraction        | 0.193       |
|    clip_range           | 0.2         |
|    entropy_loss         | -2.64       |
|    explained_variance   | 0.802       |
|    learning_rate        | 0.0003      |
|    loss                 | 1.29e+03    |
|    n_updates            | 5450        |
|    policy_gradient_loss | 0.000238    |
|    std                  | 0.482       |
|    value_loss           | 243         |
-----------------------------------------
[episode ends] timestep 3350268: crashed=21 (11%), missed_goal=44 (22%), scored=133 (67%)
-----------------------------------
| curriculum/          |          |
|    chase_probability | 0.479    |
| episode_end/         |          |
|    crashed           | 21       |
|    missed_goal       | 44       |
|    scored            | 133      |
| rollout/             |          |
|    ep_len_mean       | 253      |
|    ep_rew_mean       | -7.35    |
| time/                |          |
|    fps               | 88       |
|    iterations        | 546      |
|    time_elapsed      | 37746    |
|    total_timesteps   | 3354624  |
-----------------------------------
-----------------------------------------
| rollout/                |             |
|    ep_len_mean          | 248         |
|    ep_rew_mean          | -4.64       |
| time/                   |             |
|    fps                  | 88          |
|    iterations           | 547         |
|    time_elapsed         | 37815       |
|    total_timesteps      | 3360768     |
| train/                  |             |
|    approx_kl            | 0.021232462 |
|    clip_fraction        | 0.249       |
|    clip_range           | 0.2         |
|    entropy_loss         | -2.63       |
|    explained_variance   | 0.728       |
|    learning_rate        | 0.0003      |
|    loss                 | 1.15        |
|    n_updates            | 5460        |
|    policy_gradient_loss | -0.000816   |
|    std                  | 0.481       |
|    value_loss           | 81          |
-----------------------------------------
-----------------------------------------
| curriculum/             |             |
|    chase_probability    | 0.48        |
| rollout/                |             |
|    ep_len_mean          | 247         |
|    ep_rew_mean          | -1.74       |
| time/                   |             |
|    fps                  | 88          |
|    iterations           | 548         |
|    time_elapsed         | 37884       |
|    total_timesteps      | 3366912     |
| train/                  |             |
|    approx_kl            | 0.015789242 |
|    clip_fraction        | 0.198       |
|    clip_range           | 0.2         |
|    entropy_loss         | -2.62       |
|    explained_variance   | 0.83        |
|    learning_rate        | 0.0003      |
|    loss                 | 1.5         |
|    n_updates            | 5470        |
|    policy_gradient_loss | -0.000639   |
|    std                  | 0.481       |
|    value_loss           | 182         |
-----------------------------------------
-----------------------------------------
| curriculum/             |             |
|    chase_probability    | 0.482       |
| rollout/                |             |
|    ep_len_mean          | 249         |
|    ep_rew_mean          | -102        |
| time/                   |             |
|    fps                  | 88          |
|    iterations           | 549         |
|    time_elapsed         | 37948       |
|    total_timesteps      | 3373056     |
| train/                  |             |
|    approx_kl            | 0.023433829 |
|    clip_fraction        | 0.265       |
|    clip_range           | 0.2         |
|    entropy_loss         | -2.62       |
|    explained_variance   | 0.526       |
|    learning_rate        | 0.0003      |
|    loss                 | 3.51        |
|    n_updates            | 5480        |
|    policy_gradient_loss | 0.0066      |
|    std                  | 0.48        |
|    value_loss           | 676         |
-----------------------------------------
-----------------------------------------
| rollout/                |             |
|    ep_len_mean          | 254         |
|    ep_rew_mean          | -116        |
| time/                   |             |
|    fps                  | 88          |
|    iterations           | 550         |
|    time_elapsed         | 38013       |
|    total_timesteps      | 3379200     |
| train/                  |             |
|    approx_kl            | 0.017486298 |
|    clip_fraction        | 0.158       |
|    clip_range           | 0.2         |
|    entropy_loss         | -2.61       |
|    explained_variance   | 0.473       |
|    learning_rate        | 0.0003      |
|    loss                 | 300         |
|    n_updates            | 5490        |
|    policy_gradient_loss | 0.00219     |
|    std                  | 0.479       |
|    value_loss           | 2.43e+03    |
-----------------------------------------
-----------------------------------------
| curriculum/             |             |
|    chase_probability    | 0.483       |
| rollout/                |             |
|    ep_len_mean          | 258         |
|    ep_rew_mean          | -133        |
| time/                   |             |
|    fps                  | 88          |
|    iterations           | 551         |
|    time_elapsed         | 38077       |
|    total_timesteps      | 3385344     |
| train/                  |             |
|    approx_kl            | 0.017312668 |
|    clip_fraction        | 0.21        |
|    clip_range           | 0.2         |
|    entropy_loss         | -2.61       |
|    explained_variance   | 0.589       |
|    learning_rate        | 0.0003      |
|    loss                 | 1.13        |
|    n_updates            | 5500        |
|    policy_gradient_loss | 0.00747     |
|    std                  | 0.479       |
|    value_loss           | 611         |
-----------------------------------------
-----------------------------------------
| rollout/                |             |
|    ep_len_mean          | 259         |
|    ep_rew_mean          | -154        |
| time/                   |             |
|    fps                  | 88          |
|    iterations           | 552         |
|    time_elapsed         | 38147       |
|    total_timesteps      | 3391488     |
| train/                  |             |
|    approx_kl            | 0.012474964 |
|    clip_fraction        | 0.162       |
|    clip_range           | 0.2         |
|    entropy_loss         | -2.61       |
|    explained_variance   | 0.796       |
|    learning_rate        | 0.0003      |
|    loss                 | 58.6        |
|    n_updates            | 5510        |
|    policy_gradient_loss | -0.000321   |
|    std                  | 0.478       |
|    value_loss           | 848         |
-----------------------------------------
-----------------------------------------
| curriculum/             |             |
|    chase_probability    | 0.485       |
| rollout/                |             |
|    ep_len_mean          | 252         |
|    ep_rew_mean          | -41.9       |
| time/                   |             |
|    fps                  | 88          |
|    iterations           | 553         |
|    time_elapsed         | 38214       |
|    total_timesteps      | 3397632     |
| train/                  |             |
|    approx_kl            | 0.008138832 |
|    clip_fraction        | 0.0894      |
|    clip_range           | 0.2         |
|    entropy_loss         | -2.6        |
|    explained_variance   | 0.843       |
|    learning_rate        | 0.0003      |
|    loss                 | 37.4        |
|    n_updates            | 5520        |
|    policy_gradient_loss | -0.00386    |
|    std                  | 0.479       |
|    value_loss           | 627         |
-----------------------------------------
Eval num_timesteps=3399456, episode_reward=23.89 +/- 59.00
Episode length: 237.70 +/- 15.22
-----------------------------------------
| eval/                   |             |
|    mean_ep_length       | 238         |
|    mean_reward          | 23.9        |
| time/                   |             |
|    total_timesteps      | 3399456     |
| train/                  |             |
|    approx_kl            | 0.018943682 |
|    clip_fraction        | 0.184       |
|    clip_range           | 0.2         |
|    entropy_loss         | -2.61       |
|    explained_variance   | 0.743       |
|    learning_rate        | 0.0003      |
|    loss                 | 11.9        |
|    n_updates            | 5530        |
|    policy_gradient_loss | -0.00081    |
|    std                  | 0.479       |
|    value_loss           | 76          |
-----------------------------------------
[progress] timestep 3400272
[episode ends] timestep 3400272: crashed=14 (7%), missed_goal=48 (24%), scored=141 (69%)
-----------------------------------
| curriculum/          |          |
|    chase_probability | 0.486    |
| episode_end/         |          |
|    crashed           | 14       |
|    missed_goal       | 48       |
|    scored            | 141      |
| rollout/             |          |
|    ep_len_mean       | 245      |
|    ep_rew_mean       | -31      |
| time/                |          |
|    fps               | 88       |
|    iterations        | 554      |
|    time_elapsed      | 38298    |
|    total_timesteps   | 3403776  |
-----------------------------------
----------------------------------------
| rollout/                |            |
|    ep_len_mean          | 245        |
|    ep_rew_mean          | -57.5      |
| time/                   |            |
|    fps                  | 88         |
|    iterations           | 555        |
|    time_elapsed         | 38361      |
|    total_timesteps      | 3409920    |
| train/                  |            |
|    approx_kl            | 0.03215448 |
|    clip_fraction        | 0.216      |
|    clip_range           | 0.2        |
|    entropy_loss         | -2.61      |
|    explained_variance   | 0.643      |
|    learning_rate        | 0.0003     |
|    loss                 | 3.85       |
|    n_updates            | 5540       |
|    policy_gradient_loss | 0.00325    |
|    std                  | 0.479      |
|    value_loss           | 169        |
----------------------------------------
-----------------------------------------
| curriculum/             |             |
|    chase_probability    | 0.488       |
| rollout/                |             |
|    ep_len_mean          | 238         |
|    ep_rew_mean          | -45.8       |
| time/                   |             |
|    fps                  | 88          |
|    iterations           | 556         |
|    time_elapsed         | 38426       |
|    total_timesteps      | 3416064     |
| train/                  |             |
|    approx_kl            | 0.014189492 |
|    clip_fraction        | 0.187       |
|    clip_range           | 0.2         |
|    entropy_loss         | -2.61       |
|    explained_variance   | 0.718       |
|    learning_rate        | 0.0003      |
|    loss                 | 92.5        |
|    n_updates            | 5550        |
|    policy_gradient_loss | 0.00184     |
|    std                  | 0.478       |
|    value_loss           | 2.2e+03     |
-----------------------------------------
-----------------------------------------
| rollout/                |             |
|    ep_len_mean          | 244         |
|    ep_rew_mean          | -228        |
| time/                   |             |
|    fps                  | 88          |
|    iterations           | 557         |
|    time_elapsed         | 38492       |
|    total_timesteps      | 3422208     |
| train/                  |             |
|    approx_kl            | 0.019000983 |
|    clip_fraction        | 0.182       |
|    clip_range           | 0.2         |
|    entropy_loss         | -2.61       |
|    explained_variance   | 0.822       |
|    learning_rate        | 0.0003      |
|    loss                 | 70.3        |
|    n_updates            | 5560        |
|    policy_gradient_loss | 0.00353     |
|    std                  | 0.481       |
|    value_loss           | 5.33e+03    |
-----------------------------------------
-----------------------------------------
| curriculum/             |             |
|    chase_probability    | 0.489       |
| rollout/                |             |
|    ep_len_mean          | 244         |
|    ep_rew_mean          | -241        |
| time/                   |             |
|    fps                  | 88          |
|    iterations           | 558         |
|    time_elapsed         | 38554       |
|    total_timesteps      | 3428352     |
| train/                  |             |
|    approx_kl            | 0.024530686 |
|    clip_fraction        | 0.267       |
|    clip_range           | 0.2         |
|    entropy_loss         | -2.62       |
|    explained_variance   | 0.85        |
|    learning_rate        | 0.0003      |
|    loss                 | 6           |
|    n_updates            | 5570        |
|    policy_gradient_loss | 0.0109      |
|    std                  | 0.48        |
|    value_loss           | 1.75e+03    |
-----------------------------------------
-----------------------------------------
| curriculum/             |             |
|    chase_probability    | 0.49        |
| rollout/                |             |
|    ep_len_mean          | 239         |
|    ep_rew_mean          | -197        |
| time/                   |             |
|    fps                  | 88          |
|    iterations           | 559         |
|    time_elapsed         | 38623       |
|    total_timesteps      | 3434496     |
| train/                  |             |
|    approx_kl            | 0.058913182 |
|    clip_fraction        | 0.367       |
|    clip_range           | 0.2         |
|    entropy_loss         | -2.62       |
|    explained_variance   | 0.613       |
|    learning_rate        | 0.0003      |
|    loss                 | 64.5        |
|    n_updates            | 5580        |
|    policy_gradient_loss | 0.022       |
|    std                  | 0.481       |
|    value_loss           | 447         |
-----------------------------------------
-----------------------------------------
| rollout/                |             |
|    ep_len_mean          | 230         |
|    ep_rew_mean          | -23.7       |
| time/                   |             |
|    fps                  | 88          |
|    iterations           | 560         |
|    time_elapsed         | 38690       |
|    total_timesteps      | 3440640     |
| train/                  |             |
|    approx_kl            | 0.017717762 |
|    clip_fraction        | 0.153       |
|    clip_range           | 0.2         |
|    entropy_loss         | -2.62       |
|    explained_variance   | 0.583       |
|    learning_rate        | 0.0003      |
|    loss                 | 10.5        |
|    n_updates            | 5590        |
|    policy_gradient_loss | -9.97e-05   |
|    std                  | 0.481       |
|    value_loss           | 121         |
-----------------------------------------
-----------------------------------------
| curriculum/             |             |
|    chase_probability    | 0.492       |
| rollout/                |             |
|    ep_len_mean          | 229         |
|    ep_rew_mean          | -20.3       |
| time/                   |             |
|    fps                  | 88          |
|    iterations           | 561         |
|    time_elapsed         | 38757       |
|    total_timesteps      | 3446784     |
| train/                  |             |
|    approx_kl            | 0.030466922 |
|    clip_fraction        | 0.252       |
|    clip_range           | 0.2         |
|    entropy_loss         | -2.61       |
|    explained_variance   | 0.542       |
|    learning_rate        | 0.0003      |
|    loss                 | 68.7        |
|    n_updates            | 5600        |
|    policy_gradient_loss | -0.00166    |
|    std                  | 0.478       |
|    value_loss           | 87          |
-----------------------------------------
Eval num_timesteps=3449448, episode_reward=20.97 +/- 54.68
Episode length: 231.80 +/- 8.06
----------------------------------------
| eval/                   |            |
|    mean_ep_length       | 232        |
|    mean_reward          | 21         |
| time/                   |            |
|    total_timesteps      | 3449448    |
| train/                  |            |
|    approx_kl            | 0.13494428 |
|    clip_fraction        | 0.389      |
|    clip_range           | 0.2        |
|    entropy_loss         | -2.61      |
|    explained_variance   | 0.753      |
|    learning_rate        | 0.0003     |
|    loss                 | 2.34       |
|    n_updates            | 5610       |
|    policy_gradient_loss | 0.0273     |
|    std                  | 0.481      |
|    value_loss           | 147        |
----------------------------------------
[episode ends] timestep 3450276: crashed=3 (1%), max_steps=1 (0%), missed_goal=70 (33%), scored=136 (65%)
-----------------------------------
| curriculum/          |          |
|    chase_probability | 0.493    |
| episode_end/         |          |
|    crashed           | 3        |
|    max_steps         | 1        |
|    missed_goal       | 70       |
|    scored            | 136      |
| rollout/             |          |
|    ep_len_mean       | 228      |
|    ep_rew_mean       | -1.47    |
| time/                |          |
|    fps               | 88       |
|    iterations        | 562      |
|    time_elapsed      | 38843    |
|    total_timesteps   | 3452928  |
-----------------------------------
-----------------------------------------
| rollout/                |             |
|    ep_len_mean          | 229         |
|    ep_rew_mean          | 4.32        |
| time/                   |             |
|    fps                  | 88          |
|    iterations           | 563         |
|    time_elapsed         | 38910       |
|    total_timesteps      | 3459072     |
| train/                  |             |
|    approx_kl            | 0.011228087 |
|    clip_fraction        | 0.165       |
|    clip_range           | 0.2         |
|    entropy_loss         | -2.63       |
|    explained_variance   | 0.712       |
|    learning_rate        | 0.0003      |
|    loss                 | 2.52        |
|    n_updates            | 5620        |
|    policy_gradient_loss | 0.00243     |
|    std                  | 0.482       |
|    value_loss           | 183         |
-----------------------------------------
-----------------------------------------
| curriculum/             |             |
|    chase_probability    | 0.495       |
| rollout/                |             |
|    ep_len_mean          | 234         |
|    ep_rew_mean          | -6.06       |
| time/                   |             |
|    fps                  | 88          |
|    iterations           | 564         |
|    time_elapsed         | 38976       |
|    total_timesteps      | 3465216     |
| train/                  |             |
|    approx_kl            | 0.050222486 |
|    clip_fraction        | 0.335       |
|    clip_range           | 0.2         |
|    entropy_loss         | -2.62       |
|    explained_variance   | 0.548       |
|    learning_rate        | 0.0003      |
|    loss                 | 0.305       |
|    n_updates            | 5630        |
|    policy_gradient_loss | 0.02        |
|    std                  | 0.481       |
|    value_loss           | 246         |
-----------------------------------------
-----------------------------------------
| rollout/                |             |
|    ep_len_mean          | 233         |
|    ep_rew_mean          | -7.87       |
| time/                   |             |
|    fps                  | 88          |
|    iterations           | 565         |
|    time_elapsed         | 39046       |
|    total_timesteps      | 3471360     |
| train/                  |             |
|    approx_kl            | 0.023347288 |
|    clip_fraction        | 0.27        |
|    clip_range           | 0.2         |
|    entropy_loss         | -2.63       |
|    explained_variance   | 0.67        |
|    learning_rate        | 0.0003      |
|    loss                 | 14.6        |
|    n_updates            | 5640        |
|    policy_gradient_loss | 0.00787     |
|    std                  | 0.482       |
|    value_loss           | 210         |
-----------------------------------------
----------------------------------------
| curriculum/             |            |
|    chase_probability    | 0.496      |
| rollout/                |            |
|    ep_len_mean          | 233        |
|    ep_rew_mean          | -15.1      |
| time/                   |            |
|    fps                  | 88         |
|    iterations           | 566        |
|    time_elapsed         | 39109      |
|    total_timesteps      | 3477504    |
| train/                  |            |
|    approx_kl            | 0.04549342 |
|    clip_fraction        | 0.315      |
|    clip_range           | 0.2        |
|    entropy_loss         | -2.64      |
|    explained_variance   | 0.849      |
|    learning_rate        | 0.0003     |
|    loss                 | 5.51       |
|    n_updates            | 5650       |
|    policy_gradient_loss | 0.0162     |
|    std                  | 0.481      |
|    value_loss           | 2.62e+03   |
----------------------------------------
----------------------------------------
| curriculum/             |            |
|    chase_probability    | 0.498      |
| rollout/                |            |
|    ep_len_mean          | 241        |
|    ep_rew_mean          | -197       |
| time/                   |            |
|    fps                  | 88         |
|    iterations           | 567        |
|    time_elapsed         | 39170      |
|    total_timesteps      | 3483648    |
| train/                  |            |
|    approx_kl            | 0.00726721 |
|    clip_fraction        | 0.0592     |
|    clip_range           | 0.2        |
|    entropy_loss         | -2.63      |
|    explained_variance   | 0.849      |
|    learning_rate        | 0.0003     |
|    loss                 | 35.7       |
|    n_updates            | 5660       |
|    policy_gradient_loss | -0.00187   |
|    std                  | 0.482      |
|    value_loss           | 5.97e+03   |
----------------------------------------
-----------------------------------------
| rollout/                |             |
|    ep_len_mean          | 238         |
|    ep_rew_mean          | -187        |
| time/                   |             |
|    fps                  | 88          |
|    iterations           | 568         |
|    time_elapsed         | 39235       |
|    total_timesteps      | 3489792     |
| train/                  |             |
|    approx_kl            | 0.040695656 |
|    clip_fraction        | 0.248       |
|    clip_range           | 0.2         |
|    entropy_loss         | -2.63       |
|    explained_variance   | 0.806       |
|    learning_rate        | 0.0003      |
|    loss                 | 0.396       |
|    n_updates            | 5670        |
|    policy_gradient_loss | 0.00626     |
|    std                  | 0.48        |
|    value_loss           | 968         |
-----------------------------------------
-----------------------------------------
| curriculum/             |             |
|    chase_probability    | 0.499       |
| rollout/                |             |
|    ep_len_mean          | 239         |
|    ep_rew_mean          | -197        |
| time/                   |             |
|    fps                  | 88          |
|    iterations           | 569         |
|    time_elapsed         | 39304       |
|    total_timesteps      | 3495936     |
| train/                  |             |
|    approx_kl            | 0.035588186 |
|    clip_fraction        | 0.196       |
|    clip_range           | 0.2         |
|    entropy_loss         | -2.61       |
|    explained_variance   | 0.541       |
|    learning_rate        | 0.0003      |
|    loss                 | 1.17        |
|    n_updates            | 5680        |
|    policy_gradient_loss | 0.00138     |
|    std                  | 0.479       |
|    value_loss           | 320         |
-----------------------------------------
Eval num_timesteps=3499440, episode_reward=25.99 +/- 31.32
Episode length: 234.00 +/- 20.37
-----------------------------------------
| eval/                   |             |
|    mean_ep_length       | 234         |
|    mean_reward          | 26          |
| time/                   |             |
|    total_timesteps      | 3499440     |
| train/                  |             |
|    approx_kl            | 0.011576253 |
|    clip_fraction        | 0.126       |
|    clip_range           | 0.2         |
|    entropy_loss         | -2.6        |
|    explained_variance   | 0.619       |
|    learning_rate        | 0.0003      |
|    loss                 | 4.54        |
|    n_updates            | 5690        |
|    policy_gradient_loss | -0.00179    |
|    std                  | 0.478       |
|    value_loss           | 226         |
-----------------------------------------
[progress] timestep 3500280
[episode ends] timestep 3500280: crashed=2 (1%), max_steps=1 (0%), missed_goal=101 (48%), scored=105 (50%)
---------------------------------
| episode_end/       |          |
|    crashed         | 2        |
|    max_steps       | 1        |
|    missed_goal     | 101      |
|    scored          | 105      |
| rollout/           |          |
|    ep_len_mean     | 234      |
|    ep_rew_mean     | -29.9    |
| time/              |          |
|    fps             | 88       |
|    iterations      | 570      |
|    time_elapsed    | 39392    |
|    total_timesteps | 3502080  |
---------------------------------
----------------------------------------
| curriculum/             |            |
|    chase_probability    | 0.5        |
| rollout/                |            |
|    ep_len_mean          | 236        |
|    ep_rew_mean          | -21.5      |
| time/                   |            |
|    fps                  | 88         |
|    iterations           | 571        |
|    time_elapsed         | 39460      |
|    total_timesteps      | 3508224    |
| train/                  |            |
|    approx_kl            | 0.06934618 |
|    clip_fraction        | 0.201      |
|    clip_range           | 0.2        |
|    entropy_loss         | -2.61      |
|    explained_variance   | 0.513      |
|    learning_rate        | 0.0003     |
|    loss                 | 47         |
|    n_updates            | 5700       |
|    policy_gradient_loss | 0.00861    |
|    std                  | 0.479      |
|    value_loss           | 210        |
----------------------------------------
-----------------------------------------
| curriculum/             |             |
|    chase_probability    | 0.5         |
| rollout/                |             |
|    ep_len_mean          | 231         |
|    ep_rew_mean          | -19.5       |
| time/                   |             |
|    fps                  | 88          |
|    iterations           | 572         |
|    time_elapsed         | 39528       |
|    total_timesteps      | 3514368     |
| train/                  |             |
|    approx_kl            | 0.031176658 |
|    clip_fraction        | 0.263       |
|    clip_range           | 0.2         |
|    entropy_loss         | -2.62       |
|    explained_variance   | 0.903       |
|    learning_rate        | 0.0003      |
|    loss                 | 337         |
|    n_updates            | 5710        |
|    policy_gradient_loss | 0.0038      |
|    std                  | 0.479       |
|    value_loss           | 278         |
-----------------------------------------
----------------------------------------
| rollout/                |            |
|    ep_len_mean          | 230        |
|    ep_rew_mean          | -12.4      |
| time/                   |            |
|    fps                  | 88         |
|    iterations           | 573        |
|    time_elapsed         | 39598      |
|    total_timesteps      | 3520512    |
| train/                  |            |
|    approx_kl            | 0.06313132 |
|    clip_fraction        | 0.422      |
|    clip_range           | 0.2        |
|    entropy_loss         | -2.63      |
|    explained_variance   | 0.471      |
|    learning_rate        | 0.0003     |
|    loss                 | 0.117      |
|    n_updates            | 5720       |
|    policy_gradient_loss | 0.0227     |
|    std                  | 0.483      |
|    value_loss           | 54.3       |
----------------------------------------
-----------------------------------------
| curriculum/             |             |
|    chase_probability    | 0.5         |
| rollout/                |             |
|    ep_len_mean          | 228         |
|    ep_rew_mean          | -8.7        |
| time/                   |             |
|    fps                  | 88          |
|    iterations           | 574         |
|    time_elapsed         | 39676       |
|    total_timesteps      | 3526656     |
| train/                  |             |
|    approx_kl            | 0.023042304 |
|    clip_fraction        | 0.24        |
|    clip_range           | 0.2         |
|    entropy_loss         | -2.63       |
|    explained_variance   | 0.532       |
|    learning_rate        | 0.0003      |
|    loss                 | 0.559       |
|    n_updates            | 5730        |
|    policy_gradient_loss | 0.0016      |
|    std                  | 0.481       |
|    value_loss           | 39.1        |
-----------------------------------------
----------------------------------------
| rollout/                |            |
|    ep_len_mean          | 227        |
|    ep_rew_mean          | 4.27       |
| time/                   |            |
|    fps                  | 88         |
|    iterations           | 575        |
|    time_elapsed         | 39744      |
|    total_timesteps      | 3532800    |
| train/                  |            |
|    approx_kl            | 0.06973369 |
|    clip_fraction        | 0.345      |
|    clip_range           | 0.2        |
|    entropy_loss         | -2.61      |
|    explained_variance   | 0.562      |
|    learning_rate        | 0.0003     |
|    loss                 | 0.0934     |
|    n_updates            | 5740       |
|    policy_gradient_loss | 0.0134     |
|    std                  | 0.48       |
|    value_loss           | 29.9       |
----------------------------------------
----------------------------------------
| curriculum/             |            |
|    chase_probability    | 0.5        |
| rollout/                |            |
|    ep_len_mean          | 232        |
|    ep_rew_mean          | -2.84      |
| time/                   |            |
|    fps                  | 88         |
|    iterations           | 576        |
|    time_elapsed         | 39808      |
|    total_timesteps      | 3538944    |
| train/                  |            |
|    approx_kl            | 0.03474782 |
|    clip_fraction        | 0.336      |
|    clip_range           | 0.2        |
|    entropy_loss         | -2.61      |
|    explained_variance   | 0.822      |
|    learning_rate        | 0.0003     |
|    loss                 | 0.196      |
|    n_updates            | 5750       |
|    policy_gradient_loss | 0.011      |
|    std                  | 0.483      |
|    value_loss           | 2.38e+03   |
----------------------------------------
----------------------------------------
| curriculum/             |            |
|    chase_probability    | 0.5        |
| rollout/                |            |
|    ep_len_mean          | 252        |
|    ep_rew_mean          | -318       |
| time/                   |            |
|    fps                  | 88         |
|    iterations           | 577        |
|    time_elapsed         | 39871      |
|    total_timesteps      | 3545088    |
| train/                  |            |
|    approx_kl            | 0.10601621 |
|    clip_fraction        | 0.356      |
|    clip_range           | 0.2        |
|    entropy_loss         | -2.61      |
|    explained_variance   | 0.856      |
|    learning_rate        | 0.0003     |
|    loss                 | 1.53       |
|    n_updates            | 5760       |
|    policy_gradient_loss | 0.0146     |
|    std                  | 0.482      |
|    value_loss           | 1.1e+04    |
----------------------------------------
Eval num_timesteps=3549432, episode_reward=-7.77 +/- 73.77
Episode length: 256.00 +/- 17.99
----------------------------------------
| eval/                   |            |
|    mean_ep_length       | 256        |
|    mean_reward          | -7.77      |
| time/                   |            |
|    total_timesteps      | 3549432    |
| train/                  |            |
|    approx_kl            | 0.04688244 |
|    clip_fraction        | 0.323      |
|    clip_range           | 0.2        |
|    entropy_loss         | -2.6       |
|    explained_variance   | 0.863      |
|    learning_rate        | 0.0003     |
|    loss                 | 0.116      |
|    n_updates            | 5770       |
|    policy_gradient_loss | 0.00867    |
|    std                  | 0.481      |
|    value_loss           | 2.77e+03   |
----------------------------------------
[episode ends] timestep 3550284: crashed=1 (0%), max_steps=2 (1%), missed_goal=169 (81%), scored=37 (18%)
---------------------------------
| episode_end/       |          |
|    crashed         | 1        |
|    max_steps       | 2        |
|    missed_goal     | 169      |
|    scored          | 37       |
| rollout/           |          |
|    ep_len_mean     | 256      |
|    ep_rew_mean     | -315     |
| time/              |          |
|    fps             | 88       |
|    iterations      | 578      |
|    time_elapsed    | 39958    |
|    total_timesteps | 3551232  |
---------------------------------
-----------------------------------------
| curriculum/             |             |
|    chase_probability    | 0.5         |
| rollout/                |             |
|    ep_len_mean          | 261         |
|    ep_rew_mean          | -316        |
| time/                   |             |
|    fps                  | 88          |
|    iterations           | 579         |
|    time_elapsed         | 40024       |
|    total_timesteps      | 3557376     |
| train/                  |             |
|    approx_kl            | 0.021393934 |
|    clip_fraction        | 0.257       |
|    clip_range           | 0.2         |
|    entropy_loss         | -2.58       |
|    explained_variance   | 0.804       |
|    learning_rate        | 0.0003      |
|    loss                 | 350         |
|    n_updates            | 5780        |
|    policy_gradient_loss | 0.00586     |
|    std                  | 0.477       |
|    value_loss           | 65.3        |
-----------------------------------------
----------------------------------------
| curriculum/             |            |
|    chase_probability    | 0.5        |
| rollout/                |            |
|    ep_len_mean          | 265        |
|    ep_rew_mean          | -325       |
| time/                   |            |
|    fps                  | 88         |
|    iterations           | 580        |
|    time_elapsed         | 40089      |
|    total_timesteps      | 3563520    |
| train/                  |            |
|    approx_kl            | 0.03412165 |
|    clip_fraction        | 0.282      |
|    clip_range           | 0.2        |
|    entropy_loss         | -2.57      |
|    explained_variance   | 0.488      |
|    learning_rate        | 0.0003     |
|    loss                 | 0.128      |
|    n_updates            | 5790       |
|    policy_gradient_loss | 0.00251    |
|    std                  | 0.477      |
|    value_loss           | 65         |
----------------------------------------
-----------------------------------------
| rollout/                |             |
|    ep_len_mean          | 254         |
|    ep_rew_mean          | -13.4       |
| time/                   |             |
|    fps                  | 88          |
|    iterations           | 581         |
|    time_elapsed         | 40156       |
|    total_timesteps      | 3569664     |
| train/                  |             |
|    approx_kl            | 0.014345445 |
|    clip_fraction        | 0.185       |
|    clip_range           | 0.2         |
|    entropy_loss         | -2.55       |
|    explained_variance   | 0.629       |
|    learning_rate        | 0.0003      |
|    loss                 | 691         |
|    n_updates            | 5800        |
|    policy_gradient_loss | 0.00117     |
|    std                  | 0.474       |
|    value_loss           | 316         |
-----------------------------------------
-----------------------------------------
| curriculum/             |             |
|    chase_probability    | 0.5         |
| rollout/                |             |
|    ep_len_mean          | 254         |
|    ep_rew_mean          | -12.3       |
| time/                   |             |
|    fps                  | 88          |
|    iterations           | 582         |
|    time_elapsed         | 40223       |
|    total_timesteps      | 3575808     |
| train/                  |             |
|    approx_kl            | 0.011170176 |
|    clip_fraction        | 0.0686      |
|    clip_range           | 0.2         |
|    entropy_loss         | -2.54       |
|    explained_variance   | 0.796       |
|    learning_rate        | 0.0003      |
|    loss                 | 1.27        |
|    n_updates            | 5810        |
|    policy_gradient_loss | -0.00269    |
|    std                  | 0.474       |
|    value_loss           | 67.8        |
-----------------------------------------
-----------------------------------------
| rollout/                |             |
|    ep_len_mean          | 258         |
|    ep_rew_mean          | -30         |
| time/                   |             |
|    fps                  | 88          |
|    iterations           | 583         |
|    time_elapsed         | 40287       |
|    total_timesteps      | 3581952     |
| train/                  |             |
|    approx_kl            | 0.010950842 |
|    clip_fraction        | 0.147       |
|    clip_range           | 0.2         |
|    entropy_loss         | -2.55       |
|    explained_variance   | 0.708       |
|    learning_rate        | 0.0003      |
|    loss                 | 2.27        |
|    n_updates            | 5820        |
|    policy_gradient_loss | -0.00207    |
|    std                  | 0.474       |
|    value_loss           | 705         |
-----------------------------------------
-----------------------------------------
| curriculum/             |             |
|    chase_probability    | 0.5         |
| rollout/                |             |
|    ep_len_mean          | 269         |
|    ep_rew_mean          | -212        |
| time/                   |             |
|    fps                  | 88          |
|    iterations           | 584         |
|    time_elapsed         | 40350       |
|    total_timesteps      | 3588096     |
| train/                  |             |
|    approx_kl            | 0.010778074 |
|    clip_fraction        | 0.1         |
|    clip_range           | 0.2         |
|    entropy_loss         | -2.54       |
|    explained_variance   | 0.783       |
|    learning_rate        | 0.0003      |
|    loss                 | 0.515       |
|    n_updates            | 5830        |
|    policy_gradient_loss | -0.00501    |
|    std                  | 0.474       |
|    value_loss           | 2.64e+03    |
-----------------------------------------
------------------------------------------
| curriculum/             |              |
|    chase_probability    | 0.5          |
| rollout/                |              |
|    ep_len_mean          | 272          |
|    ep_rew_mean          | -245         |
| time/                   |              |
|    fps                  | 88           |
|    iterations           | 585          |
|    time_elapsed         | 40411        |
|    total_timesteps      | 3594240      |
| train/                  |              |
|    approx_kl            | 0.0059501627 |
|    clip_fraction        | 0.0302       |
|    clip_range           | 0.2          |
|    entropy_loss         | -2.54        |
|    explained_variance   | 0.839        |
|    learning_rate        | 0.0003       |
|    loss                 | 29.1         |
|    n_updates            | 5840         |
|    policy_gradient_loss | -0.00254     |
|    std                  | 0.474        |
|    value_loss           | 6.83e+03     |
------------------------------------------
Eval num_timesteps=3599424, episode_reward=38.46 +/- 31.99
Episode length: 255.60 +/- 25.11
-----------------------------------------
| eval/                   |             |
|    mean_ep_length       | 256         |
|    mean_reward          | 38.5        |
| time/                   |             |
|    total_timesteps      | 3599424     |
| train/                  |             |
|    approx_kl            | 0.006803736 |
|    clip_fraction        | 0.0594      |
|    clip_range           | 0.2         |
|    entropy_loss         | -2.54       |
|    explained_variance   | 0.597       |
|    learning_rate        | 0.0003      |
|    loss                 | 1.32        |
|    n_updates            | 5850        |
|    policy_gradient_loss | -0.00167    |
|    std                  | 0.474       |
|    value_loss           | 1.13e+03    |
-----------------------------------------
[progress] timestep 3600288
[episode ends] timestep 3600288: crashed=9 (5%), max_steps=1 (1%), missed_goal=89 (48%), scored=87 (47%)
---------------------------------
| episode_end/       |          |
|    crashed         | 9        |
|    max_steps       | 1        |
|    missed_goal     | 89       |
|    scored          | 87       |
| rollout/           |          |
|    ep_len_mean     | 273      |
|    ep_rew_mean     | -250     |
| time/              |          |
|    fps             | 88       |
|    iterations      | 586      |
|    time_elapsed    | 40494    |
|    total_timesteps | 3600384  |
---------------------------------
-----------------------------------------
| curriculum/             |             |
|    chase_probability    | 0.5         |
| rollout/                |             |
|    ep_len_mean          | 270         |
|    ep_rew_mean          | -221        |
| time/                   |             |
|    fps                  | 88          |
|    iterations           | 587         |
|    time_elapsed         | 40557       |
|    total_timesteps      | 3606528     |
| train/                  |             |
|    approx_kl            | 0.008958022 |
|    clip_fraction        | 0.11        |
|    clip_range           | 0.2         |
|    entropy_loss         | -2.54       |
|    explained_variance   | 0.854       |
|    learning_rate        | 0.0003      |
|    loss                 | 3.02e+04    |
|    n_updates            | 5860        |
|    policy_gradient_loss | -0.000586   |
|    std                  | 0.474       |
|    value_loss           | 2.83e+03    |
-----------------------------------------
-----------------------------------------
| rollout/                |             |
|    ep_len_mean          | 276         |
|    ep_rew_mean          | -412        |
| time/                   |             |
|    fps                  | 88          |
|    iterations           | 588         |
|    time_elapsed         | 40621       |
|    total_timesteps      | 3612672     |
| train/                  |             |
|    approx_kl            | 0.008619669 |
|    clip_fraction        | 0.047       |
|    clip_range           | 0.2         |
|    entropy_loss         | -2.54       |
|    explained_variance   | 0.852       |
|    learning_rate        | 0.0003      |
|    loss                 | 46          |
|    n_updates            | 5870        |
|    policy_gradient_loss | -0.000664   |
|    std                  | 0.474       |
|    value_loss           | 5.61e+03    |
-----------------------------------------
-----------------------------------------
| curriculum/             |             |
|    chase_probability    | 0.5         |
| rollout/                |             |
|    ep_len_mean          | 258         |
|    ep_rew_mean          | -202        |
| time/                   |             |
|    fps                  | 88          |
|    iterations           | 589         |
|    time_elapsed         | 40688       |
|    total_timesteps      | 3618816     |
| train/                  |             |
|    approx_kl            | 0.008063854 |
|    clip_fraction        | 0.0697      |
|    clip_range           | 0.2         |
|    entropy_loss         | -2.54       |
|    explained_variance   | 0.683       |
|    learning_rate        | 0.0003      |
|    loss                 | 26.6        |
|    n_updates            | 5880        |
|    policy_gradient_loss | -0.00292    |
|    std                  | 0.474       |
|    value_loss           | 536         |
-----------------------------------------
------------------------------------------
| curriculum/             |              |
|    chase_probability    | 0.5          |
| rollout/                |              |
|    ep_len_mean          | 255          |
|    ep_rew_mean          | -191         |
| time/                   |              |
|    fps                  | 88           |
|    iterations           | 590          |
|    time_elapsed         | 40757        |
|    total_timesteps      | 3624960      |
| train/                  |              |
|    approx_kl            | 0.0071110665 |
|    clip_fraction        | 0.0224       |
|    clip_range           | 0.2          |
|    entropy_loss         | -2.55        |
|    explained_variance   | 0.783        |
|    learning_rate        | 0.0003       |
|    loss                 | 2.2e+03      |
|    n_updates            | 5890         |
|    policy_gradient_loss | -0.00382     |
|    std                  | 0.475        |
|    value_loss           | 890          |
------------------------------------------
-----------------------------------------
| rollout/                |             |
|    ep_len_mean          | 255         |
|    ep_rew_mean          | -197        |
| time/                   |             |
|    fps                  | 88          |
|    iterations           | 591         |
|    time_elapsed         | 40824       |
|    total_timesteps      | 3631104     |
| train/                  |             |
|    approx_kl            | 0.009524665 |
|    clip_fraction        | 0.1         |
|    clip_range           | 0.2         |
|    entropy_loss         | -2.55       |
|    explained_variance   | 0.846       |
|    learning_rate        | 0.0003      |
|    loss                 | 17.2        |
|    n_updates            | 5900        |
|    policy_gradient_loss | -0.00275    |
|    std                  | 0.474       |
|    value_loss           | 264         |
-----------------------------------------
-----------------------------------------
| curriculum/             |             |
|    chase_probability    | 0.5         |
| rollout/                |             |
|    ep_len_mean          | 245         |
|    ep_rew_mean          | -2.96       |
| time/                   |             |
|    fps                  | 88          |
|    iterations           | 592         |
|    time_elapsed         | 40890       |
|    total_timesteps      | 3637248     |
| train/                  |             |
|    approx_kl            | 0.008206049 |
|    clip_fraction        | 0.0943      |
|    clip_range           | 0.2         |
|    entropy_loss         | -2.54       |
|    explained_variance   | 0.604       |
|    learning_rate        | 0.0003      |
|    loss                 | 0.664       |
|    n_updates            | 5910        |
|    policy_gradient_loss | -0.00546    |
|    std                  | 0.474       |
|    value_loss           | 77          |
-----------------------------------------
-----------------------------------------
| curriculum/             |             |
|    chase_probability    | 0.5         |
| rollout/                |             |
|    ep_len_mean          | 242         |
|    ep_rew_mean          | 19.1        |
| time/                   |             |
|    fps                  | 88          |
|    iterations           | 593         |
|    time_elapsed         | 40957       |
|    total_timesteps      | 3643392     |
| train/                  |             |
|    approx_kl            | 0.015500764 |
|    clip_fraction        | 0.169       |
|    clip_range           | 0.2         |
|    entropy_loss         | -2.55       |
|    explained_variance   | 0.725       |
|    learning_rate        | 0.0003      |
|    loss                 | 195         |
|    n_updates            | 5920        |
|    policy_gradient_loss | -0.00165    |
|    std                  | 0.474       |
|    value_loss           | 161         |
-----------------------------------------
Eval num_timesteps=3649416, episode_reward=3.98 +/- 101.43
Episode length: 253.40 +/- 16.34
-----------------------------------------
| eval/                   |             |
|    mean_ep_length       | 253         |
|    mean_reward          | 3.98        |
| time/                   |             |
|    total_timesteps      | 3649416     |
| train/                  |             |
|    approx_kl            | 0.013267934 |
|    clip_fraction        | 0.126       |
|    clip_range           | 0.2         |
|    entropy_loss         | -2.54       |
|    explained_variance   | 0.445       |
|    learning_rate        | 0.0003      |
|    loss                 | 1.82        |
|    n_updates            | 5930        |
|    policy_gradient_loss | -0.00387    |
|    std                  | 0.473       |
|    value_loss           | 140         |
-----------------------------------------
---------------------------------
| rollout/           |          |
|    ep_len_mean     | 242      |
|    ep_rew_mean     | 17.5     |
| time/              |          |
|    fps             | 88       |
|    iterations      | 594      |
|    time_elapsed    | 41043    |
|    total_timesteps | 3649536  |
---------------------------------
[episode ends] timestep 3650292: crashed=5 (2%), max_steps=1 (0%), missed_goal=72 (35%), scored=125 (62%)
-----------------------------------------
| curriculum/             |             |
|    chase_probability    | 0.5         |
| episode_end/            |             |
|    crashed              | 5           |
|    max_steps            | 1           |
|    missed_goal          | 72          |
|    scored               | 125         |
| rollout/                |             |
|    ep_len_mean          | 239         |
|    ep_rew_mean          | 15.9        |
| time/                   |             |
|    fps                  | 88          |
|    iterations           | 595         |
|    time_elapsed         | 41108       |
|    total_timesteps      | 3655680     |
| train/                  |             |
|    approx_kl            | 0.021409908 |
|    clip_fraction        | 0.216       |
|    clip_range           | 0.2         |
|    entropy_loss         | -2.55       |
|    explained_variance   | 0.861       |
|    learning_rate        | 0.0003      |
|    loss                 | 26.3        |
|    n_updates            | 5940        |
|    policy_gradient_loss | -0.00202    |
|    std                  | 0.474       |
|    value_loss           | 2.83e+03    |
-----------------------------------------
-----------------------------------------
| rollout/                |             |
|    ep_len_mean          | 245         |
|    ep_rew_mean          | -156        |
| time/                   |             |
|    fps                  | 88          |
|    iterations           | 596         |
|    time_elapsed         | 41171       |
|    total_timesteps      | 3661824     |
| train/                  |             |
|    approx_kl            | 0.016394397 |
|    clip_fraction        | 0.162       |
|    clip_range           | 0.2         |
|    entropy_loss         | -2.55       |
|    explained_variance   | 0.871       |
|    learning_rate        | 0.0003      |
|    loss                 | 0.677       |
|    n_updates            | 5950        |
|    policy_gradient_loss | -0.00265    |
|    std                  | 0.476       |
|    value_loss           | 5.38e+03    |
-----------------------------------------
-----------------------------------------
| curriculum/             |             |
|    chase_probability    | 0.5         |
| rollout/                |             |
|    ep_len_mean          | 246         |
|    ep_rew_mean          | -157        |
| time/                   |             |
|    fps                  | 88          |
|    iterations           | 597         |
|    time_elapsed         | 41234       |
|    total_timesteps      | 3667968     |
| train/                  |             |
|    approx_kl            | 0.015004374 |
|    clip_fraction        | 0.176       |
|    clip_range           | 0.2         |
|    entropy_loss         | -2.56       |
|    explained_variance   | 0.821       |
|    learning_rate        | 0.0003      |
|    loss                 | 0.88        |
|    n_updates            | 5960        |
|    policy_gradient_loss | 4.68e-05    |
|    std                  | 0.475       |
|    value_loss           | 551         |
-----------------------------------------
-----------------------------------------
| curriculum/             |             |
|    chase_probability    | 0.5         |
| rollout/                |             |
|    ep_len_mean          | 248         |
|    ep_rew_mean          | -150        |
| time/                   |             |
|    fps                  | 88          |
|    iterations           | 598         |
|    time_elapsed         | 41300       |
|    total_timesteps      | 3674112     |
| train/                  |             |
|    approx_kl            | 0.021594511 |
|    clip_fraction        | 0.199       |
|    clip_range           | 0.2         |
|    entropy_loss         | -2.55       |
|    explained_variance   | 0.588       |
|    learning_rate        | 0.0003      |
|    loss                 | 0.931       |
|    n_updates            | 5970        |
|    policy_gradient_loss | -5.11e-05   |
|    std                  | 0.474       |
|    value_loss           | 61.5        |
-----------------------------------------
-----------------------------------------
| rollout/                |             |
|    ep_len_mean          | 252         |
|    ep_rew_mean          | -157        |
| time/                   |             |
|    fps                  | 88          |
|    iterations           | 599         |
|    time_elapsed         | 41364       |
|    total_timesteps      | 3680256     |
| train/                  |             |
|    approx_kl            | 0.019352246 |
|    clip_fraction        | 0.223       |
|    clip_range           | 0.2         |
|    entropy_loss         | -2.54       |
|    explained_variance   | 0.676       |
|    learning_rate        | 0.0003      |
|    loss                 | 0.273       |
|    n_updates            | 5980        |
|    policy_gradient_loss | 0.0004      |
|    std                  | 0.472       |
|    value_loss           | 77.2        |
-----------------------------------------
-----------------------------------------
| curriculum/             |             |
|    chase_probability    | 0.5         |
| rollout/                |             |
|    ep_len_mean          | 246         |
|    ep_rew_mean          | 17          |
| time/                   |             |
|    fps                  | 88          |
|    iterations           | 600         |
|    time_elapsed         | 41429       |
|    total_timesteps      | 3686400     |
| train/                  |             |
|    approx_kl            | 0.015370108 |
|    clip_fraction        | 0.179       |
|    clip_range           | 0.2         |
|    entropy_loss         | -2.53       |
|    explained_variance   | 0.478       |
|    learning_rate        | 0.0003      |
|    loss                 | 249         |
|    n_updates            | 5990        |
|    policy_gradient_loss | -0.000671   |
|    std                  | 0.473       |
|    value_loss           | 159         |
-----------------------------------------
------------------------------------------
| rollout/                |              |
|    ep_len_mean          | 258          |
|    ep_rew_mean          | -167         |
| time/                   |              |
|    fps                  | 88           |
|    iterations           | 601          |
|    time_elapsed         | 41492        |
|    total_timesteps      | 3692544      |
| train/                  |              |
|    approx_kl            | 0.0134522645 |
|    clip_fraction        | 0.219        |
|    clip_range           | 0.2          |
|    entropy_loss         | -2.51        |
|    explained_variance   | 0.465        |
|    learning_rate        | 0.0003       |
|    loss                 | 2.41         |
|    n_updates            | 6000         |
|    policy_gradient_loss | 0.00224      |
|    std                  | 0.469        |
|    value_loss           | 2.52e+03     |
------------------------------------------
----------------------------------------
| curriculum/             |            |
|    chase_probability    | 0.5        |
| rollout/                |            |
|    ep_len_mean          | 262        |
|    ep_rew_mean          | -219       |
| time/                   |            |
|    fps                  | 89         |
|    iterations           | 602        |
|    time_elapsed         | 41553      |
|    total_timesteps      | 3698688    |
| train/                  |            |
|    approx_kl            | 0.01927133 |
|    clip_fraction        | 0.155      |
|    clip_range           | 0.2        |
|    entropy_loss         | -2.5       |
|    explained_variance   | 0.854      |
|    learning_rate        | 0.0003     |
|    loss                 | 0.518      |
|    n_updates            | 6010       |
|    policy_gradient_loss | 0.004      |
|    std                  | 0.469      |
|    value_loss           | 3.8e+03    |
----------------------------------------
Eval num_timesteps=3699408, episode_reward=-26.97 +/- 109.00
Episode length: 272.70 +/- 41.42
-----------------------------------------
| eval/                   |             |
|    mean_ep_length       | 273         |
|    mean_reward          | -27         |
| time/                   |             |
|    total_timesteps      | 3699408     |
| train/                  |             |
|    approx_kl            | 0.035197217 |
|    clip_fraction        | 0.184       |
|    clip_range           | 0.2         |
|    entropy_loss         | -2.49       |
|    explained_variance   | 0.846       |
|    learning_rate        | 0.0003      |
|    loss                 | 29.7        |
|    n_updates            | 6020        |
|    policy_gradient_loss | 0.00632     |
|    std                  | 0.469       |
|    value_loss           | 6.27e+03    |
-----------------------------------------
[progress] timestep 3700296
[episode ends] timestep 3700296: crashed=3 (2%), max_steps=2 (1%), missed_goal=67 (35%), scored=120 (62%)
-----------------------------------
| curriculum/          |          |
|    chase_probability | 0.5      |
| episode_end/         |          |
|    crashed           | 3        |
|    max_steps         | 2        |
|    missed_goal       | 67       |
|    scored            | 120      |
| rollout/             |          |
|    ep_len_mean       | 272      |
|    ep_rew_mean       | -405     |
| time/                |          |
|    fps               | 88       |
|    iterations        | 603      |
|    time_elapsed      | 41634    |
|    total_timesteps   | 3704832  |
-----------------------------------
-----------------------------------------
| rollout/                |             |
|    ep_len_mean          | 276         |
|    ep_rew_mean          | -491        |
| time/                   |             |
|    fps                  | 88          |
|    iterations           | 604         |
|    time_elapsed         | 41697       |
|    total_timesteps      | 3710976     |
| train/                  |             |
|    approx_kl            | 0.004671259 |
|    clip_fraction        | 0.0394      |
|    clip_range           | 0.2         |
|    entropy_loss         | -2.49       |
|    explained_variance   | 0.853       |
|    learning_rate        | 0.0003      |
|    loss                 | 14.5        |
|    n_updates            | 6030        |
|    policy_gradient_loss | -0.00111    |
|    std                  | 0.469       |
|    value_loss           | 5.19e+03    |
-----------------------------------------
-----------------------------------------
| curriculum/             |             |
|    chase_probability    | 0.5         |
| rollout/                |             |
|    ep_len_mean          | 277         |
|    ep_rew_mean          | -506        |
| time/                   |             |
|    fps                  | 89          |
|    iterations           | 605         |
|    time_elapsed         | 41762       |
|    total_timesteps      | 3717120     |
| train/                  |             |
|    approx_kl            | 0.013560903 |
|    clip_fraction        | 0.105       |
|    clip_range           | 0.2         |
|    entropy_loss         | -2.5        |
|    explained_variance   | 0.793       |
|    learning_rate        | 0.0003      |
|    loss                 | 117         |
|    n_updates            | 6040        |
|    policy_gradient_loss | 6.42e-05    |
|    std                  | 0.47        |
|    value_loss           | 1.49e+03    |
-----------------------------------------
-----------------------------------------
| curriculum/             |             |
|    chase_probability    | 0.5         |
| rollout/                |             |
|    ep_len_mean          | 263         |
|    ep_rew_mean          | -309        |
| time/                   |             |
|    fps                  | 89          |
|    iterations           | 606         |
|    time_elapsed         | 41828       |
|    total_timesteps      | 3723264     |
| train/                  |             |
|    approx_kl            | 0.011516761 |
|    clip_fraction        | 0.0374      |
|    clip_range           | 0.2         |
|    entropy_loss         | -2.5        |
|    explained_variance   | 0.712       |
|    learning_rate        | 0.0003      |
|    loss                 | 884         |
|    n_updates            | 6050        |
|    policy_gradient_loss | -0.00128    |
|    std                  | 0.47        |
|    value_loss           | 1.27e+03    |
-----------------------------------------
-----------------------------------------
| rollout/                |             |
|    ep_len_mean          | 252         |
|    ep_rew_mean          | -142        |
| time/                   |             |
|    fps                  | 89          |
|    iterations           | 607         |
|    time_elapsed         | 41894       |
|    total_timesteps      | 3729408     |
| train/                  |             |
|    approx_kl            | 0.011166018 |
|    clip_fraction        | 0.0488      |
|    clip_range           | 0.2         |
|    entropy_loss         | -2.5        |
|    explained_variance   | 0.786       |
|    learning_rate        | 0.0003      |
|    loss                 | 748         |
|    n_updates            | 6060        |
|    policy_gradient_loss | -0.00127    |
|    std                  | 0.469       |
|    value_loss           | 933         |
-----------------------------------------
----------------------------------------
| curriculum/             |            |
|    chase_probability    | 0.5        |
| rollout/                |            |
|    ep_len_mean          | 246        |
|    ep_rew_mean          | -77.4      |
| time/                   |            |
|    fps                  | 89         |
|    iterations           | 608        |
|    time_elapsed         | 41962      |
|    total_timesteps      | 3735552    |
| train/                  |            |
|    approx_kl            | 0.01147373 |
|    clip_fraction        | 0.133      |
|    clip_range           | 0.2        |
|    entropy_loss         | -2.5       |
|    explained_variance   | 0.801      |
|    learning_rate        | 0.0003     |
|    loss                 | 14.3       |
|    n_updates            | 6070       |
|    policy_gradient_loss | -5.74e-06  |
|    std                  | 0.469      |
|    value_loss           | 705        |
----------------------------------------
-----------------------------------------
| rollout/                |             |
|    ep_len_mean          | 244         |
|    ep_rew_mean          | -59.5       |
| time/                   |             |
|    fps                  | 89          |
|    iterations           | 609         |
|    time_elapsed         | 42027       |
|    total_timesteps      | 3741696     |
| train/                  |             |
|    approx_kl            | 0.015700506 |
|    clip_fraction        | 0.139       |
|    clip_range           | 0.2         |
|    entropy_loss         | -2.49       |
|    explained_variance   | 0.816       |
|    learning_rate        | 0.0003      |
|    loss                 | 20.8        |
|    n_updates            | 6080        |
|    policy_gradient_loss | -0.00334    |
|    std                  | 0.468       |
|    value_loss           | 596         |
-----------------------------------------
-----------------------------------------
| curriculum/             |             |
|    chase_probability    | 0.5         |
| rollout/                |             |
|    ep_len_mean          | 245         |
|    ep_rew_mean          | -44.9       |
| time/                   |             |
|    fps                  | 89          |
|    iterations           | 610         |
|    time_elapsed         | 42094       |
|    total_timesteps      | 3747840     |
| train/                  |             |
|    approx_kl            | 0.010581949 |
|    clip_fraction        | 0.122       |
|    clip_range           | 0.2         |
|    entropy_loss         | -2.49       |
|    explained_variance   | 0.812       |
|    learning_rate        | 0.0003      |
|    loss                 | 5.9         |
|    n_updates            | 6090        |
|    policy_gradient_loss | -0.004      |
|    std                  | 0.468       |
|    value_loss           | 480         |
-----------------------------------------
Eval num_timesteps=3749400, episode_reward=-9.63 +/- 100.38
Episode length: 240.40 +/- 18.41
-----------------------------------------
| eval/                   |             |
|    mean_ep_length       | 240         |
|    mean_reward          | -9.63       |
| time/                   |             |
|    total_timesteps      | 3749400     |
| train/                  |             |
|    approx_kl            | 0.012165844 |
|    clip_fraction        | 0.169       |
|    clip_range           | 0.2         |
|    entropy_loss         | -2.48       |
|    explained_variance   | 0.799       |
|    learning_rate        | 0.0003      |
|    loss                 | 1.34        |
|    n_updates            | 6100        |
|    policy_gradient_loss | -0.00131    |
|    std                  | 0.468       |
|    value_loss           | 297         |
-----------------------------------------
[episode ends] timestep 3750300: crashed=4 (2%), max_steps=1 (0%), missed_goal=81 (40%), scored=117 (58%)
-----------------------------------
| curriculum/          |          |
|    chase_probability | 0.5      |
| episode_end/         |          |
|    crashed           | 4        |
|    max_steps         | 1        |
|    missed_goal       | 81       |
|    scored            | 117      |
| rollout/             |          |
|    ep_len_mean       | 244      |
|    ep_rew_mean       | -37.1    |
| time/                |          |
|    fps               | 89       |
|    iterations        | 611      |
|    time_elapsed      | 42179    |
|    total_timesteps   | 3753984  |
-----------------------------------
----------------------------------------
| rollout/                |            |
|    ep_len_mean          | 245        |
|    ep_rew_mean          | -20.6      |
| time/                   |            |
|    fps                  | 89         |
|    iterations           | 612        |
|    time_elapsed         | 42245      |
|    total_timesteps      | 3760128    |
| train/                  |            |
|    approx_kl            | 0.04176389 |
|    clip_fraction        | 0.258      |
|    clip_range           | 0.2        |
|    entropy_loss         | -2.47      |
|    explained_variance   | 0.726      |
|    learning_rate        | 0.0003     |
|    loss                 | 0.262      |
|    n_updates            | 6110       |
|    policy_gradient_loss | 0.000735   |
|    std                  | 0.464      |
|    value_loss           | 40.5       |
----------------------------------------
----------------------------------------
| curriculum/             |            |
|    chase_probability    | 0.5        |
| rollout/                |            |
|    ep_len_mean          | 245        |
|    ep_rew_mean          | -18.6      |
| time/                   |            |
|    fps                  | 89         |
|    iterations           | 613        |
|    time_elapsed         | 42314      |
|    total_timesteps      | 3766272    |
| train/                  |            |
|    approx_kl            | 0.06961372 |
|    clip_fraction        | 0.419      |
|    clip_range           | 0.2        |
|    entropy_loss         | -2.45      |
|    explained_variance   | 0.648      |
|    learning_rate        | 0.0003     |
|    loss                 | 4.13       |
|    n_updates            | 6120       |
|    policy_gradient_loss | 0.0249     |
|    std                  | 0.464      |
|    value_loss           | 270        |
----------------------------------------
-----------------------------------------
| rollout/                |             |
|    ep_len_mean          | 247         |
|    ep_rew_mean          | -16.9       |
| time/                   |             |
|    fps                  | 89          |
|    iterations           | 614         |
|    time_elapsed         | 42384       |
|    total_timesteps      | 3772416     |
| train/                  |             |
|    approx_kl            | 0.014549398 |
|    clip_fraction        | 0.183       |
|    clip_range           | 0.2         |
|    entropy_loss         | -2.45       |
|    explained_variance   | 0.736       |
|    learning_rate        | 0.0003      |
|    loss                 | 15          |
|    n_updates            | 6130        |
|    policy_gradient_loss | 0.00172     |
|    std                  | 0.461       |
|    value_loss           | 473         |
-----------------------------------------
----------------------------------------
| curriculum/             |            |
|    chase_probability    | 0.5        |
| rollout/                |            |
|    ep_len_mean          | 249        |
|    ep_rew_mean          | -14.7      |
| time/                   |            |
|    fps                  | 89         |
|    iterations           | 615        |
|    time_elapsed         | 42453      |
|    total_timesteps      | 3778560    |
| train/                  |            |
|    approx_kl            | 0.03679067 |
|    clip_fraction        | 0.158      |
|    clip_range           | 0.2        |
|    entropy_loss         | -2.44      |
|    explained_variance   | 0.58       |
|    learning_rate        | 0.0003     |
|    loss                 | 110        |
|    n_updates            | 6140       |
|    policy_gradient_loss | 0.00146    |
|    std                  | 0.463      |
|    value_loss           | 382        |
----------------------------------------
-----------------------------------------
| curriculum/             |             |
|    chase_probability    | 0.5         |
| rollout/                |             |
|    ep_len_mean          | 249         |
|    ep_rew_mean          | -3.88       |
| time/                   |             |
|    fps                  | 89          |
|    iterations           | 616         |
|    time_elapsed         | 42524       |
|    total_timesteps      | 3784704     |
| train/                  |             |
|    approx_kl            | 0.013062167 |
|    clip_fraction        | 0.184       |
|    clip_range           | 0.2         |
|    entropy_loss         | -2.45       |
|    explained_variance   | 0.692       |
|    learning_rate        | 0.0003      |
|    loss                 | 3.01        |
|    n_updates            | 6150        |
|    policy_gradient_loss | 0.00401     |
|    std                  | 0.462       |
|    value_loss           | 1.43e+03    |
-----------------------------------------
-----------------------------------------
| rollout/                |             |
|    ep_len_mean          | 258         |
|    ep_rew_mean          | -156        |
| time/                   |             |
|    fps                  | 89          |
|    iterations           | 617         |
|    time_elapsed         | 42588       |
|    total_timesteps      | 3790848     |
| train/                  |             |
|    approx_kl            | 0.033190314 |
|    clip_fraction        | 0.307       |
|    clip_range           | 0.2         |
|    entropy_loss         | -2.43       |
|    explained_variance   | 0.872       |
|    learning_rate        | 0.0003      |
|    loss                 | 1.54        |
|    n_updates            | 6160        |
|    policy_gradient_loss | 0.0105      |
|    std                  | 0.46        |
|    value_loss           | 5.33e+03    |
-----------------------------------------
-----------------------------------------
| curriculum/             |             |
|    chase_probability    | 0.5         |
| rollout/                |             |
|    ep_len_mean          | 256         |
|    ep_rew_mean          | -142        |
| time/                   |             |
|    fps                  | 89          |
|    iterations           | 618         |
|    time_elapsed         | 42654       |
|    total_timesteps      | 3796992     |
| train/                  |             |
|    approx_kl            | 0.029087424 |
|    clip_fraction        | 0.253       |
|    clip_range           | 0.2         |
|    entropy_loss         | -2.43       |
|    explained_variance   | 0.852       |
|    learning_rate        | 0.0003      |
|    loss                 | 4.51        |
|    n_updates            | 6170        |
|    policy_gradient_loss | 0.0021      |
|    std                  | 0.463       |
|    value_loss           | 3.36e+03    |
-----------------------------------------
Eval num_timesteps=3799392, episode_reward=-17.28 +/- 142.83
Episode length: 248.90 +/- 18.29
---------------------------------------
| eval/                   |           |
|    mean_ep_length       | 249       |
|    mean_reward          | -17.3     |
| time/                   |           |
|    total_timesteps      | 3799392   |
| train/                  |           |
|    approx_kl            | 0.0821703 |
|    clip_fraction        | 0.477     |
|    clip_range           | 0.2       |
|    entropy_loss         | -2.44     |
|    explained_variance   | 0.875     |
|    learning_rate        | 0.0003    |
|    loss                 | 1.59      |
|    n_updates            | 6180      |
|    policy_gradient_loss | 0.0367    |
|    std                  | 0.465     |
|    value_loss           | 5.34e+03  |
---------------------------------------
[progress] timestep 3800304
[episode ends] timestep 3800304: crashed=4 (2%), max_steps=2 (1%), missed_goal=81 (42%), scored=107 (55%)
-----------------------------------
| curriculum/          |          |
|    chase_probability | 0.5      |
| episode_end/         |          |
|    crashed           | 4        |
|    max_steps         | 2        |
|    missed_goal       | 81       |
|    scored            | 107      |
| rollout/             |          |
|    ep_len_mean       | 266      |
|    ep_rew_mean       | -300     |
| time/                |          |
|    fps               | 88       |
|    iterations        | 619      |
|    time_elapsed      | 42742    |
|    total_timesteps   | 3803136  |
-----------------------------------
-----------------------------------------
| rollout/                |             |
|    ep_len_mean          | 266         |
|    ep_rew_mean          | -307        |
| time/                   |             |
|    fps                  | 88          |
|    iterations           | 620         |
|    time_elapsed         | 42806       |
|    total_timesteps      | 3809280     |
| train/                  |             |
|    approx_kl            | 0.012642913 |
|    clip_fraction        | 0.121       |
|    clip_range           | 0.2         |
|    entropy_loss         | -2.45       |
|    explained_variance   | 0.805       |
|    learning_rate        | 0.0003      |
|    loss                 | 1.88        |
|    n_updates            | 6190        |
|    policy_gradient_loss | -0.00541    |
|    std                  | 0.464       |
|    value_loss           | 255         |
-----------------------------------------
-----------------------------------------
| curriculum/             |             |
|    chase_probability    | 0.5         |
| rollout/                |             |
|    ep_len_mean          | 266         |
|    ep_rew_mean          | -233        |
| time/                   |             |
|    fps                  | 88          |
|    iterations           | 621         |
|    time_elapsed         | 42876       |
|    total_timesteps      | 3815424     |
| train/                  |             |
|    approx_kl            | 0.020203853 |
|    clip_fraction        | 0.135       |
|    clip_range           | 0.2         |
|    entropy_loss         | -2.43       |
|    explained_variance   | 0.446       |
|    learning_rate        | 0.0003      |
|    loss                 | 29.1        |
|    n_updates            | 6200        |
|    policy_gradient_loss | -0.00282    |
|    std                  | 0.461       |
|    value_loss           | 331         |
-----------------------------------------
-----------------------------------------
| rollout/                |             |
|    ep_len_mean          | 265         |
|    ep_rew_mean          | -232        |
| time/                   |             |
|    fps                  | 88          |
|    iterations           | 622         |
|    time_elapsed         | 42941       |
|    total_timesteps      | 3821568     |
| train/                  |             |
|    approx_kl            | 0.013520186 |
|    clip_fraction        | 0.13        |
|    clip_range           | 0.2         |
|    entropy_loss         | -2.41       |
|    explained_variance   | 0.682       |
|    learning_rate        | 0.0003      |
|    loss                 | 2.22        |
|    n_updates            | 6210        |
|    policy_gradient_loss | -0.0025     |
|    std                  | 0.459       |
|    value_loss           | 2.49e+03    |
-----------------------------------------
----------------------------------------
| curriculum/             |            |
|    chase_probability    | 0.5        |
| rollout/                |            |
|    ep_len_mean          | 258        |
|    ep_rew_mean          | -82.4      |
| time/                   |            |
|    fps                  | 89         |
|    iterations           | 623        |
|    time_elapsed         | 43006      |
|    total_timesteps      | 3827712    |
| train/                  |            |
|    approx_kl            | 0.02280669 |
|    clip_fraction        | 0.205      |
|    clip_range           | 0.2        |
|    entropy_loss         | -2.39      |
|    explained_variance   | 0.807      |
|    learning_rate        | 0.0003     |
|    loss                 | 0.956      |
|    n_updates            | 6220       |
|    policy_gradient_loss | -0.000953  |
|    std                  | 0.455      |
|    value_loss           | 20.4       |
----------------------------------------
-----------------------------------------
| curriculum/             |             |
|    chase_probability    | 0.5         |
| rollout/                |             |
|    ep_len_mean          | 253         |
|    ep_rew_mean          | -81         |
| time/                   |             |
|    fps                  | 89          |
|    iterations           | 624         |
|    time_elapsed         | 43074       |
|    total_timesteps      | 3833856     |
| train/                  |             |
|    approx_kl            | 0.020334532 |
|    clip_fraction        | 0.201       |
|    clip_range           | 0.2         |
|    entropy_loss         | -2.37       |
|    explained_variance   | 0.495       |
|    learning_rate        | 0.0003      |
|    loss                 | 9.38        |
|    n_updates            | 6230        |
|    policy_gradient_loss | -0.00187    |
|    std                  | 0.454       |
|    value_loss           | 1.09e+03    |
-----------------------------------------
-----------------------------------------
| rollout/                |             |
|    ep_len_mean          | 247         |
|    ep_rew_mean          | -29.9       |
| time/                   |             |
|    fps                  | 89          |
|    iterations           | 625         |
|    time_elapsed         | 43139       |
|    total_timesteps      | 3840000     |
| train/                  |             |
|    approx_kl            | 0.011691152 |
|    clip_fraction        | 0.119       |
|    clip_range           | 0.2         |
|    entropy_loss         | -2.37       |
|    explained_variance   | 0.505       |
|    learning_rate        | 0.0003      |
|    loss                 | 0.7         |
|    n_updates            | 6240        |
|    policy_gradient_loss | -0.00354    |
|    std                  | 0.455       |
|    value_loss           | 253         |
-----------------------------------------
-----------------------------------------
| curriculum/             |             |
|    chase_probability    | 0.5         |
| rollout/                |             |
|    ep_len_mean          | 247         |
|    ep_rew_mean          | -37.7       |
| time/                   |             |
|    fps                  | 89          |
|    iterations           | 626         |
|    time_elapsed         | 43205       |
|    total_timesteps      | 3846144     |
| train/                  |             |
|    approx_kl            | 0.014043185 |
|    clip_fraction        | 0.144       |
|    clip_range           | 0.2         |
|    entropy_loss         | -2.37       |
|    explained_variance   | 0.537       |
|    learning_rate        | 0.0003      |
|    loss                 | 2.42e+03    |
|    n_updates            | 6250        |
|    policy_gradient_loss | -0.00248    |
|    std                  | 0.455       |
|    value_loss           | 811         |
-----------------------------------------
Eval num_timesteps=3849384, episode_reward=-279.72 +/- 970.22
Episode length: 272.30 +/- 86.85
----------------------------------------
| eval/                   |            |
|    mean_ep_length       | 272        |
|    mean_reward          | -280       |
| time/                   |            |
|    total_timesteps      | 3849384    |
| train/                  |            |
|    approx_kl            | 0.01689759 |
|    clip_fraction        | 0.18       |
|    clip_range           | 0.2        |
|    entropy_loss         | -2.37      |
|    explained_variance   | 0.444      |
|    learning_rate        | 0.0003     |
|    loss                 | 2.07       |
|    n_updates            | 6260       |
|    policy_gradient_loss | 0.000129   |
|    std                  | 0.455      |
|    value_loss           | 971        |
----------------------------------------
[episode ends] timestep 3850308: crashed=7 (4%), missed_goal=71 (36%), scored=119 (60%)
---------------------------------
| episode_end/       |          |
|    crashed         | 7        |
|    missed_goal     | 71       |
|    scored          | 119      |
| rollout/           |          |
|    ep_len_mean     | 246      |
|    ep_rew_mean     | -96.1    |
| time/              |          |
|    fps             | 88       |
|    iterations      | 627      |
|    time_elapsed    | 43291    |
|    total_timesteps | 3852288  |
---------------------------------
------------------------------------------
| curriculum/             |              |
|    chase_probability    | 0.5          |
| rollout/                |              |
|    ep_len_mean          | 248          |
|    ep_rew_mean          | -116         |
| time/                   |              |
|    fps                  | 88           |
|    iterations           | 628          |
|    time_elapsed         | 43358        |
|    total_timesteps      | 3858432      |
| train/                  |              |
|    approx_kl            | 0.0121891955 |
|    clip_fraction        | 0.0981       |
|    clip_range           | 0.2          |
|    entropy_loss         | -2.37        |
|    explained_variance   | 0.718        |
|    learning_rate        | 0.0003       |
|    loss                 | 529          |
|    n_updates            | 6270         |
|    policy_gradient_loss | -0.0028      |
|    std                  | 0.454        |
|    value_loss           | 1.15e+03     |
------------------------------------------
-----------------------------------------
| curriculum/             |             |
|    chase_probability    | 0.5         |
| rollout/                |             |
|    ep_len_mean          | 245         |
|    ep_rew_mean          | -94.2       |
| time/                   |             |
|    fps                  | 88          |
|    iterations           | 629         |
|    time_elapsed         | 43423       |
|    total_timesteps      | 3864576     |
| train/                  |             |
|    approx_kl            | 0.041009292 |
|    clip_fraction        | 0.258       |
|    clip_range           | 0.2         |
|    entropy_loss         | -2.36       |
|    explained_variance   | 0.866       |
|    learning_rate        | 0.0003      |
|    loss                 | 1.52        |
|    n_updates            | 6280        |
|    policy_gradient_loss | 0.00626     |
|    std                  | 0.453       |
|    value_loss           | 847         |
-----------------------------------------
-----------------------------------------
| rollout/                |             |
|    ep_len_mean          | 246         |
|    ep_rew_mean          | -110        |
| time/                   |             |
|    fps                  | 89          |
|    iterations           | 630         |
|    time_elapsed         | 43490       |
|    total_timesteps      | 3870720     |
| train/                  |             |
|    approx_kl            | 0.015112917 |
|    clip_fraction        | 0.119       |
|    clip_range           | 0.2         |
|    entropy_loss         | -2.36       |
|    explained_variance   | 0.652       |
|    learning_rate        | 0.0003      |
|    loss                 | 16.7        |
|    n_updates            | 6290        |
|    policy_gradient_loss | 0.000476    |
|    std                  | 0.453       |
|    value_loss           | 579         |
-----------------------------------------
-----------------------------------------
| curriculum/             |             |
|    chase_probability    | 0.5         |
| rollout/                |             |
|    ep_len_mean          | 244         |
|    ep_rew_mean          | -34.8       |
| time/                   |             |
|    fps                  | 89          |
|    iterations           | 631         |
|    time_elapsed         | 43554       |
|    total_timesteps      | 3876864     |
| train/                  |             |
|    approx_kl            | 0.028622298 |
|    clip_fraction        | 0.268       |
|    clip_range           | 0.2         |
|    entropy_loss         | -2.36       |
|    explained_variance   | 0.692       |
|    learning_rate        | 0.0003      |
|    loss                 | 29.8        |
|    n_updates            | 6300        |
|    policy_gradient_loss | 0.0067      |
|    std                  | 0.454       |
|    value_loss           | 290         |
-----------------------------------------
-----------------------------------------
| rollout/                |             |
|    ep_len_mean          | 243         |
|    ep_rew_mean          | -8.12       |
| time/                   |             |
|    fps                  | 89          |
|    iterations           | 632         |
|    time_elapsed         | 43622       |
|    total_timesteps      | 3883008     |
| train/                  |             |
|    approx_kl            | 0.027559185 |
|    clip_fraction        | 0.268       |
|    clip_range           | 0.2         |
|    entropy_loss         | -2.38       |
|    explained_variance   | 0.819       |
|    learning_rate        | 0.0003      |
|    loss                 | 1.51        |
|    n_updates            | 6310        |
|    policy_gradient_loss | 0.00699     |
|    std                  | 0.455       |
|    value_loss           | 147         |
-----------------------------------------
-----------------------------------------
| curriculum/             |             |
|    chase_probability    | 0.5         |
| rollout/                |             |
|    ep_len_mean          | 243         |
|    ep_rew_mean          | -4.04       |
| time/                   |             |
|    fps                  | 89          |
|    iterations           | 633         |
|    time_elapsed         | 43687       |
|    total_timesteps      | 3889152     |
| train/                  |             |
|    approx_kl            | 0.028720776 |
|    clip_fraction        | 0.186       |
|    clip_range           | 0.2         |
|    entropy_loss         | -2.38       |
|    explained_variance   | 0.807       |
|    learning_rate        | 0.0003      |
|    loss                 | 0.916       |
|    n_updates            | 6320        |
|    policy_gradient_loss | -0.00515    |
|    std                  | 0.454       |
|    value_loss           | 24.6        |
-----------------------------------------
----------------------------------------
| curriculum/             |            |
|    chase_probability    | 0.5        |
| rollout/                |            |
|    ep_len_mean          | 244        |
|    ep_rew_mean          | 14.5       |
| time/                   |            |
|    fps                  | 89         |
|    iterations           | 634        |
|    time_elapsed         | 43755      |
|    total_timesteps      | 3895296    |
| train/                  |            |
|    approx_kl            | 0.01571355 |
|    clip_fraction        | 0.173      |
|    clip_range           | 0.2        |
|    entropy_loss         | -2.37      |
|    explained_variance   | 0.646      |
|    learning_rate        | 0.0003     |
|    loss                 | 1.13       |
|    n_updates            | 6330       |
|    policy_gradient_loss | -0.00345   |
|    std                  | 0.453      |
|    value_loss           | 83.5       |
----------------------------------------
Eval num_timesteps=3899376, episode_reward=52.46 +/- 25.50
Episode length: 241.10 +/- 5.61
-----------------------------------------
| eval/                   |             |
|    mean_ep_length       | 241         |
|    mean_reward          | 52.5        |
| time/                   |             |
|    total_timesteps      | 3899376     |
| train/                  |             |
|    approx_kl            | 0.024241863 |
|    clip_fraction        | 0.302       |
|    clip_range           | 0.2         |
|    entropy_loss         | -2.35       |
|    explained_variance   | 0.569       |
|    learning_rate        | 0.0003      |
|    loss                 | 0.777       |
|    n_updates            | 6340        |
|    policy_gradient_loss | 0.0084      |
|    std                  | 0.45        |
|    value_loss           | 335         |
-----------------------------------------
New best mean reward!
[progress] timestep 3900312
[episode ends] timestep 3900312: crashed=4 (2%), missed_goal=89 (43%), scored=112 (55%)
---------------------------------
| episode_end/       |          |
|    crashed         | 4        |
|    missed_goal     | 89       |
|    scored          | 112      |
| rollout/           |          |
|    ep_len_mean     | 243      |
|    ep_rew_mean     | 16.3     |
| time/              |          |
|    fps             | 88       |
|    iterations      | 635      |
|    time_elapsed    | 43841    |
|    total_timesteps | 3901440  |
---------------------------------
----------------------------------------
| curriculum/             |            |
|    chase_probability    | 0.5        |
| rollout/                |            |
|    ep_len_mean          | 245        |
|    ep_rew_mean          | 8.97       |
| time/                   |            |
|    fps                  | 88         |
|    iterations           | 636        |
|    time_elapsed         | 43905      |
|    total_timesteps      | 3907584    |
| train/                  |            |
|    approx_kl            | 0.04793704 |
|    clip_fraction        | 0.338      |
|    clip_range           | 0.2        |
|    entropy_loss         | -2.34      |
|    explained_variance   | 0.665      |
|    learning_rate        | 0.0003     |
|    loss                 | 0.972      |
|    n_updates            | 6350       |
|    policy_gradient_loss | 0.0139     |
|    std                  | 0.451      |
|    value_loss           | 84.5       |
----------------------------------------
-----------------------------------------
| curriculum/             |             |
|    chase_probability    | 0.5         |
| rollout/                |             |
|    ep_len_mean          | 247         |
|    ep_rew_mean          | 2.54        |
| time/                   |             |
|    fps                  | 89          |
|    iterations           | 637         |
|    time_elapsed         | 43968       |
|    total_timesteps      | 3913728     |
| train/                  |             |
|    approx_kl            | 0.023529822 |
|    clip_fraction        | 0.195       |
|    clip_range           | 0.2         |
|    entropy_loss         | -2.35       |
|    explained_variance   | 0.539       |
|    learning_rate        | 0.0003      |
|    loss                 | 42.6        |
|    n_updates            | 6360        |
|    policy_gradient_loss | 0.0045      |
|    std                  | 0.453       |
|    value_loss           | 296         |
-----------------------------------------
----------------------------------------
| rollout/                |            |
|    ep_len_mean          | 252        |
|    ep_rew_mean          | -175       |
| time/                   |            |
|    fps                  | 89         |
|    iterations           | 638        |
|    time_elapsed         | 44031      |
|    total_timesteps      | 3919872    |
| train/                  |            |
|    approx_kl            | 0.03318453 |
|    clip_fraction        | 0.151      |
|    clip_range           | 0.2        |
|    entropy_loss         | -2.36      |
|    explained_variance   | 0.569      |
|    learning_rate        | 0.0003     |
|    loss                 | 613        |
|    n_updates            | 6370       |
|    policy_gradient_loss | 0.00568    |
|    std                  | 0.454      |
|    value_loss           | 2.18e+03   |
----------------------------------------
-----------------------------------------
| curriculum/             |             |
|    chase_probability    | 0.5         |
| rollout/                |             |
|    ep_len_mean          | 251         |
|    ep_rew_mean          | -179        |
| time/                   |             |
|    fps                  | 89          |
|    iterations           | 639         |
|    time_elapsed         | 44093       |
|    total_timesteps      | 3926016     |
| train/                  |             |
|    approx_kl            | 0.018474845 |
|    clip_fraction        | 0.199       |
|    clip_range           | 0.2         |
|    entropy_loss         | -2.38       |
|    explained_variance   | 0.862       |
|    learning_rate        | 0.0003      |
|    loss                 | 4.07        |
|    n_updates            | 6380        |
|    policy_gradient_loss | 0.00242     |
|    std                  | 0.456       |
|    value_loss           | 3.57e+03    |
-----------------------------------------
-----------------------------------------
| rollout/                |             |
|    ep_len_mean          | 253         |
|    ep_rew_mean          | -194        |
| time/                   |             |
|    fps                  | 89          |
|    iterations           | 640         |
|    time_elapsed         | 44160       |
|    total_timesteps      | 3932160     |
| train/                  |             |
|    approx_kl            | 0.035402354 |
|    clip_fraction        | 0.255       |
|    clip_range           | 0.2         |
|    entropy_loss         | -2.39       |
|    explained_variance   | 0.87        |
|    learning_rate        | 0.0003      |
|    loss                 | 1.36e+04    |
|    n_updates            | 6390        |
|    policy_gradient_loss | 0.00949     |
|    std                  | 0.456       |
|    value_loss           | 1.84e+03    |
-----------------------------------------
----------------------------------------
| curriculum/             |            |
|    chase_probability    | 0.5        |
| rollout/                |            |
|    ep_len_mean          | 257        |
|    ep_rew_mean          | -374       |
| time/                   |            |
|    fps                  | 88         |
|    iterations           | 641        |
|    time_elapsed         | 44251      |
|    total_timesteps      | 3938304    |
| train/                  |            |
|    approx_kl            | 0.20773856 |
|    clip_fraction        | 0.285      |
|    clip_range           | 0.2        |
|    entropy_loss         | -2.38      |
|    explained_variance   | 0.837      |
|    learning_rate        | 0.0003     |
|    loss                 | 1.14e+03   |
|    n_updates            | 6400       |
|    policy_gradient_loss | 0.022      |
|    std                  | 0.455      |
|    value_loss           | 6.35e+03   |
----------------------------------------
-----------------------------------------
| curriculum/             |             |
|    chase_probability    | 0.5         |
| rollout/                |             |
|    ep_len_mean          | 264         |
|    ep_rew_mean          | -528        |
| time/                   |             |
|    fps                  | 89          |
|    iterations           | 642         |
|    time_elapsed         | 44314       |
|    total_timesteps      | 3944448     |
| train/                  |             |
|    approx_kl            | 0.076917045 |
|    clip_fraction        | 0.375       |
|    clip_range           | 0.2         |
|    entropy_loss         | -2.38       |
|    explained_variance   | 0.847       |
|    learning_rate        | 0.0003      |
|    loss                 | 342         |
|    n_updates            | 6410        |
|    policy_gradient_loss | 0.0184      |
|    std                  | 0.454       |
|    value_loss           | 7.01e+03    |
-----------------------------------------
Eval num_timesteps=3949368, episode_reward=-22.77 +/- 93.72
Episode length: 255.30 +/- 31.37
-----------------------------------------
| eval/                   |             |
|    mean_ep_length       | 255         |
|    mean_reward          | -22.8       |
| time/                   |             |
|    total_timesteps      | 3949368     |
| train/                  |             |
|    approx_kl            | 0.030706534 |
|    clip_fraction        | 0.363       |
|    clip_range           | 0.2         |
|    entropy_loss         | -2.38       |
|    explained_variance   | 0.865       |
|    learning_rate        | 0.0003      |
|    loss                 | 17.3        |
|    n_updates            | 6420        |
|    policy_gradient_loss | 0.0247      |
|    std                  | 0.456       |
|    value_loss           | 1.28e+04    |
-----------------------------------------
[episode ends] timestep 3950316: crashed=2 (1%), max_steps=4 (2%), missed_goal=109 (59%), scored=70 (38%)
---------------------------------
| episode_end/       |          |
|    crashed         | 2        |
|    max_steps       | 4        |
|    missed_goal     | 109      |
|    scored          | 70       |
| rollout/           |          |
|    ep_len_mean     | 266      |
|    ep_rew_mean     | -543     |
| time/              |          |
|    fps             | 88       |
|    iterations      | 643      |
|    time_elapsed    | 44392    |
|    total_timesteps | 3950592  |
---------------------------------
-----------------------------------------
| curriculum/             |             |
|    chase_probability    | 0.5         |
| rollout/                |             |
|    ep_len_mean          | 286         |
|    ep_rew_mean          | -887        |
| time/                   |             |
|    fps                  | 89          |
|    iterations           | 644         |
|    time_elapsed         | 44447       |
|    total_timesteps      | 3956736     |
| train/                  |             |
|    approx_kl            | 0.021063404 |
|    clip_fraction        | 0.243       |
|    clip_range           | 0.2         |
|    entropy_loss         | -2.4        |
|    explained_variance   | 0.87        |
|    learning_rate        | 0.0003      |
|    loss                 | 0.865       |
|    n_updates            | 6430        |
|    policy_gradient_loss | 0.00615     |
|    std                  | 0.458       |
|    value_loss           | 1.6e+04     |
-----------------------------------------
-----------------------------------------
| rollout/                |             |
|    ep_len_mean          | 308         |
|    ep_rew_mean          | -1.3e+03    |
| time/                   |             |
|    fps                  | 89          |
|    iterations           | 645         |
|    time_elapsed         | 44505       |
|    total_timesteps      | 3962880     |
| train/                  |             |
|    approx_kl            | 0.005734308 |
|    clip_fraction        | 0.0476      |
|    clip_range           | 0.2         |
|    entropy_loss         | -2.4        |
|    explained_variance   | 0.846       |
|    learning_rate        | 0.0003      |
|    loss                 | 2.9e+04     |
|    n_updates            | 6440        |
|    policy_gradient_loss | 0.00012     |
|    std                  | 0.458       |
|    value_loss           | 1.71e+04    |
-----------------------------------------
------------------------------------------
| curriculum/             |              |
|    chase_probability    | 0.5          |
| rollout/                |              |
|    ep_len_mean          | 318          |
|    ep_rew_mean          | -1.44e+03    |
| time/                   |              |
|    fps                  | 89           |
|    iterations           | 646          |
|    time_elapsed         | 44560        |
|    total_timesteps      | 3969024      |
| train/                  |              |
|    approx_kl            | 0.0072040185 |
|    clip_fraction        | 0.0975       |
|    clip_range           | 0.2          |
|    entropy_loss         | -2.4         |
|    explained_variance   | 0.862        |
|    learning_rate        | 0.0003       |
|    loss                 | 1.11         |
|    n_updates            | 6450         |
|    policy_gradient_loss | -0.000751    |
|    std                  | 0.457        |
|    value_loss           | 1.64e+04     |
------------------------------------------
-----------------------------------------
| curriculum/             |             |
|    chase_probability    | 0.5         |
| rollout/                |             |
|    ep_len_mean          | 347         |
|    ep_rew_mean          | -1.95e+03   |
| time/                   |             |
|    fps                  | 89          |
|    iterations           | 647         |
|    time_elapsed         | 44612       |
|    total_timesteps      | 3975168     |
| train/                  |             |
|    approx_kl            | 0.017751275 |
|    clip_fraction        | 0.11        |
|    clip_range           | 0.2         |
|    entropy_loss         | -2.4        |
|    explained_variance   | 0.858       |
|    learning_rate        | 0.0003      |
|    loss                 | 29.1        |
|    n_updates            | 6460        |
|    policy_gradient_loss | 0.000123    |
|    std                  | 0.457       |
|    value_loss           | 1.72e+04    |
-----------------------------------------
------------------------------------------
| rollout/                |              |
|    ep_len_mean          | 340          |
|    ep_rew_mean          | -1.78e+03    |
| time/                   |              |
|    fps                  | 89           |
|    iterations           | 648          |
|    time_elapsed         | 44675        |
|    total_timesteps      | 3981312      |
| train/                  |              |
|    approx_kl            | 0.0064595807 |
|    clip_fraction        | 0.0373       |
|    clip_range           | 0.2          |
|    entropy_loss         | -2.39        |
|    explained_variance   | 0.862        |
|    learning_rate        | 0.0003       |
|    loss                 | 2.52e+04     |
|    n_updates            | 6470         |
|    policy_gradient_loss | -0.00246     |
|    std                  | 0.457        |
|    value_loss           | 1.14e+04     |
------------------------------------------
----------------------------------------
| curriculum/             |            |
|    chase_probability    | 0.5        |
| rollout/                |            |
|    ep_len_mean          | 348        |
|    ep_rew_mean          | -1.91e+03  |
| time/                   |            |
|    fps                  | 89         |
|    iterations           | 649        |
|    time_elapsed         | 44730      |
|    total_timesteps      | 3987456    |
| train/                  |            |
|    approx_kl            | 0.01434126 |
|    clip_fraction        | 0.152      |
|    clip_range           | 0.2        |
|    entropy_loss         | -2.39      |
|    explained_variance   | 0.751      |
|    learning_rate        | 0.0003     |
|    loss                 | 3.2e+04    |
|    n_updates            | 6480       |
|    policy_gradient_loss | 0.0035     |
|    std                  | 0.456      |
|    value_loss           | 1.26e+04   |
----------------------------------------
---------------------------------------
| curriculum/             |           |
|    chase_probability    | 0.5       |
| rollout/                |           |
|    ep_len_mean          | 343       |
|    ep_rew_mean          | -1.81e+03 |
| time/                   |           |
|    fps                  | 89        |
|    iterations           | 650       |
|    time_elapsed         | 44788     |
|    total_timesteps      | 3993600   |
| train/                  |           |
|    approx_kl            | 0.0184124 |
|    clip_fraction        | 0.176     |
|    clip_range           | 0.2       |
|    entropy_loss         | -2.39     |
|    explained_variance   | 0.871     |
|    learning_rate        | 0.0003    |
|    loss                 | 230       |
|    n_updates            | 6490      |
|    policy_gradient_loss | 0.00376   |
|    std                  | 0.455     |
|    value_loss           | 1.99e+04  |
---------------------------------------
Eval num_timesteps=3999360, episode_reward=-1708.47 +/- 4660.92
Episode length: 350.40 +/- 217.61
------------------------------------------
| eval/                   |              |
|    mean_ep_length       | 350          |
|    mean_reward          | -1.71e+03    |
| time/                   |              |
|    total_timesteps      | 3999360      |
| train/                  |              |
|    approx_kl            | 0.0045629605 |
|    clip_fraction        | 0.0259       |
|    clip_range           | 0.2          |
|    entropy_loss         | -2.39        |
|    explained_variance   | 0.855        |
|    learning_rate        | 0.0003       |
|    loss                 | 5.97e+03     |
|    n_updates            | 6500         |
|    policy_gradient_loss | -0.00332     |
|    std                  | 0.455        |
|    value_loss           | 1.59e+04     |
------------------------------------------
----------------------------------
| rollout/           |           |
|    ep_len_mean     | 345       |
|    ep_rew_mean     | -1.83e+03 |
| time/              |           |
|    fps             | 89        |
|    iterations      | 651       |
|    time_elapsed    | 44869     |
|    total_timesteps | 3999744   |
----------------------------------
[progress] timestep 4000320
[episode ends] timestep 4000320: crashed=4 (3%), max_steps=16 (11%), missed_goal=116 (78%), scored=13 (9%)
-----------------------------------------
| curriculum/             |             |
|    chase_probability    | 0.5         |
| episode_end/            |             |
|    crashed              | 4           |
|    max_steps            | 16          |
|    missed_goal          | 116         |
|    scored               | 13          |
| rollout/                |             |
|    ep_len_mean          | 330         |
|    ep_rew_mean          | -1.5e+03    |
| time/                   |             |
|    fps                  | 89          |
|    iterations           | 652         |
|    time_elapsed         | 44932       |
|    total_timesteps      | 4005888     |
| train/                  |             |
|    approx_kl            | 0.024099322 |
|    clip_fraction        | 0.292       |
|    clip_range           | 0.2         |
|    entropy_loss         | -2.4        |
|    explained_variance   | 0.883       |
|    learning_rate        | 0.0003      |
|    loss                 | 31.9        |
|    n_updates            | 6510        |
|    policy_gradient_loss | 0.0165      |
|    std                  | 0.457       |
|    value_loss           | 6.87e+03    |
-----------------------------------------
-----------------------------------------
| rollout/                |             |
|    ep_len_mean          | 331         |
|    ep_rew_mean          | -1.48e+03   |
| time/                   |             |
|    fps                  | 89          |
|    iterations           | 653         |
|    time_elapsed         | 44992       |
|    total_timesteps      | 4012032     |
| train/                  |             |
|    approx_kl            | 0.040106464 |
|    clip_fraction        | 0.301       |
|    clip_range           | 0.2         |
|    entropy_loss         | -2.4        |
|    explained_variance   | 0.88        |
|    learning_rate        | 0.0003      |
|    loss                 | 11.9        |
|    n_updates            | 6520        |
|    policy_gradient_loss | 0.0156      |
|    std                  | 0.457       |
|    value_loss           | 1.25e+04    |
-----------------------------------------
-----------------------------------------
| curriculum/             |             |
|    chase_probability    | 0.5         |
| rollout/                |             |
|    ep_len_mean          | 324         |
|    ep_rew_mean          | -1.3e+03    |
| time/                   |             |
|    fps                  | 89          |
|    iterations           | 654         |
|    time_elapsed         | 45052       |
|    total_timesteps      | 4018176     |
| train/                  |             |
|    approx_kl            | 0.060497254 |
|    clip_fraction        | 0.321       |
|    clip_range           | 0.2         |
|    entropy_loss         | -2.41       |
|    explained_variance   | 0.871       |
|    learning_rate        | 0.0003      |
|    loss                 | 5.36        |
|    n_updates            | 6530        |
|    policy_gradient_loss | 0.0205      |
|    std                  | 0.457       |
|    value_loss           | 1.37e+04    |
-----------------------------------------
----------------------------------------
| curriculum/             |            |
|    chase_probability    | 0.5        |
| rollout/                |            |
|    ep_len_mean          | 303        |
|    ep_rew_mean          | -943       |
| time/                   |            |
|    fps                  | 89         |
|    iterations           | 655        |
|    time_elapsed         | 45117      |
|    total_timesteps      | 4024320    |
| train/                  |            |
|    approx_kl            | 0.13844448 |
|    clip_fraction        | 0.41       |
|    clip_range           | 0.2        |
|    entropy_loss         | -2.43      |
|    explained_variance   | 0.878      |
|    learning_rate        | 0.0003     |
|    loss                 | 2.33       |
|    n_updates            | 6540       |
|    policy_gradient_loss | 0.0234     |
|    std                  | 0.463      |
|    value_loss           | 3.17e+03   |
----------------------------------------
----------------------------------------
| rollout/                |            |
|    ep_len_mean          | 286        |
|    ep_rew_mean          | -620       |
| time/                   |            |
|    fps                  | 89         |
|    iterations           | 656        |
|    time_elapsed         | 45183      |
|    total_timesteps      | 4030464    |
| train/                  |            |
|    approx_kl            | 0.12415067 |
|    clip_fraction        | 0.403      |
|    clip_range           | 0.2        |
|    entropy_loss         | -2.47      |
|    explained_variance   | 0.719      |
|    learning_rate        | 0.0003     |
|    loss                 | 0.382      |
|    n_updates            | 6550       |
|    policy_gradient_loss | 0.0225     |
|    std                  | 0.466      |
|    value_loss           | 21.5       |
----------------------------------------
-----------------------------------------
| curriculum/             |             |
|    chase_probability    | 0.5         |
| rollout/                |             |
|    ep_len_mean          | 286         |
|    ep_rew_mean          | -636        |
| time/                   |             |
|    fps                  | 89          |
|    iterations           | 657         |
|    time_elapsed         | 45246       |
|    total_timesteps      | 4036608     |
| train/                  |             |
|    approx_kl            | 0.045064252 |
|    clip_fraction        | 0.366       |
|    clip_range           | 0.2         |
|    entropy_loss         | -2.5        |
|    explained_variance   | 0.783       |
|    learning_rate        | 0.0003      |
|    loss                 | 76.1        |
|    n_updates            | 6560        |
|    policy_gradient_loss | 0.0198      |
|    std                  | 0.469       |
|    value_loss           | 3.42e+03    |
-----------------------------------------
-----------------------------------------
| rollout/                |             |
|    ep_len_mean          | 282         |
|    ep_rew_mean          | -483        |
| time/                   |             |
|    fps                  | 89          |
|    iterations           | 658         |
|    time_elapsed         | 45304       |
|    total_timesteps      | 4042752     |
| train/                  |             |
|    approx_kl            | 0.026096025 |
|    clip_fraction        | 0.306       |
|    clip_range           | 0.2         |
|    entropy_loss         | -2.5        |
|    explained_variance   | 0.863       |
|    learning_rate        | 0.0003      |
|    loss                 | 748         |
|    n_updates            | 6570        |
|    policy_gradient_loss | 0.0114      |
|    std                  | 0.469       |
|    value_loss           | 1.01e+04    |
-----------------------------------------
-----------------------------------------
| curriculum/             |             |
|    chase_probability    | 0.5         |
| rollout/                |             |
|    ep_len_mean          | 284         |
|    ep_rew_mean          | -497        |
| time/                   |             |
|    fps                  | 89          |
|    iterations           | 659         |
|    time_elapsed         | 45363       |
|    total_timesteps      | 4048896     |
| train/                  |             |
|    approx_kl            | 0.029947681 |
|    clip_fraction        | 0.269       |
|    clip_range           | 0.2         |
|    entropy_loss         | -2.51       |
|    explained_variance   | 0.883       |
|    learning_rate        | 0.0003      |
|    loss                 | 0.0283      |
|    n_updates            | 6580        |
|    policy_gradient_loss | 0.00622     |
|    std                  | 0.47        |
|    value_loss           | 8.82e+03    |
-----------------------------------------
Eval num_timesteps=4049352, episode_reward=-1590.74 +/- 4787.39
Episode length: 339.90 +/- 225.82
-----------------------------------------
| eval/                   |             |
|    mean_ep_length       | 340         |
|    mean_reward          | -1.59e+03   |
| time/                   |             |
|    total_timesteps      | 4049352     |
| train/                  |             |
|    approx_kl            | 0.052756365 |
|    clip_fraction        | 0.335       |
|    clip_range           | 0.2         |
|    entropy_loss         | -2.52       |
|    explained_variance   | 0.893       |
|    learning_rate        | 0.0003      |
|    loss                 | 93.6        |
|    n_updates            | 6590        |
|    policy_gradient_loss | 0.0161      |
|    std                  | 0.471       |
|    value_loss           | 3.9e+03     |
-----------------------------------------
[episode ends] timestep 4050324: crashed=4 (2%), max_steps=7 (4%), missed_goal=122 (72%), scored=37 (22%)
-----------------------------------
| curriculum/          |          |
|    chase_probability | 0.5      |
| episode_end/         |          |
|    crashed           | 4        |
|    max_steps         | 7        |
|    missed_goal       | 122      |
|    scored            | 37       |
| rollout/             |          |
|    ep_len_mean       | 293      |
|    ep_rew_mean       | -526     |
| time/                |          |
|    fps               | 89       |
|    iterations        | 660      |
|    time_elapsed      | 45446    |
|    total_timesteps   | 4055040  |
-----------------------------------
-----------------------------------------
| rollout/                |             |
|    ep_len_mean          | 304         |
|    ep_rew_mean          | -686        |
| time/                   |             |
|    fps                  | 89          |
|    iterations           | 661         |
|    time_elapsed         | 45507       |
|    total_timesteps      | 4061184     |
| train/                  |             |
|    approx_kl            | 0.024100944 |
|    clip_fraction        | 0.237       |
|    clip_range           | 0.2         |
|    entropy_loss         | -2.53       |
|    explained_variance   | 0.882       |
|    learning_rate        | 0.0003      |
|    loss                 | 2.66e+03    |
|    n_updates            | 6600        |
|    policy_gradient_loss | 0.00625     |
|    std                  | 0.473       |
|    value_loss           | 5.77e+03    |
-----------------------------------------
---------------------------------------
| curriculum/             |           |
|    chase_probability    | 0.5       |
| rollout/                |           |
|    ep_len_mean          | 297       |
|    ep_rew_mean          | -530      |
| time/                   |           |
|    fps                  | 89        |
|    iterations           | 662       |
|    time_elapsed         | 45571     |
|    total_timesteps      | 4067328   |
| train/                  |           |
|    approx_kl            | 0.0398244 |
|    clip_fraction        | 0.267     |
|    clip_range           | 0.2       |
|    entropy_loss         | -2.53     |
|    explained_variance   | 0.841     |
|    learning_rate        | 0.0003    |
|    loss                 | 2.49e+03  |
|    n_updates            | 6610      |
|    policy_gradient_loss | 0.00812   |
|    std                  | 0.471     |
|    value_loss           | 2.03e+03  |
---------------------------------------
-----------------------------------------
| curriculum/             |             |
|    chase_probability    | 0.5         |
| rollout/                |             |
|    ep_len_mean          | 302         |
|    ep_rew_mean          | -636        |
| time/                   |             |
|    fps                  | 89          |
|    iterations           | 663         |
|    time_elapsed         | 45632       |
|    total_timesteps      | 4073472     |
| train/                  |             |
|    approx_kl            | 0.028461464 |
|    clip_fraction        | 0.16        |
|    clip_range           | 0.2         |
|    entropy_loss         | -2.51       |
|    explained_variance   | 0.898       |
|    learning_rate        | 0.0003      |
|    loss                 | 0.262       |
|    n_updates            | 6620        |
|    policy_gradient_loss | 0.000784    |
|    std                  | 0.471       |
|    value_loss           | 6.32e+03    |
-----------------------------------------
-----------------------------------------
| rollout/                |             |
|    ep_len_mean          | 318         |
|    ep_rew_mean          | -829        |
| time/                   |             |
|    fps                  | 89          |
|    iterations           | 664         |
|    time_elapsed         | 45689       |
|    total_timesteps      | 4079616     |
| train/                  |             |
|    approx_kl            | 0.056652498 |
|    clip_fraction        | 0.281       |
|    clip_range           | 0.2         |
|    entropy_loss         | -2.5        |
|    explained_variance   | 0.854       |
|    learning_rate        | 0.0003      |
|    loss                 | 2.72e+03    |
|    n_updates            | 6630        |
|    policy_gradient_loss | 0.0147      |
|    std                  | 0.47        |
|    value_loss           | 1.25e+04    |
-----------------------------------------
-----------------------------------------
| curriculum/             |             |
|    chase_probability    | 0.5         |
| rollout/                |             |
|    ep_len_mean          | 335         |
|    ep_rew_mean          | -960        |
| time/                   |             |
|    fps                  | 89          |
|    iterations           | 665         |
|    time_elapsed         | 45747       |
|    total_timesteps      | 4085760     |
| train/                  |             |
|    approx_kl            | 0.019801753 |
|    clip_fraction        | 0.202       |
|    clip_range           | 0.2         |
|    entropy_loss         | -2.49       |
|    explained_variance   | 0.865       |
|    learning_rate        | 0.0003      |
|    loss                 | 35.1        |
|    n_updates            | 6640        |
|    policy_gradient_loss | 0.00549     |
|    std                  | 0.469       |
|    value_loss           | 1.16e+04    |
-----------------------------------------
-----------------------------------------
| rollout/                |             |
|    ep_len_mean          | 340         |
|    ep_rew_mean          | -841        |
| time/                   |             |
|    fps                  | 89          |
|    iterations           | 666         |
|    time_elapsed         | 45805       |
|    total_timesteps      | 4091904     |
| train/                  |             |
|    approx_kl            | 0.043283876 |
|    clip_fraction        | 0.173       |
|    clip_range           | 0.2         |
|    entropy_loss         | -2.49       |
|    explained_variance   | 0.85        |
|    learning_rate        | 0.0003      |
|    loss                 | 14.7        |
|    n_updates            | 6650        |
|    policy_gradient_loss | 0.0032      |
|    std                  | 0.469       |
|    value_loss           | 3.12e+03    |
-----------------------------------------
-----------------------------------------
| curriculum/             |             |
|    chase_probability    | 0.5         |
| rollout/                |             |
|    ep_len_mean          | 357         |
|    ep_rew_mean          | -835        |
| time/                   |             |
|    fps                  | 89          |
|    iterations           | 667         |
|    time_elapsed         | 45864       |
|    total_timesteps      | 4098048     |
| train/                  |             |
|    approx_kl            | 0.056748036 |
|    clip_fraction        | 0.135       |
|    clip_range           | 0.2         |
|    entropy_loss         | -2.49       |
|    explained_variance   | 0.693       |
|    learning_rate        | 0.0003      |
|    loss                 | 812         |
|    n_updates            | 6660        |
|    policy_gradient_loss | 0.00594     |
|    std                  | 0.469       |
|    value_loss           | 2.91e+03    |
-----------------------------------------
Eval num_timesteps=4099344, episode_reward=-672.78 +/- 1145.57
Episode length: 344.80 +/- 73.40
-----------------------------------------
| eval/                   |             |
|    mean_ep_length       | 345         |
|    mean_reward          | -673        |
| time/                   |             |
|    total_timesteps      | 4099344     |
| train/                  |             |
|    approx_kl            | 0.019791177 |
|    clip_fraction        | 0.048       |
|    clip_range           | 0.2         |
|    entropy_loss         | -2.49       |
|    explained_variance   | 0.813       |
|    learning_rate        | 0.0003      |
|    loss                 | 1.77        |
|    n_updates            | 6670        |
|    policy_gradient_loss | -0.000954   |
|    std                  | 0.47        |
|    value_loss           | 1.8e+03     |
-----------------------------------------
[progress] timestep 4100328
[episode ends] timestep 4100328: crashed=23 (16%), max_steps=5 (3%), missed_goal=87 (61%), scored=28 (20%)
-----------------------------------
| curriculum/          |          |
|    chase_probability | 0.5      |
| episode_end/         |          |
|    crashed           | 23       |
|    max_steps         | 5        |
|    missed_goal       | 87       |
|    scored            | 28       |
| rollout/             |          |
|    ep_len_mean       | 372      |
|    ep_rew_mean       | -978     |
| time/                |          |
|    fps               | 89       |
|    iterations        | 668      |
|    time_elapsed      | 45945    |
|    total_timesteps   | 4104192  |
-----------------------------------
------------------------------------------
| rollout/                |              |
|    ep_len_mean          | 365          |
|    ep_rew_mean          | -909         |
| time/                   |              |
|    fps                  | 89           |
|    iterations           | 669          |
|    time_elapsed         | 46002        |
|    total_timesteps      | 4110336      |
| train/                  |              |
|    approx_kl            | 0.0069387234 |
|    clip_fraction        | 0.0436       |
|    clip_range           | 0.2          |
|    entropy_loss         | -2.49        |
|    explained_variance   | 0.861        |
|    learning_rate        | 0.0003       |
|    loss                 | 91.5         |
|    n_updates            | 6680         |
|    policy_gradient_loss | -0.00294     |
|    std                  | 0.469        |
|    value_loss           | 9.88e+03     |
------------------------------------------
-----------------------------------------
| curriculum/             |             |
|    chase_probability    | 0.5         |
| rollout/                |             |
|    ep_len_mean          | 357         |
|    ep_rew_mean          | -740        |
| time/                   |             |
|    fps                  | 89          |
|    iterations           | 670         |
|    time_elapsed         | 46059       |
|    total_timesteps      | 4116480     |
| train/                  |             |
|    approx_kl            | 0.038203526 |
|    clip_fraction        | 0.191       |
|    clip_range           | 0.2         |
|    entropy_loss         | -2.49       |
|    explained_variance   | 0.844       |
|    learning_rate        | 0.0003      |
|    loss                 | 2.97e+04    |
|    n_updates            | 6690        |
|    policy_gradient_loss | 0.00685     |
|    std                  | 0.469       |
|    value_loss           | 8.77e+03    |
-----------------------------------------
-----------------------------------------
| rollout/                |             |
|    ep_len_mean          | 362         |
|    ep_rew_mean          | -920        |
| time/                   |             |
|    fps                  | 89          |
|    iterations           | 671         |
|    time_elapsed         | 46111       |
|    total_timesteps      | 4122624     |
| train/                  |             |
|    approx_kl            | 0.003485798 |
|    clip_fraction        | 0.0606      |
|    clip_range           | 0.2         |
|    entropy_loss         | -2.48       |
|    explained_variance   | 0.88        |
|    learning_rate        | 0.0003      |
|    loss                 | 1.29e+04    |
|    n_updates            | 6700        |
|    policy_gradient_loss | 0.00161     |
|    std                  | 0.469       |
|    value_loss           | 1.27e+04    |
-----------------------------------------
------------------------------------------
| curriculum/             |              |
|    chase_probability    | 0.5          |
| rollout/                |              |
|    ep_len_mean          | 370          |
|    ep_rew_mean          | -1.34e+03    |
| time/                   |              |
|    fps                  | 89           |
|    iterations           | 672          |
|    time_elapsed         | 46161        |
|    total_timesteps      | 4128768      |
| train/                  |              |
|    approx_kl            | 0.0032826532 |
|    clip_fraction        | 0.0139       |
|    clip_range           | 0.2          |
|    entropy_loss         | -2.48        |
|    explained_variance   | 0.884        |
|    learning_rate        | 0.0003       |
|    loss                 | 2.97e+04     |
|    n_updates            | 6710         |
|    policy_gradient_loss | -0.00292     |
|    std                  | 0.469        |
|    value_loss           | 1.97e+04     |
------------------------------------------
----------------------------------------
| curriculum/             |            |
|    chase_probability    | 0.5        |
| rollout/                |            |
|    ep_len_mean          | 363        |
|    ep_rew_mean          | -1.35e+03  |
| time/                   |            |
|    fps                  | 89         |
|    iterations           | 673        |
|    time_elapsed         | 46225      |
|    total_timesteps      | 4134912    |
| train/                  |            |
|    approx_kl            | 0.03006187 |
|    clip_fraction        | 0.124      |
|    clip_range           | 0.2        |
|    entropy_loss         | -2.49      |
|    explained_variance   | 0.885      |
|    learning_rate        | 0.0003     |
|    loss                 | 611        |
|    n_updates            | 6720       |
|    policy_gradient_loss | 0.000303   |
|    std                  | 0.469      |
|    value_loss           | 1.03e+04   |
----------------------------------------
-----------------------------------------
| rollout/                |             |
|    ep_len_mean          | 351         |
|    ep_rew_mean          | -1.37e+03   |
| time/                   |             |
|    fps                  | 89          |
|    iterations           | 674         |
|    time_elapsed         | 46283       |
|    total_timesteps      | 4141056     |
| train/                  |             |
|    approx_kl            | 0.006949971 |
|    clip_fraction        | 0.0525      |
|    clip_range           | 0.2         |
|    entropy_loss         | -2.49       |
|    explained_variance   | 0.873       |
|    learning_rate        | 0.0003      |
|    loss                 | 293         |
|    n_updates            | 6730        |
|    policy_gradient_loss | -0.00567    |
|    std                  | 0.469       |
|    value_loss           | 5.73e+03    |
-----------------------------------------
----------------------------------------
| curriculum/             |            |
|    chase_probability    | 0.5        |
| rollout/                |            |
|    ep_len_mean          | 357        |
|    ep_rew_mean          | -1.64e+03  |
| time/                   |            |
|    fps                  | 89         |
|    iterations           | 675        |
|    time_elapsed         | 46339      |
|    total_timesteps      | 4147200    |
| train/                  |            |
|    approx_kl            | 0.04612978 |
|    clip_fraction        | 0.223      |
|    clip_range           | 0.2        |
|    entropy_loss         | -2.49      |
|    explained_variance   | 0.89       |
|    learning_rate        | 0.0003     |
|    loss                 | 43.1       |
|    n_updates            | 6740       |
|    policy_gradient_loss | 0.00564    |
|    std                  | 0.469      |
|    value_loss           | 1.23e+04   |
----------------------------------------
Eval num_timesteps=4149336, episode_reward=14.43 +/- 26.22
Episode length: 239.40 +/- 22.66
----------------------------------------
| eval/                   |            |
|    mean_ep_length       | 239        |
|    mean_reward          | 14.4       |
| time/                   |            |
|    total_timesteps      | 4149336    |
| train/                  |            |
|    approx_kl            | 0.03979624 |
|    clip_fraction        | 0.323      |
|    clip_range           | 0.2        |
|    entropy_loss         | -2.48      |
|    explained_variance   | 0.897      |
|    learning_rate        | 0.0003     |
|    loss                 | 2.94e+04   |
|    n_updates            | 6750       |
|    policy_gradient_loss | 0.0143     |
|    std                  | 0.466      |
|    value_loss           | 1.02e+04   |
----------------------------------------
[episode ends] timestep 4150332: crashed=14 (9%), max_steps=12 (8%), missed_goal=89 (58%), scored=38 (25%)
------------------------------------
| curriculum/          |           |
|    chase_probability | 0.5       |
| episode_end/         |           |
|    crashed           | 14        |
|    max_steps         | 12        |
|    missed_goal       | 89        |
|    scored            | 38        |
| rollout/             |           |
|    ep_len_mean       | 318       |
|    ep_rew_mean       | -1.15e+03 |
| time/                |           |
|    fps               | 89        |
|    iterations        | 676       |
|    time_elapsed      | 46417     |
|    total_timesteps   | 4153344   |
------------------------------------
----------------------------------------
| rollout/                |            |
|    ep_len_mean          | 279        |
|    ep_rew_mean          | -663       |
| time/                   |            |
|    fps                  | 89         |
|    iterations           | 677        |
|    time_elapsed         | 46485      |
|    total_timesteps      | 4159488    |
| train/                  |            |
|    approx_kl            | 0.06169935 |
|    clip_fraction        | 0.436      |
|    clip_range           | 0.2        |
|    entropy_loss         | -2.48      |
|    explained_variance   | 0.281      |
|    learning_rate        | 0.0003     |
|    loss                 | 0.242      |
|    n_updates            | 6760       |
|    policy_gradient_loss | 0.0308     |
|    std                  | 0.468      |
|    value_loss           | 153        |
----------------------------------------
-----------------------------------------
| curriculum/             |             |
|    chase_probability    | 0.5         |
| rollout/                |             |
|    ep_len_mean          | 260         |
|    ep_rew_mean          | -484        |
| time/                   |             |
|    fps                  | 89          |
|    iterations           | 678         |
|    time_elapsed         | 46548       |
|    total_timesteps      | 4165632     |
| train/                  |             |
|    approx_kl            | 0.039542552 |
|    clip_fraction        | 0.344       |
|    clip_range           | 0.2         |
|    entropy_loss         | -2.47       |
|    explained_variance   | 0.106       |
|    learning_rate        | 0.0003      |
|    loss                 | 23.6        |
|    n_updates            | 6770        |
|    policy_gradient_loss | 0.00434     |
|    std                  | 0.465       |
|    value_loss           | 11          |
-----------------------------------------
---------------------------------------
| rollout/                |           |
|    ep_len_mean          | 237       |
|    ep_rew_mean          | 1.89      |
| time/                   |           |
|    fps                  | 89        |
|    iterations           | 679       |
|    time_elapsed         | 46615     |
|    total_timesteps      | 4171776   |
| train/                  |           |
|    approx_kl            | 0.0510799 |
|    clip_fraction        | 0.358     |
|    clip_range           | 0.2       |
|    entropy_loss         | -2.45     |
|    explained_variance   | 0.708     |
|    learning_rate        | 0.0003    |
|    loss                 | 0.0749    |
|    n_updates            | 6780      |
|    policy_gradient_loss | 0.00265   |
|    std                  | 0.464     |
|    value_loss           | 2.94      |
---------------------------------------
-----------------------------------------
| curriculum/             |             |
|    chase_probability    | 0.5         |
| rollout/                |             |
|    ep_len_mean          | 240         |
|    ep_rew_mean          | 8.92        |
| time/                   |             |
|    fps                  | 89          |
|    iterations           | 680         |
|    time_elapsed         | 46679       |
|    total_timesteps      | 4177920     |
| train/                  |             |
|    approx_kl            | 0.040075853 |
|    clip_fraction        | 0.32        |
|    clip_range           | 0.2         |
|    entropy_loss         | -2.44       |
|    explained_variance   | 0.757       |
|    learning_rate        | 0.0003      |
|    loss                 | 0.108       |
|    n_updates            | 6790        |
|    policy_gradient_loss | 0.00193     |
|    std                  | 0.461       |
|    value_loss           | 4.46        |
-----------------------------------------
----------------------------------------
| curriculum/             |            |
|    chase_probability    | 0.5        |
| rollout/                |            |
|    ep_len_mean          | 246        |
|    ep_rew_mean          | 2.34       |
| time/                   |            |
|    fps                  | 89         |
|    iterations           | 681        |
|    time_elapsed         | 46743      |
|    total_timesteps      | 4184064    |
| train/                  |            |
|    approx_kl            | 0.04370645 |
|    clip_fraction        | 0.351      |
|    clip_range           | 0.2        |
|    entropy_loss         | -2.43      |
|    explained_variance   | 0.572      |
|    learning_rate        | 0.0003     |
|    loss                 | 0.106      |
|    n_updates            | 6800       |
|    policy_gradient_loss | 0.00877    |
|    std                  | 0.462      |
|    value_loss           | 9.31       |
----------------------------------------
-----------------------------------------
| rollout/                |             |
|    ep_len_mean          | 253         |
|    ep_rew_mean          | -19         |
| time/                   |             |
|    fps                  | 89          |
|    iterations           | 682         |
|    time_elapsed         | 46808       |
|    total_timesteps      | 4190208     |
| train/                  |             |
|    approx_kl            | 0.033323288 |
|    clip_fraction        | 0.291       |
|    clip_range           | 0.2         |
|    entropy_loss         | -2.43       |
|    explained_variance   | 0.56        |
|    learning_rate        | 0.0003      |
|    loss                 | 1.23        |
|    n_updates            | 6810        |
|    policy_gradient_loss | 0.00519     |
|    std                  | 0.461       |
|    value_loss           | 213         |
-----------------------------------------
-----------------------------------------
| curriculum/             |             |
|    chase_probability    | 0.5         |
| rollout/                |             |
|    ep_len_mean          | 265         |
|    ep_rew_mean          | -34.6       |
| time/                   |             |
|    fps                  | 89          |
|    iterations           | 683         |
|    time_elapsed         | 46871       |
|    total_timesteps      | 4196352     |
| train/                  |             |
|    approx_kl            | 0.021188715 |
|    clip_fraction        | 0.204       |
|    clip_range           | 0.2         |
|    entropy_loss         | -2.43       |
|    explained_variance   | 0.744       |
|    learning_rate        | 0.0003      |
|    loss                 | 47.4        |
|    n_updates            | 6820        |
|    policy_gradient_loss | 0.00229     |
|    std                  | 0.46        |
|    value_loss           | 614         |
-----------------------------------------
Eval num_timesteps=4199328, episode_reward=-77.98 +/- 276.30
Episode length: 279.80 +/- 44.08
-----------------------------------------
| eval/                   |             |
|    mean_ep_length       | 280         |
|    mean_reward          | -78         |
| time/                   |             |
|    total_timesteps      | 4199328     |
| train/                  |             |
|    approx_kl            | 0.012626406 |
|    clip_fraction        | 0.141       |
|    clip_range           | 0.2         |
|    entropy_loss         | -2.43       |
|    explained_variance   | 0.447       |
|    learning_rate        | 0.0003      |
|    loss                 | 8.67        |
|    n_updates            | 6830        |
|    policy_gradient_loss | 0.00012     |
|    std                  | 0.461       |
|    value_loss           | 708         |
-----------------------------------------
[progress] timestep 4200336
[episode ends] timestep 4200336: crashed=4 (2%), missed_goal=149 (76%), scored=43 (22%)
---------------------------------
| episode_end/       |          |
|    crashed         | 4        |
|    missed_goal     | 149      |
|    scored          | 43       |
| rollout/           |          |
|    ep_len_mean     | 273      |
|    ep_rew_mean     | -28.2    |
| time/              |          |
|    fps             | 89       |
|    iterations      | 684      |
|    time_elapsed    | 46954    |
|    total_timesteps | 4202496  |
---------------------------------
------------------------------------------
| curriculum/             |              |
|    chase_probability    | 0.5          |
| rollout/                |              |
|    ep_len_mean          | 284          |
|    ep_rew_mean          | -58.9        |
| time/                   |              |
|    fps                  | 89           |
|    iterations           | 685          |
|    time_elapsed         | 47019        |
|    total_timesteps      | 4208640      |
| train/                  |              |
|    approx_kl            | 0.0115800975 |
|    clip_fraction        | 0.11         |
|    clip_range           | 0.2          |
|    entropy_loss         | -2.43        |
|    explained_variance   | 0.392        |
|    learning_rate        | 0.0003       |
|    loss                 | 17           |
|    n_updates            | 6840         |
|    policy_gradient_loss | -0.000247    |
|    std                  | 0.462        |
|    value_loss           | 358          |
------------------------------------------
-----------------------------------------
| curriculum/             |             |
|    chase_probability    | 0.5         |
| rollout/                |             |
|    ep_len_mean          | 289         |
|    ep_rew_mean          | -47.4       |
| time/                   |             |
|    fps                  | 89          |
|    iterations           | 686         |
|    time_elapsed         | 47083       |
|    total_timesteps      | 4214784     |
| train/                  |             |
|    approx_kl            | 0.013129003 |
|    clip_fraction        | 0.151       |
|    clip_range           | 0.2         |
|    entropy_loss         | -2.44       |
|    explained_variance   | 0.669       |
|    learning_rate        | 0.0003      |
|    loss                 | 6.44        |
|    n_updates            | 6850        |
|    policy_gradient_loss | -0.00116    |
|    std                  | 0.463       |
|    value_loss           | 526         |
-----------------------------------------
-----------------------------------------
| rollout/                |             |
|    ep_len_mean          | 293         |
|    ep_rew_mean          | -57.7       |
| time/                   |             |
|    fps                  | 89          |
|    iterations           | 687         |
|    time_elapsed         | 47147       |
|    total_timesteps      | 4220928     |
| train/                  |             |
|    approx_kl            | 0.012036202 |
|    clip_fraction        | 0.126       |
|    clip_range           | 0.2         |
|    entropy_loss         | -2.45       |
|    explained_variance   | 0.754       |
|    learning_rate        | 0.0003      |
|    loss                 | 1.95e+03    |
|    n_updates            | 6860        |
|    policy_gradient_loss | -0.00173    |
|    std                  | 0.463       |
|    value_loss           | 473         |
-----------------------------------------
-----------------------------------------
| curriculum/             |             |
|    chase_probability    | 0.5         |
| rollout/                |             |
|    ep_len_mean          | 288         |
|    ep_rew_mean          | -87.5       |
| time/                   |             |
|    fps                  | 89          |
|    iterations           | 688         |
|    time_elapsed         | 47214       |
|    total_timesteps      | 4227072     |
| train/                  |             |
|    approx_kl            | 0.017984012 |
|    clip_fraction        | 0.213       |
|    clip_range           | 0.2         |
|    entropy_loss         | -2.45       |
|    explained_variance   | 0.732       |
|    learning_rate        | 0.0003      |
|    loss                 | 0.166       |
|    n_updates            | 6870        |
|    policy_gradient_loss | 0.00278     |
|    std                  | 0.462       |
|    value_loss           | 1.41e+03    |
-----------------------------------------
-----------------------------------------
| rollout/                |             |
|    ep_len_mean          | 285         |
|    ep_rew_mean          | -64.9       |
| time/                   |             |
|    fps                  | 89          |
|    iterations           | 689         |
|    time_elapsed         | 47281       |
|    total_timesteps      | 4233216     |
| train/                  |             |
|    approx_kl            | 0.012644309 |
|    clip_fraction        | 0.136       |
|    clip_range           | 0.2         |
|    entropy_loss         | -2.44       |
|    explained_variance   | 0.887       |
|    learning_rate        | 0.0003      |
|    loss                 | 1.98        |
|    n_updates            | 6880        |
|    policy_gradient_loss | -0.0043     |
|    std                  | 0.462       |
|    value_loss           | 346         |
-----------------------------------------
----------------------------------------
| curriculum/             |            |
|    chase_probability    | 0.5        |
| rollout/                |            |
|    ep_len_mean          | 281        |
|    ep_rew_mean          | -56.2      |
| time/                   |            |
|    fps                  | 89         |
|    iterations           | 690        |
|    time_elapsed         | 47345      |
|    total_timesteps      | 4239360    |
| train/                  |            |
|    approx_kl            | 0.01575212 |
|    clip_fraction        | 0.101      |
|    clip_range           | 0.2        |
|    entropy_loss         | -2.44      |
|    explained_variance   | 0.873      |
|    learning_rate        | 0.0003     |
|    loss                 | 0.551      |
|    n_updates            | 6890       |
|    policy_gradient_loss | -0.00453   |
|    std                  | 0.462      |
|    value_loss           | 255        |
----------------------------------------
------------------------------------------
| curriculum/             |              |
|    chase_probability    | 0.5          |
| rollout/                |              |
|    ep_len_mean          | 269          |
|    ep_rew_mean          | -27.5        |
| time/                   |              |
|    fps                  | 89           |
|    iterations           | 691          |
|    time_elapsed         | 47411        |
|    total_timesteps      | 4245504      |
| train/                  |              |
|    approx_kl            | 0.0154576525 |
|    clip_fraction        | 0.228        |
|    clip_range           | 0.2          |
|    entropy_loss         | -2.44        |
|    explained_variance   | 0.449        |
|    learning_rate        | 0.0003       |
|    loss                 | 4.59         |
|    n_updates            | 6900         |
|    policy_gradient_loss | 0.0037       |
|    std                  | 0.462        |
|    value_loss           | 60.8         |
------------------------------------------
Eval num_timesteps=4249320, episode_reward=19.89 +/- 29.88
Episode length: 256.00 +/- 27.27
-----------------------------------------
| eval/                   |             |
|    mean_ep_length       | 256         |
|    mean_reward          | 19.9        |
| time/                   |             |
|    total_timesteps      | 4249320     |
| train/                  |             |
|    approx_kl            | 0.020529367 |
|    clip_fraction        | 0.278       |
|    clip_range           | 0.2         |
|    entropy_loss         | -2.45       |
|    explained_variance   | 0.449       |
|    learning_rate        | 0.0003      |
|    loss                 | 1.56        |
|    n_updates            | 6910        |
|    policy_gradient_loss | 0.0101      |
|    std                  | 0.461       |
|    value_loss           | 118         |
-----------------------------------------
[episode ends] timestep 4250340: crashed=6 (3%), missed_goal=90 (50%), scored=85 (47%)
---------------------------------
| episode_end/       |          |
|    crashed         | 6        |
|    missed_goal     | 90       |
|    scored          | 85       |
| rollout/           |          |
|    ep_len_mean     | 270      |
|    ep_rew_mean     | -8.3     |
| time/              |          |
|    fps             | 89       |
|    iterations      | 692      |
|    time_elapsed    | 47499    |
|    total_timesteps | 4251648  |
---------------------------------
-----------------------------------------
| curriculum/             |             |
|    chase_probability    | 0.5         |
| rollout/                |             |
|    ep_len_mean          | 267         |
|    ep_rew_mean          | 19.5        |
| time/                   |             |
|    fps                  | 89          |
|    iterations           | 693         |
|    time_elapsed         | 47565       |
|    total_timesteps      | 4257792     |
| train/                  |             |
|    approx_kl            | 0.050965775 |
|    clip_fraction        | 0.35        |
|    clip_range           | 0.2         |
|    entropy_loss         | -2.44       |
|    explained_variance   | 0.824       |
|    learning_rate        | 0.0003      |
|    loss                 | -0.022      |
|    n_updates            | 6920        |
|    policy_gradient_loss | 0.0108      |
|    std                  | 0.462       |
|    value_loss           | 10          |
-----------------------------------------
----------------------------------------
| curriculum/             |            |
|    chase_probability    | 0.5        |
| rollout/                |            |
|    ep_len_mean          | 261        |
|    ep_rew_mean          | 13.7       |
| time/                   |            |
|    fps                  | 89         |
|    iterations           | 694        |
|    time_elapsed         | 47634      |
|    total_timesteps      | 4263936    |
| train/                  |            |
|    approx_kl            | 0.02367195 |
|    clip_fraction        | 0.288      |
|    clip_range           | 0.2        |
|    entropy_loss         | -2.45      |
|    explained_variance   | 0.629      |
|    learning_rate        | 0.0003     |
|    loss                 | 154        |
|    n_updates            | 6930       |
|    policy_gradient_loss | 0.0082     |
|    std                  | 0.462      |
|    value_loss           | 139        |
----------------------------------------
-----------------------------------------
| rollout/                |             |
|    ep_len_mean          | 264         |
|    ep_rew_mean          | 2.38        |
| time/                   |             |
|    fps                  | 89          |
|    iterations           | 695         |
|    time_elapsed         | 47701       |
|    total_timesteps      | 4270080     |
| train/                  |             |
|    approx_kl            | 0.028542936 |
|    clip_fraction        | 0.324       |
|    clip_range           | 0.2         |
|    entropy_loss         | -2.44       |
|    explained_variance   | 0.707       |
|    learning_rate        | 0.0003      |
|    loss                 | -0.0352     |
|    n_updates            | 6940        |
|    policy_gradient_loss | 0.00507     |
|    std                  | 0.461       |
|    value_loss           | 49          |
-----------------------------------------
-----------------------------------------
| curriculum/             |             |
|    chase_probability    | 0.5         |
| rollout/                |             |
|    ep_len_mean          | 275         |
|    ep_rew_mean          | -13         |
| time/                   |             |
|    fps                  | 89          |
|    iterations           | 696         |
|    time_elapsed         | 47766       |
|    total_timesteps      | 4276224     |
| train/                  |             |
|    approx_kl            | 0.018036092 |
|    clip_fraction        | 0.265       |
|    clip_range           | 0.2         |
|    entropy_loss         | -2.43       |
|    explained_variance   | 0.336       |
|    learning_rate        | 0.0003      |
|    loss                 | 1.29        |
|    n_updates            | 6950        |
|    policy_gradient_loss | 0.00314     |
|    std                  | 0.459       |
|    value_loss           | 467         |
-----------------------------------------
----------------------------------------
| rollout/                |            |
|    ep_len_mean          | 282        |
|    ep_rew_mean          | -40.5      |
| time/                   |            |
|    fps                  | 89         |
|    iterations           | 697        |
|    time_elapsed         | 47827      |
|    total_timesteps      | 4282368    |
| train/                  |            |
|    approx_kl            | 0.03361197 |
|    clip_fraction        | 0.267      |
|    clip_range           | 0.2        |
|    entropy_loss         | -2.42      |
|    explained_variance   | 0.685      |
|    learning_rate        | 0.0003     |
|    loss                 | 4.43       |
|    n_updates            | 6960       |
|    policy_gradient_loss | 0.00365    |
|    std                  | 0.458      |
|    value_loss           | 441        |
----------------------------------------
-----------------------------------------
| curriculum/             |             |
|    chase_probability    | 0.5         |
| rollout/                |             |
|    ep_len_mean          | 296         |
|    ep_rew_mean          | -106        |
| time/                   |             |
|    fps                  | 89          |
|    iterations           | 698         |
|    time_elapsed         | 47882       |
|    total_timesteps      | 4288512     |
| train/                  |             |
|    approx_kl            | 0.020008145 |
|    clip_fraction        | 0.222       |
|    clip_range           | 0.2         |
|    entropy_loss         | -2.42       |
|    explained_variance   | 0.63        |
|    learning_rate        | 0.0003      |
|    loss                 | 2.26        |
|    n_updates            | 6970        |
|    policy_gradient_loss | 0.00792     |
|    std                  | 0.459       |
|    value_loss           | 1e+03       |
-----------------------------------------
-----------------------------------------
| curriculum/             |             |
|    chase_probability    | 0.5         |
| rollout/                |             |
|    ep_len_mean          | 302         |
|    ep_rew_mean          | -104        |
| time/                   |             |
|    fps                  | 89          |
|    iterations           | 699         |
|    time_elapsed         | 47943       |
|    total_timesteps      | 4294656     |
| train/                  |             |
|    approx_kl            | 0.017614014 |
|    clip_fraction        | 0.129       |
|    clip_range           | 0.2         |
|    entropy_loss         | -2.43       |
|    explained_variance   | 0.694       |
|    learning_rate        | 0.0003      |
|    loss                 | 11.7        |
|    n_updates            | 6980        |
|    policy_gradient_loss | -0.000353   |
|    std                  | 0.46        |
|    value_loss           | 1.29e+03    |
-----------------------------------------
Eval num_timesteps=4299312, episode_reward=20.31 +/- 29.25
Episode length: 289.30 +/- 36.97
-----------------------------------------
| eval/                   |             |
|    mean_ep_length       | 289         |
|    mean_reward          | 20.3        |
| time/                   |             |
|    total_timesteps      | 4299312     |
| train/                  |             |
|    approx_kl            | 0.009076629 |
|    clip_fraction        | 0.0932      |
|    clip_range           | 0.2         |
|    entropy_loss         | -2.43       |
|    explained_variance   | 0.712       |
|    learning_rate        | 0.0003      |
|    loss                 | 1.28e+03    |
|    n_updates            | 6990        |
|    policy_gradient_loss | -0.00279    |
|    std                  | 0.46        |
|    value_loss           | 1.51e+03    |
-----------------------------------------
[progress] timestep 4300344
[episode ends] timestep 4300344: crashed=6 (4%), max_steps=1 (1%), missed_goal=101 (61%), scored=57 (35%)
---------------------------------
| episode_end/       |          |
|    crashed         | 6        |
|    max_steps       | 1        |
|    missed_goal     | 101      |
|    scored          | 57       |
| rollout/           |          |
|    ep_len_mean     | 311      |
|    ep_rew_mean     | -255     |
| time/              |          |
|    fps             | 89       |
|    iterations      | 700      |
|    time_elapsed    | 48020    |
|    total_timesteps | 4300800  |
---------------------------------
-----------------------------------------
| curriculum/             |             |
|    chase_probability    | 0.5         |
| rollout/                |             |
|    ep_len_mean          | 315         |
|    ep_rew_mean          | -390        |
| time/                   |             |
|    fps                  | 89          |
|    iterations           | 701         |
|    time_elapsed         | 48082       |
|    total_timesteps      | 4306944     |
| train/                  |             |
|    approx_kl            | 0.018494802 |
|    clip_fraction        | 0.202       |
|    clip_range           | 0.2         |
|    entropy_loss         | -2.43       |
|    explained_variance   | 0.881       |
|    learning_rate        | 0.0003      |
|    loss                 | 1.46        |
|    n_updates            | 7000        |
|    policy_gradient_loss | 0.000503    |
|    std                  | 0.459       |
|    value_loss           | 7.03e+03    |
-----------------------------------------
-----------------------------------------
| rollout/                |             |
|    ep_len_mean          | 311         |
|    ep_rew_mean          | -377        |
| time/                   |             |
|    fps                  | 89          |
|    iterations           | 702         |
|    time_elapsed         | 48144       |
|    total_timesteps      | 4313088     |
| train/                  |             |
|    approx_kl            | 0.009382072 |
|    clip_fraction        | 0.115       |
|    clip_range           | 0.2         |
|    entropy_loss         | -2.43       |
|    explained_variance   | 0.911       |
|    learning_rate        | 0.0003      |
|    loss                 | 5.78e+03    |
|    n_updates            | 7010        |
|    policy_gradient_loss | -0.00496    |
|    std                  | 0.459       |
|    value_loss           | 3.98e+03    |
-----------------------------------------
---------------------------------------
| curriculum/             |           |
|    chase_probability    | 0.5       |
| rollout/                |           |
|    ep_len_mean          | 311       |
|    ep_rew_mean          | -515      |
| time/                   |           |
|    fps                  | 89        |
|    iterations           | 703       |
|    time_elapsed         | 48201     |
|    total_timesteps      | 4319232   |
| train/                  |           |
|    approx_kl            | 0.0103204 |
|    clip_fraction        | 0.118     |
|    clip_range           | 0.2       |
|    entropy_loss         | -2.42     |
|    explained_variance   | 0.887     |
|    learning_rate        | 0.0003    |
|    loss                 | 1.48e+04  |
|    n_updates            | 7020      |
|    policy_gradient_loss | -0.00143  |
|    std                  | 0.459     |
|    value_loss           | 5.61e+03  |
---------------------------------------
-----------------------------------------
| curriculum/             |             |
|    chase_probability    | 0.5         |
| rollout/                |             |
|    ep_len_mean          | 310         |
|    ep_rew_mean          | -521        |
| time/                   |             |
|    fps                  | 89          |
|    iterations           | 704         |
|    time_elapsed         | 48262       |
|    total_timesteps      | 4325376     |
| train/                  |             |
|    approx_kl            | 0.024772858 |
|    clip_fraction        | 0.149       |
|    clip_range           | 0.2         |
|    entropy_loss         | -2.43       |
|    explained_variance   | 0.742       |
|    learning_rate        | 0.0003      |
|    loss                 | 1.81        |
|    n_updates            | 7030        |
|    policy_gradient_loss | -0.00736    |
|    std                  | 0.461       |
|    value_loss           | 1.79e+03    |
-----------------------------------------
-----------------------------------------
| rollout/                |             |
|    ep_len_mean          | 299         |
|    ep_rew_mean          | -401        |
| time/                   |             |
|    fps                  | 89          |
|    iterations           | 705         |
|    time_elapsed         | 48329       |
|    total_timesteps      | 4331520     |
| train/                  |             |
|    approx_kl            | 0.021762265 |
|    clip_fraction        | 0.196       |
|    clip_range           | 0.2         |
|    entropy_loss         | -2.44       |
|    explained_variance   | 0.655       |
|    learning_rate        | 0.0003      |
|    loss                 | 0.862       |
|    n_updates            | 7040        |
|    policy_gradient_loss | 0.000808    |
|    std                  | 0.46        |
|    value_loss           | 797         |
-----------------------------------------
----------------------------------------
| curriculum/             |            |
|    chase_probability    | 0.5        |
| rollout/                |            |
|    ep_len_mean          | 288        |
|    ep_rew_mean          | -277       |
| time/                   |            |
|    fps                  | 89         |
|    iterations           | 706        |
|    time_elapsed         | 48399      |
|    total_timesteps      | 4337664    |
| train/                  |            |
|    approx_kl            | 0.01530502 |
|    clip_fraction        | 0.138      |
|    clip_range           | 0.2        |
|    entropy_loss         | -2.43      |
|    explained_variance   | 0.816      |
|    learning_rate        | 0.0003     |
|    loss                 | 18.6       |
|    n_updates            | 7050       |
|    policy_gradient_loss | -0.00282   |
|    std                  | 0.46       |
|    value_loss           | 791        |
----------------------------------------
-----------------------------------------
| curriculum/             |             |
|    chase_probability    | 0.5         |
| rollout/                |             |
|    ep_len_mean          | 276         |
|    ep_rew_mean          | -94.7       |
| time/                   |             |
|    fps                  | 89          |
|    iterations           | 707         |
|    time_elapsed         | 48466       |
|    total_timesteps      | 4343808     |
| train/                  |             |
|    approx_kl            | 0.018327465 |
|    clip_fraction        | 0.183       |
|    clip_range           | 0.2         |
|    entropy_loss         | -2.43       |
|    explained_variance   | 0.775       |
|    learning_rate        | 0.0003      |
|    loss                 | 0.93        |
|    n_updates            | 7060        |
|    policy_gradient_loss | -0.00292    |
|    std                  | 0.459       |
|    value_loss           | 1.24e+03    |
-----------------------------------------
Eval num_timesteps=4349304, episode_reward=-92.64 +/- 371.17
Episode length: 257.00 +/- 46.77
--------------------------------------
| eval/                   |          |
|    mean_ep_length       | 257      |
|    mean_reward          | -92.6    |
| time/                   |          |
|    total_timesteps      | 4349304  |
| train/                  |          |
|    approx_kl            | 0.095657 |
|    clip_fraction        | 0.288    |
|    clip_range           | 0.2      |
|    entropy_loss         | -2.42    |
|    explained_variance   | 0.608    |
|    learning_rate        | 0.0003   |
|    loss                 | 18       |
|    n_updates            | 7070     |
|    policy_gradient_loss | 0.01     |
|    std                  | 0.456    |
|    value_loss           | 110      |
--------------------------------------
---------------------------------
| rollout/           |          |
|    ep_len_mean     | 272      |
|    ep_rew_mean     | -48.7    |
| time/              |          |
|    fps             | 89       |
|    iterations      | 708      |
|    time_elapsed    | 48549    |
|    total_timesteps | 4349952  |
---------------------------------
[episode ends] timestep 4350348: crashed=5 (3%), max_steps=2 (1%), missed_goal=76 (43%), scored=94 (53%)
-----------------------------------------
| curriculum/             |             |
|    chase_probability    | 0.5         |
| episode_end/            |             |
|    crashed              | 5           |
|    max_steps            | 2           |
|    missed_goal          | 76          |
|    scored               | 94          |
| rollout/                |             |
|    ep_len_mean          | 268         |
|    ep_rew_mean          | -14.7       |
| time/                   |             |
|    fps                  | 89          |
|    iterations           | 709         |
|    time_elapsed         | 48614       |
|    total_timesteps      | 4356096     |
| train/                  |             |
|    approx_kl            | 0.014575571 |
|    clip_fraction        | 0.157       |
|    clip_range           | 0.2         |
|    entropy_loss         | -2.4        |
|    explained_variance   | 0.854       |
|    learning_rate        | 0.0003      |
|    loss                 | 284         |
|    n_updates            | 7080        |
|    policy_gradient_loss | -0.000381   |
|    std                  | 0.454       |
|    value_loss           | 209         |
-----------------------------------------
-----------------------------------------
| rollout/                |             |
|    ep_len_mean          | 270         |
|    ep_rew_mean          | 4.6         |
| time/                   |             |
|    fps                  | 89          |
|    iterations           | 710         |
|    time_elapsed         | 48682       |
|    total_timesteps      | 4362240     |
| train/                  |             |
|    approx_kl            | 0.018683814 |
|    clip_fraction        | 0.174       |
|    clip_range           | 0.2         |
|    entropy_loss         | -2.38       |
|    explained_variance   | 0.593       |
|    learning_rate        | 0.0003      |
|    loss                 | 1.46        |
|    n_updates            | 7090        |
|    policy_gradient_loss | -0.000301   |
|    std                  | 0.451       |
|    value_loss           | 90.9        |
-----------------------------------------
----------------------------------------
| curriculum/             |            |
|    chase_probability    | 0.5        |
| rollout/                |            |
|    ep_len_mean          | 269        |
|    ep_rew_mean          | 7.07       |
| time/                   |            |
|    fps                  | 89         |
|    iterations           | 711        |
|    time_elapsed         | 48745      |
|    total_timesteps      | 4368384    |
| train/                  |            |
|    approx_kl            | 0.04038009 |
|    clip_fraction        | 0.266      |
|    clip_range           | 0.2        |
|    entropy_loss         | -2.37      |
|    explained_variance   | 0.664      |
|    learning_rate        | 0.0003     |
|    loss                 | 1.43       |
|    n_updates            | 7100       |
|    policy_gradient_loss | 0.00299    |
|    std                  | 0.452      |
|    value_loss           | 81.7       |
----------------------------------------
-----------------------------------------
| curriculum/             |             |
|    chase_probability    | 0.5         |
| rollout/                |             |
|    ep_len_mean          | 269         |
|    ep_rew_mean          | 6.68        |
| time/                   |             |
|    fps                  | 89          |
|    iterations           | 712         |
|    time_elapsed         | 48810       |
|    total_timesteps      | 4374528     |
| train/                  |             |
|    approx_kl            | 0.031252548 |
|    clip_fraction        | 0.156       |
|    clip_range           | 0.2         |
|    entropy_loss         | -2.37       |
|    explained_variance   | 0.742       |
|    learning_rate        | 0.0003      |
|    loss                 | 45.7        |
|    n_updates            | 7110        |
|    policy_gradient_loss | -0.000535   |
|    std                  | 0.449       |
|    value_loss           | 1.63e+03    |
-----------------------------------------
------------------------------------------
| rollout/                |              |
|    ep_len_mean          | 283          |
|    ep_rew_mean          | -287         |
| time/                   |              |
|    fps                  | 89           |
|    iterations           | 713          |
|    time_elapsed         | 48869        |
|    total_timesteps      | 4380672      |
| train/                  |              |
|    approx_kl            | 0.0143087655 |
|    clip_fraction        | 0.164        |
|    clip_range           | 0.2          |
|    entropy_loss         | -2.36        |
|    explained_variance   | 0.887        |
|    learning_rate        | 0.0003       |
|    loss                 | 1.59         |
|    n_updates            | 7120         |
|    policy_gradient_loss | -0.000707    |
|    std                  | 0.45         |
|    value_loss           | 8.45e+03     |
------------------------------------------
---------------------------------------
| curriculum/             |           |
|    chase_probability    | 0.5       |
| rollout/                |           |
|    ep_len_mean          | 289       |
|    ep_rew_mean          | -328      |
| time/                   |           |
|    fps                  | 89        |
|    iterations           | 714       |
|    time_elapsed         | 48936     |
|    total_timesteps      | 4386816   |
| train/                  |           |
|    approx_kl            | 0.0353886 |
|    clip_fraction        | 0.261     |
|    clip_range           | 0.2       |
|    entropy_loss         | -2.37     |
|    explained_variance   | 0.893     |
|    learning_rate        | 0.0003    |
|    loss                 | 3.38      |
|    n_updates            | 7130      |
|    policy_gradient_loss | 0.0106    |
|    std                  | 0.451     |
|    value_loss           | 3.42e+03  |
---------------------------------------
----------------------------------------
| rollout/                |            |
|    ep_len_mean          | 293        |
|    ep_rew_mean          | -355       |
| time/                   |            |
|    fps                  | 89         |
|    iterations           | 715        |
|    time_elapsed         | 48994      |
|    total_timesteps      | 4392960    |
| train/                  |            |
|    approx_kl            | 0.03451428 |
|    clip_fraction        | 0.171      |
|    clip_range           | 0.2        |
|    entropy_loss         | -2.38      |
|    explained_variance   | 0.764      |
|    learning_rate        | 0.0003     |
|    loss                 | 18.6       |
|    n_updates            | 7140       |
|    policy_gradient_loss | 0.00177    |
|    std                  | 0.452      |
|    value_loss           | 883        |
----------------------------------------
-----------------------------------------
| curriculum/             |             |
|    chase_probability    | 0.5         |
| rollout/                |             |
|    ep_len_mean          | 309         |
|    ep_rew_mean          | -690        |
| time/                   |             |
|    fps                  | 89          |
|    iterations           | 716         |
|    time_elapsed         | 49054       |
|    total_timesteps      | 4399104     |
| train/                  |             |
|    approx_kl            | 0.009559341 |
|    clip_fraction        | 0.0883      |
|    clip_range           | 0.2         |
|    entropy_loss         | -2.39       |
|    explained_variance   | 0.824       |
|    learning_rate        | 0.0003      |
|    loss                 | 843         |
|    n_updates            | 7150        |
|    policy_gradient_loss | -0.00392    |
|    std                  | 0.452       |
|    value_loss           | 6.82e+03    |
-----------------------------------------
Eval num_timesteps=4399296, episode_reward=-1679.24 +/- 5211.42
Episode length: 354.10 +/- 223.01
-----------------------------------------
| eval/                   |             |
|    mean_ep_length       | 354         |
|    mean_reward          | -1.68e+03   |
| time/                   |             |
|    total_timesteps      | 4399296     |
| train/                  |             |
|    approx_kl            | 0.011698454 |
|    clip_fraction        | 0.157       |
|    clip_range           | 0.2         |
|    entropy_loss         | -2.39       |
|    explained_variance   | 0.902       |
|    learning_rate        | 0.0003      |
|    loss                 | 28.3        |
|    n_updates            | 7160        |
|    policy_gradient_loss | -0.000332   |
|    std                  | 0.452       |
|    value_loss           | 7.2e+03     |
-----------------------------------------
[progress] timestep 4400352
[episode ends] timestep 4400352: crashed=6 (3%), max_steps=4 (2%), missed_goal=58 (34%), scored=104 (60%)
-----------------------------------
| curriculum/          |          |
|    chase_probability | 0.5      |
| episode_end/         |          |
|    crashed           | 6        |
|    max_steps         | 4        |
|    missed_goal       | 58       |
|    scored            | 104      |
| rollout/             |          |
|    ep_len_mean       | 299      |
|    ep_rew_mean       | -541     |
| time/                |          |
|    fps               | 89       |
|    iterations        | 717      |
|    time_elapsed      | 49136    |
|    total_timesteps   | 4405248  |
-----------------------------------
-----------------------------------------
| rollout/                |             |
|    ep_len_mean          | 289         |
|    ep_rew_mean          | -375        |
| time/                   |             |
|    fps                  | 89          |
|    iterations           | 718         |
|    time_elapsed         | 49201       |
|    total_timesteps      | 4411392     |
| train/                  |             |
|    approx_kl            | 0.009042656 |
|    clip_fraction        | 0.0854      |
|    clip_range           | 0.2         |
|    entropy_loss         | -2.38       |
|    explained_variance   | 0.853       |
|    learning_rate        | 0.0003      |
|    loss                 | 1.43e+03    |
|    n_updates            | 7170        |
|    policy_gradient_loss | -0.00261    |
|    std                  | 0.451       |
|    value_loss           | 2.46e+03    |
-----------------------------------------
------------------------------------------
| curriculum/             |              |
|    chase_probability    | 0.5          |
| rollout/                |              |
|    ep_len_mean          | 286          |
|    ep_rew_mean          | -543         |
| time/                   |              |
|    fps                  | 89           |
|    iterations           | 719          |
|    time_elapsed         | 49265        |
|    total_timesteps      | 4417536      |
| train/                  |              |
|    approx_kl            | 0.0107948445 |
|    clip_fraction        | 0.0984       |
|    clip_range           | 0.2          |
|    entropy_loss         | -2.37        |
|    explained_variance   | 0.895        |
|    learning_rate        | 0.0003       |
|    loss                 | 1e+04        |
|    n_updates            | 7180         |
|    policy_gradient_loss | -0.00451     |
|    std                  | 0.45         |
|    value_loss           | 4.78e+03     |
------------------------------------------
-----------------------------------------
| curriculum/             |             |
|    chase_probability    | 0.5         |
| rollout/                |             |
|    ep_len_mean          | 275         |
|    ep_rew_mean          | -341        |
| time/                   |             |
|    fps                  | 89          |
|    iterations           | 720         |
|    time_elapsed         | 49333       |
|    total_timesteps      | 4423680     |
| train/                  |             |
|    approx_kl            | 0.017784448 |
|    clip_fraction        | 0.184       |
|    clip_range           | 0.2         |
|    entropy_loss         | -2.36       |
|    explained_variance   | 0.856       |
|    learning_rate        | 0.0003      |
|    loss                 | 4.98        |
|    n_updates            | 7190        |
|    policy_gradient_loss | -0.00312    |
|    std                  | 0.448       |
|    value_loss           | 2.2e+03     |
-----------------------------------------
-----------------------------------------
| rollout/                |             |
|    ep_len_mean          | 267         |
|    ep_rew_mean          | -152        |
| time/                   |             |
|    fps                  | 89          |
|    iterations           | 721         |
|    time_elapsed         | 49401       |
|    total_timesteps      | 4429824     |
| train/                  |             |
|    approx_kl            | 0.041380942 |
|    clip_fraction        | 0.355       |
|    clip_range           | 0.2         |
|    entropy_loss         | -2.34       |
|    explained_variance   | 0.86        |
|    learning_rate        | 0.0003      |
|    loss                 | 61.9        |
|    n_updates            | 7200        |
|    policy_gradient_loss | 0.0197      |
|    std                  | 0.447       |
|    value_loss           | 99.6        |
-----------------------------------------
-----------------------------------------
| curriculum/             |             |
|    chase_probability    | 0.5         |
| rollout/                |             |
|    ep_len_mean          | 268         |
|    ep_rew_mean          | -159        |
| time/                   |             |
|    fps                  | 89          |
|    iterations           | 722         |
|    time_elapsed         | 49465       |
|    total_timesteps      | 4435968     |
| train/                  |             |
|    approx_kl            | 0.034073357 |
|    clip_fraction        | 0.218       |
|    clip_range           | 0.2         |
|    entropy_loss         | -2.34       |
|    explained_variance   | 0.792       |
|    learning_rate        | 0.0003      |
|    loss                 | 6.16        |
|    n_updates            | 7210        |
|    policy_gradient_loss | 0.00101     |
|    std                  | 0.448       |
|    value_loss           | 340         |
-----------------------------------------
-----------------------------------------
| rollout/                |             |
|    ep_len_mean          | 262         |
|    ep_rew_mean          | 20.3        |
| time/                   |             |
|    fps                  | 89          |
|    iterations           | 723         |
|    time_elapsed         | 49530       |
|    total_timesteps      | 4442112     |
| train/                  |             |
|    approx_kl            | 0.037665743 |
|    clip_fraction        | 0.257       |
|    clip_range           | 0.2         |
|    entropy_loss         | -2.35       |
|    explained_variance   | 0.351       |
|    learning_rate        | 0.0003      |
|    loss                 | 22.5        |
|    n_updates            | 7220        |
|    policy_gradient_loss | 0.00289     |
|    std                  | 0.449       |
|    value_loss           | 133         |
-----------------------------------------
---------------------------------------
| curriculum/             |           |
|    chase_probability    | 0.5       |
| rollout/                |           |
|    ep_len_mean          | 261       |
|    ep_rew_mean          | 20.2      |
| time/                   |           |
|    fps                  | 89        |
|    iterations           | 724       |
|    time_elapsed         | 49594     |
|    total_timesteps      | 4448256   |
| train/                  |           |
|    approx_kl            | 0.0239503 |
|    clip_fraction        | 0.232     |
|    clip_range           | 0.2       |
|    entropy_loss         | -2.37     |
|    explained_variance   | 0.683     |
|    learning_rate        | 0.0003    |
|    loss                 | 20.2      |
|    n_updates            | 7230      |
|    policy_gradient_loss | -0.000263 |
|    std                  | 0.453     |
|    value_loss           | 57.2      |
---------------------------------------
Eval num_timesteps=4449288, episode_reward=14.48 +/- 56.12
Episode length: 268.40 +/- 36.06
-----------------------------------------
| eval/                   |             |
|    mean_ep_length       | 268         |
|    mean_reward          | 14.5        |
| time/                   |             |
|    total_timesteps      | 4449288     |
| train/                  |             |
|    approx_kl            | 0.025864303 |
|    clip_fraction        | 0.306       |
|    clip_range           | 0.2         |
|    entropy_loss         | -2.38       |
|    explained_variance   | 0.706       |
|    learning_rate        | 0.0003      |
|    loss                 | 0.152       |
|    n_updates            | 7240        |
|    policy_gradient_loss | 0.00388     |
|    std                  | 0.45        |
|    value_loss           | 50.5        |
-----------------------------------------
[episode ends] timestep 4450356: crashed=2 (1%), max_steps=1 (1%), missed_goal=97 (51%), scored=91 (48%)
-----------------------------------
| curriculum/          |          |
|    chase_probability | 0.5      |
| episode_end/         |          |
|    crashed           | 2        |
|    max_steps         | 1        |
|    missed_goal       | 97       |
|    scored            | 91       |
| rollout/             |          |
|    ep_len_mean       | 258      |
|    ep_rew_mean       | 18.3     |
| time/                |          |
|    fps               | 89       |
|    iterations        | 725      |
|    time_elapsed      | 49680    |
|    total_timesteps   | 4454400  |
-----------------------------------
-----------------------------------------
| rollout/                |             |
|    ep_len_mean          | 257         |
|    ep_rew_mean          | 19.4        |
| time/                   |             |
|    fps                  | 89          |
|    iterations           | 726         |
|    time_elapsed         | 49742       |
|    total_timesteps      | 4460544     |
| train/                  |             |
|    approx_kl            | 0.023409234 |
|    clip_fraction        | 0.324       |
|    clip_range           | 0.2         |
|    entropy_loss         | -2.37       |
|    explained_variance   | 0.738       |
|    learning_rate        | 0.0003      |
|    loss                 | 474         |
|    n_updates            | 7250        |
|    policy_gradient_loss | 0.00653     |
|    std                  | 0.45        |
|    value_loss           | 57          |
-----------------------------------------
---------------------------------------
| curriculum/             |           |
|    chase_probability    | 0.5       |
| rollout/                |           |
|    ep_len_mean          | 257       |
|    ep_rew_mean          | 23.2      |
| time/                   |           |
|    fps                  | 89        |
|    iterations           | 727       |
|    time_elapsed         | 49805     |
|    total_timesteps      | 4466688   |
| train/                  |           |
|    approx_kl            | 0.0212659 |
|    clip_fraction        | 0.18      |
|    clip_range           | 0.2       |
|    entropy_loss         | -2.37     |
|    explained_variance   | 0.516     |
|    learning_rate        | 0.0003    |
|    loss                 | 21.7      |
|    n_updates            | 7260      |
|    policy_gradient_loss | -0.00169  |
|    std                  | 0.449     |
|    value_loss           | 123       |
---------------------------------------
-----------------------------------------
| rollout/                |             |
|    ep_len_mean          | 260         |
|    ep_rew_mean          | 27.7        |
| time/                   |             |
|    fps                  | 89          |
|    iterations           | 728         |
|    time_elapsed         | 49868       |
|    total_timesteps      | 4472832     |
| train/                  |             |
|    approx_kl            | 0.044347316 |
|    clip_fraction        | 0.258       |
|    clip_range           | 0.2         |
|    entropy_loss         | -2.35       |
|    explained_variance   | 0.687       |
|    learning_rate        | 0.0003      |
|    loss                 | 0.19        |
|    n_updates            | 7270        |
|    policy_gradient_loss | 0.00342     |
|    std                  | 0.447       |
|    value_loss           | 24.1        |
-----------------------------------------
-----------------------------------------
| curriculum/             |             |
|    chase_probability    | 0.5         |
| rollout/                |             |
|    ep_len_mean          | 260         |
|    ep_rew_mean          | 31.8        |
| time/                   |             |
|    fps                  | 89          |
|    iterations           | 729         |
|    time_elapsed         | 49933       |
|    total_timesteps      | 4478976     |
| train/                  |             |
|    approx_kl            | 0.025748136 |
|    clip_fraction        | 0.238       |
|    clip_range           | 0.2         |
|    entropy_loss         | -2.35       |
|    explained_variance   | 0.868       |
|    learning_rate        | 0.0003      |
|    loss                 | 0.242       |
|    n_updates            | 7280        |
|    policy_gradient_loss | -0.00452    |
|    std                  | 0.447       |
|    value_loss           | 26.2        |
-----------------------------------------
-----------------------------------------
| curriculum/             |             |
|    chase_probability    | 0.5         |
| rollout/                |             |
|    ep_len_mean          | 258         |
|    ep_rew_mean          | 15.5        |
| time/                   |             |
|    fps                  | 89          |
|    iterations           | 730         |
|    time_elapsed         | 49998       |
|    total_timesteps      | 4485120     |
| train/                  |             |
|    approx_kl            | 0.028828809 |
|    clip_fraction        | 0.284       |
|    clip_range           | 0.2         |
|    entropy_loss         | -2.35       |
|    explained_variance   | 0.852       |
|    learning_rate        | 0.0003      |
|    loss                 | 0.706       |
|    n_updates            | 7290        |
|    policy_gradient_loss | 0.00365     |
|    std                  | 0.449       |
|    value_loss           | 24.8        |
-----------------------------------------
----------------------------------------
| rollout/                |            |
|    ep_len_mean          | 258        |
|    ep_rew_mean          | -24.7      |
| time/                   |            |
|    fps                  | 89         |
|    iterations           | 731        |
|    time_elapsed         | 50061      |
|    total_timesteps      | 4491264    |
| train/                  |            |
|    approx_kl            | 0.01495409 |
|    clip_fraction        | 0.14       |
|    clip_range           | 0.2        |
|    entropy_loss         | -2.35      |
|    explained_variance   | 0.491      |
|    learning_rate        | 0.0003     |
|    loss                 | 1.52e+03   |
|    n_updates            | 7300       |
|    policy_gradient_loss | -0.00249   |
|    std                  | 0.445      |
|    value_loss           | 1.29e+03   |
----------------------------------------
-----------------------------------------
| curriculum/             |             |
|    chase_probability    | 0.5         |
| rollout/                |             |
|    ep_len_mean          | 254         |
|    ep_rew_mean          | -32.7       |
| time/                   |             |
|    fps                  | 89          |
|    iterations           | 732         |
|    time_elapsed         | 50128       |
|    total_timesteps      | 4497408     |
| train/                  |             |
|    approx_kl            | 0.025336785 |
|    clip_fraction        | 0.208       |
|    clip_range           | 0.2         |
|    entropy_loss         | -2.33       |
|    explained_variance   | 0.569       |
|    learning_rate        | 0.0003      |
|    loss                 | 47          |
|    n_updates            | 7310        |
|    policy_gradient_loss | -0.00158    |
|    std                  | 0.446       |
|    value_loss           | 378         |
-----------------------------------------
Eval num_timesteps=4499280, episode_reward=22.78 +/- 89.57
Episode length: 256.40 +/- 25.73
-----------------------------------------
| eval/                   |             |
|    mean_ep_length       | 256         |
|    mean_reward          | 22.8        |
| time/                   |             |
|    total_timesteps      | 4499280     |
| train/                  |             |
|    approx_kl            | 0.049657892 |
|    clip_fraction        | 0.353       |
|    clip_range           | 0.2         |
|    entropy_loss         | -2.34       |
|    explained_variance   | 0.642       |
|    learning_rate        | 0.0003      |
|    loss                 | 0.46        |
|    n_updates            | 7320        |
|    policy_gradient_loss | 0.0119      |
|    std                  | 0.448       |
|    value_loss           | 142         |
-----------------------------------------
[progress] timestep 4500360
[episode ends] timestep 4500360: crashed=2 (1%), missed_goal=84 (43%), scored=110 (56%)
---------------------------------
| episode_end/       |          |
|    crashed         | 2        |
|    missed_goal     | 84       |
|    scored          | 110      |
| rollout/           |          |
|    ep_len_mean     | 255      |
|    ep_rew_mean     | -36.8    |
| time/              |          |
|    fps             | 89       |
|    iterations      | 733      |
|    time_elapsed    | 50216    |
|    total_timesteps | 4503552  |
---------------------------------
-----------------------------------------
| curriculum/             |             |
|    chase_probability    | 0.5         |
| rollout/                |             |
|    ep_len_mean          | 257         |
|    ep_rew_mean          | -14.2       |
| time/                   |             |
|    fps                  | 89          |
|    iterations           | 734         |
|    time_elapsed         | 50281       |
|    total_timesteps      | 4509696     |
| train/                  |             |
|    approx_kl            | 0.023380077 |
|    clip_fraction        | 0.212       |
|    clip_range           | 0.2         |
|    entropy_loss         | -2.35       |
|    explained_variance   | 0.57        |
|    learning_rate        | 0.0003      |
|    loss                 | 2.16        |
|    n_updates            | 7330        |
|    policy_gradient_loss | 0.000413    |
|    std                  | 0.445       |
|    value_loss           | 95.9        |
-----------------------------------------
-----------------------------------------
| curriculum/             |             |
|    chase_probability    | 0.5         |
| rollout/                |             |
|    ep_len_mean          | 262         |
|    ep_rew_mean          | -139        |
| time/                   |             |
|    fps                  | 89          |
|    iterations           | 735         |
|    time_elapsed         | 50346       |
|    total_timesteps      | 4515840     |
| train/                  |             |
|    approx_kl            | 0.016979452 |
|    clip_fraction        | 0.154       |
|    clip_range           | 0.2         |
|    entropy_loss         | -2.32       |
|    explained_variance   | 0.825       |
|    learning_rate        | 0.0003      |
|    loss                 | 4.11        |
|    n_updates            | 7340        |
|    policy_gradient_loss | -0.00533    |
|    std                  | 0.442       |
|    value_loss           | 1.94e+03    |
-----------------------------------------
----------------------------------------
| rollout/                |            |
|    ep_len_mean          | 264        |
|    ep_rew_mean          | -171       |
| time/                   |            |
|    fps                  | 89         |
|    iterations           | 736        |
|    time_elapsed         | 50411      |
|    total_timesteps      | 4521984    |
| train/                  |            |
|    approx_kl            | 0.01825955 |
|    clip_fraction        | 0.18       |
|    clip_range           | 0.2        |
|    entropy_loss         | -2.31      |
|    explained_variance   | 0.902      |
|    learning_rate        | 0.0003     |
|    loss                 | 2.07       |
|    n_updates            | 7350       |
|    policy_gradient_loss | -0.000254  |
|    std                  | 0.442      |
|    value_loss           | 3.53e+03   |
----------------------------------------
-----------------------------------------
| curriculum/             |             |
|    chase_probability    | 0.5         |
| rollout/                |             |
|    ep_len_mean          | 274         |
|    ep_rew_mean          | -334        |
| time/                   |             |
|    fps                  | 89          |
|    iterations           | 737         |
|    time_elapsed         | 50471       |
|    total_timesteps      | 4528128     |
| train/                  |             |
|    approx_kl            | 0.022543462 |
|    clip_fraction        | 0.163       |
|    clip_range           | 0.2         |
|    entropy_loss         | -2.3        |
|    explained_variance   | 0.856       |
|    learning_rate        | 0.0003      |
|    loss                 | 1.21e+04    |
|    n_updates            | 7360        |
|    policy_gradient_loss | -3.48e-06   |
|    std                  | 0.44        |
|    value_loss           | 5.18e+03    |
-----------------------------------------
-----------------------------------------
| curriculum/             |             |
|    chase_probability    | 0.5         |
| rollout/                |             |
|    ep_len_mean          | 274         |
|    ep_rew_mean          | -334        |
| time/                   |             |
|    fps                  | 89          |
|    iterations           | 738         |
|    time_elapsed         | 50536       |
|    total_timesteps      | 4534272     |
| train/                  |             |
|    approx_kl            | 0.012126125 |
|    clip_fraction        | 0.148       |
|    clip_range           | 0.2         |
|    entropy_loss         | -2.29       |
|    explained_variance   | 0.913       |
|    learning_rate        | 0.0003      |
|    loss                 | 1.81e+04    |
|    n_updates            | 7370        |
|    policy_gradient_loss | -0.00302    |
|    std                  | 0.44        |
|    value_loss           | 4.45e+03    |
-----------------------------------------
-----------------------------------------
| rollout/                |             |
|    ep_len_mean          | 268         |
|    ep_rew_mean          | -186        |
| time/                   |             |
|    fps                  | 89          |
|    iterations           | 739         |
|    time_elapsed         | 50601       |
|    total_timesteps      | 4540416     |
| train/                  |             |
|    approx_kl            | 0.021536062 |
|    clip_fraction        | 0.203       |
|    clip_range           | 0.2         |
|    entropy_loss         | -2.28       |
|    explained_variance   | 0.749       |
|    learning_rate        | 0.0003      |
|    loss                 | 0.359       |
|    n_updates            | 7380        |
|    policy_gradient_loss | -0.00592    |
|    std                  | 0.438       |
|    value_loss           | 38.7        |
-----------------------------------------
----------------------------------------
| curriculum/             |            |
|    chase_probability    | 0.5        |
| rollout/                |            |
|    ep_len_mean          | 267        |
|    ep_rew_mean          | -172       |
| time/                   |            |
|    fps                  | 89         |
|    iterations           | 740        |
|    time_elapsed         | 50670      |
|    total_timesteps      | 4546560    |
| train/                  |            |
|    approx_kl            | 0.02657447 |
|    clip_fraction        | 0.185      |
|    clip_range           | 0.2        |
|    entropy_loss         | -2.26      |
|    explained_variance   | 0.461      |
|    learning_rate        | 0.0003     |
|    loss                 | 4.89       |
|    n_updates            | 7390       |
|    policy_gradient_loss | -0.00303   |
|    std                  | 0.435      |
|    value_loss           | 160        |
----------------------------------------
Eval num_timesteps=4549272, episode_reward=10.14 +/- 69.05
Episode length: 265.80 +/- 20.12
-----------------------------------------
| eval/                   |             |
|    mean_ep_length       | 266         |
|    mean_reward          | 10.1        |
| time/                   |             |
|    total_timesteps      | 4549272     |
| train/                  |             |
|    approx_kl            | 0.029640233 |
|    clip_fraction        | 0.268       |
|    clip_range           | 0.2         |
|    entropy_loss         | -2.24       |
|    explained_variance   | 0.862       |
|    learning_rate        | 0.0003      |
|    loss                 | 4.62        |
|    n_updates            | 7400        |
|    policy_gradient_loss | 0.00499     |
|    std                  | 0.435       |
|    value_loss           | 4.27e+03    |
-----------------------------------------
[episode ends] timestep 4550364: crashed=1 (1%), max_steps=2 (1%), missed_goal=72 (39%), scored=108 (59%)
---------------------------------
| episode_end/       |          |
|    crashed         | 1        |
|    max_steps       | 2        |
|    missed_goal     | 72       |
|    scored          | 108      |
| rollout/           |          |
|    ep_len_mean     | 275      |
|    ep_rew_mean     | -312     |
| time/              |          |
|    fps             | 89       |
|    iterations      | 741      |
|    time_elapsed    | 50752    |
|    total_timesteps | 4552704  |
---------------------------------
-----------------------------------------
| curriculum/             |             |
|    chase_probability    | 0.5         |
| rollout/                |             |
|    ep_len_mean          | 268         |
|    ep_rew_mean          | -184        |
| time/                   |             |
|    fps                  | 89          |
|    iterations           | 742         |
|    time_elapsed         | 50812       |
|    total_timesteps      | 4558848     |
| train/                  |             |
|    approx_kl            | 0.012908898 |
|    clip_fraction        | 0.28        |
|    clip_range           | 0.2         |
|    entropy_loss         | -2.24       |
|    explained_variance   | 0.905       |
|    learning_rate        | 0.0003      |
|    loss                 | 0.188       |
|    n_updates            | 7410        |
|    policy_gradient_loss | 0.00963     |
|    std                  | 0.434       |
|    value_loss           | 4e+03       |
-----------------------------------------
-----------------------------------------
| curriculum/             |             |
|    chase_probability    | 0.5         |
| rollout/                |             |
|    ep_len_mean          | 268         |
|    ep_rew_mean          | -182        |
| time/                   |             |
|    fps                  | 89          |
|    iterations           | 743         |
|    time_elapsed         | 50873       |
|    total_timesteps      | 4564992     |
| train/                  |             |
|    approx_kl            | 0.021956256 |
|    clip_fraction        | 0.211       |
|    clip_range           | 0.2         |
|    entropy_loss         | -2.23       |
|    explained_variance   | 0.645       |
|    learning_rate        | 0.0003      |
|    loss                 | 0.474       |
|    n_updates            | 7420        |
|    policy_gradient_loss | -0.00205    |
|    std                  | 0.433       |
|    value_loss           | 985         |
-----------------------------------------
-----------------------------------------
| rollout/                |             |
|    ep_len_mean          | 270         |
|    ep_rew_mean          | -180        |
| time/                   |             |
|    fps                  | 89          |
|    iterations           | 744         |
|    time_elapsed         | 50935       |
|    total_timesteps      | 4571136     |
| train/                  |             |
|    approx_kl            | 0.015629523 |
|    clip_fraction        | 0.153       |
|    clip_range           | 0.2         |
|    entropy_loss         | -2.22       |
|    explained_variance   | 0.822       |
|    learning_rate        | 0.0003      |
|    loss                 | 1.73        |
|    n_updates            | 7430        |
|    policy_gradient_loss | -0.00931    |
|    std                  | 0.432       |
|    value_loss           | 14.2        |
-----------------------------------------
----------------------------------------
| curriculum/             |            |
|    chase_probability    | 0.5        |
| rollout/                |            |
|    ep_len_mean          | 275        |
|    ep_rew_mean          | -205       |
| time/                   |            |
|    fps                  | 89         |
|    iterations           | 745        |
|    time_elapsed         | 50994      |
|    total_timesteps      | 4577280    |
| train/                  |            |
|    approx_kl            | 0.01888147 |
|    clip_fraction        | 0.196      |
|    clip_range           | 0.2        |
|    entropy_loss         | -2.21      |
|    explained_variance   | 0.875      |
|    learning_rate        | 0.0003     |
|    loss                 | 1.68       |
|    n_updates            | 7440       |
|    policy_gradient_loss | -0.00565   |
|    std                  | 0.431      |
|    value_loss           | 838        |
----------------------------------------
-----------------------------------------
| rollout/                |             |
|    ep_len_mean          | 270         |
|    ep_rew_mean          | -35.7       |
| time/                   |             |
|    fps                  | 89          |
|    iterations           | 746         |
|    time_elapsed         | 51057       |
|    total_timesteps      | 4583424     |
| train/                  |             |
|    approx_kl            | 0.031029724 |
|    clip_fraction        | 0.247       |
|    clip_range           | 0.2         |
|    entropy_loss         | -2.22       |
|    explained_variance   | 0.876       |
|    learning_rate        | 0.0003      |
|    loss                 | 90          |
|    n_updates            | 7450        |
|    policy_gradient_loss | -0.00379    |
|    std                  | 0.433       |
|    value_loss           | 439         |
-----------------------------------------
----------------------------------------
| curriculum/             |            |
|    chase_probability    | 0.5        |
| rollout/                |            |
|    ep_len_mean          | 274        |
|    ep_rew_mean          | -13.7      |
| time/                   |            |
|    fps                  | 89         |
|    iterations           | 747        |
|    time_elapsed         | 51122      |
|    total_timesteps      | 4589568    |
| train/                  |            |
|    approx_kl            | 0.02270031 |
|    clip_fraction        | 0.214      |
|    clip_range           | 0.2        |
|    entropy_loss         | -2.22      |
|    explained_variance   | 0.839      |
|    learning_rate        | 0.0003     |
|    loss                 | 0.293      |
|    n_updates            | 7460       |
|    policy_gradient_loss | -0.00341   |
|    std                  | 0.43       |
|    value_loss           | 86.5       |
----------------------------------------
----------------------------------------
| curriculum/             |            |
|    chase_probability    | 0.5        |
| rollout/                |            |
|    ep_len_mean          | 279        |
|    ep_rew_mean          | -22.8      |
| time/                   |            |
|    fps                  | 89         |
|    iterations           | 748        |
|    time_elapsed         | 51183      |
|    total_timesteps      | 4595712    |
| train/                  |            |
|    approx_kl            | 0.03667679 |
|    clip_fraction        | 0.268      |
|    clip_range           | 0.2        |
|    entropy_loss         | -2.19      |
|    explained_variance   | 0.564      |
|    learning_rate        | 0.0003     |
|    loss                 | 4.82       |
|    n_updates            | 7470       |
|    policy_gradient_loss | 0.00521    |
|    std                  | 0.428      |
|    value_loss           | 270        |
----------------------------------------
Eval num_timesteps=4599264, episode_reward=-1506.99 +/- 4510.43
Episode length: 371.20 +/- 211.70
-----------------------------------------
| eval/                   |             |
|    mean_ep_length       | 371         |
|    mean_reward          | -1.51e+03   |
| time/                   |             |
|    total_timesteps      | 4599264     |
| train/                  |             |
|    approx_kl            | 0.020467658 |
|    clip_fraction        | 0.221       |
|    clip_range           | 0.2         |
|    entropy_loss         | -2.18       |
|    explained_variance   | 0.566       |
|    learning_rate        | 0.0003      |
|    loss                 | 2.93        |
|    n_updates            | 7480        |
|    policy_gradient_loss | 0.000127    |
|    std                  | 0.427       |
|    value_loss           | 697         |
-----------------------------------------
[progress] timestep 4600368
[episode ends] timestep 4600368: crashed=3 (2%), max_steps=1 (1%), missed_goal=85 (47%), scored=92 (51%)
---------------------------------
| episode_end/       |          |
|    crashed         | 3        |
|    max_steps       | 1        |
|    missed_goal     | 85       |
|    scored          | 92       |
| rollout/           |          |
|    ep_len_mean     | 285      |
|    ep_rew_mean     | -63.8    |
| time/              |          |
|    fps             | 89       |
|    iterations      | 749      |
|    time_elapsed    | 51273    |
|    total_timesteps | 4601856  |
---------------------------------
----------------------------------------
| curriculum/             |            |
|    chase_probability    | 0.5        |
| rollout/                |            |
|    ep_len_mean          | 283        |
|    ep_rew_mean          | -45.9      |
| time/                   |            |
|    fps                  | 89         |
|    iterations           | 750        |
|    time_elapsed         | 51338      |
|    total_timesteps      | 4608000    |
| train/                  |            |
|    approx_kl            | 0.06924372 |
|    clip_fraction        | 0.279      |
|    clip_range           | 0.2        |
|    entropy_loss         | -2.17      |
|    explained_variance   | 0.597      |
|    learning_rate        | 0.0003     |
|    loss                 | 159        |
|    n_updates            | 7490       |
|    policy_gradient_loss | 0.00309    |
|    std                  | 0.425      |
|    value_loss           | 903        |
----------------------------------------
---------------------------------------
| curriculum/             |           |
|    chase_probability    | 0.5       |
| rollout/                |           |
|    ep_len_mean          | 291       |
|    ep_rew_mean          | -244      |
| time/                   |           |
|    fps                  | 89        |
|    iterations           | 751       |
|    time_elapsed         | 51397     |
|    total_timesteps      | 4614144   |
| train/                  |           |
|    approx_kl            | 0.0254946 |
|    clip_fraction        | 0.22      |
|    clip_range           | 0.2       |
|    entropy_loss         | -2.15     |
|    explained_variance   | 0.805     |
|    learning_rate        | 0.0003    |
|    loss                 | 3.38e+03  |
|    n_updates            | 7500      |
|    policy_gradient_loss | 0.00073   |
|    std                  | 0.424     |
|    value_loss           | 2.22e+03  |
---------------------------------------
----------------------------------------
| rollout/                |            |
|    ep_len_mean          | 306        |
|    ep_rew_mean          | -603       |
| time/                   |            |
|    fps                  | 89         |
|    iterations           | 752        |
|    time_elapsed         | 51450      |
|    total_timesteps      | 4620288    |
| train/                  |            |
|    approx_kl            | 0.01157003 |
|    clip_fraction        | 0.149      |
|    clip_range           | 0.2        |
|    entropy_loss         | -2.14      |
|    explained_variance   | 0.887      |
|    learning_rate        | 0.0003     |
|    loss                 | 2.73e+04   |
|    n_updates            | 7510       |
|    policy_gradient_loss | -0.000278  |
|    std                  | 0.422      |
|    value_loss           | 1.23e+04   |
----------------------------------------
----------------------------------------
| curriculum/             |            |
|    chase_probability    | 0.5        |
| rollout/                |            |
|    ep_len_mean          | 312        |
|    ep_rew_mean          | -761       |
| time/                   |            |
|    fps                  | 89         |
|    iterations           | 753        |
|    time_elapsed         | 51508      |
|    total_timesteps      | 4626432    |
| train/                  |            |
|    approx_kl            | 0.02726224 |
|    clip_fraction        | 0.161      |
|    clip_range           | 0.2        |
|    entropy_loss         | -2.11      |
|    explained_variance   | 0.841      |
|    learning_rate        | 0.0003     |
|    loss                 | 2.03       |
|    n_updates            | 7520       |
|    policy_gradient_loss | -0.00255   |
|    std                  | 0.419      |
|    value_loss           | 9.44e+03   |
----------------------------------------
----------------------------------------
| rollout/                |            |
|    ep_len_mean          | 314        |
|    ep_rew_mean          | -716       |
| time/                   |            |
|    fps                  | 89         |
|    iterations           | 754        |
|    time_elapsed         | 51564      |
|    total_timesteps      | 4632576    |
| train/                  |            |
|    approx_kl            | 0.03723985 |
|    clip_fraction        | 0.287      |
|    clip_range           | 0.2        |
|    entropy_loss         | -2.09      |
|    explained_variance   | 0.891      |
|    learning_rate        | 0.0003     |
|    loss                 | 382        |
|    n_updates            | 7530       |
|    policy_gradient_loss | 0.00669    |
|    std                  | 0.419      |
|    value_loss           | 3.84e+03   |
----------------------------------------
-----------------------------------------
| curriculum/             |             |
|    chase_probability    | 0.5         |
| rollout/                |             |
|    ep_len_mean          | 317         |
|    ep_rew_mean          | -727        |
| time/                   |             |
|    fps                  | 89          |
|    iterations           | 755         |
|    time_elapsed         | 51622       |
|    total_timesteps      | 4638720     |
| train/                  |             |
|    approx_kl            | 0.038446933 |
|    clip_fraction        | 0.243       |
|    clip_range           | 0.2         |
|    entropy_loss         | -2.09       |
|    explained_variance   | 0.81        |
|    learning_rate        | 0.0003      |
|    loss                 | 162         |
|    n_updates            | 7540        |
|    policy_gradient_loss | 0.00388     |
|    std                  | 0.417       |
|    value_loss           | 2.48e+03    |
-----------------------------------------
-----------------------------------------
| curriculum/             |             |
|    chase_probability    | 0.5         |
| rollout/                |             |
|    ep_len_mean          | 318         |
|    ep_rew_mean          | -683        |
| time/                   |             |
|    fps                  | 89          |
|    iterations           | 756         |
|    time_elapsed         | 51681       |
|    total_timesteps      | 4644864     |
| train/                  |             |
|    approx_kl            | 0.030946342 |
|    clip_fraction        | 0.219       |
|    clip_range           | 0.2         |
|    entropy_loss         | -2.07       |
|    explained_variance   | 0.897       |
|    learning_rate        | 0.0003      |
|    loss                 | 409         |
|    n_updates            | 7550        |
|    policy_gradient_loss | 0.00369     |
|    std                  | 0.416       |
|    value_loss           | 5.15e+03    |
-----------------------------------------
Eval num_timesteps=4649256, episode_reward=53.09 +/- 25.42
Episode length: 269.00 +/- 27.01
-----------------------------------------
| eval/                   |             |
|    mean_ep_length       | 269         |
|    mean_reward          | 53.1        |
| time/                   |             |
|    total_timesteps      | 4649256     |
| train/                  |             |
|    approx_kl            | 0.017302811 |
|    clip_fraction        | 0.242       |
|    clip_range           | 0.2         |
|    entropy_loss         | -2.07       |
|    explained_variance   | 0.879       |
|    learning_rate        | 0.0003      |
|    loss                 | 0.184       |
|    n_updates            | 7560        |
|    policy_gradient_loss | 0.00635     |
|    std                  | 0.415       |
|    value_loss           | 3.78e+03    |
-----------------------------------------
New best mean reward!
[episode ends] timestep 4650372: crashed=13 (8%), max_steps=6 (4%), missed_goal=53 (34%), scored=84 (54%)
---------------------------------
| episode_end/       |          |
|    crashed         | 13       |
|    max_steps       | 6        |
|    missed_goal     | 53       |
|    scored          | 84       |
| rollout/           |          |
|    ep_len_mean     | 320      |
|    ep_rew_mean     | -656     |
| time/              |          |
|    fps             | 89       |
|    iterations      | 757      |
|    time_elapsed    | 51755    |
|    total_timesteps | 4651008  |
---------------------------------
-----------------------------------------
| curriculum/             |             |
|    chase_probability    | 0.5         |
| rollout/                |             |
|    ep_len_mean          | 320         |
|    ep_rew_mean          | -674        |
| time/                   |             |
|    fps                  | 89          |
|    iterations           | 758         |
|    time_elapsed         | 51809       |
|    total_timesteps      | 4657152     |
| train/                  |             |
|    approx_kl            | 0.009606166 |
|    clip_fraction        | 0.0967      |
|    clip_range           | 0.2         |
|    entropy_loss         | -2.06       |
|    explained_variance   | 0.876       |
|    learning_rate        | 0.0003      |
|    loss                 | 1.31e+04    |
|    n_updates            | 7570        |
|    policy_gradient_loss | 0.00117     |
|    std                  | 0.415       |
|    value_loss           | 1.04e+04    |
-----------------------------------------
-----------------------------------------
| rollout/                |             |
|    ep_len_mean          | 310         |
|    ep_rew_mean          | -524        |
| time/                   |             |
|    fps                  | 89          |
|    iterations           | 759         |
|    time_elapsed         | 51870       |
|    total_timesteps      | 4663296     |
| train/                  |             |
|    approx_kl            | 0.007663109 |
|    clip_fraction        | 0.0402      |
|    clip_range           | 0.2         |
|    entropy_loss         | -2.06       |
|    explained_variance   | 0.861       |
|    learning_rate        | 0.0003      |
|    loss                 | 4.4         |
|    n_updates            | 7580        |
|    policy_gradient_loss | -0.00467    |
|    std                  | 0.415       |
|    value_loss           | 3.41e+03    |
-----------------------------------------
-----------------------------------------
| curriculum/             |             |
|    chase_probability    | 0.5         |
| rollout/                |             |
|    ep_len_mean          | 324         |
|    ep_rew_mean          | -837        |
| time/                   |             |
|    fps                  | 89          |
|    iterations           | 760         |
|    time_elapsed         | 51922       |
|    total_timesteps      | 4669440     |
| train/                  |             |
|    approx_kl            | 0.019649478 |
|    clip_fraction        | 0.12        |
|    clip_range           | 0.2         |
|    entropy_loss         | -2.06       |
|    explained_variance   | 0.888       |
|    learning_rate        | 0.0003      |
|    loss                 | 54.1        |
|    n_updates            | 7590        |
|    policy_gradient_loss | -0.00389    |
|    std                  | 0.415       |
|    value_loss           | 1.12e+04    |
-----------------------------------------
-----------------------------------------
| curriculum/             |             |
|    chase_probability    | 0.5         |
| rollout/                |             |
|    ep_len_mean          | 323         |
|    ep_rew_mean          | -988        |
| time/                   |             |
|    fps                  | 89          |
|    iterations           | 761         |
|    time_elapsed         | 51978       |
|    total_timesteps      | 4675584     |
| train/                  |             |
|    approx_kl            | 0.015768195 |
|    clip_fraction        | 0.164       |
|    clip_range           | 0.2         |
|    entropy_loss         | -2.06       |
|    explained_variance   | 0.908       |
|    learning_rate        | 0.0003      |
|    loss                 | 22.7        |
|    n_updates            | 7600        |
|    policy_gradient_loss | 0.000454    |
|    std                  | 0.414       |
|    value_loss           | 1.35e+04    |
-----------------------------------------
-----------------------------------------
| rollout/                |             |
|    ep_len_mean          | 322         |
|    ep_rew_mean          | -1.14e+03   |
| time/                   |             |
|    fps                  | 89          |
|    iterations           | 762         |
|    time_elapsed         | 52037       |
|    total_timesteps      | 4681728     |
| train/                  |             |
|    approx_kl            | 0.019782586 |
|    clip_fraction        | 0.191       |
|    clip_range           | 0.2         |
|    entropy_loss         | -2.04       |
|    explained_variance   | 0.921       |
|    learning_rate        | 0.0003      |
|    loss                 | 2.61e+04    |
|    n_updates            | 7610        |
|    policy_gradient_loss | -0.00405    |
|    std                  | 0.411       |
|    value_loss           | 9.14e+03    |
-----------------------------------------
----------------------------------------
| curriculum/             |            |
|    chase_probability    | 0.5        |
| rollout/                |            |
|    ep_len_mean          | 314        |
|    ep_rew_mean          | -954       |
| time/                   |            |
|    fps                  | 89         |
|    iterations           | 763        |
|    time_elapsed         | 52094      |
|    total_timesteps      | 4687872    |
| train/                  |            |
|    approx_kl            | 0.02670589 |
|    clip_fraction        | 0.249      |
|    clip_range           | 0.2        |
|    entropy_loss         | -2.02      |
|    explained_variance   | 0.883      |
|    learning_rate        | 0.0003     |
|    loss                 | 5.78e+03   |
|    n_updates            | 7620       |
|    policy_gradient_loss | 0.00227    |
|    std                  | 0.409      |
|    value_loss           | 3.68e+03   |
----------------------------------------
-----------------------------------------
| curriculum/             |             |
|    chase_probability    | 0.5         |
| rollout/                |             |
|    ep_len_mean          | 311         |
|    ep_rew_mean          | -943        |
| time/                   |             |
|    fps                  | 89          |
|    iterations           | 764         |
|    time_elapsed         | 52163       |
|    total_timesteps      | 4694016     |
| train/                  |             |
|    approx_kl            | 0.048329454 |
|    clip_fraction        | 0.301       |
|    clip_range           | 0.2         |
|    entropy_loss         | -2          |
|    explained_variance   | 0.92        |
|    learning_rate        | 0.0003      |
|    loss                 | 1.5e+03     |
|    n_updates            | 7630        |
|    policy_gradient_loss | 0.00679     |
|    std                  | 0.407       |
|    value_loss           | 3.16e+03    |
-----------------------------------------
Eval num_timesteps=4699248, episode_reward=-1541.22 +/- 4757.15
Episode length: 333.50 +/- 222.80
-----------------------------------------
| eval/                   |             |
|    mean_ep_length       | 334         |
|    mean_reward          | -1.54e+03   |
| time/                   |             |
|    total_timesteps      | 4699248     |
| train/                  |             |
|    approx_kl            | 0.033623815 |
|    clip_fraction        | 0.27        |
|    clip_range           | 0.2         |
|    entropy_loss         | -1.98       |
|    explained_variance   | 0.842       |
|    learning_rate        | 0.0003      |
|    loss                 | 711         |
|    n_updates            | 7640        |
|    policy_gradient_loss | 0.0068      |
|    std                  | 0.405       |
|    value_loss           | 1.29e+03    |
-----------------------------------------
---------------------------------
| rollout/           |          |
|    ep_len_mean     | 296      |
|    ep_rew_mean     | -510     |
| time/              |          |
|    fps             | 89       |
|    iterations      | 765      |
|    time_elapsed    | 52246    |
|    total_timesteps | 4700160  |
---------------------------------
[progress] timestep 4700376
[episode ends] timestep 4700376: crashed=4 (2%), max_steps=7 (4%), missed_goal=63 (39%), scored=89 (55%)
----------------------------------------
| curriculum/             |            |
|    chase_probability    | 0.5        |
| episode_end/            |            |
|    crashed              | 4          |
|    max_steps            | 7          |
|    missed_goal          | 63         |
|    scored               | 89         |
| rollout/                |            |
|    ep_len_mean          | 284        |
|    ep_rew_mean          | -189       |
| time/                   |            |
|    fps                  | 89         |
|    iterations           | 766        |
|    time_elapsed         | 52306      |
|    total_timesteps      | 4706304    |
| train/                  |            |
|    approx_kl            | 0.03967252 |
|    clip_fraction        | 0.274      |
|    clip_range           | 0.2        |
|    entropy_loss         | -1.97      |
|    explained_variance   | 0.628      |
|    learning_rate        | 0.0003     |
|    loss                 | 400        |
|    n_updates            | 7650       |
|    policy_gradient_loss | 0.00673    |
|    std                  | 0.403      |
|    value_loss           | 1.21e+03   |
----------------------------------------
---------------------------------------
| rollout/                |           |
|    ep_len_mean          | 292       |
|    ep_rew_mean          | -336      |
| time/                   |           |
|    fps                  | 89        |
|    iterations           | 767       |
|    time_elapsed         | 52370     |
|    total_timesteps      | 4712448   |
| train/                  |           |
|    approx_kl            | 0.0202216 |
|    clip_fraction        | 0.252     |
|    clip_range           | 0.2       |
|    entropy_loss         | -1.96     |
|    explained_variance   | 0.793     |
|    learning_rate        | 0.0003    |
|    loss                 | 30        |
|    n_updates            | 7660      |
|    policy_gradient_loss | 0.00415   |
|    std                  | 0.403     |
|    value_loss           | 1.48e+03  |
---------------------------------------
----------------------------------------
| curriculum/             |            |
|    chase_probability    | 0.5        |
| rollout/                |            |
|    ep_len_mean          | 299        |
|    ep_rew_mean          | -524       |
| time/                   |            |
|    fps                  | 90         |
|    iterations           | 768        |
|    time_elapsed         | 52422      |
|    total_timesteps      | 4718592    |
| train/                  |            |
|    approx_kl            | 0.03198434 |
|    clip_fraction        | 0.263      |
|    clip_range           | 0.2        |
|    entropy_loss         | -1.97      |
|    explained_variance   | 0.902      |
|    learning_rate        | 0.0003     |
|    loss                 | 419        |
|    n_updates            | 7670       |
|    policy_gradient_loss | 0.0025     |
|    std                  | 0.404      |
|    value_loss           | 9.79e+03   |
----------------------------------------
-----------------------------------------
| curriculum/             |             |
|    chase_probability    | 0.5         |
| rollout/                |             |
|    ep_len_mean          | 293         |
|    ep_rew_mean          | -489        |
| time/                   |             |
|    fps                  | 90          |
|    iterations           | 769         |
|    time_elapsed         | 52477       |
|    total_timesteps      | 4724736     |
| train/                  |             |
|    approx_kl            | 0.042865496 |
|    clip_fraction        | 0.416       |
|    clip_range           | 0.2         |
|    entropy_loss         | -1.96       |
|    explained_variance   | 0.918       |
|    learning_rate        | 0.0003      |
|    loss                 | 159         |
|    n_updates            | 7680        |
|    policy_gradient_loss | 0.0363      |
|    std                  | 0.403       |
|    value_loss           | 6.57e+03    |
-----------------------------------------
-----------------------------------------
| rollout/                |             |
|    ep_len_mean          | 298         |
|    ep_rew_mean          | -635        |
| time/                   |             |
|    fps                  | 90          |
|    iterations           | 770         |
|    time_elapsed         | 52533       |
|    total_timesteps      | 4730880     |
| train/                  |             |
|    approx_kl            | 0.032448385 |
|    clip_fraction        | 0.281       |
|    clip_range           | 0.2         |
|    entropy_loss         | -1.98       |
|    explained_variance   | 0.89        |
|    learning_rate        | 0.0003      |
|    loss                 | 11.4        |
|    n_updates            | 7690        |
|    policy_gradient_loss | 0.00942     |
|    std                  | 0.406       |
|    value_loss           | 5.98e+03    |
-----------------------------------------
------------------------------------------
| curriculum/             |              |
|    chase_probability    | 0.5          |
| rollout/                |              |
|    ep_len_mean          | 308          |
|    ep_rew_mean          | -800         |
| time/                   |              |
|    fps                  | 90           |
|    iterations           | 771          |
|    time_elapsed         | 52587        |
|    total_timesteps      | 4737024      |
| train/                  |              |
|    approx_kl            | 0.0146419145 |
|    clip_fraction        | 0.142        |
|    clip_range           | 0.2          |
|    entropy_loss         | -1.99        |
|    explained_variance   | 0.893        |
|    learning_rate        | 0.0003       |
|    loss                 | 2.54e+04     |
|    n_updates            | 7700         |
|    policy_gradient_loss | 0.00257      |
|    std                  | 0.406        |
|    value_loss           | 8.2e+03      |
------------------------------------------
----------------------------------------
| rollout/                |            |
|    ep_len_mean          | 299        |
|    ep_rew_mean          | -673       |
| time/                   |            |
|    fps                  | 90         |
|    iterations           | 772        |
|    time_elapsed         | 52645      |
|    total_timesteps      | 4743168    |
| train/                  |            |
|    approx_kl            | 0.07073108 |
|    clip_fraction        | 0.347      |
|    clip_range           | 0.2        |
|    entropy_loss         | -1.98      |
|    explained_variance   | 0.871      |
|    learning_rate        | 0.0003     |
|    loss                 | 6.22       |
|    n_updates            | 7710       |
|    policy_gradient_loss | 0.013      |
|    std                  | 0.404      |
|    value_loss           | 3.34e+03   |
----------------------------------------
Eval num_timesteps=4749240, episode_reward=39.80 +/- 31.27
Episode length: 237.50 +/- 20.24
-----------------------------------------
| curriculum/             |             |
|    chase_probability    | 0.5         |
| eval/                   |             |
|    mean_ep_length       | 238         |
|    mean_reward          | 39.8        |
| time/                   |             |
|    total_timesteps      | 4749240     |
| train/                  |             |
|    approx_kl            | 0.015929066 |
|    clip_fraction        | 0.21        |
|    clip_range           | 0.2         |
|    entropy_loss         | -1.98       |
|    explained_variance   | 0.922       |
|    learning_rate        | 0.0003      |
|    loss                 | 26.2        |
|    n_updates            | 7720        |
|    policy_gradient_loss | 0.000937    |
|    std                  | 0.406       |
|    value_loss           | 8.76e+03    |
-----------------------------------------
---------------------------------
| rollout/           |          |
|    ep_len_mean     | 295      |
|    ep_rew_mean     | -637     |
| time/              |          |
|    fps             | 90       |
|    iterations      | 773      |
|    time_elapsed    | 52726    |
|    total_timesteps | 4749312  |
---------------------------------
[episode ends] timestep 4750380: crashed=3 (2%), max_steps=7 (4%), missed_goal=58 (34%), scored=102 (60%)
-----------------------------------------
| curriculum/             |             |
|    chase_probability    | 0.5         |
| episode_end/            |             |
|    crashed              | 3           |
|    max_steps            | 7           |
|    missed_goal          | 58          |
|    scored               | 102         |
| rollout/                |             |
|    ep_len_mean          | 303         |
|    ep_rew_mean          | -815        |
| time/                   |             |
|    fps                  | 90          |
|    iterations           | 774         |
|    time_elapsed         | 52786       |
|    total_timesteps      | 4755456     |
| train/                  |             |
|    approx_kl            | 0.060112387 |
|    clip_fraction        | 0.327       |
|    clip_range           | 0.2         |
|    entropy_loss         | -1.98       |
|    explained_variance   | 0.909       |
|    learning_rate        | 0.0003      |
|    loss                 | 6.6         |
|    n_updates            | 7730        |
|    policy_gradient_loss | 0.0148      |
|    std                  | 0.405       |
|    value_loss           | 4.75e+03    |
-----------------------------------------
-----------------------------------------
| rollout/                |             |
|    ep_len_mean          | 279         |
|    ep_rew_mean          | -473        |
| time/                   |             |
|    fps                  | 90          |
|    iterations           | 775         |
|    time_elapsed         | 52846       |
|    total_timesteps      | 4761600     |
| train/                  |             |
|    approx_kl            | 0.021479256 |
|    clip_fraction        | 0.136       |
|    clip_range           | 0.2         |
|    entropy_loss         | -1.97       |
|    explained_variance   | 0.919       |
|    learning_rate        | 0.0003      |
|    loss                 | 4.83        |
|    n_updates            | 7740        |
|    policy_gradient_loss | -0.00162    |
|    std                  | 0.404       |
|    value_loss           | 3.59e+03    |
-----------------------------------------
-----------------------------------------
| curriculum/             |             |
|    chase_probability    | 0.5         |
| rollout/                |             |
|    ep_len_mean          | 278         |
|    ep_rew_mean          | -455        |
| time/                   |             |
|    fps                  | 90          |
|    iterations           | 776         |
|    time_elapsed         | 52914       |
|    total_timesteps      | 4767744     |
| train/                  |             |
|    approx_kl            | 0.019145193 |
|    clip_fraction        | 0.16        |
|    clip_range           | 0.2         |
|    entropy_loss         | -1.97       |
|    explained_variance   | 0.841       |
|    learning_rate        | 0.0003      |
|    loss                 | 25.1        |
|    n_updates            | 7750        |
|    policy_gradient_loss | -0.0062     |
|    std                  | 0.405       |
|    value_loss           | 35.8        |
-----------------------------------------
-----------------------------------------
| curriculum/             |             |
|    chase_probability    | 0.5         |
| rollout/                |             |
|    ep_len_mean          | 262         |
|    ep_rew_mean          | -166        |
| time/                   |             |
|    fps                  | 90          |
|    iterations           | 777         |
|    time_elapsed         | 52979       |
|    total_timesteps      | 4773888     |
| train/                  |             |
|    approx_kl            | 0.020474417 |
|    clip_fraction        | 0.201       |
|    clip_range           | 0.2         |
|    entropy_loss         | -1.96       |
|    explained_variance   | 0.464       |
|    learning_rate        | 0.0003      |
|    loss                 | 99.1        |
|    n_updates            | 7760        |
|    policy_gradient_loss | -0.00341    |
|    std                  | 0.402       |
|    value_loss           | 473         |
-----------------------------------------
----------------------------------------
| rollout/                |            |
|    ep_len_mean          | 261        |
|    ep_rew_mean          | -180       |
| time/                   |            |
|    fps                  | 90         |
|    iterations           | 778        |
|    time_elapsed         | 53039      |
|    total_timesteps      | 4780032    |
| train/                  |            |
|    approx_kl            | 0.07695789 |
|    clip_fraction        | 0.348      |
|    clip_range           | 0.2        |
|    entropy_loss         | -1.95      |
|    explained_variance   | 0.81       |
|    learning_rate        | 0.0003     |
|    loss                 | 9.87e+03   |
|    n_updates            | 7770       |
|    policy_gradient_loss | 0.0237     |
|    std                  | 0.402      |
|    value_loss           | 1.86e+03   |
----------------------------------------
-----------------------------------------
| curriculum/             |             |
|    chase_probability    | 0.5         |
| rollout/                |             |
|    ep_len_mean          | 261         |
|    ep_rew_mean          | -186        |
| time/                   |             |
|    fps                  | 90          |
|    iterations           | 779         |
|    time_elapsed         | 53105       |
|    total_timesteps      | 4786176     |
| train/                  |             |
|    approx_kl            | 0.015380491 |
|    clip_fraction        | 0.155       |
|    clip_range           | 0.2         |
|    entropy_loss         | -1.95       |
|    explained_variance   | 0.917       |
|    learning_rate        | 0.0003      |
|    loss                 | 6.75        |
|    n_updates            | 7780        |
|    policy_gradient_loss | -0.00104    |
|    std                  | 0.401       |
|    value_loss           | 4.49e+03    |
-----------------------------------------
-----------------------------------------
| rollout/                |             |
|    ep_len_mean          | 254         |
|    ep_rew_mean          | -197        |
| time/                   |             |
|    fps                  | 90          |
|    iterations           | 780         |
|    time_elapsed         | 53162       |
|    total_timesteps      | 4792320     |
| train/                  |             |
|    approx_kl            | 0.022394508 |
|    clip_fraction        | 0.176       |
|    clip_range           | 0.2         |
|    entropy_loss         | -1.94       |
|    explained_variance   | 0.928       |
|    learning_rate        | 0.0003      |
|    loss                 | 2.37        |
|    n_updates            | 7790        |
|    policy_gradient_loss | -0.00522    |
|    std                  | 0.399       |
|    value_loss           | 1.54e+03    |
-----------------------------------------
-----------------------------------------
| curriculum/             |             |
|    chase_probability    | 0.5         |
| rollout/                |             |
|    ep_len_mean          | 251         |
|    ep_rew_mean          | -204        |
| time/                   |             |
|    fps                  | 90          |
|    iterations           | 781         |
|    time_elapsed         | 53226       |
|    total_timesteps      | 4798464     |
| train/                  |             |
|    approx_kl            | 0.018685034 |
|    clip_fraction        | 0.183       |
|    clip_range           | 0.2         |
|    entropy_loss         | -1.95       |
|    explained_variance   | 0.639       |
|    learning_rate        | 0.0003      |
|    loss                 | 7.5         |
|    n_updates            | 7800        |
|    policy_gradient_loss | -0.0065     |
|    std                  | 0.402       |
|    value_loss           | 140         |
-----------------------------------------
Eval num_timesteps=4799232, episode_reward=-1631.03 +/- 5027.09
Episode length: 311.40 +/- 230.09
-----------------------------------------
| eval/                   |             |
|    mean_ep_length       | 311         |
|    mean_reward          | -1.63e+03   |
| time/                   |             |
|    total_timesteps      | 4799232     |
| train/                  |             |
|    approx_kl            | 0.051669855 |
|    clip_fraction        | 0.314       |
|    clip_range           | 0.2         |
|    entropy_loss         | -1.94       |
|    explained_variance   | 0.875       |
|    learning_rate        | 0.0003      |
|    loss                 | 47.1        |
|    n_updates            | 7810        |
|    policy_gradient_loss | 0.00705     |
|    std                  | 0.399       |
|    value_loss           | 217         |
-----------------------------------------
[progress] timestep 4800384
[episode ends] timestep 4800384: crashed=2 (1%), max_steps=2 (1%), missed_goal=102 (52%), scored=89 (46%)
-----------------------------------
| curriculum/          |          |
|    chase_probability | 0.5      |
| episode_end/         |          |
|    crashed           | 2        |
|    max_steps         | 2        |
|    missed_goal       | 102      |
|    scored            | 89       |
| rollout/             |          |
|    ep_len_mean       | 251      |
|    ep_rew_mean       | -170     |
| time/                |          |
|    fps               | 90       |
|    iterations        | 782      |
|    time_elapsed      | 53320    |
|    total_timesteps   | 4804608  |
-----------------------------------
-----------------------------------------
| rollout/                |             |
|    ep_len_mean          | 246         |
|    ep_rew_mean          | -70.3       |
| time/                   |             |
|    fps                  | 90          |
|    iterations           | 783         |
|    time_elapsed         | 53383       |
|    total_timesteps      | 4810752     |
| train/                  |             |
|    approx_kl            | 0.028440157 |
|    clip_fraction        | 0.243       |
|    clip_range           | 0.2         |
|    entropy_loss         | -1.91       |
|    explained_variance   | 0.914       |
|    learning_rate        | 0.0003      |
|    loss                 | 0.729       |
|    n_updates            | 7820        |
|    policy_gradient_loss | 0.00421     |
|    std                  | 0.396       |
|    value_loss           | 3.48e+03    |
-----------------------------------------
----------------------------------------
| curriculum/             |            |
|    chase_probability    | 0.5        |
| rollout/                |            |
|    ep_len_mean          | 259        |
|    ep_rew_mean          | -230       |
| time/                   |            |
|    fps                  | 90         |
|    iterations           | 784        |
|    time_elapsed         | 53450      |
|    total_timesteps      | 4816896    |
| train/                  |            |
|    approx_kl            | 0.11454896 |
|    clip_fraction        | 0.445      |
|    clip_range           | 0.2        |
|    entropy_loss         | -1.9       |
|    explained_variance   | 0.923      |
|    learning_rate        | 0.0003     |
|    loss                 | 2.78       |
|    n_updates            | 7830       |
|    policy_gradient_loss | 0.026      |
|    std                  | 0.396      |
|    value_loss           | 4.62e+03   |
----------------------------------------
-----------------------------------------
| rollout/                |             |
|    ep_len_mean          | 267         |
|    ep_rew_mean          | -250        |
| time/                   |             |
|    fps                  | 90          |
|    iterations           | 785         |
|    time_elapsed         | 53509       |
|    total_timesteps      | 4823040     |
| train/                  |             |
|    approx_kl            | 0.019708134 |
|    clip_fraction        | 0.199       |
|    clip_range           | 0.2         |
|    entropy_loss         | -1.9        |
|    explained_variance   | 0.923       |
|    learning_rate        | 0.0003      |
|    loss                 | 0.297       |
|    n_updates            | 7840        |
|    policy_gradient_loss | 5.98e-05    |
|    std                  | 0.395       |
|    value_loss           | 1.74e+03    |
-----------------------------------------
-----------------------------------------
| curriculum/             |             |
|    chase_probability    | 0.5         |
| rollout/                |             |
|    ep_len_mean          | 267         |
|    ep_rew_mean          | -248        |
| time/                   |             |
|    fps                  | 90          |
|    iterations           | 786         |
|    time_elapsed         | 53573       |
|    total_timesteps      | 4829184     |
| train/                  |             |
|    approx_kl            | 0.020428563 |
|    clip_fraction        | 0.174       |
|    clip_range           | 0.2         |
|    entropy_loss         | -1.9        |
|    explained_variance   | 0.509       |
|    learning_rate        | 0.0003      |
|    loss                 | 432         |
|    n_updates            | 7850        |
|    policy_gradient_loss | 0.000597    |
|    std                  | 0.396       |
|    value_loss           | 690         |
-----------------------------------------
-----------------------------------------
| curriculum/             |             |
|    chase_probability    | 0.5         |
| rollout/                |             |
|    ep_len_mean          | 272         |
|    ep_rew_mean          | -358        |
| time/                   |             |
|    fps                  | 90          |
|    iterations           | 787         |
|    time_elapsed         | 53632       |
|    total_timesteps      | 4835328     |
| train/                  |             |
|    approx_kl            | 0.031355806 |
|    clip_fraction        | 0.237       |
|    clip_range           | 0.2         |
|    entropy_loss         | -1.89       |
|    explained_variance   | 0.886       |
|    learning_rate        | 0.0003      |
|    loss                 | 149         |
|    n_updates            | 7860        |
|    policy_gradient_loss | 0.00817     |
|    std                  | 0.394       |
|    value_loss           | 7.15e+03    |
-----------------------------------------
----------------------------------------
| rollout/                |            |
|    ep_len_mean          | 289        |
|    ep_rew_mean          | -696       |
| time/                   |            |
|    fps                  | 90         |
|    iterations           | 788        |
|    time_elapsed         | 53689      |
|    total_timesteps      | 4841472    |
| train/                  |            |
|    approx_kl            | 0.04998077 |
|    clip_fraction        | 0.252      |
|    clip_range           | 0.2        |
|    entropy_loss         | -1.88      |
|    explained_variance   | 0.926      |
|    learning_rate        | 0.0003     |
|    loss                 | 1.79e+03   |
|    n_updates            | 7870       |
|    policy_gradient_loss | 0.00651    |
|    std                  | 0.394      |
|    value_loss           | 1.23e+04   |
----------------------------------------
-----------------------------------------
| curriculum/             |             |
|    chase_probability    | 0.5         |
| rollout/                |             |
|    ep_len_mean          | 284         |
|    ep_rew_mean          | -684        |
| time/                   |             |
|    fps                  | 90          |
|    iterations           | 789         |
|    time_elapsed         | 53749       |
|    total_timesteps      | 4847616     |
| train/                  |             |
|    approx_kl            | 0.023892025 |
|    clip_fraction        | 0.249       |
|    clip_range           | 0.2         |
|    entropy_loss         | -1.87       |
|    explained_variance   | 0.925       |
|    learning_rate        | 0.0003      |
|    loss                 | 1.07e+04    |
|    n_updates            | 7880        |
|    policy_gradient_loss | 0.00185     |
|    std                  | 0.391       |
|    value_loss           | 5.76e+03    |
-----------------------------------------
Eval num_timesteps=4849224, episode_reward=46.04 +/- 28.77
Episode length: 262.20 +/- 24.31
----------------------------------------
| eval/                   |            |
|    mean_ep_length       | 262        |
|    mean_reward          | 46         |
| time/                   |            |
|    total_timesteps      | 4849224    |
| train/                  |            |
|    approx_kl            | 0.03525823 |
|    clip_fraction        | 0.247      |
|    clip_range           | 0.2        |
|    entropy_loss         | -1.86      |
|    explained_variance   | 0.924      |
|    learning_rate        | 0.0003     |
|    loss                 | 2.48e+04   |
|    n_updates            | 7890       |
|    policy_gradient_loss | 0.00636    |
|    std                  | 0.392      |
|    value_loss           | 8.43e+03   |
----------------------------------------
[episode ends] timestep 4850388: crashed=3 (2%), max_steps=5 (3%), missed_goal=74 (42%), scored=93 (53%)
----------------------------------
| episode_end/       |           |
|    crashed         | 3         |
|    max_steps       | 5         |
|    missed_goal     | 74        |
|    scored          | 93        |
| rollout/           |           |
|    ep_len_mean     | 298       |
|    ep_rew_mean     | -1.01e+03 |
| time/              |           |
|    fps             | 90        |
|    iterations      | 790       |
|    time_elapsed    | 53824     |
|    total_timesteps | 4853760   |
----------------------------------
-----------------------------------------
| curriculum/             |             |
|    chase_probability    | 0.5         |
| rollout/                |             |
|    ep_len_mean          | 310         |
|    ep_rew_mean          | -1.2e+03    |
| time/                   |             |
|    fps                  | 90          |
|    iterations           | 791         |
|    time_elapsed         | 53879       |
|    total_timesteps      | 4859904     |
| train/                  |             |
|    approx_kl            | 0.014090362 |
|    clip_fraction        | 0.134       |
|    clip_range           | 0.2         |
|    entropy_loss         | -1.87       |
|    explained_variance   | 0.929       |
|    learning_rate        | 0.0003      |
|    loss                 | 2.56e+04    |
|    n_updates            | 7900        |
|    policy_gradient_loss | -0.00216    |
|    std                  | 0.393       |
|    value_loss           | 1.13e+04    |
-----------------------------------------
------------------------------------------
| curriculum/             |              |
|    chase_probability    | 0.5          |
| rollout/                |              |
|    ep_len_mean          | 305          |
|    ep_rew_mean          | -1.01e+03    |
| time/                   |              |
|    fps                  | 90           |
|    iterations           | 792          |
|    time_elapsed         | 53934        |
|    total_timesteps      | 4866048      |
| train/                  |              |
|    approx_kl            | 0.0067749857 |
|    clip_fraction        | 0.0703       |
|    clip_range           | 0.2          |
|    entropy_loss         | -1.87        |
|    explained_variance   | 0.911        |
|    learning_rate        | 0.0003       |
|    loss                 | 85.6         |
|    n_updates            | 7910         |
|    policy_gradient_loss | -0.00302     |
|    std                  | 0.393        |
|    value_loss           | 7.92e+03     |
------------------------------------------
----------------------------------------
| rollout/                |            |
|    ep_len_mean          | 297        |
|    ep_rew_mean          | -834       |
| time/                   |            |
|    fps                  | 90         |
|    iterations           | 793        |
|    time_elapsed         | 53996      |
|    total_timesteps      | 4872192    |
| train/                  |            |
|    approx_kl            | 0.02776576 |
|    clip_fraction        | 0.238      |
|    clip_range           | 0.2        |
|    entropy_loss         | -1.86      |
|    explained_variance   | 0.929      |
|    learning_rate        | 0.0003     |
|    loss                 | 1.02e+03   |
|    n_updates            | 7920       |
|    policy_gradient_loss | 0.00352    |
|    std                  | 0.392      |
|    value_loss           | 1.5e+03    |
----------------------------------------
-----------------------------------------
| curriculum/             |             |
|    chase_probability    | 0.5         |
| rollout/                |             |
|    ep_len_mean          | 297         |
|    ep_rew_mean          | -840        |
| time/                   |             |
|    fps                  | 90          |
|    iterations           | 794         |
|    time_elapsed         | 54055       |
|    total_timesteps      | 4878336     |
| train/                  |             |
|    approx_kl            | 0.031962987 |
|    clip_fraction        | 0.251       |
|    clip_range           | 0.2         |
|    entropy_loss         | -1.87       |
|    explained_variance   | 0.907       |
|    learning_rate        | 0.0003      |
|    loss                 | 3.2         |
|    n_updates            | 7930        |
|    policy_gradient_loss | 0.00759     |
|    std                  | 0.394       |
|    value_loss           | 4.69e+03    |
-----------------------------------------
-----------------------------------------
| curriculum/             |             |
|    chase_probability    | 0.5         |
| rollout/                |             |
|    ep_len_mean          | 274         |
|    ep_rew_mean          | -457        |
| time/                   |             |
|    fps                  | 90          |
|    iterations           | 795         |
|    time_elapsed         | 54118       |
|    total_timesteps      | 4884480     |
| train/                  |             |
|    approx_kl            | 0.022015795 |
|    clip_fraction        | 0.266       |
|    clip_range           | 0.2         |
|    entropy_loss         | -1.89       |
|    explained_variance   | 0.932       |
|    learning_rate        | 0.0003      |
|    loss                 | 4.08e+03    |
|    n_updates            | 7940        |
|    policy_gradient_loss | 0.00583     |
|    std                  | 0.395       |
|    value_loss           | 4.62e+03    |
-----------------------------------------
-----------------------------------------
| rollout/                |             |
|    ep_len_mean          | 263         |
|    ep_rew_mean          | -304        |
| time/                   |             |
|    fps                  | 90          |
|    iterations           | 796         |
|    time_elapsed         | 54180       |
|    total_timesteps      | 4890624     |
| train/                  |             |
|    approx_kl            | 0.028329656 |
|    clip_fraction        | 0.313       |
|    clip_range           | 0.2         |
|    entropy_loss         | -1.88       |
|    explained_variance   | 0.928       |
|    learning_rate        | 0.0003      |
|    loss                 | 2.16e+04    |
|    n_updates            | 7950        |
|    policy_gradient_loss | 0.00724     |
|    std                  | 0.392       |
|    value_loss           | 4.26e+03    |
-----------------------------------------
-----------------------------------------
| curriculum/             |             |
|    chase_probability    | 0.5         |
| rollout/                |             |
|    ep_len_mean          | 265         |
|    ep_rew_mean          | -452        |
| time/                   |             |
|    fps                  | 90          |
|    iterations           | 797         |
|    time_elapsed         | 54243       |
|    total_timesteps      | 4896768     |
| train/                  |             |
|    approx_kl            | 0.027988978 |
|    clip_fraction        | 0.24        |
|    clip_range           | 0.2         |
|    entropy_loss         | -1.86       |
|    explained_variance   | 0.934       |
|    learning_rate        | 0.0003      |
|    loss                 | 4.03        |
|    n_updates            | 7960        |
|    policy_gradient_loss | -0.00121    |
|    std                  | 0.393       |
|    value_loss           | 4.22e+03    |
-----------------------------------------
Eval num_timesteps=4899216, episode_reward=27.55 +/- 31.20
Episode length: 245.60 +/- 21.90
----------------------------------------
| eval/                   |            |
|    mean_ep_length       | 246        |
|    mean_reward          | 27.5       |
| time/                   |            |
|    total_timesteps      | 4899216    |
| train/                  |            |
|    approx_kl            | 0.04232766 |
|    clip_fraction        | 0.296      |
|    clip_range           | 0.2        |
|    entropy_loss         | -1.87      |
|    explained_variance   | 0.933      |
|    learning_rate        | 0.0003     |
|    loss                 | 815        |
|    n_updates            | 7970       |
|    policy_gradient_loss | 0.00329    |
|    std                  | 0.394      |
|    value_loss           | 507        |
----------------------------------------
[progress] timestep 4900392
[episode ends] timestep 4900392: crashed=3 (2%), max_steps=7 (4%), missed_goal=71 (38%), scored=106 (57%)
---------------------------------
| episode_end/       |          |
|    crashed         | 3        |
|    max_steps       | 7        |
|    missed_goal     | 71       |
|    scored          | 106      |
| rollout/           |          |
|    ep_len_mean     | 255      |
|    ep_rew_mean     | -283     |
| time/              |          |
|    fps             | 90       |
|    iterations      | 798      |
|    time_elapsed    | 54326    |
|    total_timesteps | 4902912  |
---------------------------------
-----------------------------------------
| curriculum/             |             |
|    chase_probability    | 0.5         |
| rollout/                |             |
|    ep_len_mean          | 246         |
|    ep_rew_mean          | -123        |
| time/                   |             |
|    fps                  | 90          |
|    iterations           | 799         |
|    time_elapsed         | 54393       |
|    total_timesteps      | 4909056     |
| train/                  |             |
|    approx_kl            | 0.078479946 |
|    clip_fraction        | 0.332       |
|    clip_range           | 0.2         |
|    entropy_loss         | -1.87       |
|    explained_variance   | 0.76        |
|    learning_rate        | 0.0003      |
|    loss                 | 0.472       |
|    n_updates            | 7980        |
|    policy_gradient_loss | 0.0125      |
|    std                  | 0.394       |
|    value_loss           | 18.2        |
-----------------------------------------
-----------------------------------------
| curriculum/             |             |
|    chase_probability    | 0.5         |
| rollout/                |             |
|    ep_len_mean          | 248         |
|    ep_rew_mean          | -120        |
| time/                   |             |
|    fps                  | 90          |
|    iterations           | 800         |
|    time_elapsed         | 54464       |
|    total_timesteps      | 4915200     |
| train/                  |             |
|    approx_kl            | 0.027036108 |
|    clip_fraction        | 0.282       |
|    clip_range           | 0.2         |
|    entropy_loss         | -1.87       |
|    explained_variance   | 0.943       |
|    learning_rate        | 0.0003      |
|    loss                 | 0.527       |
|    n_updates            | 7990        |
|    policy_gradient_loss | -0.00117    |
|    std                  | 0.393       |
|    value_loss           | 9.59        |
-----------------------------------------
-----------------------------------------
| rollout/                |             |
|    ep_len_mean          | 242         |
|    ep_rew_mean          | 32.8        |
| time/                   |             |
|    fps                  | 90          |
|    iterations           | 801         |
|    time_elapsed         | 54530       |
|    total_timesteps      | 4921344     |
| train/                  |             |
|    approx_kl            | 0.030639611 |
|    clip_fraction        | 0.237       |
|    clip_range           | 0.2         |
|    entropy_loss         | -1.87       |
|    explained_variance   | 0.777       |
|    learning_rate        | 0.0003      |
|    loss                 | 1.85        |
|    n_updates            | 8000        |
|    policy_gradient_loss | -0.00162    |
|    std                  | 0.393       |
|    value_loss           | 48.8        |
-----------------------------------------
-----------------------------------------
| curriculum/             |             |
|    chase_probability    | 0.5         |
| rollout/                |             |
|    ep_len_mean          | 246         |
|    ep_rew_mean          | 33.1        |
| time/                   |             |
|    fps                  | 90          |
|    iterations           | 802         |
|    time_elapsed         | 54595       |
|    total_timesteps      | 4927488     |
| train/                  |             |
|    approx_kl            | 0.032638002 |
|    clip_fraction        | 0.244       |
|    clip_range           | 0.2         |
|    entropy_loss         | -1.86       |
|    explained_variance   | 0.704       |
|    learning_rate        | 0.0003      |
|    loss                 | 1.28        |
|    n_updates            | 8010        |
|    policy_gradient_loss | 0.000597    |
|    std                  | 0.392       |
|    value_loss           | 37.4        |
-----------------------------------------
-----------------------------------------
| rollout/                |             |
|    ep_len_mean          | 250         |
|    ep_rew_mean          | 32.9        |
| time/                   |             |
|    fps                  | 90          |
|    iterations           | 803         |
|    time_elapsed         | 54656       |
|    total_timesteps      | 4933632     |
| train/                  |             |
|    approx_kl            | 0.023017244 |
|    clip_fraction        | 0.24        |
|    clip_range           | 0.2         |
|    entropy_loss         | -1.85       |
|    explained_variance   | 0.729       |
|    learning_rate        | 0.0003      |
|    loss                 | 0.943       |
|    n_updates            | 8020        |
|    policy_gradient_loss | -0.00256    |
|    std                  | 0.391       |
|    value_loss           | 135         |
-----------------------------------------
----------------------------------------
| curriculum/             |            |
|    chase_probability    | 0.5        |
| rollout/                |            |
|    ep_len_mean          | 250        |
|    ep_rew_mean          | 37.3       |
| time/                   |            |
|    fps                  | 90         |
|    iterations           | 804        |
|    time_elapsed         | 54720      |
|    total_timesteps      | 4939776    |
| train/                  |            |
|    approx_kl            | 0.06736267 |
|    clip_fraction        | 0.312      |
|    clip_range           | 0.2        |
|    entropy_loss         | -1.84      |
|    explained_variance   | 0.692      |
|    learning_rate        | 0.0003     |
|    loss                 | 0.137      |
|    n_updates            | 8030       |
|    policy_gradient_loss | 0.00494    |
|    std                  | 0.389      |
|    value_loss           | 136        |
----------------------------------------
-----------------------------------------
| curriculum/             |             |
|    chase_probability    | 0.5         |
| rollout/                |             |
|    ep_len_mean          | 251         |
|    ep_rew_mean          | 40.4        |
| time/                   |             |
|    fps                  | 90          |
|    iterations           | 805         |
|    time_elapsed         | 54781       |
|    total_timesteps      | 4945920     |
| train/                  |             |
|    approx_kl            | 0.029481947 |
|    clip_fraction        | 0.276       |
|    clip_range           | 0.2         |
|    entropy_loss         | -1.83       |
|    explained_variance   | 0.65        |
|    learning_rate        | 0.0003      |
|    loss                 | 260         |
|    n_updates            | 8040        |
|    policy_gradient_loss | 0.00111     |
|    std                  | 0.388       |
|    value_loss           | 83.7        |
-----------------------------------------
Eval num_timesteps=4949208, episode_reward=33.70 +/- 42.73
Episode length: 305.70 +/- 145.23
-----------------------------------------
| eval/                   |             |
|    mean_ep_length       | 306         |
|    mean_reward          | 33.7        |
| time/                   |             |
|    total_timesteps      | 4949208     |
| train/                  |             |
|    approx_kl            | 0.028270856 |
|    clip_fraction        | 0.359       |
|    clip_range           | 0.2         |
|    entropy_loss         | -1.83       |
|    explained_variance   | 0.793       |
|    learning_rate        | 0.0003      |
|    loss                 | 1.32        |
|    n_updates            | 8050        |
|    policy_gradient_loss | 0.0116      |
|    std                  | 0.389       |
|    value_loss           | 2.41e+03    |
-----------------------------------------
[episode ends] timestep 4950396: missed_goal=62 (32%), scored=133 (68%)
---------------------------------
| episode_end/       |          |
|    missed_goal     | 62       |
|    scored          | 133      |
| rollout/           |          |
|    ep_len_mean     | 258      |
|    ep_rew_mean     | -137     |
| time/              |          |
|    fps             | 90       |
|    iterations      | 806      |
|    time_elapsed    | 54861    |
|    total_timesteps | 4952064  |
---------------------------------
-----------------------------------------
| curriculum/             |             |
|    chase_probability    | 0.5         |
| rollout/                |             |
|    ep_len_mean          | 257         |
|    ep_rew_mean          | -138        |
| time/                   |             |
|    fps                  | 90          |
|    iterations           | 807         |
|    time_elapsed         | 54923       |
|    total_timesteps      | 4958208     |
| train/                  |             |
|    approx_kl            | 0.033308256 |
|    clip_fraction        | 0.326       |
|    clip_range           | 0.2         |
|    entropy_loss         | -1.84       |
|    explained_variance   | 0.931       |
|    learning_rate        | 0.0003      |
|    loss                 | 92.2        |
|    n_updates            | 8060        |
|    policy_gradient_loss | 0.0116      |
|    std                  | 0.39        |
|    value_loss           | 3.48e+03    |
-----------------------------------------
-----------------------------------------
| curriculum/             |             |
|    chase_probability    | 0.5         |
| rollout/                |             |
|    ep_len_mean          | 258         |
|    ep_rew_mean          | -139        |
| time/                   |             |
|    fps                  | 90          |
|    iterations           | 808         |
|    time_elapsed         | 54990       |
|    total_timesteps      | 4964352     |
| train/                  |             |
|    approx_kl            | 0.055579793 |
|    clip_fraction        | 0.246       |
|    clip_range           | 0.2         |
|    entropy_loss         | -1.83       |
|    explained_variance   | 0.604       |
|    learning_rate        | 0.0003      |
|    loss                 | 0.337       |
|    n_updates            | 8070        |
|    policy_gradient_loss | -0.00131    |
|    std                  | 0.389       |
|    value_loss           | 142         |
-----------------------------------------
-----------------------------------------
| rollout/                |             |
|    ep_len_mean          | 258         |
|    ep_rew_mean          | -143        |
| time/                   |             |
|    fps                  | 90          |
|    iterations           | 809         |
|    time_elapsed         | 55051       |
|    total_timesteps      | 4970496     |
| train/                  |             |
|    approx_kl            | 0.030367488 |
|    clip_fraction        | 0.336       |
|    clip_range           | 0.2         |
|    entropy_loss         | -1.83       |
|    explained_variance   | 0.791       |
|    learning_rate        | 0.0003      |
|    loss                 | 1.42        |
|    n_updates            | 8080        |
|    policy_gradient_loss | 0.00979     |
|    std                  | 0.388       |
|    value_loss           | 432         |
-----------------------------------------
----------------------------------------
| curriculum/             |            |
|    chase_probability    | 0.5        |
| rollout/                |            |
|    ep_len_mean          | 258        |
|    ep_rew_mean          | -138       |
| time/                   |            |
|    fps                  | 90         |
|    iterations           | 810        |
|    time_elapsed         | 55117      |
|    total_timesteps      | 4976640    |
| train/                  |            |
|    approx_kl            | 0.03217132 |
|    clip_fraction        | 0.208      |
|    clip_range           | 0.2        |
|    entropy_loss         | -1.82      |
|    explained_variance   | 0.873      |
|    learning_rate        | 0.0003     |
|    loss                 | 3.37       |
|    n_updates            | 8090       |
|    policy_gradient_loss | -0.00422   |
|    std                  | 0.386      |
|    value_loss           | 581        |
----------------------------------------
-----------------------------------------
| rollout/                |             |
|    ep_len_mean          | 258         |
|    ep_rew_mean          | -139        |
| time/                   |             |
|    fps                  | 90          |
|    iterations           | 811         |
|    time_elapsed         | 55175       |
|    total_timesteps      | 4982784     |
| train/                  |             |
|    approx_kl            | 0.029173857 |
|    clip_fraction        | 0.267       |
|    clip_range           | 0.2         |
|    entropy_loss         | -1.81       |
|    explained_variance   | 0.921       |
|    learning_rate        | 0.0003      |
|    loss                 | 7.31        |
|    n_updates            | 8100        |
|    policy_gradient_loss | 0.00442     |
|    std                  | 0.387       |
|    value_loss           | 5.78e+03    |
-----------------------------------------
-----------------------------------------
| curriculum/             |             |
|    chase_probability    | 0.5         |
| rollout/                |             |
|    ep_len_mean          | 271         |
|    ep_rew_mean          | -404        |
| time/                   |             |
|    fps                  | 90          |
|    iterations           | 812         |
|    time_elapsed         | 55235       |
|    total_timesteps      | 4988928     |
| train/                  |             |
|    approx_kl            | 0.071830146 |
|    clip_fraction        | 0.336       |
|    clip_range           | 0.2         |
|    entropy_loss         | -1.81       |
|    explained_variance   | 0.934       |
|    learning_rate        | 0.0003      |
|    loss                 | 1.32        |
|    n_updates            | 8110        |
|    policy_gradient_loss | 0.0235      |
|    std                  | 0.386       |
|    value_loss           | 7.51e+03    |
-----------------------------------------
-----------------------------------------
| curriculum/             |             |
|    chase_probability    | 0.5         |
| rollout/                |             |
|    ep_len_mean          | 267         |
|    ep_rew_mean          | -401        |
| time/                   |             |
|    fps                  | 90          |
|    iterations           | 813         |
|    time_elapsed         | 55295       |
|    total_timesteps      | 4995072     |
| train/                  |             |
|    approx_kl            | 0.040297557 |
|    clip_fraction        | 0.192       |
|    clip_range           | 0.2         |
|    entropy_loss         | -1.8        |
|    explained_variance   | 0.906       |
|    learning_rate        | 0.0003      |
|    loss                 | 6.85e+03    |
|    n_updates            | 8120        |
|    policy_gradient_loss | 0.00374     |
|    std                  | 0.386       |
|    value_loss           | 3.46e+03    |
-----------------------------------------
Eval num_timesteps=4999200, episode_reward=-1708.72 +/- 4945.14
Episode length: 326.40 +/- 225.89
----------------------------------------
| eval/                   |            |
|    mean_ep_length       | 326        |
|    mean_reward          | -1.71e+03  |
| time/                   |            |
|    total_timesteps      | 4999200    |
| train/                  |            |
|    approx_kl            | 0.03010512 |
|    clip_fraction        | 0.384      |
|    clip_range           | 0.2        |
|    entropy_loss         | -1.8       |
|    explained_variance   | 0.937      |
|    learning_rate        | 0.0003     |
|    loss                 | 1.08e+04   |
|    n_updates            | 8130       |
|    policy_gradient_loss | 0.0202     |
|    std                  | 0.386      |
|    value_loss           | 4.15e+03   |
----------------------------------------
[progress] timestep 5000400
[episode ends] timestep 5000400: crashed=2 (1%), max_steps=4 (2%), missed_goal=52 (27%), scored=135 (70%)
---------------------------------
| episode_end/       |          |
|    crashed         | 2        |
|    max_steps       | 4        |
|    missed_goal     | 52       |
|    scored          | 135      |
| rollout/           |          |
|    ep_len_mean     | 274      |
|    ep_rew_mean     | -566     |
| time/              |          |
|    fps             | 90       |
|    iterations      | 814      |
|    time_elapsed    | 55379    |
|    total_timesteps | 5001216  |
---------------------------------
Training complete. Model saved to drone_soccer_ppo_v4.0.zip
