pybullet build time: Sep 16 2026 22:14:57
pybullet build time: Sep 16 2026 22:14:57
pybullet build time: Sep 16 2026 22:14:57
pybullet build time: Sep 16 2026 22:14:57
pybullet build time: Sep 16 2026 22:14:57
pybullet build time: Sep 16 2026 22:14:57
pybullet build time: Sep 16 2026 22:14:57
pybullet build time: Sep 16 2026 22:14:57
pybullet build time: Sep 16 2026 22:14:57
pybullet build time: Sep 16 2026 22:14:57
pybullet build time: Sep 16 2026 22:14:57
Logging to ./tb_logs/RecurrentPPO_v3_continued_0
C:\Users\Oat\OneDrive - UTS\Spring 2026\Reinforcement Learning\A3\Precision-Strike\.venv\Lib\site-packages\stable_baselines3\common\callbacks.py:419: UserWarning: Training and eval env are not of the same type<stable_baselines3.common.vec_env.subproc_vec_env.SubprocVecEnv object at 0x0000021A13D57450> != <stable_baselines3.common.vec_env.dummy_vec_env.DummyVecEnv object at 0x0000021A39543ED0>
  warnings.warn("Training and eval env are not of the same type" f"{self.training_env} != {self.eval_env}")
[progress] timestep 1003530
---------------------------------
| rollout/           |          |
|    ep_len_mean     | 200      |
|    ep_rew_mean     | -6.99    |
| time/              |          |
|    fps             | 978      |
|    iterations      | 1        |
|    time_elapsed    | 5        |
|    total_timesteps | 1008640  |
---------------------------------
------------------------------------------
| rollout/                |              |
|    ep_len_mean          | 209          |
|    ep_rew_mean          | -7.31        |
| time/                   |              |
|    fps                  | 185          |
|    iterations           | 2            |
|    time_elapsed         | 55           |
|    total_timesteps      | 1013760      |
| train/                  |              |
|    approx_kl            | 0.0060944376 |
|    clip_fraction        | 0.074        |
|    clip_range           | 0.2          |
|    entropy_loss         | -7.05        |
|    explained_variance   | 0.0479       |
|    learning_rate        | 0.0003       |
|    loss                 | 312          |
|    n_updates            | 2460         |
|    policy_gradient_loss | -0.00574     |
|    std                  | 1.43         |
|    value_loss           | 70.3         |
------------------------------------------
------------------------------------------
| rollout/                |              |
|    ep_len_mean          | 204          |
|    ep_rew_mean          | -11.5        |
| time/                   |              |
|    fps                  | 150          |
|    iterations           | 3            |
|    time_elapsed         | 101          |
|    total_timesteps      | 1018880      |
| train/                  |              |
|    approx_kl            | 0.0057930658 |
|    clip_fraction        | 0.0424       |
|    clip_range           | 0.2          |
|    entropy_loss         | -7.05        |
|    explained_variance   | 0.497        |
|    learning_rate        | 0.0003       |
|    loss                 | 0.806        |
|    n_updates            | 2470         |
|    policy_gradient_loss | -0.00642     |
|    std                  | 1.42         |
|    value_loss           | 20.7         |
------------------------------------------
-----------------------------------------
| rollout/                |             |
|    ep_len_mean          | 204         |
|    ep_rew_mean          | -17.1       |
| time/                   |             |
|    fps                  | 140         |
|    iterations           | 4           |
|    time_elapsed         | 145         |
|    total_timesteps      | 1024000     |
| train/                  |             |
|    approx_kl            | 0.008370781 |
|    clip_fraction        | 0.0505      |
|    clip_range           | 0.2         |
|    entropy_loss         | -7.04       |
|    explained_variance   | 0.585       |
|    learning_rate        | 0.0003      |
|    loss                 | 60.1        |
|    n_updates            | 2480        |
|    policy_gradient_loss | -0.00753    |
|    std                  | 1.42        |
|    value_loss           | 23.6        |
-----------------------------------------
------------------------------------------
| rollout/                |              |
|    ep_len_mean          | 215          |
|    ep_rew_mean          | -20.3        |
| time/                   |              |
|    fps                  | 135          |
|    iterations           | 5            |
|    time_elapsed         | 189          |
|    total_timesteps      | 1029120      |
| train/                  |              |
|    approx_kl            | 0.0063362396 |
|    clip_fraction        | 0.0426       |
|    clip_range           | 0.2          |
|    entropy_loss         | -7.04        |
|    explained_variance   | 0.595        |
|    learning_rate        | 0.0003       |
|    loss                 | 0.144        |
|    n_updates            | 2490         |
|    policy_gradient_loss | -0.0054      |
|    std                  | 1.42         |
|    value_loss           | 24.5         |
------------------------------------------
---------------------------------------
| rollout/                |           |
|    ep_len_mean          | 227       |
|    ep_rew_mean          | -18.4     |
| time/                   |           |
|    fps                  | 127       |
|    iterations           | 6         |
|    time_elapsed         | 240       |
|    total_timesteps      | 1034240   |
| train/                  |           |
|    approx_kl            | 0.0094148 |
|    clip_fraction        | 0.0467    |
|    clip_range           | 0.2       |
|    entropy_loss         | -7.04     |
|    explained_variance   | 0.544     |
|    learning_rate        | 0.0003    |
|    loss                 | 0.558     |
|    n_updates            | 2500      |
|    policy_gradient_loss | -0.00764  |
|    std                  | 1.42      |
|    value_loss           | 33.1      |
---------------------------------------
-----------------------------------------
| rollout/                |             |
|    ep_len_mean          | 229         |
|    ep_rew_mean          | -19.9       |
| time/                   |             |
|    fps                  | 124         |
|    iterations           | 7           |
|    time_elapsed         | 288         |
|    total_timesteps      | 1039360     |
| train/                  |             |
|    approx_kl            | 0.008459257 |
|    clip_fraction        | 0.0492      |
|    clip_range           | 0.2         |
|    entropy_loss         | -7.04       |
|    explained_variance   | 0.735       |
|    learning_rate        | 0.0003      |
|    loss                 | 0.661       |
|    n_updates            | 2510        |
|    policy_gradient_loss | -0.00836    |
|    std                  | 1.42        |
|    value_loss           | 9.44        |
-----------------------------------------
-----------------------------------------
| rollout/                |             |
|    ep_len_mean          | 232         |
|    ep_rew_mean          | -20.1       |
| time/                   |             |
|    fps                  | 121         |
|    iterations           | 8           |
|    time_elapsed         | 336         |
|    total_timesteps      | 1044480     |
| train/                  |             |
|    approx_kl            | 0.008081396 |
|    clip_fraction        | 0.0749      |
|    clip_range           | 0.2         |
|    entropy_loss         | -7.03       |
|    explained_variance   | 0.426       |
|    learning_rate        | 0.0003      |
|    loss                 | 0.701       |
|    n_updates            | 2520        |
|    policy_gradient_loss | -0.00844    |
|    std                  | 1.42        |
|    value_loss           | 65          |
-----------------------------------------
----------------------------------------
| rollout/                |            |
|    ep_len_mean          | 242        |
|    ep_rew_mean          | -22.1      |
| time/                   |            |
|    fps                  | 119        |
|    iterations           | 9          |
|    time_elapsed         | 386        |
|    total_timesteps      | 1049600    |
| train/                  |            |
|    approx_kl            | 0.00805579 |
|    clip_fraction        | 0.0582     |
|    clip_range           | 0.2        |
|    entropy_loss         | -7.03      |
|    explained_variance   | 0.234      |
|    learning_rate        | 0.0003     |
|    loss                 | 697        |
|    n_updates            | 2530       |
|    policy_gradient_loss | -0.01      |
|    std                  | 1.42       |
|    value_loss           | 138        |
----------------------------------------
Eval num_timesteps=1053520, episode_reward=-31.67 +/- 63.19
Episode length: 270.50 +/- 59.00
----------------------------------------
| eval/                   |            |
|    mean_ep_length       | 270        |
|    mean_reward          | -31.7      |
| time/                   |            |
|    total_timesteps      | 1053520    |
| train/                  |            |
|    approx_kl            | 0.00946778 |
|    clip_fraction        | 0.0761     |
|    clip_range           | 0.2        |
|    entropy_loss         | -7.03      |
|    explained_variance   | 0.391      |
|    learning_rate        | 0.0003     |
|    loss                 | 0.796      |
|    n_updates            | 2540       |
|    policy_gradient_loss | -0.0131    |
|    std                  | 1.42       |
|    value_loss           | 53.3       |
----------------------------------------
New best mean reward!
[episode ends] timestep 1053530: crashed=1 (0%), flipped=167 (77%), missed_goal=36 (17%), out_of_bounds=7 (3%), scored=6 (3%)
---------------------------------
| episode_end/       |          |
|    crashed         | 1        |
|    flipped         | 167      |
|    missed_goal     | 36       |
|    out_of_bounds   | 7        |
|    scored          | 6        |
| rollout/           |          |
|    ep_len_mean     | 243      |
|    ep_rew_mean     | -21.3    |
| time/              |          |
|    fps             | 117      |
|    iterations      | 10       |
|    time_elapsed    | 434      |
|    total_timesteps | 1054720  |
---------------------------------
-----------------------------------------
| rollout/                |             |
|    ep_len_mean          | 244         |
|    ep_rew_mean          | -18.8       |
| time/                   |             |
|    fps                  | 117         |
|    iterations           | 11          |
|    time_elapsed         | 480         |
|    total_timesteps      | 1059840     |
| train/                  |             |
|    approx_kl            | 0.013552557 |
|    clip_fraction        | 0.0911      |
|    clip_range           | 0.2         |
|    entropy_loss         | -7.04       |
|    explained_variance   | 0.598       |
|    learning_rate        | 0.0003      |
|    loss                 | 15          |
|    n_updates            | 2550        |
|    policy_gradient_loss | -0.0112     |
|    std                  | 1.42        |
|    value_loss           | 28          |
-----------------------------------------
-----------------------------------------
| rollout/                |             |
|    ep_len_mean          | 235         |
|    ep_rew_mean          | -23.7       |
| time/                   |             |
|    fps                  | 117         |
|    iterations           | 12          |
|    time_elapsed         | 524         |
|    total_timesteps      | 1064960     |
| train/                  |             |
|    approx_kl            | 0.013725598 |
|    clip_fraction        | 0.098       |
|    clip_range           | 0.2         |
|    entropy_loss         | -7.04       |
|    explained_variance   | 0.818       |
|    learning_rate        | 0.0003      |
|    loss                 | 0.303       |
|    n_updates            | 2560        |
|    policy_gradient_loss | -0.00913    |
|    std                  | 1.43        |
|    value_loss           | 5.62        |
-----------------------------------------
-----------------------------------------
| rollout/                |             |
|    ep_len_mean          | 244         |
|    ep_rew_mean          | -25.1       |
| time/                   |             |
|    fps                  | 116         |
|    iterations           | 13          |
|    time_elapsed         | 573         |
|    total_timesteps      | 1070080     |
| train/                  |             |
|    approx_kl            | 0.017717008 |
|    clip_fraction        | 0.11        |
|    clip_range           | 0.2         |
|    entropy_loss         | -7.05       |
|    explained_variance   | 0.464       |
|    learning_rate        | 0.0003      |
|    loss                 | 5.14        |
|    n_updates            | 2570        |
|    policy_gradient_loss | -0.0104     |
|    std                  | 1.43        |
|    value_loss           | 59.5        |
-----------------------------------------
----------------------------------------
| rollout/                |            |
|    ep_len_mean          | 247        |
|    ep_rew_mean          | -26.8      |
| time/                   |            |
|    fps                  | 116        |
|    iterations           | 14         |
|    time_elapsed         | 617        |
|    total_timesteps      | 1075200    |
| train/                  |            |
|    approx_kl            | 0.01320448 |
|    clip_fraction        | 0.119      |
|    clip_range           | 0.2        |
|    entropy_loss         | -7.04      |
|    explained_variance   | 0.358      |
|    learning_rate        | 0.0003     |
|    loss                 | 3.35       |
|    n_updates            | 2580       |
|    policy_gradient_loss | -0.0111    |
|    std                  | 1.43       |
|    value_loss           | 100        |
----------------------------------------
-----------------------------------------
| rollout/                |             |
|    ep_len_mean          | 249         |
|    ep_rew_mean          | -30.8       |
| time/                   |             |
|    fps                  | 116         |
|    iterations           | 15          |
|    time_elapsed         | 661         |
|    total_timesteps      | 1080320     |
| train/                  |             |
|    approx_kl            | 0.013524657 |
|    clip_fraction        | 0.12        |
|    clip_range           | 0.2         |
|    entropy_loss         | -7.04       |
|    explained_variance   | 0.196       |
|    learning_rate        | 0.0003      |
|    loss                 | 1.6         |
|    n_updates            | 2590        |
|    policy_gradient_loss | -0.00636    |
|    std                  | 1.43        |
|    value_loss           | 157         |
-----------------------------------------
-----------------------------------------
| rollout/                |             |
|    ep_len_mean          | 265         |
|    ep_rew_mean          | -29.7       |
| time/                   |             |
|    fps                  | 115         |
|    iterations           | 16          |
|    time_elapsed         | 710         |
|    total_timesteps      | 1085440     |
| train/                  |             |
|    approx_kl            | 0.030611157 |
|    clip_fraction        | 0.214       |
|    clip_range           | 0.2         |
|    entropy_loss         | -7.04       |
|    explained_variance   | 0.855       |
|    learning_rate        | 0.0003      |
|    loss                 | 0.029       |
|    n_updates            | 2600        |
|    policy_gradient_loss | -0.00052    |
|    std                  | 1.43        |
|    value_loss           | 4.32        |
-----------------------------------------
---------------------------------------
| rollout/                |           |
|    ep_len_mean          | 274       |
|    ep_rew_mean          | -27.3     |
| time/                   |           |
|    fps                  | 115       |
|    iterations           | 17        |
|    time_elapsed         | 755       |
|    total_timesteps      | 1090560   |
| train/                  |           |
|    approx_kl            | 0.0164874 |
|    clip_fraction        | 0.178     |
|    clip_range           | 0.2       |
|    entropy_loss         | -7.06     |
|    explained_variance   | 0.925     |
|    learning_rate        | 0.0003    |
|    loss                 | 1.94      |
|    n_updates            | 2610      |
|    policy_gradient_loss | -0.00655  |
|    std                  | 1.43      |
|    value_loss           | 2.29      |
---------------------------------------
--------------------------------------
| rollout/                |          |
|    ep_len_mean          | 268      |
|    ep_rew_mean          | -24.7    |
| time/                   |          |
|    fps                  | 114      |
|    iterations           | 18       |
|    time_elapsed         | 806      |
|    total_timesteps      | 1095680  |
| train/                  |          |
|    approx_kl            | 0.042875 |
|    clip_fraction        | 0.181    |
|    clip_range           | 0.2      |
|    entropy_loss         | -7.05    |
|    explained_variance   | 0.299    |
|    learning_rate        | 0.0003   |
|    loss                 | 0.387    |
|    n_updates            | 2620     |
|    policy_gradient_loss | -0.00345 |
|    std                  | 1.43     |
|    value_loss           | 75       |
--------------------------------------
-----------------------------------------
| rollout/                |             |
|    ep_len_mean          | 276         |
|    ep_rew_mean          | -23.4       |
| time/                   |             |
|    fps                  | 114         |
|    iterations           | 19          |
|    time_elapsed         | 852         |
|    total_timesteps      | 1100800     |
| train/                  |             |
|    approx_kl            | 0.017714709 |
|    clip_fraction        | 0.144       |
|    clip_range           | 0.2         |
|    entropy_loss         | -7.05       |
|    explained_variance   | 0.678       |
|    learning_rate        | 0.0003      |
|    loss                 | 0.453       |
|    n_updates            | 2630        |
|    policy_gradient_loss | -0.0092     |
|    std                  | 1.43        |
|    value_loss           | 19.7        |
-----------------------------------------
Eval num_timesteps=1103520, episode_reward=-10.56 +/- 13.37
Episode length: 256.00 +/- 76.90
-----------------------------------------
| eval/                   |             |
|    mean_ep_length       | 256         |
|    mean_reward          | -10.6       |
| time/                   |             |
|    total_timesteps      | 1103520     |
| train/                  |             |
|    approx_kl            | 0.026013065 |
|    clip_fraction        | 0.177       |
|    clip_range           | 0.2         |
|    entropy_loss         | -7.05       |
|    explained_variance   | 0.494       |
|    learning_rate        | 0.0003      |
|    loss                 | 95.8        |
|    n_updates            | 2640        |
|    policy_gradient_loss | -0.00551    |
|    std                  | 1.43        |
|    value_loss           | 34.5        |
-----------------------------------------
New best mean reward!
[progress] timestep 1103530
[episode ends] timestep 1103530: flipped=157 (82%), missed_goal=27 (14%), out_of_bounds=4 (2%), scored=4 (2%)
---------------------------------
| episode_end/       |          |
|    flipped         | 157      |
|    missed_goal     | 27       |
|    out_of_bounds   | 4        |
|    scored          | 4        |
| rollout/           |          |
|    ep_len_mean     | 273      |
|    ep_rew_mean     | -22.7    |
| time/              |          |
|    fps             | 113      |
|    iterations      | 20       |
|    time_elapsed    | 902      |
|    total_timesteps | 1105920  |
---------------------------------
----------------------------------------
| rollout/                |            |
|    ep_len_mean          | 275        |
|    ep_rew_mean          | -21.9      |
| time/                   |            |
|    fps                  | 112        |
|    iterations           | 21         |
|    time_elapsed         | 951        |
|    total_timesteps      | 1111040    |
| train/                  |            |
|    approx_kl            | 0.01822539 |
|    clip_fraction        | 0.155      |
|    clip_range           | 0.2        |
|    entropy_loss         | -7.07      |
|    explained_variance   | 0.334      |
|    learning_rate        | 0.0003     |
|    loss                 | 0.963      |
|    n_updates            | 2650       |
|    policy_gradient_loss | -0.00558   |
|    std                  | 1.44       |
|    value_loss           | 117        |
----------------------------------------
-----------------------------------------
| rollout/                |             |
|    ep_len_mean          | 275         |
|    ep_rew_mean          | -22.5       |
| time/                   |             |
|    fps                  | 112         |
|    iterations           | 22          |
|    time_elapsed         | 996         |
|    total_timesteps      | 1116160     |
| train/                  |             |
|    approx_kl            | 0.028268058 |
|    clip_fraction        | 0.222       |
|    clip_range           | 0.2         |
|    entropy_loss         | -7.07       |
|    explained_variance   | 0.826       |
|    learning_rate        | 0.0003      |
|    loss                 | 0.26        |
|    n_updates            | 2660        |
|    policy_gradient_loss | 0.000594    |
|    std                  | 1.44        |
|    value_loss           | 7.29        |
-----------------------------------------
-----------------------------------------
| rollout/                |             |
|    ep_len_mean          | 284         |
|    ep_rew_mean          | -22.3       |
| time/                   |             |
|    fps                  | 113         |
|    iterations           | 23          |
|    time_elapsed         | 1041        |
|    total_timesteps      | 1121280     |
| train/                  |             |
|    approx_kl            | 0.042625062 |
|    clip_fraction        | 0.207       |
|    clip_range           | 0.2         |
|    entropy_loss         | -7.06       |
|    explained_variance   | 0.809       |
|    learning_rate        | 0.0003      |
|    loss                 | 0.131       |
|    n_updates            | 2670        |
|    policy_gradient_loss | -0.00506    |
|    std                  | 1.44        |
|    value_loss           | 6.44        |
-----------------------------------------
-----------------------------------------
| rollout/                |             |
|    ep_len_mean          | 271         |
|    ep_rew_mean          | -22         |
| time/                   |             |
|    fps                  | 112         |
|    iterations           | 24          |
|    time_elapsed         | 1095        |
|    total_timesteps      | 1126400     |
| train/                  |             |
|    approx_kl            | 0.014978947 |
|    clip_fraction        | 0.156       |
|    clip_range           | 0.2         |
|    entropy_loss         | -7.07       |
|    explained_variance   | 0.685       |
|    learning_rate        | 0.0003      |
|    loss                 | 1.72        |
|    n_updates            | 2680        |
|    policy_gradient_loss | -0.00416    |
|    std                  | 1.44        |
|    value_loss           | 22          |
-----------------------------------------
-----------------------------------------
| rollout/                |             |
|    ep_len_mean          | 265         |
|    ep_rew_mean          | -18.8       |
| time/                   |             |
|    fps                  | 111         |
|    iterations           | 25          |
|    time_elapsed         | 1146        |
|    total_timesteps      | 1131520     |
| train/                  |             |
|    approx_kl            | 0.018413018 |
|    clip_fraction        | 0.128       |
|    clip_range           | 0.2         |
|    entropy_loss         | -7.06       |
|    explained_variance   | 0.625       |
|    learning_rate        | 0.0003      |
|    loss                 | 1.51        |
|    n_updates            | 2690        |
|    policy_gradient_loss | -0.00633    |
|    std                  | 1.43        |
|    value_loss           | 22.5        |
-----------------------------------------
-----------------------------------------
| rollout/                |             |
|    ep_len_mean          | 251         |
|    ep_rew_mean          | -16.7       |
| time/                   |             |
|    fps                  | 111         |
|    iterations           | 26          |
|    time_elapsed         | 1192        |
|    total_timesteps      | 1136640     |
| train/                  |             |
|    approx_kl            | 0.016171586 |
|    clip_fraction        | 0.121       |
|    clip_range           | 0.2         |
|    entropy_loss         | -7.06       |
|    explained_variance   | 0.904       |
|    learning_rate        | 0.0003      |
|    loss                 | 1.46        |
|    n_updates            | 2700        |
|    policy_gradient_loss | -0.0125     |
|    std                  | 1.44        |
|    value_loss           | 3.59        |
-----------------------------------------
-----------------------------------------
| rollout/                |             |
|    ep_len_mean          | 251         |
|    ep_rew_mean          | -16.2       |
| time/                   |             |
|    fps                  | 111         |
|    iterations           | 27          |
|    time_elapsed         | 1242        |
|    total_timesteps      | 1141760     |
| train/                  |             |
|    approx_kl            | 0.013809359 |
|    clip_fraction        | 0.127       |
|    clip_range           | 0.2         |
|    entropy_loss         | -7.07       |
|    explained_variance   | 0.729       |
|    learning_rate        | 0.0003      |
|    loss                 | 1.04        |
|    n_updates            | 2710        |
|    policy_gradient_loss | -0.00897    |
|    std                  | 1.44        |
|    value_loss           | 9.72        |
-----------------------------------------
-----------------------------------------
| rollout/                |             |
|    ep_len_mean          | 253         |
|    ep_rew_mean          | -12.9       |
| time/                   |             |
|    fps                  | 111         |
|    iterations           | 28          |
|    time_elapsed         | 1290        |
|    total_timesteps      | 1146880     |
| train/                  |             |
|    approx_kl            | 0.017010331 |
|    clip_fraction        | 0.131       |
|    clip_range           | 0.2         |
|    entropy_loss         | -7.06       |
|    explained_variance   | 0.662       |
|    learning_rate        | 0.0003      |
|    loss                 | 1.17        |
|    n_updates            | 2720        |
|    policy_gradient_loss | -0.0101     |
|    std                  | 1.43        |
|    value_loss           | 17          |
-----------------------------------------
----------------------------------------
| rollout/                |            |
|    ep_len_mean          | 256        |
|    ep_rew_mean          | -15.8      |
| time/                   |            |
|    fps                  | 110        |
|    iterations           | 29         |
|    time_elapsed         | 1340       |
|    total_timesteps      | 1152000    |
| train/                  |            |
|    approx_kl            | 0.02296986 |
|    clip_fraction        | 0.231      |
|    clip_range           | 0.2        |
|    entropy_loss         | -7.06      |
|    explained_variance   | 0.84       |
|    learning_rate        | 0.0003     |
|    loss                 | 0.553      |
|    n_updates            | 2730       |
|    policy_gradient_loss | -0.00267   |
|    std                  | 1.43       |
|    value_loss           | 5.15       |
----------------------------------------
Eval num_timesteps=1153520, episode_reward=-16.37 +/- 9.50
Episode length: 254.50 +/- 95.29
-----------------------------------------
| eval/                   |             |
|    mean_ep_length       | 254         |
|    mean_reward          | -16.4       |
| time/                   |             |
|    total_timesteps      | 1153520     |
| train/                  |             |
|    approx_kl            | 0.020188516 |
|    clip_fraction        | 0.165       |
|    clip_range           | 0.2         |
|    entropy_loss         | -7.05       |
|    explained_variance   | 0.224       |
|    learning_rate        | 0.0003      |
|    loss                 | 0.688       |
|    n_updates            | 2740        |
|    policy_gradient_loss | -0.0049     |
|    std                  | 1.43        |
|    value_loss           | 159         |
-----------------------------------------
[episode ends] timestep 1153530: flipped=152 (80%), missed_goal=30 (16%), out_of_bounds=4 (2%), scored=4 (2%)
---------------------------------
| episode_end/       |          |
|    flipped         | 152      |
|    missed_goal     | 30       |
|    out_of_bounds   | 4        |
|    scored          | 4        |
| rollout/           |          |
|    ep_len_mean     | 258      |
|    ep_rew_mean     | -18.5    |
| time/              |          |
|    fps             | 110      |
|    iterations      | 30       |
|    time_elapsed    | 1393     |
|    total_timesteps | 1157120  |
---------------------------------
-----------------------------------------
| rollout/                |             |
|    ep_len_mean          | 267         |
|    ep_rew_mean          | -23         |
| time/                   |             |
|    fps                  | 110         |
|    iterations           | 31          |
|    time_elapsed         | 1439        |
|    total_timesteps      | 1162240     |
| train/                  |             |
|    approx_kl            | 0.023377554 |
|    clip_fraction        | 0.175       |
|    clip_range           | 0.2         |
|    entropy_loss         | -7.05       |
|    explained_variance   | 0.617       |
|    learning_rate        | 0.0003      |
|    loss                 | 1.53        |
|    n_updates            | 2750        |
|    policy_gradient_loss | -0.00761    |
|    std                  | 1.43        |
|    value_loss           | 29.5        |
-----------------------------------------
-----------------------------------------
| rollout/                |             |
|    ep_len_mean          | 271         |
|    ep_rew_mean          | -24.6       |
| time/                   |             |
|    fps                  | 110         |
|    iterations           | 32          |
|    time_elapsed         | 1485        |
|    total_timesteps      | 1167360     |
| train/                  |             |
|    approx_kl            | 0.014701689 |
|    clip_fraction        | 0.106       |
|    clip_range           | 0.2         |
|    entropy_loss         | -7.08       |
|    explained_variance   | 0.41        |
|    learning_rate        | 0.0003      |
|    loss                 | 0.767       |
|    n_updates            | 2760        |
|    policy_gradient_loss | -0.00929    |
|    std                  | 1.45        |
|    value_loss           | 74.9        |
-----------------------------------------
-----------------------------------------
| rollout/                |             |
|    ep_len_mean          | 273         |
|    ep_rew_mean          | -30.1       |
| time/                   |             |
|    fps                  | 110         |
|    iterations           | 33          |
|    time_elapsed         | 1535        |
|    total_timesteps      | 1172480     |
| train/                  |             |
|    approx_kl            | 0.025190163 |
|    clip_fraction        | 0.203       |
|    clip_range           | 0.2         |
|    entropy_loss         | -7.09       |
|    explained_variance   | 0.513       |
|    learning_rate        | 0.0003      |
|    loss                 | 0.0849      |
|    n_updates            | 2770        |
|    policy_gradient_loss | -0.00481    |
|    std                  | 1.44        |
|    value_loss           | 61          |
-----------------------------------------
-----------------------------------------
| rollout/                |             |
|    ep_len_mean          | 269         |
|    ep_rew_mean          | -28.2       |
| time/                   |             |
|    fps                  | 110         |
|    iterations           | 34          |
|    time_elapsed         | 1581        |
|    total_timesteps      | 1177600     |
| train/                  |             |
|    approx_kl            | 0.022021763 |
|    clip_fraction        | 0.142       |
|    clip_range           | 0.2         |
|    entropy_loss         | -7.08       |
|    explained_variance   | 0.478       |
|    learning_rate        | 0.0003      |
|    loss                 | 194         |
|    n_updates            | 2780        |
|    policy_gradient_loss | -0.00829    |
|    std                  | 1.44        |
|    value_loss           | 51.3        |
-----------------------------------------
----------------------------------------
| rollout/                |            |
|    ep_len_mean          | 274        |
|    ep_rew_mean          | -28.2      |
| time/                   |            |
|    fps                  | 110        |
|    iterations           | 35         |
|    time_elapsed         | 1626       |
|    total_timesteps      | 1182720    |
| train/                  |            |
|    approx_kl            | 0.02236254 |
|    clip_fraction        | 0.153      |
|    clip_range           | 0.2        |
|    entropy_loss         | -7.07      |
|    explained_variance   | 0.203      |
|    learning_rate        | 0.0003     |
|    loss                 | 0.43       |
|    n_updates            | 2790       |
|    policy_gradient_loss | -0.00523   |
|    std                  | 1.44       |
|    value_loss           | 89.3       |
----------------------------------------
-----------------------------------------
| rollout/                |             |
|    ep_len_mean          | 268         |
|    ep_rew_mean          | -20.4       |
| time/                   |             |
|    fps                  | 110         |
|    iterations           | 36          |
|    time_elapsed         | 1675        |
|    total_timesteps      | 1187840     |
| train/                  |             |
|    approx_kl            | 0.029306564 |
|    clip_fraction        | 0.206       |
|    clip_range           | 0.2         |
|    entropy_loss         | -7.07       |
|    explained_variance   | 0.627       |
|    learning_rate        | 0.0003      |
|    loss                 | 0.902       |
|    n_updates            | 2800        |
|    policy_gradient_loss | -0.00367    |
|    std                  | 1.44        |
|    value_loss           | 23.1        |
-----------------------------------------
-----------------------------------------
| rollout/                |             |
|    ep_len_mean          | 263         |
|    ep_rew_mean          | -20.5       |
| time/                   |             |
|    fps                  | 110         |
|    iterations           | 37          |
|    time_elapsed         | 1721        |
|    total_timesteps      | 1192960     |
| train/                  |             |
|    approx_kl            | 0.016228998 |
|    clip_fraction        | 0.164       |
|    clip_range           | 0.2         |
|    entropy_loss         | -7.08       |
|    explained_variance   | 0.365       |
|    learning_rate        | 0.0003      |
|    loss                 | 0.211       |
|    n_updates            | 2810        |
|    policy_gradient_loss | -0.00622    |
|    std                  | 1.44        |
|    value_loss           | 53.1        |
-----------------------------------------
-----------------------------------------
| rollout/                |             |
|    ep_len_mean          | 257         |
|    ep_rew_mean          | -18.5       |
| time/                   |             |
|    fps                  | 109         |
|    iterations           | 38          |
|    time_elapsed         | 1769        |
|    total_timesteps      | 1198080     |
| train/                  |             |
|    approx_kl            | 0.020600405 |
|    clip_fraction        | 0.141       |
|    clip_range           | 0.2         |
|    entropy_loss         | -7.08       |
|    explained_variance   | 0.64        |
|    learning_rate        | 0.0003      |
|    loss                 | 2.53        |
|    n_updates            | 2820        |
|    policy_gradient_loss | -0.00687    |
|    std                  | 1.44        |
|    value_loss           | 13          |
-----------------------------------------
-----------------------------------------
| rollout/                |             |
|    ep_len_mean          | 261         |
|    ep_rew_mean          | -19.8       |
| time/                   |             |
|    fps                  | 109         |
|    iterations           | 39          |
|    time_elapsed         | 1820        |
|    total_timesteps      | 1203200     |
| train/                  |             |
|    approx_kl            | 0.024900496 |
|    clip_fraction        | 0.203       |
|    clip_range           | 0.2         |
|    entropy_loss         | -7.09       |
|    explained_variance   | 0.796       |
|    learning_rate        | 0.0003      |
|    loss                 | 1.1         |
|    n_updates            | 2830        |
|    policy_gradient_loss | -0.000999   |
|    std                  | 1.44        |
|    value_loss           | 14.7        |
-----------------------------------------
Eval num_timesteps=1203520, episode_reward=-15.68 +/- 8.96
Episode length: 271.20 +/- 43.45
-----------------------------------------
| eval/                   |             |
|    mean_ep_length       | 271         |
|    mean_reward          | -15.7       |
| time/                   |             |
|    total_timesteps      | 1203520     |
| train/                  |             |
|    approx_kl            | 0.030390048 |
|    clip_fraction        | 0.176       |
|    clip_range           | 0.2         |
|    entropy_loss         | -7.07       |
|    explained_variance   | 0.428       |
|    learning_rate        | 0.0003      |
|    loss                 | 768         |
|    n_updates            | 2840        |
|    policy_gradient_loss | -0.00545    |
|    std                  | 1.43        |
|    value_loss           | 87.5        |
-----------------------------------------
[progress] timestep 1203530
[episode ends] timestep 1203530: flipped=137 (73%), missed_goal=48 (26%), out_of_bounds=1 (1%), scored=2 (1%)
---------------------------------
| episode_end/       |          |
|    flipped         | 137      |
|    missed_goal     | 48       |
|    out_of_bounds   | 1        |
|    scored          | 2        |
| rollout/           |          |
|    ep_len_mean     | 266      |
|    ep_rew_mean     | -19.7    |
| time/              |          |
|    fps             | 109      |
|    iterations      | 40       |
|    time_elapsed    | 1874     |
|    total_timesteps | 1208320  |
---------------------------------
-----------------------------------------
| rollout/                |             |
|    ep_len_mean          | 273         |
|    ep_rew_mean          | -22         |
| time/                   |             |
|    fps                  | 109         |
|    iterations           | 41          |
|    time_elapsed         | 1922        |
|    total_timesteps      | 1213440     |
| train/                  |             |
|    approx_kl            | 0.052017372 |
|    clip_fraction        | 0.222       |
|    clip_range           | 0.2         |
|    entropy_loss         | -7.07       |
|    explained_variance   | 0.882       |
|    learning_rate        | 0.0003      |
|    loss                 | 0.398       |
|    n_updates            | 2850        |
|    policy_gradient_loss | -6.69e-05   |
|    std                  | 1.44        |
|    value_loss           | 3.14        |
-----------------------------------------
-----------------------------------------
| rollout/                |             |
|    ep_len_mean          | 279         |
|    ep_rew_mean          | -20.8       |
| time/                   |             |
|    fps                  | 109         |
|    iterations           | 42          |
|    time_elapsed         | 1969        |
|    total_timesteps      | 1218560     |
| train/                  |             |
|    approx_kl            | 0.029978264 |
|    clip_fraction        | 0.165       |
|    clip_range           | 0.2         |
|    entropy_loss         | -7.08       |
|    explained_variance   | 0.928       |
|    learning_rate        | 0.0003      |
|    loss                 | 4.03        |
|    n_updates            | 2860        |
|    policy_gradient_loss | -0.00656    |
|    std                  | 1.44        |
|    value_loss           | 2.37        |
-----------------------------------------
-----------------------------------------
| rollout/                |             |
|    ep_len_mean          | 287         |
|    ep_rew_mean          | -21.3       |
| time/                   |             |
|    fps                  | 109         |
|    iterations           | 43          |
|    time_elapsed         | 2019        |
|    total_timesteps      | 1223680     |
| train/                  |             |
|    approx_kl            | 0.031323984 |
|    clip_fraction        | 0.168       |
|    clip_range           | 0.2         |
|    entropy_loss         | -7.09       |
|    explained_variance   | 0.897       |
|    learning_rate        | 0.0003      |
|    loss                 | 0.229       |
|    n_updates            | 2870        |
|    policy_gradient_loss | -0.000303   |
|    std                  | 1.44        |
|    value_loss           | 3.95        |
-----------------------------------------
-----------------------------------------
| rollout/                |             |
|    ep_len_mean          | 289         |
|    ep_rew_mean          | -22.6       |
| time/                   |             |
|    fps                  | 109         |
|    iterations           | 44          |
|    time_elapsed         | 2060        |
|    total_timesteps      | 1228800     |
| train/                  |             |
|    approx_kl            | 0.015448268 |
|    clip_fraction        | 0.163       |
|    clip_range           | 0.2         |
|    entropy_loss         | -7.09       |
|    explained_variance   | 0.953       |
|    learning_rate        | 0.0003      |
|    loss                 | 0.506       |
|    n_updates            | 2880        |
|    policy_gradient_loss | -0.00532    |
|    std                  | 1.44        |
|    value_loss           | 1.39        |
-----------------------------------------
-----------------------------------------
| rollout/                |             |
|    ep_len_mean          | 287         |
|    ep_rew_mean          | -19.6       |
| time/                   |             |
|    fps                  | 109         |
|    iterations           | 45          |
|    time_elapsed         | 2111        |
|    total_timesteps      | 1233920     |
| train/                  |             |
|    approx_kl            | 0.015842337 |
|    clip_fraction        | 0.172       |
|    clip_range           | 0.2         |
|    entropy_loss         | -7.08       |
|    explained_variance   | 0.937       |
|    learning_rate        | 0.0003      |
|    loss                 | 1.86        |
|    n_updates            | 2890        |
|    policy_gradient_loss | -0.00871    |
|    std                  | 1.43        |
|    value_loss           | 1.93        |
-----------------------------------------
-----------------------------------------
| rollout/                |             |
|    ep_len_mean          | 286         |
|    ep_rew_mean          | -20.8       |
| time/                   |             |
|    fps                  | 109         |
|    iterations           | 46          |
|    time_elapsed         | 2158        |
|    total_timesteps      | 1239040     |
| train/                  |             |
|    approx_kl            | 0.012025695 |
|    clip_fraction        | 0.0919      |
|    clip_range           | 0.2         |
|    entropy_loss         | -7.07       |
|    explained_variance   | 0.801       |
|    learning_rate        | 0.0003      |
|    loss                 | 0.176       |
|    n_updates            | 2900        |
|    policy_gradient_loss | -0.0106     |
|    std                  | 1.43        |
|    value_loss           | 5.64        |
-----------------------------------------
-----------------------------------------
| rollout/                |             |
|    ep_len_mean          | 293         |
|    ep_rew_mean          | -20.3       |
| time/                   |             |
|    fps                  | 109         |
|    iterations           | 47          |
|    time_elapsed         | 2204        |
|    total_timesteps      | 1244160     |
| train/                  |             |
|    approx_kl            | 0.021290408 |
|    clip_fraction        | 0.128       |
|    clip_range           | 0.2         |
|    entropy_loss         | -7.08       |
|    explained_variance   | 0.954       |
|    learning_rate        | 0.0003      |
|    loss                 | 0.662       |
|    n_updates            | 2910        |
|    policy_gradient_loss | -0.0107     |
|    std                  | 1.44        |
|    value_loss           | 1.26        |
-----------------------------------------
-----------------------------------------
| rollout/                |             |
|    ep_len_mean          | 291         |
|    ep_rew_mean          | -20.1       |
| time/                   |             |
|    fps                  | 109         |
|    iterations           | 48          |
|    time_elapsed         | 2254        |
|    total_timesteps      | 1249280     |
| train/                  |             |
|    approx_kl            | 0.014512664 |
|    clip_fraction        | 0.148       |
|    clip_range           | 0.2         |
|    entropy_loss         | -7.08       |
|    explained_variance   | 0.921       |
|    learning_rate        | 0.0003      |
|    loss                 | 0.989       |
|    n_updates            | 2920        |
|    policy_gradient_loss | -0.00958    |
|    std                  | 1.43        |
|    value_loss           | 1.88        |
-----------------------------------------
Eval num_timesteps=1253520, episode_reward=-8.71 +/- 16.72
Episode length: 311.60 +/- 73.00
-----------------------------------------
| eval/                   |             |
|    mean_ep_length       | 312         |
|    mean_reward          | -8.71       |
| time/                   |             |
|    total_timesteps      | 1253520     |
| train/                  |             |
|    approx_kl            | 0.016004406 |
|    clip_fraction        | 0.13        |
|    clip_range           | 0.2         |
|    entropy_loss         | -7.07       |
|    explained_variance   | 0.906       |
|    learning_rate        | 0.0003      |
|    loss                 | 1.49        |
|    n_updates            | 2930        |
|    policy_gradient_loss | -0.00521    |
|    std                  | 1.43        |
|    value_loss           | 4.27        |
-----------------------------------------
New best mean reward!
[episode ends] timestep 1253530: flipped=142 (83%), missed_goal=18 (10%), out_of_bounds=11 (6%), scored=1 (1%)
---------------------------------
| episode_end/       |          |
|    flipped         | 142      |
|    missed_goal     | 18       |
|    out_of_bounds   | 11       |
|    scored          | 1        |
| rollout/           |          |
|    ep_len_mean     | 293      |
|    ep_rew_mean     | -17.4    |
| time/              |          |
|    fps             | 108      |
|    iterations      | 49       |
|    time_elapsed    | 2311     |
|    total_timesteps | 1254400  |
---------------------------------
------------------------------------------
| rollout/                |              |
|    ep_len_mean          | 293          |
|    ep_rew_mean          | -15.8        |
| time/                   |              |
|    fps                  | 108          |
|    iterations           | 50           |
|    time_elapsed         | 2360         |
|    total_timesteps      | 1259520      |
| train/                  |              |
|    approx_kl            | 0.0139732165 |
|    clip_fraction        | 0.151        |
|    clip_range           | 0.2          |
|    entropy_loss         | -7.07        |
|    explained_variance   | 0.867        |
|    learning_rate        | 0.0003       |
|    loss                 | 0.172        |
|    n_updates            | 2940         |
|    policy_gradient_loss | -0.00734     |
|    std                  | 1.44         |
|    value_loss           | 2.81         |
------------------------------------------
-----------------------------------------
| rollout/                |             |
|    ep_len_mean          | 288         |
|    ep_rew_mean          | -18.1       |
| time/                   |             |
|    fps                  | 108         |
|    iterations           | 51          |
|    time_elapsed         | 2409        |
|    total_timesteps      | 1264640     |
| train/                  |             |
|    approx_kl            | 0.015503056 |
|    clip_fraction        | 0.17        |
|    clip_range           | 0.2         |
|    entropy_loss         | -7.07       |
|    explained_variance   | 0.514       |
|    learning_rate        | 0.0003      |
|    loss                 | 1.23        |
|    n_updates            | 2950        |
|    policy_gradient_loss | -0.00573    |
|    std                  | 1.43        |
|    value_loss           | 55.8        |
-----------------------------------------
-----------------------------------------
| rollout/                |             |
|    ep_len_mean          | 289         |
|    ep_rew_mean          | -16         |
| time/                   |             |
|    fps                  | 108         |
|    iterations           | 52          |
|    time_elapsed         | 2455        |
|    total_timesteps      | 1269760     |
| train/                  |             |
|    approx_kl            | 0.023337485 |
|    clip_fraction        | 0.215       |
|    clip_range           | 0.2         |
|    entropy_loss         | -7.08       |
|    explained_variance   | 0.581       |
|    learning_rate        | 0.0003      |
|    loss                 | 1.59        |
|    n_updates            | 2960        |
|    policy_gradient_loss | 0.00465     |
|    std                  | 1.44        |
|    value_loss           | 19.8        |
-----------------------------------------
-----------------------------------------
| rollout/                |             |
|    ep_len_mean          | 287         |
|    ep_rew_mean          | -15.6       |
| time/                   |             |
|    fps                  | 108         |
|    iterations           | 53          |
|    time_elapsed         | 2499        |
|    total_timesteps      | 1274880     |
| train/                  |             |
|    approx_kl            | 0.013475696 |
|    clip_fraction        | 0.142       |
|    clip_range           | 0.2         |
|    entropy_loss         | -7.08       |
|    explained_variance   | 0.842       |
|    learning_rate        | 0.0003      |
|    loss                 | 0.607       |
|    n_updates            | 2970        |
|    policy_gradient_loss | -0.00657    |
|    std                  | 1.44        |
|    value_loss           | 4.5         |
-----------------------------------------
-----------------------------------------
| rollout/                |             |
|    ep_len_mean          | 286         |
|    ep_rew_mean          | -17.2       |
| time/                   |             |
|    fps                  | 108         |
|    iterations           | 54          |
|    time_elapsed         | 2547        |
|    total_timesteps      | 1280000     |
| train/                  |             |
|    approx_kl            | 0.016511029 |
|    clip_fraction        | 0.164       |
|    clip_range           | 0.2         |
|    entropy_loss         | -7.07       |
|    explained_variance   | 0.958       |
|    learning_rate        | 0.0003      |
|    loss                 | 0.151       |
|    n_updates            | 2980        |
|    policy_gradient_loss | -0.00827    |
|    std                  | 1.43        |
|    value_loss           | 1.24        |
-----------------------------------------
-----------------------------------------
| rollout/                |             |
|    ep_len_mean          | 289         |
|    ep_rew_mean          | -16.6       |
| time/                   |             |
|    fps                  | 108         |
|    iterations           | 55          |
|    time_elapsed         | 2593        |
|    total_timesteps      | 1285120     |
| train/                  |             |
|    approx_kl            | 0.022953402 |
|    clip_fraction        | 0.182       |
|    clip_range           | 0.2         |
|    entropy_loss         | -7.08       |
|    explained_variance   | 0.677       |
|    learning_rate        | 0.0003      |
|    loss                 | 2.37        |
|    n_updates            | 2990        |
|    policy_gradient_loss | -0.00741    |
|    std                  | 1.44        |
|    value_loss           | 22.9        |
-----------------------------------------
-----------------------------------------
| rollout/                |             |
|    ep_len_mean          | 291         |
|    ep_rew_mean          | -15.1       |
| time/                   |             |
|    fps                  | 108         |
|    iterations           | 56          |
|    time_elapsed         | 2641        |
|    total_timesteps      | 1290240     |
| train/                  |             |
|    approx_kl            | 0.025480848 |
|    clip_fraction        | 0.139       |
|    clip_range           | 0.2         |
|    entropy_loss         | -7.09       |
|    explained_variance   | 0.721       |
|    learning_rate        | 0.0003      |
|    loss                 | 0.485       |
|    n_updates            | 3000        |
|    policy_gradient_loss | -0.00468    |
|    std                  | 1.44        |
|    value_loss           | 9.47        |
-----------------------------------------
-----------------------------------------
| rollout/                |             |
|    ep_len_mean          | 277         |
|    ep_rew_mean          | -16.7       |
| time/                   |             |
|    fps                  | 108         |
|    iterations           | 57          |
|    time_elapsed         | 2687        |
|    total_timesteps      | 1295360     |
| train/                  |             |
|    approx_kl            | 0.026091207 |
|    clip_fraction        | 0.204       |
|    clip_range           | 0.2         |
|    entropy_loss         | -7.08       |
|    explained_variance   | 0.909       |
|    learning_rate        | 0.0003      |
|    loss                 | 0.932       |
|    n_updates            | 3010        |
|    policy_gradient_loss | -0.00628    |
|    std                  | 1.44        |
|    value_loss           | 4.11        |
-----------------------------------------
------------------------------------------
| rollout/                |              |
|    ep_len_mean          | 267          |
|    ep_rew_mean          | -18.7        |
| time/                   |              |
|    fps                  | 108          |
|    iterations           | 58           |
|    time_elapsed         | 2730         |
|    total_timesteps      | 1300480      |
| train/                  |              |
|    approx_kl            | 0.0100421645 |
|    clip_fraction        | 0.101        |
|    clip_range           | 0.2          |
|    entropy_loss         | -7.07        |
|    explained_variance   | 0.306        |
|    learning_rate        | 0.0003       |
|    loss                 | 19.4         |
|    n_updates            | 3020         |
|    policy_gradient_loss | -0.00499     |
|    std                  | 1.43         |
|    value_loss           | 47.3         |
------------------------------------------
Eval num_timesteps=1303520, episode_reward=-13.06 +/- 14.60
Episode length: 307.80 +/- 107.67
------------------------------------------
| eval/                   |              |
|    mean_ep_length       | 308          |
|    mean_reward          | -13.1        |
| time/                   |              |
|    total_timesteps      | 1303520      |
| train/                  |              |
|    approx_kl            | 0.0068894736 |
|    clip_fraction        | 0.0577       |
|    clip_range           | 0.2          |
|    entropy_loss         | -7.07        |
|    explained_variance   | 0.316        |
|    learning_rate        | 0.0003       |
|    loss                 | 2.74         |
|    n_updates            | 3030         |
|    policy_gradient_loss | -0.00726     |
|    std                  | 1.43         |
|    value_loss           | 51.9         |
------------------------------------------
[progress] timestep 1303530
[episode ends] timestep 1303530: crashed=2 (1%), flipped=120 (65%), missed_goal=47 (26%), out_of_bounds=12 (7%), scored=3 (2%)
---------------------------------
| episode_end/       |          |
|    crashed         | 2        |
|    flipped         | 120      |
|    missed_goal     | 47       |
|    out_of_bounds   | 12       |
|    scored          | 3        |
| rollout/           |          |
|    ep_len_mean     | 252      |
|    ep_rew_mean     | -19.8    |
| time/              |          |
|    fps             | 108      |
|    iterations      | 59       |
|    time_elapsed    | 2784     |
|    total_timesteps | 1305600  |
---------------------------------
-----------------------------------------
| rollout/                |             |
|    ep_len_mean          | 252         |
|    ep_rew_mean          | -20.9       |
| time/                   |             |
|    fps                  | 108         |
|    iterations           | 60          |
|    time_elapsed         | 2828        |
|    total_timesteps      | 1310720     |
| train/                  |             |
|    approx_kl            | 0.013514882 |
|    clip_fraction        | 0.11        |
|    clip_range           | 0.2         |
|    entropy_loss         | -7.07       |
|    explained_variance   | 0.393       |
|    learning_rate        | 0.0003      |
|    loss                 | 2.22        |
|    n_updates            | 3040        |
|    policy_gradient_loss | -0.00871    |
|    std                  | 1.43        |
|    value_loss           | 60.7        |
-----------------------------------------
-----------------------------------------
| rollout/                |             |
|    ep_len_mean          | 255         |
|    ep_rew_mean          | -23.1       |
| time/                   |             |
|    fps                  | 108         |
|    iterations           | 61          |
|    time_elapsed         | 2872        |
|    total_timesteps      | 1315840     |
| train/                  |             |
|    approx_kl            | 0.014771598 |
|    clip_fraction        | 0.166       |
|    clip_range           | 0.2         |
|    entropy_loss         | -7.07       |
|    explained_variance   | 0.167       |
|    learning_rate        | 0.0003      |
|    loss                 | 45.7        |
|    n_updates            | 3050        |
|    policy_gradient_loss | -0.00746    |
|    std                  | 1.43        |
|    value_loss           | 158         |
-----------------------------------------
-----------------------------------------
| rollout/                |             |
|    ep_len_mean          | 274         |
|    ep_rew_mean          | -24.6       |
| time/                   |             |
|    fps                  | 108         |
|    iterations           | 62          |
|    time_elapsed         | 2920        |
|    total_timesteps      | 1320960     |
| train/                  |             |
|    approx_kl            | 0.031045347 |
|    clip_fraction        | 0.15        |
|    clip_range           | 0.2         |
|    entropy_loss         | -7.06       |
|    explained_variance   | 0.296       |
|    learning_rate        | 0.0003      |
|    loss                 | 0.289       |
|    n_updates            | 3060        |
|    policy_gradient_loss | -0.00727    |
|    std                  | 1.43        |
|    value_loss           | 51.2        |
-----------------------------------------
-----------------------------------------
| rollout/                |             |
|    ep_len_mean          | 281         |
|    ep_rew_mean          | -23.4       |
| time/                   |             |
|    fps                  | 108         |
|    iterations           | 63          |
|    time_elapsed         | 2964        |
|    total_timesteps      | 1326080     |
| train/                  |             |
|    approx_kl            | 0.016956482 |
|    clip_fraction        | 0.109       |
|    clip_range           | 0.2         |
|    entropy_loss         | -7.07       |
|    explained_variance   | 0.709       |
|    learning_rate        | 0.0003      |
|    loss                 | 0.567       |
|    n_updates            | 3070        |
|    policy_gradient_loss | -0.00825    |
|    std                  | 1.43        |
|    value_loss           | 8.01        |
-----------------------------------------
-----------------------------------------
| rollout/                |             |
|    ep_len_mean          | 286         |
|    ep_rew_mean          | -19.3       |
| time/                   |             |
|    fps                  | 108         |
|    iterations           | 64          |
|    time_elapsed         | 3015        |
|    total_timesteps      | 1331200     |
| train/                  |             |
|    approx_kl            | 0.013660075 |
|    clip_fraction        | 0.137       |
|    clip_range           | 0.2         |
|    entropy_loss         | -7.08       |
|    explained_variance   | 0.619       |
|    learning_rate        | 0.0003      |
|    loss                 | 7.35        |
|    n_updates            | 3080        |
|    policy_gradient_loss | -0.00722    |
|    std                  | 1.44        |
|    value_loss           | 15.8        |
-----------------------------------------
-----------------------------------------
| rollout/                |             |
|    ep_len_mean          | 296         |
|    ep_rew_mean          | -17.5       |
| time/                   |             |
|    fps                  | 108         |
|    iterations           | 65          |
|    time_elapsed         | 3062        |
|    total_timesteps      | 1336320     |
| train/                  |             |
|    approx_kl            | 0.015965346 |
|    clip_fraction        | 0.0976      |
|    clip_range           | 0.2         |
|    entropy_loss         | -7.09       |
|    explained_variance   | 0.563       |
|    learning_rate        | 0.0003      |
|    loss                 | 1.2         |
|    n_updates            | 3090        |
|    policy_gradient_loss | -0.00757    |
|    std                  | 1.44        |
|    value_loss           | 20.6        |
-----------------------------------------
-----------------------------------------
| rollout/                |             |
|    ep_len_mean          | 290         |
|    ep_rew_mean          | -13.4       |
| time/                   |             |
|    fps                  | 108         |
|    iterations           | 66          |
|    time_elapsed         | 3110        |
|    total_timesteps      | 1341440     |
| train/                  |             |
|    approx_kl            | 0.017440937 |
|    clip_fraction        | 0.126       |
|    clip_range           | 0.2         |
|    entropy_loss         | -7.1        |
|    explained_variance   | 0.815       |
|    learning_rate        | 0.0003      |
|    loss                 | 0.212       |
|    n_updates            | 3100        |
|    policy_gradient_loss | -0.0118     |
|    std                  | 1.44        |
|    value_loss           | 7.73        |
-----------------------------------------
----------------------------------------
| rollout/                |            |
|    ep_len_mean          | 291        |
|    ep_rew_mean          | -10.9      |
| time/                   |            |
|    fps                  | 108        |
|    iterations           | 67         |
|    time_elapsed         | 3157       |
|    total_timesteps      | 1346560    |
| train/                  |            |
|    approx_kl            | 0.02132616 |
|    clip_fraction        | 0.149      |
|    clip_range           | 0.2        |
|    entropy_loss         | -7.09      |
|    explained_variance   | 0.79       |
|    learning_rate        | 0.0003     |
|    loss                 | 0.881      |
|    n_updates            | 3110       |
|    policy_gradient_loss | -0.00826   |
|    std                  | 1.44       |
|    value_loss           | 7.53       |
----------------------------------------
-----------------------------------------
| rollout/                |             |
|    ep_len_mean          | 291         |
|    ep_rew_mean          | -9.58       |
| time/                   |             |
|    fps                  | 108         |
|    iterations           | 68          |
|    time_elapsed         | 3203        |
|    total_timesteps      | 1351680     |
| train/                  |             |
|    approx_kl            | 0.029259529 |
|    clip_fraction        | 0.208       |
|    clip_range           | 0.2         |
|    entropy_loss         | -7.09       |
|    explained_variance   | 0.849       |
|    learning_rate        | 0.0003      |
|    loss                 | 0.0866      |
|    n_updates            | 3120        |
|    policy_gradient_loss | -0.00796    |
|    std                  | 1.44        |
|    value_loss           | 6.2         |
-----------------------------------------
Eval num_timesteps=1353520, episode_reward=-24.61 +/- 33.07
Episode length: 372.70 +/- 67.41
----------------------------------------
| eval/                   |            |
|    mean_ep_length       | 373        |
|    mean_reward          | -24.6      |
| time/                   |            |
|    total_timesteps      | 1353520    |
| train/                  |            |
|    approx_kl            | 0.01985373 |
|    clip_fraction        | 0.165      |
|    clip_range           | 0.2        |
|    entropy_loss         | -7.11      |
|    explained_variance   | 0.648      |
|    learning_rate        | 0.0003     |
|    loss                 | 0.669      |
|    n_updates            | 3130       |
|    policy_gradient_loss | -0.00552   |
|    std                  | 1.45       |
|    value_loss           | 20.5       |
----------------------------------------
[episode ends] timestep 1353530: flipped=99 (57%), missed_goal=55 (32%), out_of_bounds=14 (8%), scored=5 (3%)
---------------------------------
| episode_end/       |          |
|    flipped         | 99       |
|    missed_goal     | 55       |
|    out_of_bounds   | 14       |
|    scored          | 5        |
| rollout/           |          |
|    ep_len_mean     | 291      |
|    ep_rew_mean     | -8.09    |
| time/              |          |
|    fps             | 108      |
|    iterations      | 69       |
|    time_elapsed    | 3260     |
|    total_timesteps | 1356800  |
---------------------------------
-----------------------------------------
| rollout/                |             |
|    ep_len_mean          | 294         |
|    ep_rew_mean          | -9.11       |
| time/                   |             |
|    fps                  | 108         |
|    iterations           | 70          |
|    time_elapsed         | 3304        |
|    total_timesteps      | 1361920     |
| train/                  |             |
|    approx_kl            | 0.022212062 |
|    clip_fraction        | 0.183       |
|    clip_range           | 0.2         |
|    entropy_loss         | -7.12       |
|    explained_variance   | 0.828       |
|    learning_rate        | 0.0003      |
|    loss                 | 0.411       |
|    n_updates            | 3140        |
|    policy_gradient_loss | -0.00614    |
|    std                  | 1.45        |
|    value_loss           | 6.2         |
-----------------------------------------
----------------------------------------
| rollout/                |            |
|    ep_len_mean          | 291        |
|    ep_rew_mean          | -14.6      |
| time/                   |            |
|    fps                  | 108        |
|    iterations           | 71         |
|    time_elapsed         | 3351       |
|    total_timesteps      | 1367040    |
| train/                  |            |
|    approx_kl            | 0.01824196 |
|    clip_fraction        | 0.17       |
|    clip_range           | 0.2        |
|    entropy_loss         | -7.12      |
|    explained_variance   | 0.731      |
|    learning_rate        | 0.0003     |
|    loss                 | 0.872      |
|    n_updates            | 3150       |
|    policy_gradient_loss | -0.00762   |
|    std                  | 1.45       |
|    value_loss           | 12.6       |
----------------------------------------
-----------------------------------------
| rollout/                |             |
|    ep_len_mean          | 293         |
|    ep_rew_mean          | -16.3       |
| time/                   |             |
|    fps                  | 108         |
|    iterations           | 72          |
|    time_elapsed         | 3405        |
|    total_timesteps      | 1372160     |
| train/                  |             |
|    approx_kl            | 0.017148007 |
|    clip_fraction        | 0.177       |
|    clip_range           | 0.2         |
|    entropy_loss         | -7.11       |
|    explained_variance   | 0.359       |
|    learning_rate        | 0.0003      |
|    loss                 | 0.166       |
|    n_updates            | 3160        |
|    policy_gradient_loss | -0.00437    |
|    std                  | 1.45        |
|    value_loss           | 91.3        |
-----------------------------------------
-----------------------------------------
| rollout/                |             |
|    ep_len_mean          | 286         |
|    ep_rew_mean          | -18.1       |
| time/                   |             |
|    fps                  | 108         |
|    iterations           | 73          |
|    time_elapsed         | 3449        |
|    total_timesteps      | 1377280     |
| train/                  |             |
|    approx_kl            | 0.019452997 |
|    clip_fraction        | 0.138       |
|    clip_range           | 0.2         |
|    entropy_loss         | -7.1        |
|    explained_variance   | 0.831       |
|    learning_rate        | 0.0003      |
|    loss                 | 0.846       |
|    n_updates            | 3170        |
|    policy_gradient_loss | -0.00695    |
|    std                  | 1.44        |
|    value_loss           | 12.3        |
-----------------------------------------
-----------------------------------------
| rollout/                |             |
|    ep_len_mean          | 278         |
|    ep_rew_mean          | -21.8       |
| time/                   |             |
|    fps                  | 108         |
|    iterations           | 74          |
|    time_elapsed         | 3495        |
|    total_timesteps      | 1382400     |
| train/                  |             |
|    approx_kl            | 0.021364585 |
|    clip_fraction        | 0.15        |
|    clip_range           | 0.2         |
|    entropy_loss         | -7.1        |
|    explained_variance   | 0.771       |
|    learning_rate        | 0.0003      |
|    loss                 | 0.907       |
|    n_updates            | 3180        |
|    policy_gradient_loss | -0.00632    |
|    std                  | 1.45        |
|    value_loss           | 9.72        |
-----------------------------------------
-----------------------------------------
| rollout/                |             |
|    ep_len_mean          | 277         |
|    ep_rew_mean          | -21.9       |
| time/                   |             |
|    fps                  | 108         |
|    iterations           | 75          |
|    time_elapsed         | 3542        |
|    total_timesteps      | 1387520     |
| train/                  |             |
|    approx_kl            | 0.011670667 |
|    clip_fraction        | 0.119       |
|    clip_range           | 0.2         |
|    entropy_loss         | -7.1        |
|    explained_variance   | 0.657       |
|    learning_rate        | 0.0003      |
|    loss                 | 0.314       |
|    n_updates            | 3190        |
|    policy_gradient_loss | -0.00853    |
|    std                  | 1.45        |
|    value_loss           | 19.9        |
-----------------------------------------
-----------------------------------------
| rollout/                |             |
|    ep_len_mean          | 280         |
|    ep_rew_mean          | -20.4       |
| time/                   |             |
|    fps                  | 108         |
|    iterations           | 76          |
|    time_elapsed         | 3587        |
|    total_timesteps      | 1392640     |
| train/                  |             |
|    approx_kl            | 0.011865387 |
|    clip_fraction        | 0.103       |
|    clip_range           | 0.2         |
|    entropy_loss         | -7.09       |
|    explained_variance   | 0.808       |
|    learning_rate        | 0.0003      |
|    loss                 | 0.384       |
|    n_updates            | 3200        |
|    policy_gradient_loss | -0.0121     |
|    std                  | 1.44        |
|    value_loss           | 7.41        |
-----------------------------------------
-----------------------------------------
| rollout/                |             |
|    ep_len_mean          | 278         |
|    ep_rew_mean          | -13.7       |
| time/                   |             |
|    fps                  | 108         |
|    iterations           | 77          |
|    time_elapsed         | 3631        |
|    total_timesteps      | 1397760     |
| train/                  |             |
|    approx_kl            | 0.013395226 |
|    clip_fraction        | 0.165       |
|    clip_range           | 0.2         |
|    entropy_loss         | -7.08       |
|    explained_variance   | 0.712       |
|    learning_rate        | 0.0003      |
|    loss                 | 0.385       |
|    n_updates            | 3210        |
|    policy_gradient_loss | -0.00723    |
|    std                  | 1.44        |
|    value_loss           | 11.3        |
-----------------------------------------
-----------------------------------------
| rollout/                |             |
|    ep_len_mean          | 278         |
|    ep_rew_mean          | -17.4       |
| time/                   |             |
|    fps                  | 108         |
|    iterations           | 78          |
|    time_elapsed         | 3680        |
|    total_timesteps      | 1402880     |
| train/                  |             |
|    approx_kl            | 0.025483197 |
|    clip_fraction        | 0.232       |
|    clip_range           | 0.2         |
|    entropy_loss         | -7.07       |
|    explained_variance   | 0.449       |
|    learning_rate        | 0.0003      |
|    loss                 | 1.22        |
|    n_updates            | 3220        |
|    policy_gradient_loss | 0.00271     |
|    std                  | 1.44        |
|    value_loss           | 29.7        |
-----------------------------------------
Eval num_timesteps=1403520, episode_reward=4.74 +/- 24.62
Episode length: 262.20 +/- 63.52
-----------------------------------------
| eval/                   |             |
|    mean_ep_length       | 262         |
|    mean_reward          | 4.74        |
| time/                   |             |
|    total_timesteps      | 1403520     |
| train/                  |             |
|    approx_kl            | 0.017498443 |
|    clip_fraction        | 0.142       |
|    clip_range           | 0.2         |
|    entropy_loss         | -7.08       |
|    explained_variance   | 0.202       |
|    learning_rate        | 0.0003      |
|    loss                 | 0.902       |
|    n_updates            | 3230        |
|    policy_gradient_loss | -0.00399    |
|    std                  | 1.44        |
|    value_loss           | 169         |
-----------------------------------------
New best mean reward!
[progress] timestep 1403530
[episode ends] timestep 1403530: crashed=2 (1%), flipped=116 (65%), missed_goal=40 (22%), out_of_bounds=16 (9%), scored=4 (2%)
---------------------------------
| episode_end/       |          |
|    crashed         | 2        |
|    flipped         | 116      |
|    missed_goal     | 40       |
|    out_of_bounds   | 16       |
|    scored          | 4        |
| rollout/           |          |
|    ep_len_mean     | 280      |
|    ep_rew_mean     | -15.2    |
| time/              |          |
|    fps             | 108      |
|    iterations      | 79       |
|    time_elapsed    | 3738     |
|    total_timesteps | 1408000  |
---------------------------------
----------------------------------------
| rollout/                |            |
|    ep_len_mean          | 288        |
|    ep_rew_mean          | -12.5      |
| time/                   |            |
|    fps                  | 108        |
|    iterations           | 80         |
|    time_elapsed         | 3781       |
|    total_timesteps      | 1413120    |
| train/                  |            |
|    approx_kl            | 0.03314513 |
|    clip_fraction        | 0.249      |
|    clip_range           | 0.2        |
|    entropy_loss         | -7.08      |
|    explained_variance   | 0.55       |
|    learning_rate        | 0.0003     |
|    loss                 | 0.311      |
|    n_updates            | 3240       |
|    policy_gradient_loss | 0.00152    |
|    std                  | 1.45       |
|    value_loss           | 9.02       |
----------------------------------------
-----------------------------------------
| rollout/                |             |
|    ep_len_mean          | 287         |
|    ep_rew_mean          | -12.5       |
| time/                   |             |
|    fps                  | 108         |
|    iterations           | 81          |
|    time_elapsed         | 3822        |
|    total_timesteps      | 1418240     |
| train/                  |             |
|    approx_kl            | 0.021623751 |
|    clip_fraction        | 0.197       |
|    clip_range           | 0.2         |
|    entropy_loss         | -7.08       |
|    explained_variance   | 0.699       |
|    learning_rate        | 0.0003      |
|    loss                 | 1.66        |
|    n_updates            | 3250        |
|    policy_gradient_loss | -0.00407    |
|    std                  | 1.44        |
|    value_loss           | 7.89        |
-----------------------------------------
-----------------------------------------
| rollout/                |             |
|    ep_len_mean          | 291         |
|    ep_rew_mean          | -14.1       |
| time/                   |             |
|    fps                  | 108         |
|    iterations           | 82          |
|    time_elapsed         | 3873        |
|    total_timesteps      | 1423360     |
| train/                  |             |
|    approx_kl            | 0.023624122 |
|    clip_fraction        | 0.162       |
|    clip_range           | 0.2         |
|    entropy_loss         | -7.07       |
|    explained_variance   | 0.87        |
|    learning_rate        | 0.0003      |
|    loss                 | 0.0653      |
|    n_updates            | 3260        |
|    policy_gradient_loss | -0.00764    |
|    std                  | 1.44        |
|    value_loss           | 2.23        |
-----------------------------------------
-----------------------------------------
| rollout/                |             |
|    ep_len_mean          | 296         |
|    ep_rew_mean          | -14.7       |
| time/                   |             |
|    fps                  | 108         |
|    iterations           | 83          |
|    time_elapsed         | 3915        |
|    total_timesteps      | 1428480     |
| train/                  |             |
|    approx_kl            | 0.025189858 |
|    clip_fraction        | 0.184       |
|    clip_range           | 0.2         |
|    entropy_loss         | -7.07       |
|    explained_variance   | 0.929       |
|    learning_rate        | 0.0003      |
|    loss                 | 1.1         |
|    n_updates            | 3270        |
|    policy_gradient_loss | -0.00523    |
|    std                  | 1.44        |
|    value_loss           | 1.59        |
-----------------------------------------
-----------------------------------------
| rollout/                |             |
|    ep_len_mean          | 306         |
|    ep_rew_mean          | -10.1       |
| time/                   |             |
|    fps                  | 108         |
|    iterations           | 84          |
|    time_elapsed         | 3955        |
|    total_timesteps      | 1433600     |
| train/                  |             |
|    approx_kl            | 0.016539006 |
|    clip_fraction        | 0.196       |
|    clip_range           | 0.2         |
|    entropy_loss         | -7.05       |
|    explained_variance   | 0.923       |
|    learning_rate        | 0.0003      |
|    loss                 | 0.159       |
|    n_updates            | 3280        |
|    policy_gradient_loss | -0.0086     |
|    std                  | 1.42        |
|    value_loss           | 1.2         |
-----------------------------------------
-----------------------------------------
| rollout/                |             |
|    ep_len_mean          | 310         |
|    ep_rew_mean          | -12         |
| time/                   |             |
|    fps                  | 108         |
|    iterations           | 85          |
|    time_elapsed         | 4000        |
|    total_timesteps      | 1438720     |
| train/                  |             |
|    approx_kl            | 0.016230745 |
|    clip_fraction        | 0.133       |
|    clip_range           | 0.2         |
|    entropy_loss         | -7.02       |
|    explained_variance   | 0.932       |
|    learning_rate        | 0.0003      |
|    loss                 | 0.147       |
|    n_updates            | 3290        |
|    policy_gradient_loss | -0.00967    |
|    std                  | 1.42        |
|    value_loss           | 1.12        |
-----------------------------------------
-----------------------------------------
| rollout/                |             |
|    ep_len_mean          | 313         |
|    ep_rew_mean          | -12.8       |
| time/                   |             |
|    fps                  | 108         |
|    iterations           | 86          |
|    time_elapsed         | 4043        |
|    total_timesteps      | 1443840     |
| train/                  |             |
|    approx_kl            | 0.023117442 |
|    clip_fraction        | 0.19        |
|    clip_range           | 0.2         |
|    entropy_loss         | -6.99       |
|    explained_variance   | 0.841       |
|    learning_rate        | 0.0003      |
|    loss                 | 0.167       |
|    n_updates            | 3300        |
|    policy_gradient_loss | -0.00869    |
|    std                  | 1.41        |
|    value_loss           | 2.69        |
-----------------------------------------
-----------------------------------------
| rollout/                |             |
|    ep_len_mean          | 322         |
|    ep_rew_mean          | -12.9       |
| time/                   |             |
|    fps                  | 108         |
|    iterations           | 87          |
|    time_elapsed         | 4088        |
|    total_timesteps      | 1448960     |
| train/                  |             |
|    approx_kl            | 0.018186638 |
|    clip_fraction        | 0.177       |
|    clip_range           | 0.2         |
|    entropy_loss         | -6.98       |
|    explained_variance   | 0.946       |
|    learning_rate        | 0.0003      |
|    loss                 | 0.113       |
|    n_updates            | 3310        |
|    policy_gradient_loss | -0.00942    |
|    std                  | 1.41        |
|    value_loss           | 0.931       |
-----------------------------------------
Eval num_timesteps=1453520, episode_reward=-11.78 +/- 20.91
Episode length: 261.60 +/- 55.16
----------------------------------------
| eval/                   |            |
|    mean_ep_length       | 262        |
|    mean_reward          | -11.8      |
| time/                   |            |
|    total_timesteps      | 1453520    |
| train/                  |            |
|    approx_kl            | 0.01839402 |
|    clip_fraction        | 0.133      |
|    clip_range           | 0.2        |
|    entropy_loss         | -6.98      |
|    explained_variance   | 0.828      |
|    learning_rate        | 0.0003     |
|    loss                 | 0.264      |
|    n_updates            | 3320       |
|    policy_gradient_loss | -0.00696   |
|    std                  | 1.41       |
|    value_loss           | 5.11       |
----------------------------------------
[episode ends] timestep 1453530: flipped=72 (46%), missed_goal=48 (31%), out_of_bounds=34 (22%), scored=3 (2%)
---------------------------------
| episode_end/       |          |
|    flipped         | 72       |
|    missed_goal     | 48       |
|    out_of_bounds   | 34       |
|    scored          | 3        |
| rollout/           |          |
|    ep_len_mean     | 326      |
|    ep_rew_mean     | -11.9    |
| time/              |          |
|    fps             | 108      |
|    iterations      | 88       |
|    time_elapsed    | 4138     |
|    total_timesteps | 1454080  |
---------------------------------
-----------------------------------------
| rollout/                |             |
|    ep_len_mean          | 322         |
|    ep_rew_mean          | -10.7       |
| time/                   |             |
|    fps                  | 109         |
|    iterations           | 89          |
|    time_elapsed         | 4179        |
|    total_timesteps      | 1459200     |
| train/                  |             |
|    approx_kl            | 0.015274169 |
|    clip_fraction        | 0.145       |
|    clip_range           | 0.2         |
|    entropy_loss         | -6.97       |
|    explained_variance   | 0.805       |
|    learning_rate        | 0.0003      |
|    loss                 | 0.195       |
|    n_updates            | 3330        |
|    policy_gradient_loss | -0.00478    |
|    std                  | 1.4         |
|    value_loss           | 7.32        |
-----------------------------------------
------------------------------------------
| rollout/                |              |
|    ep_len_mean          | 317          |
|    ep_rew_mean          | -10.7        |
| time/                   |              |
|    fps                  | 109          |
|    iterations           | 90           |
|    time_elapsed         | 4224         |
|    total_timesteps      | 1464320      |
| train/                  |              |
|    approx_kl            | 0.0144464495 |
|    clip_fraction        | 0.133        |
|    clip_range           | 0.2          |
|    entropy_loss         | -6.97        |
|    explained_variance   | 0.383        |
|    learning_rate        | 0.0003       |
|    loss                 | 0.626        |
|    n_updates            | 3340         |
|    policy_gradient_loss | -0.00864     |
|    std                  | 1.4          |
|    value_loss           | 39.4         |
------------------------------------------
-----------------------------------------
| rollout/                |             |
|    ep_len_mean          | 319         |
|    ep_rew_mean          | -11.1       |
| time/                   |             |
|    fps                  | 109         |
|    iterations           | 91          |
|    time_elapsed         | 4269        |
|    total_timesteps      | 1469440     |
| train/                  |             |
|    approx_kl            | 0.012607487 |
|    clip_fraction        | 0.108       |
|    clip_range           | 0.2         |
|    entropy_loss         | -6.95       |
|    explained_variance   | 0.49        |
|    learning_rate        | 0.0003      |
|    loss                 | 0.563       |
|    n_updates            | 3350        |
|    policy_gradient_loss | -0.00652    |
|    std                  | 1.39        |
|    value_loss           | 30.8        |
-----------------------------------------
-----------------------------------------
| rollout/                |             |
|    ep_len_mean          | 313         |
|    ep_rew_mean          | -10.4       |
| time/                   |             |
|    fps                  | 109         |
|    iterations           | 92          |
|    time_elapsed         | 4314        |
|    total_timesteps      | 1474560     |
| train/                  |             |
|    approx_kl            | 0.016594658 |
|    clip_fraction        | 0.131       |
|    clip_range           | 0.2         |
|    entropy_loss         | -6.93       |
|    explained_variance   | 0.562       |
|    learning_rate        | 0.0003      |
|    loss                 | 7.13        |
|    n_updates            | 3360        |
|    policy_gradient_loss | -0.00878    |
|    std                  | 1.38        |
|    value_loss           | 31          |
-----------------------------------------
----------------------------------------
| rollout/                |            |
|    ep_len_mean          | 294        |
|    ep_rew_mean          | -9.49      |
| time/                   |            |
|    fps                  | 109        |
|    iterations           | 93         |
|    time_elapsed         | 4363       |
|    total_timesteps      | 1479680    |
| train/                  |            |
|    approx_kl            | 0.01327527 |
|    clip_fraction        | 0.0937     |
|    clip_range           | 0.2        |
|    entropy_loss         | -6.91      |
|    explained_variance   | 0.563      |
|    learning_rate        | 0.0003     |
|    loss                 | 0.047      |
|    n_updates            | 3370       |
|    policy_gradient_loss | -0.00829   |
|    std                  | 1.38       |
|    value_loss           | 17.6       |
----------------------------------------
-----------------------------------------
| rollout/                |             |
|    ep_len_mean          | 292         |
|    ep_rew_mean          | -8.03       |
| time/                   |             |
|    fps                  | 109         |
|    iterations           | 94          |
|    time_elapsed         | 4412        |
|    total_timesteps      | 1484800     |
| train/                  |             |
|    approx_kl            | 0.021296522 |
|    clip_fraction        | 0.134       |
|    clip_range           | 0.2         |
|    entropy_loss         | -6.91       |
|    explained_variance   | 0.646       |
|    learning_rate        | 0.0003      |
|    loss                 | 1.74        |
|    n_updates            | 3380        |
|    policy_gradient_loss | -0.0047     |
|    std                  | 1.38        |
|    value_loss           | 8.44        |
-----------------------------------------
-----------------------------------------
| rollout/                |             |
|    ep_len_mean          | 290         |
|    ep_rew_mean          | -5.33       |
| time/                   |             |
|    fps                  | 109         |
|    iterations           | 95          |
|    time_elapsed         | 4458        |
|    total_timesteps      | 1489920     |
| train/                  |             |
|    approx_kl            | 0.012138326 |
|    clip_fraction        | 0.0863      |
|    clip_range           | 0.2         |
|    entropy_loss         | -6.89       |
|    explained_variance   | 0.505       |
|    learning_rate        | 0.0003      |
|    loss                 | 0.202       |
|    n_updates            | 3390        |
|    policy_gradient_loss | -0.00958    |
|    std                  | 1.37        |
|    value_loss           | 19.9        |
-----------------------------------------
-----------------------------------------
| rollout/                |             |
|    ep_len_mean          | 290         |
|    ep_rew_mean          | -6.09       |
| time/                   |             |
|    fps                  | 109         |
|    iterations           | 96          |
|    time_elapsed         | 4500        |
|    total_timesteps      | 1495040     |
| train/                  |             |
|    approx_kl            | 0.014468478 |
|    clip_fraction        | 0.124       |
|    clip_range           | 0.2         |
|    entropy_loss         | -6.88       |
|    explained_variance   | 0.846       |
|    learning_rate        | 0.0003      |
|    loss                 | 4.87        |
|    n_updates            | 3400        |
|    policy_gradient_loss | -0.00709    |
|    std                  | 1.37        |
|    value_loss           | 5.82        |
-----------------------------------------
-----------------------------------------
| rollout/                |             |
|    ep_len_mean          | 286         |
|    ep_rew_mean          | -6.5        |
| time/                   |             |
|    fps                  | 109         |
|    iterations           | 97          |
|    time_elapsed         | 4550        |
|    total_timesteps      | 1500160     |
| train/                  |             |
|    approx_kl            | 0.014619945 |
|    clip_fraction        | 0.172       |
|    clip_range           | 0.2         |
|    entropy_loss         | -6.87       |
|    explained_variance   | 0.358       |
|    learning_rate        | 0.0003      |
|    loss                 | 0.0488      |
|    n_updates            | 3410        |
|    policy_gradient_loss | -0.00583    |
|    std                  | 1.37        |
|    value_loss           | 60.3        |
-----------------------------------------
Eval num_timesteps=1503520, episode_reward=-15.04 +/- 13.09
Episode length: 364.30 +/- 76.04
-----------------------------------------
| eval/                   |             |
|    mean_ep_length       | 364         |
|    mean_reward          | -15         |
| time/                   |             |
|    total_timesteps      | 1503520     |
| train/                  |             |
|    approx_kl            | 0.013981899 |
|    clip_fraction        | 0.125       |
|    clip_range           | 0.2         |
|    entropy_loss         | -6.87       |
|    explained_variance   | 0.892       |
|    learning_rate        | 0.0003      |
|    loss                 | 0.31        |
|    n_updates            | 3420        |
|    policy_gradient_loss | -0.00926    |
|    std                  | 1.37        |
|    value_loss           | 2.03        |
-----------------------------------------
[progress] timestep 1503530
[episode ends] timestep 1503530: flipped=74 (44%), missed_goal=71 (42%), out_of_bounds=14 (8%), scored=10 (6%)
---------------------------------
| episode_end/       |          |
|    flipped         | 74       |
|    missed_goal     | 71       |
|    out_of_bounds   | 14       |
|    scored          | 10       |
| rollout/           |          |
|    ep_len_mean     | 297      |
|    ep_rew_mean     | -6.77    |
| time/              |          |
|    fps             | 108      |
|    iterations      | 98       |
|    time_elapsed    | 4605     |
|    total_timesteps | 1505280  |
---------------------------------
-----------------------------------------
| rollout/                |             |
|    ep_len_mean          | 308         |
|    ep_rew_mean          | -7.45       |
| time/                   |             |
|    fps                  | 109         |
|    iterations           | 99          |
|    time_elapsed         | 4646        |
|    total_timesteps      | 1510400     |
| train/                  |             |
|    approx_kl            | 0.017353725 |
|    clip_fraction        | 0.16        |
|    clip_range           | 0.2         |
|    entropy_loss         | -6.87       |
|    explained_variance   | 0.876       |
|    learning_rate        | 0.0003      |
|    loss                 | 0.226       |
|    n_updates            | 3430        |
|    policy_gradient_loss | -0.0072     |
|    std                  | 1.37        |
|    value_loss           | 3.16        |
-----------------------------------------
-----------------------------------------
| rollout/                |             |
|    ep_len_mean          | 307         |
|    ep_rew_mean          | -8.77       |
| time/                   |             |
|    fps                  | 109         |
|    iterations           | 100         |
|    time_elapsed         | 4687        |
|    total_timesteps      | 1515520     |
| train/                  |             |
|    approx_kl            | 0.014309138 |
|    clip_fraction        | 0.159       |
|    clip_range           | 0.2         |
|    entropy_loss         | -6.85       |
|    explained_variance   | 0.74        |
|    learning_rate        | 0.0003      |
|    loss                 | 0.0268      |
|    n_updates            | 3440        |
|    policy_gradient_loss | -0.00654    |
|    std                  | 1.36        |
|    value_loss           | 5.9         |
-----------------------------------------
-----------------------------------------
| rollout/                |             |
|    ep_len_mean          | 305         |
|    ep_rew_mean          | -10.2       |
| time/                   |             |
|    fps                  | 109         |
|    iterations           | 101         |
|    time_elapsed         | 4736        |
|    total_timesteps      | 1520640     |
| train/                  |             |
|    approx_kl            | 0.029013237 |
|    clip_fraction        | 0.19        |
|    clip_range           | 0.2         |
|    entropy_loss         | -6.84       |
|    explained_variance   | 0.753       |
|    learning_rate        | 0.0003      |
|    loss                 | 0.526       |
|    n_updates            | 3450        |
|    policy_gradient_loss | -0.00737    |
|    std                  | 1.36        |
|    value_loss           | 4.49        |
-----------------------------------------
---------------------------------------
| rollout/                |           |
|    ep_len_mean          | 307       |
|    ep_rew_mean          | -7.49     |
| time/                   |           |
|    fps                  | 109       |
|    iterations           | 102       |
|    time_elapsed         | 4780      |
|    total_timesteps      | 1525760   |
| train/                  |           |
|    approx_kl            | 0.0304681 |
|    clip_fraction        | 0.223     |
|    clip_range           | 0.2       |
|    entropy_loss         | -6.83     |
|    explained_variance   | 0.866     |
|    learning_rate        | 0.0003    |
|    loss                 | 1.6       |
|    n_updates            | 3460      |
|    policy_gradient_loss | -0.00256  |
|    std                  | 1.36      |
|    value_loss           | 2.97      |
---------------------------------------
-----------------------------------------
| rollout/                |             |
|    ep_len_mean          | 303         |
|    ep_rew_mean          | -7.19       |
| time/                   |             |
|    fps                  | 109         |
|    iterations           | 103         |
|    time_elapsed         | 4825        |
|    total_timesteps      | 1530880     |
| train/                  |             |
|    approx_kl            | 0.028905187 |
|    clip_fraction        | 0.235       |
|    clip_range           | 0.2         |
|    entropy_loss         | -6.82       |
|    explained_variance   | 0.921       |
|    learning_rate        | 0.0003      |
|    loss                 | 1.49        |
|    n_updates            | 3470        |
|    policy_gradient_loss | -0.00136    |
|    std                  | 1.34        |
|    value_loss           | 1.37        |
-----------------------------------------
-----------------------------------------
| rollout/                |             |
|    ep_len_mean          | 290         |
|    ep_rew_mean          | -3.96       |
| time/                   |             |
|    fps                  | 109         |
|    iterations           | 104         |
|    time_elapsed         | 4876        |
|    total_timesteps      | 1536000     |
| train/                  |             |
|    approx_kl            | 0.024435816 |
|    clip_fraction        | 0.177       |
|    clip_range           | 0.2         |
|    entropy_loss         | -6.79       |
|    explained_variance   | 0.398       |
|    learning_rate        | 0.0003      |
|    loss                 | 213         |
|    n_updates            | 3480        |
|    policy_gradient_loss | -0.00548    |
|    std                  | 1.34        |
|    value_loss           | 32.5        |
-----------------------------------------
-----------------------------------------
| rollout/                |             |
|    ep_len_mean          | 279         |
|    ep_rew_mean          | -13         |
| time/                   |             |
|    fps                  | 109         |
|    iterations           | 105         |
|    time_elapsed         | 4926        |
|    total_timesteps      | 1541120     |
| train/                  |             |
|    approx_kl            | 0.016311202 |
|    clip_fraction        | 0.165       |
|    clip_range           | 0.2         |
|    entropy_loss         | -6.78       |
|    explained_variance   | 0.35        |
|    learning_rate        | 0.0003      |
|    loss                 | 0.087       |
|    n_updates            | 3490        |
|    policy_gradient_loss | -0.00507    |
|    std                  | 1.33        |
|    value_loss           | 50.5        |
-----------------------------------------
-----------------------------------------
| rollout/                |             |
|    ep_len_mean          | 280         |
|    ep_rew_mean          | -12         |
| time/                   |             |
|    fps                  | 109         |
|    iterations           | 106         |
|    time_elapsed         | 4975        |
|    total_timesteps      | 1546240     |
| train/                  |             |
|    approx_kl            | 0.018055473 |
|    clip_fraction        | 0.18        |
|    clip_range           | 0.2         |
|    entropy_loss         | -6.78       |
|    explained_variance   | 0.0843      |
|    learning_rate        | 0.0003      |
|    loss                 | 1.28        |
|    n_updates            | 3500        |
|    policy_gradient_loss | -0.00221    |
|    std                  | 1.34        |
|    value_loss           | 248         |
-----------------------------------------
-----------------------------------------
| rollout/                |             |
|    ep_len_mean          | 284         |
|    ep_rew_mean          | -11.8       |
| time/                   |             |
|    fps                  | 109         |
|    iterations           | 107         |
|    time_elapsed         | 5017        |
|    total_timesteps      | 1551360     |
| train/                  |             |
|    approx_kl            | 0.028380156 |
|    clip_fraction        | 0.203       |
|    clip_range           | 0.2         |
|    entropy_loss         | -6.79       |
|    explained_variance   | 0.73        |
|    learning_rate        | 0.0003      |
|    loss                 | 0.165       |
|    n_updates            | 3510        |
|    policy_gradient_loss | -0.00423    |
|    std                  | 1.34        |
|    value_loss           | 9.78        |
-----------------------------------------
Eval num_timesteps=1553520, episode_reward=-14.11 +/- 28.43
Episode length: 334.20 +/- 85.56
-----------------------------------------
| eval/                   |             |
|    mean_ep_length       | 334         |
|    mean_reward          | -14.1       |
| time/                   |             |
|    total_timesteps      | 1553520     |
| train/                  |             |
|    approx_kl            | 0.022201058 |
|    clip_fraction        | 0.18        |
|    clip_range           | 0.2         |
|    entropy_loss         | -6.8        |
|    explained_variance   | 0.298       |
|    learning_rate        | 0.0003      |
|    loss                 | 1.38        |
|    n_updates            | 3520        |
|    policy_gradient_loss | -0.00517    |
|    std                  | 1.34        |
|    value_loss           | 176         |
-----------------------------------------
[episode ends] timestep 1553530: flipped=71 (41%), missed_goal=85 (49%), out_of_bounds=11 (6%), scored=5 (3%)
---------------------------------
| episode_end/       |          |
|    flipped         | 71       |
|    missed_goal     | 85       |
|    out_of_bounds   | 11       |
|    scored          | 5        |
| rollout/           |          |
|    ep_len_mean     | 287      |
|    ep_rew_mean     | -18.3    |
| time/              |          |
|    fps             | 108      |
|    iterations      | 108      |
|    time_elapsed    | 5073     |
|    total_timesteps | 1556480  |
---------------------------------
----------------------------------------
| rollout/                |            |
|    ep_len_mean          | 297        |
|    ep_rew_mean          | -18.2      |
| time/                   |            |
|    fps                  | 109        |
|    iterations           | 109        |
|    time_elapsed         | 5114       |
|    total_timesteps      | 1561600    |
| train/                  |            |
|    approx_kl            | 0.01886711 |
|    clip_fraction        | 0.167      |
|    clip_range           | 0.2        |
|    entropy_loss         | -6.81      |
|    explained_variance   | 0.893      |
|    learning_rate        | 0.0003     |
|    loss                 | 0.643      |
|    n_updates            | 3530       |
|    policy_gradient_loss | -0.000435  |
|    std                  | 1.34       |
|    value_loss           | 3.63       |
----------------------------------------
-----------------------------------------
| rollout/                |             |
|    ep_len_mean          | 305         |
|    ep_rew_mean          | -19.2       |
| time/                   |             |
|    fps                  | 109         |
|    iterations           | 110         |
|    time_elapsed         | 5156        |
|    total_timesteps      | 1566720     |
| train/                  |             |
|    approx_kl            | 0.022870421 |
|    clip_fraction        | 0.242       |
|    clip_range           | 0.2         |
|    entropy_loss         | -6.81       |
|    explained_variance   | 0.806       |
|    learning_rate        | 0.0003      |
|    loss                 | 0.136       |
|    n_updates            | 3540        |
|    policy_gradient_loss | -0.00354    |
|    std                  | 1.35        |
|    value_loss           | 5.58        |
-----------------------------------------
----------------------------------------
| rollout/                |            |
|    ep_len_mean          | 315        |
|    ep_rew_mean          | -12.8      |
| time/                   |            |
|    fps                  | 109        |
|    iterations           | 111        |
|    time_elapsed         | 5202       |
|    total_timesteps      | 1571840    |
| train/                  |            |
|    approx_kl            | 0.02826124 |
|    clip_fraction        | 0.251      |
|    clip_range           | 0.2        |
|    entropy_loss         | -6.82      |
|    explained_variance   | 0.888      |
|    learning_rate        | 0.0003     |
|    loss                 | 0.056      |
|    n_updates            | 3550       |
|    policy_gradient_loss | -0.00177   |
|    std                  | 1.35       |
|    value_loss           | 4.85       |
----------------------------------------
-----------------------------------------
| rollout/                |             |
|    ep_len_mean          | 319         |
|    ep_rew_mean          | -15.3       |
| time/                   |             |
|    fps                  | 109         |
|    iterations           | 112         |
|    time_elapsed         | 5243        |
|    total_timesteps      | 1576960     |
| train/                  |             |
|    approx_kl            | 0.015260297 |
|    clip_fraction        | 0.158       |
|    clip_range           | 0.2         |
|    entropy_loss         | -6.82       |
|    explained_variance   | 0.547       |
|    learning_rate        | 0.0003      |
|    loss                 | 0.305       |
|    n_updates            | 3560        |
|    policy_gradient_loss | -0.00684    |
|    std                  | 1.34        |
|    value_loss           | 43.1        |
-----------------------------------------
-----------------------------------------
| rollout/                |             |
|    ep_len_mean          | 308         |
|    ep_rew_mean          | -20         |
| time/                   |             |
|    fps                  | 109         |
|    iterations           | 113         |
|    time_elapsed         | 5288        |
|    total_timesteps      | 1582080     |
| train/                  |             |
|    approx_kl            | 0.025497496 |
|    clip_fraction        | 0.13        |
|    clip_range           | 0.2         |
|    entropy_loss         | -6.79       |
|    explained_variance   | 0.574       |
|    learning_rate        | 0.0003      |
|    loss                 | 2.03        |
|    n_updates            | 3570        |
|    policy_gradient_loss | -0.00283    |
|    std                  | 1.34        |
|    value_loss           | 24.7        |
-----------------------------------------
-----------------------------------------
| rollout/                |             |
|    ep_len_mean          | 302         |
|    ep_rew_mean          | -19.8       |
| time/                   |             |
|    fps                  | 109         |
|    iterations           | 114         |
|    time_elapsed         | 5334        |
|    total_timesteps      | 1587200     |
| train/                  |             |
|    approx_kl            | 0.015167852 |
|    clip_fraction        | 0.078       |
|    clip_range           | 0.2         |
|    entropy_loss         | -6.78       |
|    explained_variance   | 0.299       |
|    learning_rate        | 0.0003      |
|    loss                 | 0.976       |
|    n_updates            | 3580        |
|    policy_gradient_loss | -0.0075     |
|    std                  | 1.34        |
|    value_loss           | 106         |
-----------------------------------------
-----------------------------------------
| rollout/                |             |
|    ep_len_mean          | 301         |
|    ep_rew_mean          | -22.7       |
| time/                   |             |
|    fps                  | 109         |
|    iterations           | 115         |
|    time_elapsed         | 5379        |
|    total_timesteps      | 1592320     |
| train/                  |             |
|    approx_kl            | 0.020320848 |
|    clip_fraction        | 0.121       |
|    clip_range           | 0.2         |
|    entropy_loss         | -6.78       |
|    explained_variance   | 0.0896      |
|    learning_rate        | 0.0003      |
|    loss                 | 1.59        |
|    n_updates            | 3590        |
|    policy_gradient_loss | -0.00474    |
|    std                  | 1.33        |
|    value_loss           | 332         |
-----------------------------------------
----------------------------------------
| rollout/                |            |
|    ep_len_mean          | 309        |
|    ep_rew_mean          | -33.1      |
| time/                   |            |
|    fps                  | 109        |
|    iterations           | 116        |
|    time_elapsed         | 5421       |
|    total_timesteps      | 1597440    |
| train/                  |            |
|    approx_kl            | 0.01132071 |
|    clip_fraction        | 0.113      |
|    clip_range           | 0.2        |
|    entropy_loss         | -6.76      |
|    explained_variance   | 0.28       |
|    learning_rate        | 0.0003     |
|    loss                 | 0.848      |
|    n_updates            | 3600       |
|    policy_gradient_loss | -0.00937   |
|    std                  | 1.33       |
|    value_loss           | 131        |
----------------------------------------
-----------------------------------------
| rollout/                |             |
|    ep_len_mean          | 295         |
|    ep_rew_mean          | -36.2       |
| time/                   |             |
|    fps                  | 109         |
|    iterations           | 117         |
|    time_elapsed         | 5465        |
|    total_timesteps      | 1602560     |
| train/                  |             |
|    approx_kl            | 0.009561883 |
|    clip_fraction        | 0.0646      |
|    clip_range           | 0.2         |
|    entropy_loss         | -6.76       |
|    explained_variance   | 0.243       |
|    learning_rate        | 0.0003      |
|    loss                 | 0.443       |
|    n_updates            | 3610        |
|    policy_gradient_loss | -0.00867    |
|    std                  | 1.33        |
|    value_loss           | 320         |
-----------------------------------------
Eval num_timesteps=1603520, episode_reward=-10.89 +/- 12.32
Episode length: 314.20 +/- 62.47
-----------------------------------------
| eval/                   |             |
|    mean_ep_length       | 314         |
|    mean_reward          | -10.9       |
| time/                   |             |
|    total_timesteps      | 1603520     |
| train/                  |             |
|    approx_kl            | 0.012123609 |
|    clip_fraction        | 0.105       |
|    clip_range           | 0.2         |
|    entropy_loss         | -6.75       |
|    explained_variance   | 0.315       |
|    learning_rate        | 0.0003      |
|    loss                 | 0.315       |
|    n_updates            | 3620        |
|    policy_gradient_loss | -0.00686    |
|    std                  | 1.32        |
|    value_loss           | 148         |
-----------------------------------------
[progress] timestep 1603530
[episode ends] timestep 1603530: flipped=84 (52%), missed_goal=62 (38%), out_of_bounds=12 (7%), scored=5 (3%)
---------------------------------
| episode_end/       |          |
|    flipped         | 84       |
|    missed_goal     | 62       |
|    out_of_bounds   | 12       |
|    scored          | 5        |
| rollout/           |          |
|    ep_len_mean     | 296      |
|    ep_rew_mean     | -35.9    |
| time/              |          |
|    fps             | 109      |
|    iterations      | 118      |
|    time_elapsed    | 5516     |
|    total_timesteps | 1607680  |
---------------------------------
----------------------------------------
| rollout/                |            |
|    ep_len_mean          | 300        |
|    ep_rew_mean          | -36.4      |
| time/                   |            |
|    fps                  | 109        |
|    iterations           | 119        |
|    time_elapsed         | 5560       |
|    total_timesteps      | 1612800    |
| train/                  |            |
|    approx_kl            | 0.02609027 |
|    clip_fraction        | 0.18       |
|    clip_range           | 0.2        |
|    entropy_loss         | -6.74      |
|    explained_variance   | 0.333      |
|    learning_rate        | 0.0003     |
|    loss                 | 0.319      |
|    n_updates            | 3630       |
|    policy_gradient_loss | -0.00196   |
|    std                  | 1.32       |
|    value_loss           | 49.7       |
----------------------------------------
-----------------------------------------
| rollout/                |             |
|    ep_len_mean          | 309         |
|    ep_rew_mean          | -36         |
| time/                   |             |
|    fps                  | 109         |
|    iterations           | 120         |
|    time_elapsed         | 5602        |
|    total_timesteps      | 1617920     |
| train/                  |             |
|    approx_kl            | 0.009707491 |
|    clip_fraction        | 0.101       |
|    clip_range           | 0.2         |
|    entropy_loss         | -6.73       |
|    explained_variance   | 0.175       |
|    learning_rate        | 0.0003      |
|    loss                 | 1.73        |
|    n_updates            | 3640        |
|    policy_gradient_loss | -0.0086     |
|    std                  | 1.32        |
|    value_loss           | 142         |
-----------------------------------------
-----------------------------------------
| rollout/                |             |
|    ep_len_mean          | 308         |
|    ep_rew_mean          | -34         |
| time/                   |             |
|    fps                  | 109         |
|    iterations           | 121         |
|    time_elapsed         | 5639        |
|    total_timesteps      | 1623040     |
| train/                  |             |
|    approx_kl            | 0.011852546 |
|    clip_fraction        | 0.112       |
|    clip_range           | 0.2         |
|    entropy_loss         | -6.72       |
|    explained_variance   | 0.213       |
|    learning_rate        | 0.0003      |
|    loss                 | 6.19        |
|    n_updates            | 3650        |
|    policy_gradient_loss | -0.0104     |
|    std                  | 1.32        |
|    value_loss           | 279         |
-----------------------------------------
-----------------------------------------
| rollout/                |             |
|    ep_len_mean          | 299         |
|    ep_rew_mean          | -24.1       |
| time/                   |             |
|    fps                  | 109         |
|    iterations           | 122         |
|    time_elapsed         | 5687        |
|    total_timesteps      | 1628160     |
| train/                  |             |
|    approx_kl            | 0.016602155 |
|    clip_fraction        | 0.118       |
|    clip_range           | 0.2         |
|    entropy_loss         | -6.72       |
|    explained_variance   | 0.305       |
|    learning_rate        | 0.0003      |
|    loss                 | 0.873       |
|    n_updates            | 3660        |
|    policy_gradient_loss | -0.00943    |
|    std                  | 1.32        |
|    value_loss           | 83.4        |
-----------------------------------------
-----------------------------------------
| rollout/                |             |
|    ep_len_mean          | 307         |
|    ep_rew_mean          | -19.7       |
| time/                   |             |
|    fps                  | 109         |
|    iterations           | 123         |
|    time_elapsed         | 5742        |
|    total_timesteps      | 1633280     |
| train/                  |             |
|    approx_kl            | 0.026480202 |
|    clip_fraction        | 0.218       |
|    clip_range           | 0.2         |
|    entropy_loss         | -6.72       |
|    explained_variance   | 0.211       |
|    learning_rate        | 0.0003      |
|    loss                 | 1.34        |
|    n_updates            | 3670        |
|    policy_gradient_loss | -0.00408    |
|    std                  | 1.31        |
|    value_loss           | 55.9        |
-----------------------------------------
-----------------------------------------
| rollout/                |             |
|    ep_len_mean          | 318         |
|    ep_rew_mean          | -21.5       |
| time/                   |             |
|    fps                  | 109         |
|    iterations           | 124         |
|    time_elapsed         | 5789        |
|    total_timesteps      | 1638400     |
| train/                  |             |
|    approx_kl            | 0.042875566 |
|    clip_fraction        | 0.255       |
|    clip_range           | 0.2         |
|    entropy_loss         | -6.72       |
|    explained_variance   | 0.295       |
|    learning_rate        | 0.0003      |
|    loss                 | 0.128       |
|    n_updates            | 3680        |
|    policy_gradient_loss | -0.000741   |
|    std                  | 1.32        |
|    value_loss           | 69.2        |
-----------------------------------------
-----------------------------------------
| rollout/                |             |
|    ep_len_mean          | 327         |
|    ep_rew_mean          | -16.3       |
| time/                   |             |
|    fps                  | 109         |
|    iterations           | 125         |
|    time_elapsed         | 5825        |
|    total_timesteps      | 1643520     |
| train/                  |             |
|    approx_kl            | 0.038271263 |
|    clip_fraction        | 0.274       |
|    clip_range           | 0.2         |
|    entropy_loss         | -6.71       |
|    explained_variance   | 0.611       |
|    learning_rate        | 0.0003      |
|    loss                 | 0.0347      |
|    n_updates            | 3690        |
|    policy_gradient_loss | 0.00108     |
|    std                  | 1.3         |
|    value_loss           | 28          |
-----------------------------------------
-----------------------------------------
| rollout/                |             |
|    ep_len_mean          | 325         |
|    ep_rew_mean          | -12.5       |
| time/                   |             |
|    fps                  | 109         |
|    iterations           | 126         |
|    time_elapsed         | 5869        |
|    total_timesteps      | 1648640     |
| train/                  |             |
|    approx_kl            | 0.037382312 |
|    clip_fraction        | 0.197       |
|    clip_range           | 0.2         |
|    entropy_loss         | -6.69       |
|    explained_variance   | 0.847       |
|    learning_rate        | 0.0003      |
|    loss                 | 0.0808      |
|    n_updates            | 3700        |
|    policy_gradient_loss | -0.00504    |
|    std                  | 1.3         |
|    value_loss           | 2.49        |
-----------------------------------------
Eval num_timesteps=1653520, episode_reward=-17.71 +/- 14.41
Episode length: 332.50 +/- 90.07
---------------------------------------
| eval/                   |           |
|    mean_ep_length       | 332       |
|    mean_reward          | -17.7     |
| time/                   |           |
|    total_timesteps      | 1653520   |
| train/                  |           |
|    approx_kl            | 0.0213908 |
|    clip_fraction        | 0.139     |
|    clip_range           | 0.2       |
|    entropy_loss         | -6.69     |
|    explained_variance   | 0.859     |
|    learning_rate        | 0.0003    |
|    loss                 | 0.279     |
|    n_updates            | 3710      |
|    policy_gradient_loss | -0.00735  |
|    std                  | 1.3       |
|    value_loss           | 2.83      |
---------------------------------------
[episode ends] timestep 1653530: flipped=68 (44%), missed_goal=60 (38%), out_of_bounds=19 (12%), scored=9 (6%)
---------------------------------
| episode_end/       |          |
|    flipped         | 68       |
|    missed_goal     | 60       |
|    out_of_bounds   | 19       |
|    scored          | 9        |
| rollout/           |          |
|    ep_len_mean     | 324      |
|    ep_rew_mean     | -10.2    |
| time/              |          |
|    fps             | 109      |
|    iterations      | 127      |
|    time_elapsed    | 5921     |
|    total_timesteps | 1653760  |
---------------------------------
-----------------------------------------
| rollout/                |             |
|    ep_len_mean          | 327         |
|    ep_rew_mean          | -13         |
| time/                   |             |
|    fps                  | 109         |
|    iterations           | 128         |
|    time_elapsed         | 5961        |
|    total_timesteps      | 1658880     |
| train/                  |             |
|    approx_kl            | 0.012159968 |
|    clip_fraction        | 0.148       |
|    clip_range           | 0.2         |
|    entropy_loss         | -6.68       |
|    explained_variance   | 0.916       |
|    learning_rate        | 0.0003      |
|    loss                 | 1.9         |
|    n_updates            | 3720        |
|    policy_gradient_loss | -0.00512    |
|    std                  | 1.3         |
|    value_loss           | 2.3         |
-----------------------------------------
----------------------------------------
| rollout/                |            |
|    ep_len_mean          | 322        |
|    ep_rew_mean          | -16.6      |
| time/                   |            |
|    fps                  | 109        |
|    iterations           | 129        |
|    time_elapsed         | 6008       |
|    total_timesteps      | 1664000    |
| train/                  |            |
|    approx_kl            | 0.01265418 |
|    clip_fraction        | 0.152      |
|    clip_range           | 0.2        |
|    entropy_loss         | -6.68      |
|    explained_variance   | 0.48       |
|    learning_rate        | 0.0003     |
|    loss                 | -0.0187    |
|    n_updates            | 3730       |
|    policy_gradient_loss | -0.00563   |
|    std                  | 1.3        |
|    value_loss           | 54.6       |
----------------------------------------
-----------------------------------------
| rollout/                |             |
|    ep_len_mean          | 307         |
|    ep_rew_mean          | -16         |
| time/                   |             |
|    fps                  | 109         |
|    iterations           | 130         |
|    time_elapsed         | 6051        |
|    total_timesteps      | 1669120     |
| train/                  |             |
|    approx_kl            | 0.015048446 |
|    clip_fraction        | 0.186       |
|    clip_range           | 0.2         |
|    entropy_loss         | -6.69       |
|    explained_variance   | 0.16        |
|    learning_rate        | 0.0003      |
|    loss                 | 1.06        |
|    n_updates            | 3740        |
|    policy_gradient_loss | -0.00281    |
|    std                  | 1.31        |
|    value_loss           | 332         |
-----------------------------------------
-----------------------------------------
| rollout/                |             |
|    ep_len_mean          | 309         |
|    ep_rew_mean          | -15.8       |
| time/                   |             |
|    fps                  | 109         |
|    iterations           | 131         |
|    time_elapsed         | 6098        |
|    total_timesteps      | 1674240     |
| train/                  |             |
|    approx_kl            | 0.022513006 |
|    clip_fraction        | 0.176       |
|    clip_range           | 0.2         |
|    entropy_loss         | -6.69       |
|    explained_variance   | 0.334       |
|    learning_rate        | 0.0003      |
|    loss                 | 0.717       |
|    n_updates            | 3750        |
|    policy_gradient_loss | -0.00466    |
|    std                  | 1.3         |
|    value_loss           | 53.5        |
-----------------------------------------
-----------------------------------------
| rollout/                |             |
|    ep_len_mean          | 312         |
|    ep_rew_mean          | -15.6       |
| time/                   |             |
|    fps                  | 110         |
|    iterations           | 132         |
|    time_elapsed         | 6143        |
|    total_timesteps      | 1679360     |
| train/                  |             |
|    approx_kl            | 0.019436076 |
|    clip_fraction        | 0.142       |
|    clip_range           | 0.2         |
|    entropy_loss         | -6.68       |
|    explained_variance   | 0.913       |
|    learning_rate        | 0.0003      |
|    loss                 | 0.191       |
|    n_updates            | 3760        |
|    policy_gradient_loss | -0.00987    |
|    std                  | 1.3         |
|    value_loss           | 2.16        |
-----------------------------------------
-----------------------------------------
| rollout/                |             |
|    ep_len_mean          | 322         |
|    ep_rew_mean          | -17.5       |
| time/                   |             |
|    fps                  | 110         |
|    iterations           | 133         |
|    time_elapsed         | 6178        |
|    total_timesteps      | 1684480     |
| train/                  |             |
|    approx_kl            | 0.021999476 |
|    clip_fraction        | 0.158       |
|    clip_range           | 0.2         |
|    entropy_loss         | -6.68       |
|    explained_variance   | 0.439       |
|    learning_rate        | 0.0003      |
|    loss                 | 7.95        |
|    n_updates            | 3770        |
|    policy_gradient_loss | -0.00826    |
|    std                  | 1.3         |
|    value_loss           | 66.9        |
-----------------------------------------
-----------------------------------------
| rollout/                |             |
|    ep_len_mean          | 320         |
|    ep_rew_mean          | -16.5       |
| time/                   |             |
|    fps                  | 110         |
|    iterations           | 134         |
|    time_elapsed         | 6226        |
|    total_timesteps      | 1689600     |
| train/                  |             |
|    approx_kl            | 0.012710388 |
|    clip_fraction        | 0.121       |
|    clip_range           | 0.2         |
|    entropy_loss         | -6.67       |
|    explained_variance   | 0.867       |
|    learning_rate        | 0.0003      |
|    loss                 | 0.0197      |
|    n_updates            | 3780        |
|    policy_gradient_loss | -0.00594    |
|    std                  | 1.29        |
|    value_loss           | 5.97        |
-----------------------------------------
-----------------------------------------
| rollout/                |             |
|    ep_len_mean          | 327         |
|    ep_rew_mean          | -11.8       |
| time/                   |             |
|    fps                  | 110         |
|    iterations           | 135         |
|    time_elapsed         | 6266        |
|    total_timesteps      | 1694720     |
| train/                  |             |
|    approx_kl            | 0.042954173 |
|    clip_fraction        | 0.221       |
|    clip_range           | 0.2         |
|    entropy_loss         | -6.66       |
|    explained_variance   | 0.936       |
|    learning_rate        | 0.0003      |
|    loss                 | 0.145       |
|    n_updates            | 3790        |
|    policy_gradient_loss | -0.00269    |
|    std                  | 1.29        |
|    value_loss           | 2.01        |
-----------------------------------------
------------------------------------------
| rollout/                |              |
|    ep_len_mean          | 339          |
|    ep_rew_mean          | -11          |
| time/                   |              |
|    fps                  | 110          |
|    iterations           | 136          |
|    time_elapsed         | 6306         |
|    total_timesteps      | 1699840      |
| train/                  |              |
|    approx_kl            | 0.0148380725 |
|    clip_fraction        | 0.153        |
|    clip_range           | 0.2          |
|    entropy_loss         | -6.64        |
|    explained_variance   | 0.927        |
|    learning_rate        | 0.0003       |
|    loss                 | 0.388        |
|    n_updates            | 3800         |
|    policy_gradient_loss | -0.01        |
|    std                  | 1.29         |
|    value_loss           | 1.74         |
------------------------------------------
Eval num_timesteps=1703520, episode_reward=-7.16 +/- 12.35
Episode length: 326.90 +/- 77.06
-----------------------------------------
| eval/                   |             |
|    mean_ep_length       | 327         |
|    mean_reward          | -7.16       |
| time/                   |             |
|    total_timesteps      | 1703520     |
| train/                  |             |
|    approx_kl            | 0.023169925 |
|    clip_fraction        | 0.182       |
|    clip_range           | 0.2         |
|    entropy_loss         | -6.63       |
|    explained_variance   | 0.936       |
|    learning_rate        | 0.0003      |
|    loss                 | 0.0857      |
|    n_updates            | 3810        |
|    policy_gradient_loss | -0.00913    |
|    std                  | 1.28        |
|    value_loss           | 0.961       |
-----------------------------------------
[progress] timestep 1703530
[episode ends] timestep 1703530: flipped=67 (44%), missed_goal=68 (44%), out_of_bounds=14 (9%), scored=5 (3%)
---------------------------------
| episode_end/       |          |
|    flipped         | 67       |
|    missed_goal     | 68       |
|    out_of_bounds   | 14       |
|    scored          | 5        |
| rollout/           |          |
|    ep_len_mean     | 343      |
|    ep_rew_mean     | -12.8    |
| time/              |          |
|    fps             | 110      |
|    iterations      | 137      |
|    time_elapsed    | 6355     |
|    total_timesteps | 1704960  |
---------------------------------
-----------------------------------------
| rollout/                |             |
|    ep_len_mean          | 339         |
|    ep_rew_mean          | -13         |
| time/                   |             |
|    fps                  | 110         |
|    iterations           | 138         |
|    time_elapsed         | 6401        |
|    total_timesteps      | 1710080     |
| train/                  |             |
|    approx_kl            | 0.020431831 |
|    clip_fraction        | 0.162       |
|    clip_range           | 0.2         |
|    entropy_loss         | -6.62       |
|    explained_variance   | 0.683       |
|    learning_rate        | 0.0003      |
|    loss                 | 126         |
|    n_updates            | 3820        |
|    policy_gradient_loss | -0.0076     |
|    std                  | 1.28        |
|    value_loss           | 14.5        |
-----------------------------------------
-----------------------------------------
| rollout/                |             |
|    ep_len_mean          | 329         |
|    ep_rew_mean          | -16         |
| time/                   |             |
|    fps                  | 110         |
|    iterations           | 139         |
|    time_elapsed         | 6440        |
|    total_timesteps      | 1715200     |
| train/                  |             |
|    approx_kl            | 0.019604173 |
|    clip_fraction        | 0.165       |
|    clip_range           | 0.2         |
|    entropy_loss         | -6.62       |
|    explained_variance   | 0.352       |
|    learning_rate        | 0.0003      |
|    loss                 | 1.45        |
|    n_updates            | 3830        |
|    policy_gradient_loss | -0.00453    |
|    std                  | 1.29        |
|    value_loss           | 46.1        |
-----------------------------------------
----------------------------------------
| rollout/                |            |
|    ep_len_mean          | 327        |
|    ep_rew_mean          | -21.5      |
| time/                   |            |
|    fps                  | 110        |
|    iterations           | 140        |
|    time_elapsed         | 6484       |
|    total_timesteps      | 1720320    |
| train/                  |            |
|    approx_kl            | 0.01362364 |
|    clip_fraction        | 0.144      |
|    clip_range           | 0.2        |
|    entropy_loss         | -6.62      |
|    explained_variance   | 0.198      |
|    learning_rate        | 0.0003     |
|    loss                 | 1.42e+03   |
|    n_updates            | 3840       |
|    policy_gradient_loss | -0.0078    |
|    std                  | 1.28       |
|    value_loss           | 148        |
----------------------------------------
-----------------------------------------
| rollout/                |             |
|    ep_len_mean          | 314         |
|    ep_rew_mean          | -21.8       |
| time/                   |             |
|    fps                  | 110         |
|    iterations           | 141         |
|    time_elapsed         | 6526        |
|    total_timesteps      | 1725440     |
| train/                  |             |
|    approx_kl            | 0.014189968 |
|    clip_fraction        | 0.127       |
|    clip_range           | 0.2         |
|    entropy_loss         | -6.62       |
|    explained_variance   | 0.175       |
|    learning_rate        | 0.0003      |
|    loss                 | 2.02        |
|    n_updates            | 3850        |
|    policy_gradient_loss | -0.00373    |
|    std                  | 1.28        |
|    value_loss           | 147         |
-----------------------------------------
-----------------------------------------
| rollout/                |             |
|    ep_len_mean          | 299         |
|    ep_rew_mean          | -23.6       |
| time/                   |             |
|    fps                  | 110         |
|    iterations           | 142         |
|    time_elapsed         | 6575        |
|    total_timesteps      | 1730560     |
| train/                  |             |
|    approx_kl            | 0.020372964 |
|    clip_fraction        | 0.223       |
|    clip_range           | 0.2         |
|    entropy_loss         | -6.59       |
|    explained_variance   | 0.582       |
|    learning_rate        | 0.0003      |
|    loss                 | 0.26        |
|    n_updates            | 3860        |
|    policy_gradient_loss | 0.00518     |
|    std                  | 1.27        |
|    value_loss           | 21.8        |
-----------------------------------------
-----------------------------------------
| rollout/                |             |
|    ep_len_mean          | 295         |
|    ep_rew_mean          | -22.5       |
| time/                   |             |
|    fps                  | 110         |
|    iterations           | 143         |
|    time_elapsed         | 6615        |
|    total_timesteps      | 1735680     |
| train/                  |             |
|    approx_kl            | 0.019248696 |
|    clip_fraction        | 0.236       |
|    clip_range           | 0.2         |
|    entropy_loss         | -6.58       |
|    explained_variance   | 0.539       |
|    learning_rate        | 0.0003      |
|    loss                 | 0.19        |
|    n_updates            | 3870        |
|    policy_gradient_loss | 0.00254     |
|    std                  | 1.27        |
|    value_loss           | 20          |
-----------------------------------------
-----------------------------------------
| rollout/                |             |
|    ep_len_mean          | 293         |
|    ep_rew_mean          | -24.4       |
| time/                   |             |
|    fps                  | 110         |
|    iterations           | 144         |
|    time_elapsed         | 6656        |
|    total_timesteps      | 1740800     |
| train/                  |             |
|    approx_kl            | 0.011190806 |
|    clip_fraction        | 0.133       |
|    clip_range           | 0.2         |
|    entropy_loss         | -6.57       |
|    explained_variance   | 0.758       |
|    learning_rate        | 0.0003      |
|    loss                 | 0.194       |
|    n_updates            | 3880        |
|    policy_gradient_loss | -0.00644    |
|    std                  | 1.27        |
|    value_loss           | 5.43        |
-----------------------------------------
-----------------------------------------
| rollout/                |             |
|    ep_len_mean          | 301         |
|    ep_rew_mean          | -17         |
| time/                   |             |
|    fps                  | 110         |
|    iterations           | 145         |
|    time_elapsed         | 6698        |
|    total_timesteps      | 1745920     |
| train/                  |             |
|    approx_kl            | 0.008090391 |
|    clip_fraction        | 0.0922      |
|    clip_range           | 0.2         |
|    entropy_loss         | -6.57       |
|    explained_variance   | 0.474       |
|    learning_rate        | 0.0003      |
|    loss                 | 0.88        |
|    n_updates            | 3890        |
|    policy_gradient_loss | -0.00639    |
|    std                  | 1.27        |
|    value_loss           | 35.9        |
-----------------------------------------
------------------------------------------
| rollout/                |              |
|    ep_len_mean          | 307          |
|    ep_rew_mean          | -18.2        |
| time/                   |              |
|    fps                  | 110          |
|    iterations           | 146          |
|    time_elapsed         | 6743         |
|    total_timesteps      | 1751040      |
| train/                  |              |
|    approx_kl            | 0.0149299875 |
|    clip_fraction        | 0.147        |
|    clip_range           | 0.2          |
|    entropy_loss         | -6.56        |
|    explained_variance   | 0.44         |
|    learning_rate        | 0.0003       |
|    loss                 | 0.161        |
|    n_updates            | 3900         |
|    policy_gradient_loss | -0.00732     |
|    std                  | 1.27         |
|    value_loss           | 31.1         |
------------------------------------------
Eval num_timesteps=1753520, episode_reward=-10.78 +/- 12.25
Episode length: 345.50 +/- 154.55
-----------------------------------------
| eval/                   |             |
|    mean_ep_length       | 346         |
|    mean_reward          | -10.8       |
| time/                   |             |
|    total_timesteps      | 1753520     |
| train/                  |             |
|    approx_kl            | 0.017918538 |
|    clip_fraction        | 0.131       |
|    clip_range           | 0.2         |
|    entropy_loss         | -6.57       |
|    explained_variance   | 0.402       |
|    learning_rate        | 0.0003      |
|    loss                 | 0.828       |
|    n_updates            | 3910        |
|    policy_gradient_loss | -0.00628    |
|    std                  | 1.27        |
|    value_loss           | 58.8        |
-----------------------------------------
[episode ends] timestep 1753530: flipped=82 (52%), missed_goal=68 (43%), out_of_bounds=7 (4%), scored=2 (1%)
---------------------------------
| episode_end/       |          |
|    flipped         | 82       |
|    missed_goal     | 68       |
|    out_of_bounds   | 7        |
|    scored          | 2        |
| rollout/           |          |
|    ep_len_mean     | 316      |
|    ep_rew_mean     | -16.9    |
| time/              |          |
|    fps             | 110      |
|    iterations      | 147      |
|    time_elapsed    | 6789     |
|    total_timesteps | 1756160  |
---------------------------------
-----------------------------------------
| rollout/                |             |
|    ep_len_mean          | 328         |
|    ep_rew_mean          | -16.4       |
| time/                   |             |
|    fps                  | 110         |
|    iterations           | 148         |
|    time_elapsed         | 6833        |
|    total_timesteps      | 1761280     |
| train/                  |             |
|    approx_kl            | 0.013174249 |
|    clip_fraction        | 0.132       |
|    clip_range           | 0.2         |
|    entropy_loss         | -6.57       |
|    explained_variance   | 0.534       |
|    learning_rate        | 0.0003      |
|    loss                 | 0.907       |
|    n_updates            | 3920        |
|    policy_gradient_loss | -0.00622    |
|    std                  | 1.27        |
|    value_loss           | 43.2        |
-----------------------------------------
-----------------------------------------
| rollout/                |             |
|    ep_len_mean          | 334         |
|    ep_rew_mean          | -18.1       |
| time/                   |             |
|    fps                  | 110         |
|    iterations           | 149         |
|    time_elapsed         | 6878        |
|    total_timesteps      | 1766400     |
| train/                  |             |
|    approx_kl            | 0.016203932 |
|    clip_fraction        | 0.14        |
|    clip_range           | 0.2         |
|    entropy_loss         | -6.57       |
|    explained_variance   | 0.786       |
|    learning_rate        | 0.0003      |
|    loss                 | 0.297       |
|    n_updates            | 3930        |
|    policy_gradient_loss | -0.00573    |
|    std                  | 1.27        |
|    value_loss           | 3.65        |
-----------------------------------------
-----------------------------------------
| rollout/                |             |
|    ep_len_mean          | 339         |
|    ep_rew_mean          | -18.6       |
| time/                   |             |
|    fps                  | 110         |
|    iterations           | 150         |
|    time_elapsed         | 6919        |
|    total_timesteps      | 1771520     |
| train/                  |             |
|    approx_kl            | 0.017215924 |
|    clip_fraction        | 0.131       |
|    clip_range           | 0.2         |
|    entropy_loss         | -6.58       |
|    explained_variance   | 0.368       |
|    learning_rate        | 0.0003      |
|    loss                 | 0.204       |
|    n_updates            | 3940        |
|    policy_gradient_loss | -0.0071     |
|    std                  | 1.27        |
|    value_loss           | 85.8        |
-----------------------------------------
-----------------------------------------
| rollout/                |             |
|    ep_len_mean          | 336         |
|    ep_rew_mean          | -18.5       |
| time/                   |             |
|    fps                  | 111         |
|    iterations           | 151         |
|    time_elapsed         | 6961        |
|    total_timesteps      | 1776640     |
| train/                  |             |
|    approx_kl            | 0.035412624 |
|    clip_fraction        | 0.237       |
|    clip_range           | 0.2         |
|    entropy_loss         | -6.58       |
|    explained_variance   | 0.679       |
|    learning_rate        | 0.0003      |
|    loss                 | -0.0213     |
|    n_updates            | 3950        |
|    policy_gradient_loss | -0.00353    |
|    std                  | 1.28        |
|    value_loss           | 15.6        |
-----------------------------------------
-----------------------------------------
| rollout/                |             |
|    ep_len_mean          | 329         |
|    ep_rew_mean          | -20.1       |
| time/                   |             |
|    fps                  | 111         |
|    iterations           | 152         |
|    time_elapsed         | 7003        |
|    total_timesteps      | 1781760     |
| train/                  |             |
|    approx_kl            | 0.013734276 |
|    clip_fraction        | 0.144       |
|    clip_range           | 0.2         |
|    entropy_loss         | -6.58       |
|    explained_variance   | 0.27        |
|    learning_rate        | 0.0003      |
|    loss                 | 0.0698      |
|    n_updates            | 3960        |
|    policy_gradient_loss | -0.00565    |
|    std                  | 1.27        |
|    value_loss           | 79.4        |
-----------------------------------------
-----------------------------------------
| rollout/                |             |
|    ep_len_mean          | 324         |
|    ep_rew_mean          | -21.3       |
| time/                   |             |
|    fps                  | 111         |
|    iterations           | 153         |
|    time_elapsed         | 7050        |
|    total_timesteps      | 1786880     |
| train/                  |             |
|    approx_kl            | 0.021799017 |
|    clip_fraction        | 0.126       |
|    clip_range           | 0.2         |
|    entropy_loss         | -6.56       |
|    explained_variance   | 0.127       |
|    learning_rate        | 0.0003      |
|    loss                 | 0.0483      |
|    n_updates            | 3970        |
|    policy_gradient_loss | -0.00769    |
|    std                  | 1.27        |
|    value_loss           | 192         |
-----------------------------------------
-----------------------------------------
| rollout/                |             |
|    ep_len_mean          | 316         |
|    ep_rew_mean          | -24.4       |
| time/                   |             |
|    fps                  | 111         |
|    iterations           | 154         |
|    time_elapsed         | 7096        |
|    total_timesteps      | 1792000     |
| train/                  |             |
|    approx_kl            | 0.017666053 |
|    clip_fraction        | 0.14        |
|    clip_range           | 0.2         |
|    entropy_loss         | -6.56       |
|    explained_variance   | 0.508       |
|    learning_rate        | 0.0003      |
|    loss                 | 3.14        |
|    n_updates            | 3980        |
|    policy_gradient_loss | -0.0062     |
|    std                  | 1.27        |
|    value_loss           | 55          |
-----------------------------------------
-----------------------------------------
| rollout/                |             |
|    ep_len_mean          | 315         |
|    ep_rew_mean          | -21.7       |
| time/                   |             |
|    fps                  | 111         |
|    iterations           | 155         |
|    time_elapsed         | 7144        |
|    total_timesteps      | 1797120     |
| train/                  |             |
|    approx_kl            | 0.019227693 |
|    clip_fraction        | 0.18        |
|    clip_range           | 0.2         |
|    entropy_loss         | -6.56       |
|    explained_variance   | 0.474       |
|    learning_rate        | 0.0003      |
|    loss                 | 0.00986     |
|    n_updates            | 3990        |
|    policy_gradient_loss | -0.004      |
|    std                  | 1.27        |
|    value_loss           | 43.7        |
-----------------------------------------
-----------------------------------------
| rollout/                |             |
|    ep_len_mean          | 313         |
|    ep_rew_mean          | -21.8       |
| time/                   |             |
|    fps                  | 111         |
|    iterations           | 156         |
|    time_elapsed         | 7180        |
|    total_timesteps      | 1802240     |
| train/                  |             |
|    approx_kl            | 0.015009421 |
|    clip_fraction        | 0.172       |
|    clip_range           | 0.2         |
|    entropy_loss         | -6.57       |
|    explained_variance   | 0.529       |
|    learning_rate        | 0.0003      |
|    loss                 | 0.297       |
|    n_updates            | 4000        |
|    policy_gradient_loss | -0.00314    |
|    std                  | 1.27        |
|    value_loss           | 32.1        |
-----------------------------------------
Eval num_timesteps=1803520, episode_reward=6.32 +/- 23.65
Episode length: 346.50 +/- 68.92
-----------------------------------------
| eval/                   |             |
|    mean_ep_length       | 346         |
|    mean_reward          | 6.32        |
| time/                   |             |
|    total_timesteps      | 1803520     |
| train/                  |             |
|    approx_kl            | 0.017479297 |
|    clip_fraction        | 0.161       |
|    clip_range           | 0.2         |
|    entropy_loss         | -6.56       |
|    explained_variance   | 0.905       |
|    learning_rate        | 0.0003      |
|    loss                 | 5.82        |
|    n_updates            | 4010        |
|    policy_gradient_loss | -0.0079     |
|    std                  | 1.27        |
|    value_loss           | 3.12        |
-----------------------------------------
New best mean reward!
[progress] timestep 1803530
[episode ends] timestep 1803530: crashed=3 (2%), flipped=70 (45%), missed_goal=72 (47%), out_of_bounds=6 (4%), scored=3 (2%)
---------------------------------
| episode_end/       |          |
|    crashed         | 3        |
|    flipped         | 70       |
|    missed_goal     | 72       |
|    out_of_bounds   | 6        |
|    scored          | 3        |
| rollout/           |          |
|    ep_len_mean     | 313      |
|    ep_rew_mean     | -19.1    |
| time/              |          |
|    fps             | 111      |
|    iterations      | 157      |
|    time_elapsed    | 7230     |
|    total_timesteps | 1807360  |
---------------------------------
-----------------------------------------
| rollout/                |             |
|    ep_len_mean          | 309         |
|    ep_rew_mean          | -14         |
| time/                   |             |
|    fps                  | 111         |
|    iterations           | 158         |
|    time_elapsed         | 7279        |
|    total_timesteps      | 1812480     |
| train/                  |             |
|    approx_kl            | 0.024017721 |
|    clip_fraction        | 0.172       |
|    clip_range           | 0.2         |
|    entropy_loss         | -6.56       |
|    explained_variance   | 0.672       |
|    learning_rate        | 0.0003      |
|    loss                 | 53.7        |
|    n_updates            | 4020        |
|    policy_gradient_loss | -0.00346    |
|    std                  | 1.27        |
|    value_loss           | 18          |
-----------------------------------------
-----------------------------------------
| rollout/                |             |
|    ep_len_mean          | 313         |
|    ep_rew_mean          | -7.76       |
| time/                   |             |
|    fps                  | 111         |
|    iterations           | 159         |
|    time_elapsed         | 7325        |
|    total_timesteps      | 1817600     |
| train/                  |             |
|    approx_kl            | 0.024871677 |
|    clip_fraction        | 0.185       |
|    clip_range           | 0.2         |
|    entropy_loss         | -6.55       |
|    explained_variance   | 0.849       |
|    learning_rate        | 0.0003      |
|    loss                 | 0.156       |
|    n_updates            | 4030        |
|    policy_gradient_loss | -0.00389    |
|    std                  | 1.27        |
|    value_loss           | 4.04        |
-----------------------------------------
-----------------------------------------
| rollout/                |             |
|    ep_len_mean          | 310         |
|    ep_rew_mean          | -6.56       |
| time/                   |             |
|    fps                  | 111         |
|    iterations           | 160         |
|    time_elapsed         | 7376        |
|    total_timesteps      | 1822720     |
| train/                  |             |
|    approx_kl            | 0.028094366 |
|    clip_fraction        | 0.232       |
|    clip_range           | 0.2         |
|    entropy_loss         | -6.55       |
|    explained_variance   | 0.66        |
|    learning_rate        | 0.0003      |
|    loss                 | 0.0603      |
|    n_updates            | 4040        |
|    policy_gradient_loss | -0.00399    |
|    std                  | 1.27        |
|    value_loss           | 5.71        |
-----------------------------------------
-----------------------------------------
| rollout/                |             |
|    ep_len_mean          | 298         |
|    ep_rew_mean          | -8.71       |
| time/                   |             |
|    fps                  | 110         |
|    iterations           | 161         |
|    time_elapsed         | 7426        |
|    total_timesteps      | 1827840     |
| train/                  |             |
|    approx_kl            | 0.020280812 |
|    clip_fraction        | 0.18        |
|    clip_range           | 0.2         |
|    entropy_loss         | -6.55       |
|    explained_variance   | 0.532       |
|    learning_rate        | 0.0003      |
|    loss                 | 0.123       |
|    n_updates            | 4050        |
|    policy_gradient_loss | -0.00331    |
|    std                  | 1.27        |
|    value_loss           | 27.2        |
-----------------------------------------
-----------------------------------------
| rollout/                |             |
|    ep_len_mean          | 286         |
|    ep_rew_mean          | -9.88       |
| time/                   |             |
|    fps                  | 110         |
|    iterations           | 162         |
|    time_elapsed         | 7481        |
|    total_timesteps      | 1832960     |
| train/                  |             |
|    approx_kl            | 0.014123705 |
|    clip_fraction        | 0.0881      |
|    clip_range           | 0.2         |
|    entropy_loss         | -6.54       |
|    explained_variance   | 0.281       |
|    learning_rate        | 0.0003      |
|    loss                 | 209         |
|    n_updates            | 4060        |
|    policy_gradient_loss | -0.00448    |
|    std                  | 1.26        |
|    value_loss           | 109         |
-----------------------------------------
-----------------------------------------
| rollout/                |             |
|    ep_len_mean          | 286         |
|    ep_rew_mean          | -14         |
| time/                   |             |
|    fps                  | 110         |
|    iterations           | 163         |
|    time_elapsed         | 7538        |
|    total_timesteps      | 1838080     |
| train/                  |             |
|    approx_kl            | 0.010436239 |
|    clip_fraction        | 0.1         |
|    clip_range           | 0.2         |
|    entropy_loss         | -6.54       |
|    explained_variance   | 0.365       |
|    learning_rate        | 0.0003      |
|    loss                 | 2.34        |
|    n_updates            | 4070        |
|    policy_gradient_loss | -0.00932    |
|    std                  | 1.26        |
|    value_loss           | 41.9        |
-----------------------------------------
---------------------------------------
| rollout/                |           |
|    ep_len_mean          | 279       |
|    ep_rew_mean          | -19       |
| time/                   |           |
|    fps                  | 110       |
|    iterations           | 164       |
|    time_elapsed         | 7591      |
|    total_timesteps      | 1843200   |
| train/                  |           |
|    approx_kl            | 0.0149832 |
|    clip_fraction        | 0.148     |
|    clip_range           | 0.2       |
|    entropy_loss         | -6.54     |
|    explained_variance   | 0.317     |
|    learning_rate        | 0.0003    |
|    loss                 | 399       |
|    n_updates            | 4080      |
|    policy_gradient_loss | -0.00599  |
|    std                  | 1.26      |
|    value_loss           | 64        |
---------------------------------------
-----------------------------------------
| rollout/                |             |
|    ep_len_mean          | 281         |
|    ep_rew_mean          | -22         |
| time/                   |             |
|    fps                  | 110         |
|    iterations           | 165         |
|    time_elapsed         | 7642        |
|    total_timesteps      | 1848320     |
| train/                  |             |
|    approx_kl            | 0.012330679 |
|    clip_fraction        | 0.09        |
|    clip_range           | 0.2         |
|    entropy_loss         | -6.53       |
|    explained_variance   | 0.265       |
|    learning_rate        | 0.0003      |
|    loss                 | 1.03        |
|    n_updates            | 4090        |
|    policy_gradient_loss | -0.00606    |
|    std                  | 1.26        |
|    value_loss           | 93.6        |
-----------------------------------------
----------------------------------------
| rollout/                |            |
|    ep_len_mean          | 281        |
|    ep_rew_mean          | -20.8      |
| time/                   |            |
|    fps                  | 110        |
|    iterations           | 166        |
|    time_elapsed         | 7696       |
|    total_timesteps      | 1853440    |
| train/                  |            |
|    approx_kl            | 0.01605753 |
|    clip_fraction        | 0.154      |
|    clip_range           | 0.2        |
|    entropy_loss         | -6.54      |
|    explained_variance   | 0.309      |
|    learning_rate        | 0.0003     |
|    loss                 | 0.0346     |
|    n_updates            | 4100       |
|    policy_gradient_loss | -0.00546   |
|    std                  | 1.26       |
|    value_loss           | 68.2       |
----------------------------------------
Eval num_timesteps=1853520, episode_reward=-13.12 +/- 23.03
Episode length: 296.00 +/- 95.48
----------------------------------------
| eval/                   |            |
|    mean_ep_length       | 296        |
|    mean_reward          | -13.1      |
| time/                   |            |
|    total_timesteps      | 1853520    |
| train/                  |            |
|    approx_kl            | 0.01692995 |
|    clip_fraction        | 0.133      |
|    clip_range           | 0.2        |
|    entropy_loss         | -6.55      |
|    explained_variance   | 0.666      |
|    learning_rate        | 0.0003     |
|    loss                 | 0.69       |
|    n_updates            | 4110       |
|    policy_gradient_loss | -0.00638   |
|    std                  | 1.27       |
|    value_loss           | 9.46       |
----------------------------------------
[episode ends] timestep 1853530: flipped=71 (40%), missed_goal=96 (54%), out_of_bounds=3 (2%), scored=8 (4%)
---------------------------------
| episode_end/       |          |
|    flipped         | 71       |
|    missed_goal     | 96       |
|    out_of_bounds   | 3        |
|    scored          | 8        |
| rollout/           |          |
|    ep_len_mean     | 282      |
|    ep_rew_mean     | -20      |
| time/              |          |
|    fps             | 110      |
|    iterations      | 167      |
|    time_elapsed    | 7753     |
|    total_timesteps | 1858560  |
---------------------------------
------------------------------------------
| rollout/                |              |
|    ep_len_mean          | 288          |
|    ep_rew_mean          | -21.2        |
| time/                   |              |
|    fps                  | 110          |
|    iterations           | 168          |
|    time_elapsed         | 7804         |
|    total_timesteps      | 1863680      |
| train/                  |              |
|    approx_kl            | 0.0073593073 |
|    clip_fraction        | 0.0664       |
|    clip_range           | 0.2          |
|    entropy_loss         | -6.55        |
|    explained_variance   | 0.209        |
|    learning_rate        | 0.0003       |
|    loss                 | 1.21         |
|    n_updates            | 4120         |
|    policy_gradient_loss | -0.00788     |
|    std                  | 1.27         |
|    value_loss           | 148          |
------------------------------------------
------------------------------------------
| rollout/                |              |
|    ep_len_mean          | 293          |
|    ep_rew_mean          | -20.1        |
| time/                   |              |
|    fps                  | 110          |
|    iterations           | 169          |
|    time_elapsed         | 7845         |
|    total_timesteps      | 1868800      |
| train/                  |              |
|    approx_kl            | 0.0135393115 |
|    clip_fraction        | 0.0975       |
|    clip_range           | 0.2          |
|    entropy_loss         | -6.55        |
|    explained_variance   | 0.569        |
|    learning_rate        | 0.0003       |
|    loss                 | 0.887        |
|    n_updates            | 4130         |
|    policy_gradient_loss | -0.00919     |
|    std                  | 1.26         |
|    value_loss           | 20.8         |
------------------------------------------
-----------------------------------------
| rollout/                |             |
|    ep_len_mean          | 302         |
|    ep_rew_mean          | -19.9       |
| time/                   |             |
|    fps                  | 110         |
|    iterations           | 170         |
|    time_elapsed         | 7883        |
|    total_timesteps      | 1873920     |
| train/                  |             |
|    approx_kl            | 0.016809689 |
|    clip_fraction        | 0.143       |
|    clip_range           | 0.2         |
|    entropy_loss         | -6.54       |
|    explained_variance   | 0.648       |
|    learning_rate        | 0.0003      |
|    loss                 | 32          |
|    n_updates            | 4140        |
|    policy_gradient_loss | -0.00278    |
|    std                  | 1.26        |
|    value_loss           | 16.7        |
-----------------------------------------
-----------------------------------------
| rollout/                |             |
|    ep_len_mean          | 308         |
|    ep_rew_mean          | -16.3       |
| time/                   |             |
|    fps                  | 110         |
|    iterations           | 171         |
|    time_elapsed         | 7933        |
|    total_timesteps      | 1879040     |
| train/                  |             |
|    approx_kl            | 0.024754252 |
|    clip_fraction        | 0.167       |
|    clip_range           | 0.2         |
|    entropy_loss         | -6.54       |
|    explained_variance   | 0.429       |
|    learning_rate        | 0.0003      |
|    loss                 | 2.97        |
|    n_updates            | 4150        |
|    policy_gradient_loss | -0.00789    |
|    std                  | 1.26        |
|    value_loss           | 96.5        |
-----------------------------------------
-----------------------------------------
| rollout/                |             |
|    ep_len_mean          | 313         |
|    ep_rew_mean          | -18.1       |
| time/                   |             |
|    fps                  | 110         |
|    iterations           | 172         |
|    time_elapsed         | 7985        |
|    total_timesteps      | 1884160     |
| train/                  |             |
|    approx_kl            | 0.031465285 |
|    clip_fraction        | 0.173       |
|    clip_range           | 0.2         |
|    entropy_loss         | -6.54       |
|    explained_variance   | 0.734       |
|    learning_rate        | 0.0003      |
|    loss                 | 0.117       |
|    n_updates            | 4160        |
|    policy_gradient_loss | -0.00288    |
|    std                  | 1.26        |
|    value_loss           | 13.8        |
-----------------------------------------
-----------------------------------------
| rollout/                |             |
|    ep_len_mean          | 317         |
|    ep_rew_mean          | -18.3       |
| time/                   |             |
|    fps                  | 110         |
|    iterations           | 173         |
|    time_elapsed         | 8020        |
|    total_timesteps      | 1889280     |
| train/                  |             |
|    approx_kl            | 0.031935014 |
|    clip_fraction        | 0.289       |
|    clip_range           | 0.2         |
|    entropy_loss         | -6.54       |
|    explained_variance   | 0.889       |
|    learning_rate        | 0.0003      |
|    loss                 | 0.206       |
|    n_updates            | 4170        |
|    policy_gradient_loss | 0.00171     |
|    std                  | 1.26        |
|    value_loss           | 5.22        |
-----------------------------------------
-----------------------------------------
| rollout/                |             |
|    ep_len_mean          | 327         |
|    ep_rew_mean          | -13.2       |
| time/                   |             |
|    fps                  | 110         |
|    iterations           | 174         |
|    time_elapsed         | 8060        |
|    total_timesteps      | 1894400     |
| train/                  |             |
|    approx_kl            | 0.025431406 |
|    clip_fraction        | 0.234       |
|    clip_range           | 0.2         |
|    entropy_loss         | -6.54       |
|    explained_variance   | 0.935       |
|    learning_rate        | 0.0003      |
|    loss                 | 0.264       |
|    n_updates            | 4180        |
|    policy_gradient_loss | -0.00251    |
|    std                  | 1.27        |
|    value_loss           | 1.31        |
-----------------------------------------
-----------------------------------------
| rollout/                |             |
|    ep_len_mean          | 337         |
|    ep_rew_mean          | -13.1       |
| time/                   |             |
|    fps                  | 110         |
|    iterations           | 175         |
|    time_elapsed         | 8104        |
|    total_timesteps      | 1899520     |
| train/                  |             |
|    approx_kl            | 0.023068443 |
|    clip_fraction        | 0.179       |
|    clip_range           | 0.2         |
|    entropy_loss         | -6.54       |
|    explained_variance   | 0.937       |
|    learning_rate        | 0.0003      |
|    loss                 | 0.154       |
|    n_updates            | 4190        |
|    policy_gradient_loss | -0.0104     |
|    std                  | 1.26        |
|    value_loss           | 1.76        |
-----------------------------------------
Eval num_timesteps=1903520, episode_reward=-9.14 +/- 11.14
Episode length: 401.50 +/- 125.79
-----------------------------------------
| eval/                   |             |
|    mean_ep_length       | 402         |
|    mean_reward          | -9.14       |
| time/                   |             |
|    total_timesteps      | 1903520     |
| train/                  |             |
|    approx_kl            | 0.023582736 |
|    clip_fraction        | 0.196       |
|    clip_range           | 0.2         |
|    entropy_loss         | -6.53       |
|    explained_variance   | 0.949       |
|    learning_rate        | 0.0003      |
|    loss                 | 0.241       |
|    n_updates            | 4200        |
|    policy_gradient_loss | -0.0075     |
|    std                  | 1.26        |
|    value_loss           | 1.24        |
-----------------------------------------
[progress] timestep 1903530
[episode ends] timestep 1903530: crashed=1 (1%), flipped=73 (49%), missed_goal=62 (41%), out_of_bounds=10 (7%), scored=4 (3%)
---------------------------------
| episode_end/       |          |
|    crashed         | 1        |
|    flipped         | 73       |
|    missed_goal     | 62       |
|    out_of_bounds   | 10       |
|    scored          | 4        |
| rollout/           |          |
|    ep_len_mean     | 339      |
|    ep_rew_mean     | -15.3    |
| time/              |          |
|    fps             | 110      |
|    iterations      | 176      |
|    time_elapsed    | 8150     |
|    total_timesteps | 1904640  |
---------------------------------
-----------------------------------------
| rollout/                |             |
|    ep_len_mean          | 342         |
|    ep_rew_mean          | -10         |
| time/                   |             |
|    fps                  | 110         |
|    iterations           | 177         |
|    time_elapsed         | 8194        |
|    total_timesteps      | 1909760     |
| train/                  |             |
|    approx_kl            | 0.019937452 |
|    clip_fraction        | 0.15        |
|    clip_range           | 0.2         |
|    entropy_loss         | -6.51       |
|    explained_variance   | 0.486       |
|    learning_rate        | 0.0003      |
|    loss                 | 0.428       |
|    n_updates            | 4210        |
|    policy_gradient_loss | -0.0117     |
|    std                  | 1.26        |
|    value_loss           | 23.9        |
-----------------------------------------
-----------------------------------------
| rollout/                |             |
|    ep_len_mean          | 342         |
|    ep_rew_mean          | -11.3       |
| time/                   |             |
|    fps                  | 110         |
|    iterations           | 178         |
|    time_elapsed         | 8240        |
|    total_timesteps      | 1914880     |
| train/                  |             |
|    approx_kl            | 0.032680396 |
|    clip_fraction        | 0.206       |
|    clip_range           | 0.2         |
|    entropy_loss         | -6.5        |
|    explained_variance   | 0.935       |
|    learning_rate        | 0.0003      |
|    loss                 | 0.0136      |
|    n_updates            | 4220        |
|    policy_gradient_loss | -0.00517    |
|    std                  | 1.26        |
|    value_loss           | 1.2         |
-----------------------------------------
-----------------------------------------
| rollout/                |             |
|    ep_len_mean          | 342         |
|    ep_rew_mean          | -10.5       |
| time/                   |             |
|    fps                  | 110         |
|    iterations           | 179         |
|    time_elapsed         | 8280        |
|    total_timesteps      | 1920000     |
| train/                  |             |
|    approx_kl            | 0.026054446 |
|    clip_fraction        | 0.164       |
|    clip_range           | 0.2         |
|    entropy_loss         | -6.51       |
|    explained_variance   | 0.761       |
|    learning_rate        | 0.0003      |
|    loss                 | 0.214       |
|    n_updates            | 4230        |
|    policy_gradient_loss | -0.0116     |
|    std                  | 1.25        |
|    value_loss           | 9.74        |
-----------------------------------------
-----------------------------------------
| rollout/                |             |
|    ep_len_mean          | 340         |
|    ep_rew_mean          | -8.24       |
| time/                   |             |
|    fps                  | 110         |
|    iterations           | 180         |
|    time_elapsed         | 8322        |
|    total_timesteps      | 1925120     |
| train/                  |             |
|    approx_kl            | 0.022526886 |
|    clip_fraction        | 0.201       |
|    clip_range           | 0.2         |
|    entropy_loss         | -6.5        |
|    explained_variance   | 0.937       |
|    learning_rate        | 0.0003      |
|    loss                 | 1.08        |
|    n_updates            | 4240        |
|    policy_gradient_loss | -0.00723    |
|    std                  | 1.25        |
|    value_loss           | 1.7         |
-----------------------------------------
-----------------------------------------
| rollout/                |             |
|    ep_len_mean          | 346         |
|    ep_rew_mean          | -9.11       |
| time/                   |             |
|    fps                  | 110         |
|    iterations           | 181         |
|    time_elapsed         | 8361        |
|    total_timesteps      | 1930240     |
| train/                  |             |
|    approx_kl            | 0.027528852 |
|    clip_fraction        | 0.201       |
|    clip_range           | 0.2         |
|    entropy_loss         | -6.49       |
|    explained_variance   | 0.755       |
|    learning_rate        | 0.0003      |
|    loss                 | 0.0392      |
|    n_updates            | 4250        |
|    policy_gradient_loss | -0.0111     |
|    std                  | 1.25        |
|    value_loss           | 6.34        |
-----------------------------------------
-----------------------------------------
| rollout/                |             |
|    ep_len_mean          | 340         |
|    ep_rew_mean          | -10         |
| time/                   |             |
|    fps                  | 110         |
|    iterations           | 182         |
|    time_elapsed         | 8398        |
|    total_timesteps      | 1935360     |
| train/                  |             |
|    approx_kl            | 0.027174696 |
|    clip_fraction        | 0.223       |
|    clip_range           | 0.2         |
|    entropy_loss         | -6.48       |
|    explained_variance   | 0.414       |
|    learning_rate        | 0.0003      |
|    loss                 | 0.0205      |
|    n_updates            | 4260        |
|    policy_gradient_loss | -0.00485    |
|    std                  | 1.25        |
|    value_loss           | 62.9        |
-----------------------------------------
-----------------------------------------
| rollout/                |             |
|    ep_len_mean          | 342         |
|    ep_rew_mean          | -6.19       |
| time/                   |             |
|    fps                  | 110         |
|    iterations           | 183         |
|    time_elapsed         | 8443        |
|    total_timesteps      | 1940480     |
| train/                  |             |
|    approx_kl            | 0.025075506 |
|    clip_fraction        | 0.212       |
|    clip_range           | 0.2         |
|    entropy_loss         | -6.47       |
|    explained_variance   | 0.563       |
|    learning_rate        | 0.0003      |
|    loss                 | 0.00509     |
|    n_updates            | 4270        |
|    policy_gradient_loss | -0.00673    |
|    std                  | 1.25        |
|    value_loss           | 30.9        |
-----------------------------------------
-----------------------------------------
| rollout/                |             |
|    ep_len_mean          | 338         |
|    ep_rew_mean          | -6.1        |
| time/                   |             |
|    fps                  | 110         |
|    iterations           | 184         |
|    time_elapsed         | 8488        |
|    total_timesteps      | 1945600     |
| train/                  |             |
|    approx_kl            | 0.027025878 |
|    clip_fraction        | 0.198       |
|    clip_range           | 0.2         |
|    entropy_loss         | -6.49       |
|    explained_variance   | 0.679       |
|    learning_rate        | 0.0003      |
|    loss                 | 51.1        |
|    n_updates            | 4280        |
|    policy_gradient_loss | -0.00358    |
|    std                  | 1.25        |
|    value_loss           | 14.1        |
-----------------------------------------
-----------------------------------------
| rollout/                |             |
|    ep_len_mean          | 343         |
|    ep_rew_mean          | -6.79       |
| time/                   |             |
|    fps                  | 111         |
|    iterations           | 185         |
|    time_elapsed         | 8529        |
|    total_timesteps      | 1950720     |
| train/                  |             |
|    approx_kl            | 0.024520766 |
|    clip_fraction        | 0.219       |
|    clip_range           | 0.2         |
|    entropy_loss         | -6.48       |
|    explained_variance   | 0.912       |
|    learning_rate        | 0.0003      |
|    loss                 | 0.0987      |
|    n_updates            | 4290        |
|    policy_gradient_loss | -0.00569    |
|    std                  | 1.25        |
|    value_loss           | 1.81        |
-----------------------------------------
Eval num_timesteps=1953520, episode_reward=-3.37 +/- 16.46
Episode length: 318.00 +/- 105.54
-----------------------------------------
| eval/                   |             |
|    mean_ep_length       | 318         |
|    mean_reward          | -3.37       |
| time/                   |             |
|    total_timesteps      | 1953520     |
| train/                  |             |
|    approx_kl            | 0.021342413 |
|    clip_fraction        | 0.167       |
|    clip_range           | 0.2         |
|    entropy_loss         | -6.48       |
|    explained_variance   | 0.381       |
|    learning_rate        | 0.0003      |
|    loss                 | 144         |
|    n_updates            | 4300        |
|    policy_gradient_loss | -0.00529    |
|    std                  | 1.25        |
|    value_loss           | 52.6        |
-----------------------------------------
[episode ends] timestep 1953530: flipped=52 (35%), missed_goal=88 (59%), out_of_bounds=3 (2%), scored=5 (3%)
---------------------------------
| episode_end/       |          |
|    flipped         | 52       |
|    missed_goal     | 88       |
|    out_of_bounds   | 3        |
|    scored          | 5        |
| rollout/           |          |
|    ep_len_mean     | 344      |
|    ep_rew_mean     | -10.9    |
| time/              |          |
|    fps             | 111      |
|    iterations      | 186      |
|    time_elapsed    | 8574     |
|    total_timesteps | 1955840  |
---------------------------------
----------------------------------------
| rollout/                |            |
|    ep_len_mean          | 343        |
|    ep_rew_mean          | -17.1      |
| time/                   |            |
|    fps                  | 111        |
|    iterations           | 187        |
|    time_elapsed         | 8624       |
|    total_timesteps      | 1960960    |
| train/                  |            |
|    approx_kl            | 0.01380424 |
|    clip_fraction        | 0.143      |
|    clip_range           | 0.2        |
|    entropy_loss         | -6.48      |
|    explained_variance   | 0.419      |
|    learning_rate        | 0.0003     |
|    loss                 | 0.0502     |
|    n_updates            | 4310       |
|    policy_gradient_loss | -0.00464   |
|    std                  | 1.25       |
|    value_loss           | 62.4       |
----------------------------------------
----------------------------------------
| rollout/                |            |
|    ep_len_mean          | 324        |
|    ep_rew_mean          | -15.9      |
| time/                   |            |
|    fps                  | 111        |
|    iterations           | 188        |
|    time_elapsed         | 8670       |
|    total_timesteps      | 1966080    |
| train/                  |            |
|    approx_kl            | 0.03440187 |
|    clip_fraction        | 0.189      |
|    clip_range           | 0.2        |
|    entropy_loss         | -6.49      |
|    explained_variance   | 0.205      |
|    learning_rate        | 0.0003     |
|    loss                 | 0.0565     |
|    n_updates            | 4320       |
|    policy_gradient_loss | -0.00875   |
|    std                  | 1.26       |
|    value_loss           | 168        |
----------------------------------------
-----------------------------------------
| rollout/                |             |
|    ep_len_mean          | 311         |
|    ep_rew_mean          | -16.9       |
| time/                   |             |
|    fps                  | 110         |
|    iterations           | 189         |
|    time_elapsed         | 8723        |
|    total_timesteps      | 1971200     |
| train/                  |             |
|    approx_kl            | 0.017169958 |
|    clip_fraction        | 0.162       |
|    clip_range           | 0.2         |
|    entropy_loss         | -6.5        |
|    explained_variance   | 0.23        |
|    learning_rate        | 0.0003      |
|    loss                 | 29.6        |
|    n_updates            | 4330        |
|    policy_gradient_loss | -0.00586    |
|    std                  | 1.26        |
|    value_loss           | 79.3        |
-----------------------------------------
-----------------------------------------
| rollout/                |             |
|    ep_len_mean          | 311         |
|    ep_rew_mean          | -18.8       |
| time/                   |             |
|    fps                  | 110         |
|    iterations           | 190         |
|    time_elapsed         | 8771        |
|    total_timesteps      | 1976320     |
| train/                  |             |
|    approx_kl            | 0.015519994 |
|    clip_fraction        | 0.128       |
|    clip_range           | 0.2         |
|    entropy_loss         | -6.49       |
|    explained_variance   | 0.613       |
|    learning_rate        | 0.0003      |
|    loss                 | 4.48        |
|    n_updates            | 4340        |
|    policy_gradient_loss | -0.00572    |
|    std                  | 1.25        |
|    value_loss           | 26.3        |
-----------------------------------------
-----------------------------------------
| rollout/                |             |
|    ep_len_mean          | 304         |
|    ep_rew_mean          | -9.51       |
| time/                   |             |
|    fps                  | 110         |
|    iterations           | 191         |
|    time_elapsed         | 8818        |
|    total_timesteps      | 1981440     |
| train/                  |             |
|    approx_kl            | 0.018693175 |
|    clip_fraction        | 0.157       |
|    clip_range           | 0.2         |
|    entropy_loss         | -6.48       |
|    explained_variance   | 0.57        |
|    learning_rate        | 0.0003      |
|    loss                 | 1.94        |
|    n_updates            | 4350        |
|    policy_gradient_loss | -0.00717    |
|    std                  | 1.25        |
|    value_loss           | 29.5        |
-----------------------------------------
-----------------------------------------
| rollout/                |             |
|    ep_len_mean          | 289         |
|    ep_rew_mean          | -8.69       |
| time/                   |             |
|    fps                  | 110         |
|    iterations           | 192         |
|    time_elapsed         | 8871        |
|    total_timesteps      | 1986560     |
| train/                  |             |
|    approx_kl            | 0.014994444 |
|    clip_fraction        | 0.106       |
|    clip_range           | 0.2         |
|    entropy_loss         | -6.48       |
|    explained_variance   | 0.443       |
|    learning_rate        | 0.0003      |
|    loss                 | 2.32        |
|    n_updates            | 4360        |
|    policy_gradient_loss | -0.00842    |
|    std                  | 1.25        |
|    value_loss           | 19          |
-----------------------------------------
-----------------------------------------
| rollout/                |             |
|    ep_len_mean          | 293         |
|    ep_rew_mean          | -4.94       |
| time/                   |             |
|    fps                  | 110         |
|    iterations           | 193         |
|    time_elapsed         | 8919        |
|    total_timesteps      | 1991680     |
| train/                  |             |
|    approx_kl            | 0.019645365 |
|    clip_fraction        | 0.103       |
|    clip_range           | 0.2         |
|    entropy_loss         | -6.47       |
|    explained_variance   | 0.353       |
|    learning_rate        | 0.0003      |
|    loss                 | 0.76        |
|    n_updates            | 4370        |
|    policy_gradient_loss | -0.00644    |
|    std                  | 1.24        |
|    value_loss           | 84.7        |
-----------------------------------------
---------------------------------------
| rollout/                |           |
|    ep_len_mean          | 293       |
|    ep_rew_mean          | -4.27     |
| time/                   |           |
|    fps                  | 110       |
|    iterations           | 194       |
|    time_elapsed         | 8962      |
|    total_timesteps      | 1996800   |
| train/                  |           |
|    approx_kl            | 0.0188617 |
|    clip_fraction        | 0.158     |
|    clip_range           | 0.2       |
|    entropy_loss         | -6.46     |
|    explained_variance   | 0.552     |
|    learning_rate        | 0.0003    |
|    loss                 | 3.58      |
|    n_updates            | 4380      |
|    policy_gradient_loss | -0.00299  |
|    std                  | 1.24      |
|    value_loss           | 26.7      |
---------------------------------------
-----------------------------------------
| rollout/                |             |
|    ep_len_mean          | 301         |
|    ep_rew_mean          | -6.02       |
| time/                   |             |
|    fps                  | 110         |
|    iterations           | 195         |
|    time_elapsed         | 9007        |
|    total_timesteps      | 2001920     |
| train/                  |             |
|    approx_kl            | 0.020766636 |
|    clip_fraction        | 0.17        |
|    clip_range           | 0.2         |
|    entropy_loss         | -6.46       |
|    explained_variance   | 0.414       |
|    learning_rate        | 0.0003      |
|    loss                 | 3.83        |
|    n_updates            | 4390        |
|    policy_gradient_loss | -0.00817    |
|    std                  | 1.25        |
|    value_loss           | 51.9        |
-----------------------------------------
Eval num_timesteps=2003520, episode_reward=-9.21 +/- 16.80
Episode length: 332.40 +/- 70.13
-----------------------------------------
| eval/                   |             |
|    mean_ep_length       | 332         |
|    mean_reward          | -9.21       |
| time/                   |             |
|    total_timesteps      | 2003520     |
| train/                  |             |
|    approx_kl            | 0.022052078 |
|    clip_fraction        | 0.194       |
|    clip_range           | 0.2         |
|    entropy_loss         | -6.46       |
|    explained_variance   | 0.516       |
|    learning_rate        | 0.0003      |
|    loss                 | 9.03        |
|    n_updates            | 4400        |
|    policy_gradient_loss | -0.00321    |
|    std                  | 1.24        |
|    value_loss           | 38.1        |
-----------------------------------------
[progress] timestep 2003530
[episode ends] timestep 2003530: flipped=50 (30%), missed_goal=91 (55%), out_of_bounds=8 (5%), scored=17 (10%)
---------------------------------
| episode_end/       |          |
|    flipped         | 50       |
|    missed_goal     | 91       |
|    out_of_bounds   | 8        |
|    scored          | 17       |
| rollout/           |          |
|    ep_len_mean     | 306      |
|    ep_rew_mean     | -5.32    |
| time/              |          |
|    fps             | 110      |
|    iterations      | 196      |
|    time_elapsed    | 9061     |
|    total_timesteps | 2007040  |
---------------------------------
-----------------------------------------
| rollout/                |             |
|    ep_len_mean          | 320         |
|    ep_rew_mean          | -10.8       |
| time/                   |             |
|    fps                  | 110         |
|    iterations           | 197         |
|    time_elapsed         | 9099        |
|    total_timesteps      | 2012160     |
| train/                  |             |
|    approx_kl            | 0.026175361 |
|    clip_fraction        | 0.218       |
|    clip_range           | 0.2         |
|    entropy_loss         | -6.46       |
|    explained_variance   | 0.467       |
|    learning_rate        | 0.0003      |
|    loss                 | 0.14        |
|    n_updates            | 4410        |
|    policy_gradient_loss | -0.000389   |
|    std                  | 1.24        |
|    value_loss           | 47.9        |
-----------------------------------------
-----------------------------------------
| rollout/                |             |
|    ep_len_mean          | 326         |
|    ep_rew_mean          | -14.7       |
| time/                   |             |
|    fps                  | 110         |
|    iterations           | 198         |
|    time_elapsed         | 9143        |
|    total_timesteps      | 2017280     |
| train/                  |             |
|    approx_kl            | 0.025520796 |
|    clip_fraction        | 0.216       |
|    clip_range           | 0.2         |
|    entropy_loss         | -6.48       |
|    explained_variance   | 0.67        |
|    learning_rate        | 0.0003      |
|    loss                 | 92.1        |
|    n_updates            | 4420        |
|    policy_gradient_loss | -0.00549    |
|    std                  | 1.25        |
|    value_loss           | 23.7        |
-----------------------------------------
----------------------------------------
| rollout/                |            |
|    ep_len_mean          | 326        |
|    ep_rew_mean          | -15        |
| time/                   |            |
|    fps                  | 110        |
|    iterations           | 199        |
|    time_elapsed         | 9188       |
|    total_timesteps      | 2022400    |
| train/                  |            |
|    approx_kl            | 0.03770006 |
|    clip_fraction        | 0.275      |
|    clip_range           | 0.2        |
|    entropy_loss         | -6.48      |
|    explained_variance   | 0.501      |
|    learning_rate        | 0.0003     |
|    loss                 | 18.1       |
|    n_updates            | 4430       |
|    policy_gradient_loss | 0.00171    |
|    std                  | 1.24       |
|    value_loss           | 86.6       |
----------------------------------------
------------------------------------------
| rollout/                |              |
|    ep_len_mean          | 319          |
|    ep_rew_mean          | -15.4        |
| time/                   |              |
|    fps                  | 110          |
|    iterations           | 200          |
|    time_elapsed         | 9239         |
|    total_timesteps      | 2027520      |
| train/                  |              |
|    approx_kl            | 0.0144289555 |
|    clip_fraction        | 0.132        |
|    clip_range           | 0.2          |
|    entropy_loss         | -6.46        |
|    explained_variance   | 0.455        |
|    learning_rate        | 0.0003       |
|    loss                 | 0.174        |
|    n_updates            | 4440         |
|    policy_gradient_loss | -0.00382     |
|    std                  | 1.24         |
|    value_loss           | 60           |
------------------------------------------
-----------------------------------------
| rollout/                |             |
|    ep_len_mean          | 309         |
|    ep_rew_mean          | -15.9       |
| time/                   |             |
|    fps                  | 110         |
|    iterations           | 201         |
|    time_elapsed         | 9286        |
|    total_timesteps      | 2032640     |
| train/                  |             |
|    approx_kl            | 0.015411347 |
|    clip_fraction        | 0.133       |
|    clip_range           | 0.2         |
|    entropy_loss         | -6.46       |
|    explained_variance   | 0.458       |
|    learning_rate        | 0.0003      |
|    loss                 | 47.8        |
|    n_updates            | 4450        |
|    policy_gradient_loss | -0.00806    |
|    std                  | 1.24        |
|    value_loss           | 44.9        |
-----------------------------------------
-----------------------------------------
| rollout/                |             |
|    ep_len_mean          | 277         |
|    ep_rew_mean          | -15.3       |
| time/                   |             |
|    fps                  | 110         |
|    iterations           | 202         |
|    time_elapsed         | 9344        |
|    total_timesteps      | 2037760     |
| train/                  |             |
|    approx_kl            | 0.030076101 |
|    clip_fraction        | 0.219       |
|    clip_range           | 0.2         |
|    entropy_loss         | -6.46       |
|    explained_variance   | 0.407       |
|    learning_rate        | 0.0003      |
|    loss                 | 0.229       |
|    n_updates            | 4460        |
|    policy_gradient_loss | -0.00393    |
|    std                  | 1.24        |
|    value_loss           | 117         |
-----------------------------------------
------------------------------------------
| rollout/                |              |
|    ep_len_mean          | 252          |
|    ep_rew_mean          | -13.6        |
| time/                   |              |
|    fps                  | 110          |
|    iterations           | 203          |
|    time_elapsed         | 9408         |
|    total_timesteps      | 2042880      |
| train/                  |              |
|    approx_kl            | 0.0058764843 |
|    clip_fraction        | 0.05         |
|    clip_range           | 0.2          |
|    entropy_loss         | -6.46        |
|    explained_variance   | 0.384        |
|    learning_rate        | 0.0003       |
|    loss                 | 2.16         |
|    n_updates            | 4470         |
|    policy_gradient_loss | -0.00667     |
|    std                  | 1.24         |
|    value_loss           | 84.4         |
------------------------------------------
------------------------------------------
| rollout/                |              |
|    ep_len_mean          | 250          |
|    ep_rew_mean          | -14.9        |
| time/                   |              |
|    fps                  | 110          |
|    iterations           | 204          |
|    time_elapsed         | 9468         |
|    total_timesteps      | 2048000      |
| train/                  |              |
|    approx_kl            | 0.0055785966 |
|    clip_fraction        | 0.0427       |
|    clip_range           | 0.2          |
|    entropy_loss         | -6.46        |
|    explained_variance   | 0.488        |
|    learning_rate        | 0.0003       |
|    loss                 | 6.81         |
|    n_updates            | 4480         |
|    policy_gradient_loss | -0.00575     |
|    std                  | 1.24         |
|    value_loss           | 46.2         |
------------------------------------------
----------------------------------------
| rollout/                |            |
|    ep_len_mean          | 249        |
|    ep_rew_mean          | -12.7      |
| time/                   |            |
|    fps                  | 110        |
|    iterations           | 205        |
|    time_elapsed         | 9528       |
|    total_timesteps      | 2053120    |
| train/                  |            |
|    approx_kl            | 0.00801162 |
|    clip_fraction        | 0.0527     |
|    clip_range           | 0.2        |
|    entropy_loss         | -6.46      |
|    explained_variance   | 0.23       |
|    learning_rate        | 0.0003     |
|    loss                 | 38.8       |
|    n_updates            | 4490       |
|    policy_gradient_loss | -0.00622   |
|    std                  | 1.24       |
|    value_loss           | 170        |
----------------------------------------
Eval num_timesteps=2053520, episode_reward=-21.59 +/- 60.65
Episode length: 294.80 +/- 76.05
-----------------------------------------
| eval/                   |             |
|    mean_ep_length       | 295         |
|    mean_reward          | -21.6       |
| time/                   |             |
|    total_timesteps      | 2053520     |
| train/                  |             |
|    approx_kl            | 0.029951587 |
|    clip_fraction        | 0.132       |
|    clip_range           | 0.2         |
|    entropy_loss         | -6.45       |
|    explained_variance   | 0.613       |
|    learning_rate        | 0.0003      |
|    loss                 | 0.542       |
|    n_updates            | 4500        |
|    policy_gradient_loss | -0.00856    |
|    std                  | 1.24        |
|    value_loss           | 24.4        |
-----------------------------------------
[episode ends] timestep 2053530: flipped=76 (42%), missed_goal=78 (44%), out_of_bounds=3 (2%), scored=22 (12%)
---------------------------------
| episode_end/       |          |
|    flipped         | 76       |
|    missed_goal     | 78       |
|    out_of_bounds   | 3        |
|    scored          | 22       |
| rollout/           |          |
|    ep_len_mean     | 258      |
|    ep_rew_mean     | -12.4    |
| time/              |          |
|    fps             | 110      |
|    iterations      | 206      |
|    time_elapsed    | 9583     |
|    total_timesteps | 2058240  |
---------------------------------
----------------------------------------
| rollout/                |            |
|    ep_len_mean          | 266        |
|    ep_rew_mean          | -13.6      |
| time/                   |            |
|    fps                  | 110        |
|    iterations           | 207        |
|    time_elapsed         | 9629       |
|    total_timesteps      | 2063360    |
| train/                  |            |
|    approx_kl            | 0.02137005 |
|    clip_fraction        | 0.168      |
|    clip_range           | 0.2        |
|    entropy_loss         | -6.43      |
|    explained_variance   | 0.575      |
|    learning_rate        | 0.0003     |
|    loss                 | 2.08       |
|    n_updates            | 4510       |
|    policy_gradient_loss | -0.00524   |
|    std                  | 1.23       |
|    value_loss           | 27.8       |
----------------------------------------
-----------------------------------------
| rollout/                |             |
|    ep_len_mean          | 278         |
|    ep_rew_mean          | -12.2       |
| time/                   |             |
|    fps                  | 110         |
|    iterations           | 208         |
|    time_elapsed         | 9673        |
|    total_timesteps      | 2068480     |
| train/                  |             |
|    approx_kl            | 0.013887475 |
|    clip_fraction        | 0.0933      |
|    clip_range           | 0.2         |
|    entropy_loss         | -6.42       |
|    explained_variance   | 0.449       |
|    learning_rate        | 0.0003      |
|    loss                 | 1.33        |
|    n_updates            | 4520        |
|    policy_gradient_loss | -0.0057     |
|    std                  | 1.23        |
|    value_loss           | 54.1        |
-----------------------------------------
----------------------------------------
| rollout/                |            |
|    ep_len_mean          | 292        |
|    ep_rew_mean          | -14.8      |
| time/                   |            |
|    fps                  | 110        |
|    iterations           | 209        |
|    time_elapsed         | 9718       |
|    total_timesteps      | 2073600    |
| train/                  |            |
|    approx_kl            | 0.04774462 |
|    clip_fraction        | 0.316      |
|    clip_range           | 0.2        |
|    entropy_loss         | -6.44      |
|    explained_variance   | 0.231      |
|    learning_rate        | 0.0003     |
|    loss                 | 3.05       |
|    n_updates            | 4530       |
|    policy_gradient_loss | 0.0118     |
|    std                  | 1.24       |
|    value_loss           | 131        |
----------------------------------------
-----------------------------------------
| rollout/                |             |
|    ep_len_mean          | 294         |
|    ep_rew_mean          | -18.1       |
| time/                   |             |
|    fps                  | 110         |
|    iterations           | 210         |
|    time_elapsed         | 9761        |
|    total_timesteps      | 2078720     |
| train/                  |             |
|    approx_kl            | 0.020044964 |
|    clip_fraction        | 0.194       |
|    clip_range           | 0.2         |
|    entropy_loss         | -6.43       |
|    explained_variance   | 0.512       |
|    learning_rate        | 0.0003      |
|    loss                 | 0.606       |
|    n_updates            | 4540        |
|    policy_gradient_loss | -0.00805    |
|    std                  | 1.23        |
|    value_loss           | 51.7        |
-----------------------------------------
-----------------------------------------
| rollout/                |             |
|    ep_len_mean          | 300         |
|    ep_rew_mean          | -21.1       |
| time/                   |             |
|    fps                  | 110         |
|    iterations           | 211         |
|    time_elapsed         | 9810        |
|    total_timesteps      | 2083840     |
| train/                  |             |
|    approx_kl            | 0.018622283 |
|    clip_fraction        | 0.171       |
|    clip_range           | 0.2         |
|    entropy_loss         | -6.41       |
|    explained_variance   | 0.279       |
|    learning_rate        | 0.0003      |
|    loss                 | 1.02        |
|    n_updates            | 4550        |
|    policy_gradient_loss | -0.00508    |
|    std                  | 1.22        |
|    value_loss           | 132         |
-----------------------------------------
-----------------------------------------
| rollout/                |             |
|    ep_len_mean          | 300         |
|    ep_rew_mean          | -24.7       |
| time/                   |             |
|    fps                  | 110         |
|    iterations           | 212         |
|    time_elapsed         | 9857        |
|    total_timesteps      | 2088960     |
| train/                  |             |
|    approx_kl            | 0.022596214 |
|    clip_fraction        | 0.186       |
|    clip_range           | 0.2         |
|    entropy_loss         | -6.4        |
|    explained_variance   | 0.59        |
|    learning_rate        | 0.0003      |
|    loss                 | 902         |
|    n_updates            | 4560        |
|    policy_gradient_loss | -0.0038     |
|    std                  | 1.22        |
|    value_loss           | 95.6        |
-----------------------------------------
-----------------------------------------
| rollout/                |             |
|    ep_len_mean          | 301         |
|    ep_rew_mean          | -21.9       |
| time/                   |             |
|    fps                  | 110         |
|    iterations           | 213         |
|    time_elapsed         | 9902        |
|    total_timesteps      | 2094080     |
| train/                  |             |
|    approx_kl            | 0.022990786 |
|    clip_fraction        | 0.166       |
|    clip_range           | 0.2         |
|    entropy_loss         | -6.39       |
|    explained_variance   | 0.377       |
|    learning_rate        | 0.0003      |
|    loss                 | 1.82        |
|    n_updates            | 4570        |
|    policy_gradient_loss | -0.00579    |
|    std                  | 1.22        |
|    value_loss           | 92          |
-----------------------------------------
-----------------------------------------
| rollout/                |             |
|    ep_len_mean          | 299         |
|    ep_rew_mean          | -21.8       |
| time/                   |             |
|    fps                  | 110         |
|    iterations           | 214         |
|    time_elapsed         | 9941        |
|    total_timesteps      | 2099200     |
| train/                  |             |
|    approx_kl            | 0.019951472 |
|    clip_fraction        | 0.14        |
|    clip_range           | 0.2         |
|    entropy_loss         | -6.37       |
|    explained_variance   | 0.562       |
|    learning_rate        | 0.0003      |
|    loss                 | 1.91        |
|    n_updates            | 4580        |
|    policy_gradient_loss | -0.00967    |
|    std                  | 1.21        |
|    value_loss           | 12.8        |
-----------------------------------------
Eval num_timesteps=2103520, episode_reward=-33.71 +/- 88.87
Episode length: 282.20 +/- 70.84
-----------------------------------------
| eval/                   |             |
|    mean_ep_length       | 282         |
|    mean_reward          | -33.7       |
| time/                   |             |
|    total_timesteps      | 2103520     |
| train/                  |             |
|    approx_kl            | 0.030534932 |
|    clip_fraction        | 0.195       |
|    clip_range           | 0.2         |
|    entropy_loss         | -6.37       |
|    explained_variance   | 0.347       |
|    learning_rate        | 0.0003      |
|    loss                 | 0.558       |
|    n_updates            | 4590        |
|    policy_gradient_loss | -0.00438    |
|    std                  | 1.22        |
|    value_loss           | 82          |
-----------------------------------------
[progress] timestep 2103530
[episode ends] timestep 2103530: flipped=71 (43%), missed_goal=80 (48%), out_of_bounds=8 (5%), scored=8 (5%)
---------------------------------
| episode_end/       |          |
|    flipped         | 71       |
|    missed_goal     | 80       |
|    out_of_bounds   | 8        |
|    scored          | 8        |
| rollout/           |          |
|    ep_len_mean     | 295      |
|    ep_rew_mean     | -23.8    |
| time/              |          |
|    fps             | 110      |
|    iterations      | 215      |
|    time_elapsed    | 9997     |
|    total_timesteps | 2104320  |
---------------------------------
----------------------------------------
| rollout/                |            |
|    ep_len_mean          | 299        |
|    ep_rew_mean          | -18        |
| time/                   |            |
|    fps                  | 110        |
|    iterations           | 216        |
|    time_elapsed         | 10043      |
|    total_timesteps      | 2109440    |
| train/                  |            |
|    approx_kl            | 0.03381754 |
|    clip_fraction        | 0.24       |
|    clip_range           | 0.2        |
|    entropy_loss         | -6.39      |
|    explained_variance   | 0.083      |
|    learning_rate        | 0.0003     |
|    loss                 | 2.01       |
|    n_updates            | 4600       |
|    policy_gradient_loss | 0.00525    |
|    std                  | 1.22       |
|    value_loss           | 198        |
----------------------------------------
-----------------------------------------
| rollout/                |             |
|    ep_len_mean          | 297         |
|    ep_rew_mean          | -18.2       |
| time/                   |             |
|    fps                  | 110         |
|    iterations           | 217         |
|    time_elapsed         | 10087       |
|    total_timesteps      | 2114560     |
| train/                  |             |
|    approx_kl            | 0.025247326 |
|    clip_fraction        | 0.171       |
|    clip_range           | 0.2         |
|    entropy_loss         | -6.4        |
|    explained_variance   | 0.745       |
|    learning_rate        | 0.0003      |
|    loss                 | 0.479       |
|    n_updates            | 4610        |
|    policy_gradient_loss | -0.00718    |
|    std                  | 1.22        |
|    value_loss           | 10.9        |
-----------------------------------------
-----------------------------------------
| rollout/                |             |
|    ep_len_mean          | 295         |
|    ep_rew_mean          | -15.5       |
| time/                   |             |
|    fps                  | 110         |
|    iterations           | 218         |
|    time_elapsed         | 10131       |
|    total_timesteps      | 2119680     |
| train/                  |             |
|    approx_kl            | 0.020096296 |
|    clip_fraction        | 0.179       |
|    clip_range           | 0.2         |
|    entropy_loss         | -6.4        |
|    explained_variance   | 0.283       |
|    learning_rate        | 0.0003      |
|    loss                 | 0.474       |
|    n_updates            | 4620        |
|    policy_gradient_loss | -0.00602    |
|    std                  | 1.22        |
|    value_loss           | 120         |
-----------------------------------------
----------------------------------------
| rollout/                |            |
|    ep_len_mean          | 303        |
|    ep_rew_mean          | -17.2      |
| time/                   |            |
|    fps                  | 110        |
|    iterations           | 219        |
|    time_elapsed         | 10177      |
|    total_timesteps      | 2124800    |
| train/                  |            |
|    approx_kl            | 0.04005679 |
|    clip_fraction        | 0.27       |
|    clip_range           | 0.2        |
|    entropy_loss         | -6.39      |
|    explained_variance   | 0.72       |
|    learning_rate        | 0.0003     |
|    loss                 | 0.0862     |
|    n_updates            | 4630       |
|    policy_gradient_loss | -0.000309  |
|    std                  | 1.22       |
|    value_loss           | 5.3        |
----------------------------------------
-----------------------------------------
| rollout/                |             |
|    ep_len_mean          | 309         |
|    ep_rew_mean          | -14.5       |
| time/                   |             |
|    fps                  | 110         |
|    iterations           | 220         |
|    time_elapsed         | 10223       |
|    total_timesteps      | 2129920     |
| train/                  |             |
|    approx_kl            | 0.015383095 |
|    clip_fraction        | 0.14        |
|    clip_range           | 0.2         |
|    entropy_loss         | -6.39       |
|    explained_variance   | 0.322       |
|    learning_rate        | 0.0003      |
|    loss                 | 0.621       |
|    n_updates            | 4640        |
|    policy_gradient_loss | -0.00674    |
|    std                  | 1.22        |
|    value_loss           | 56.1        |
-----------------------------------------
-----------------------------------------
| rollout/                |             |
|    ep_len_mean          | 309         |
|    ep_rew_mean          | -12.1       |
| time/                   |             |
|    fps                  | 110         |
|    iterations           | 221         |
|    time_elapsed         | 10261       |
|    total_timesteps      | 2135040     |
| train/                  |             |
|    approx_kl            | 0.018895537 |
|    clip_fraction        | 0.171       |
|    clip_range           | 0.2         |
|    entropy_loss         | -6.38       |
|    explained_variance   | 0.869       |
|    learning_rate        | 0.0003      |
|    loss                 | 0.358       |
|    n_updates            | 4650        |
|    policy_gradient_loss | -0.00752    |
|    std                  | 1.21        |
|    value_loss           | 2.17        |
-----------------------------------------
-----------------------------------------
| rollout/                |             |
|    ep_len_mean          | 311         |
|    ep_rew_mean          | -17.7       |
| time/                   |             |
|    fps                  | 110         |
|    iterations           | 222         |
|    time_elapsed         | 10308       |
|    total_timesteps      | 2140160     |
| train/                  |             |
|    approx_kl            | 0.024420246 |
|    clip_fraction        | 0.136       |
|    clip_range           | 0.2         |
|    entropy_loss         | -6.37       |
|    explained_variance   | 0.183       |
|    learning_rate        | 0.0003      |
|    loss                 | 0.534       |
|    n_updates            | 4660        |
|    policy_gradient_loss | -0.00808    |
|    std                  | 1.21        |
|    value_loss           | 169         |
-----------------------------------------
----------------------------------------
| rollout/                |            |
|    ep_len_mean          | 313        |
|    ep_rew_mean          | -16.3      |
| time/                   |            |
|    fps                  | 110        |
|    iterations           | 223        |
|    time_elapsed         | 10357      |
|    total_timesteps      | 2145280    |
| train/                  |            |
|    approx_kl            | 0.02216715 |
|    clip_fraction        | 0.161      |
|    clip_range           | 0.2        |
|    entropy_loss         | -6.37      |
|    explained_variance   | 0.704      |
|    learning_rate        | 0.0003     |
|    loss                 | 0.821      |
|    n_updates            | 4670       |
|    policy_gradient_loss | -0.0105    |
|    std                  | 1.21       |
|    value_loss           | 8.1        |
----------------------------------------
-----------------------------------------
| rollout/                |             |
|    ep_len_mean          | 310         |
|    ep_rew_mean          | -23.5       |
| time/                   |             |
|    fps                  | 110         |
|    iterations           | 224         |
|    time_elapsed         | 10398       |
|    total_timesteps      | 2150400     |
| train/                  |             |
|    approx_kl            | 0.049849533 |
|    clip_fraction        | 0.201       |
|    clip_range           | 0.2         |
|    entropy_loss         | -6.36       |
|    explained_variance   | 0.144       |
|    learning_rate        | 0.0003      |
|    loss                 | 4.59        |
|    n_updates            | 4680        |
|    policy_gradient_loss | -0.00108    |
|    std                  | 1.21        |
|    value_loss           | 252         |
-----------------------------------------
Eval num_timesteps=2153520, episode_reward=-28.21 +/- 41.84
Episode length: 228.60 +/- 66.17
----------------------------------------
| eval/                   |            |
|    mean_ep_length       | 229        |
|    mean_reward          | -28.2      |
| time/                   |            |
|    total_timesteps      | 2153520    |
| train/                  |            |
|    approx_kl            | 0.04341069 |
|    clip_fraction        | 0.209      |
|    clip_range           | 0.2        |
|    entropy_loss         | -6.35      |
|    explained_variance   | 0.627      |
|    learning_rate        | 0.0003     |
|    loss                 | -0.00966   |
|    n_updates            | 4690       |
|    policy_gradient_loss | -0.00174   |
|    std                  | 1.21       |
|    value_loss           | 19.8       |
----------------------------------------
[episode ends] timestep 2153530: flipped=68 (41%), missed_goal=86 (52%), out_of_bounds=8 (5%), scored=3 (2%)
---------------------------------
| episode_end/       |          |
|    flipped         | 68       |
|    missed_goal     | 86       |
|    out_of_bounds   | 8        |
|    scored          | 3        |
| rollout/           |          |
|    ep_len_mean     | 297      |
|    ep_rew_mean     | -22.2    |
| time/              |          |
|    fps             | 110      |
|    iterations      | 225      |
|    time_elapsed    | 10453    |
|    total_timesteps | 2155520  |
---------------------------------
----------------------------------------
| rollout/                |            |
|    ep_len_mean          | 290        |
|    ep_rew_mean          | -25.2      |
| time/                   |            |
|    fps                  | 110        |
|    iterations           | 226        |
|    time_elapsed         | 10499      |
|    total_timesteps      | 2160640    |
| train/                  |            |
|    approx_kl            | 0.03294931 |
|    clip_fraction        | 0.208      |
|    clip_range           | 0.2        |
|    entropy_loss         | -6.35      |
|    explained_variance   | 0.67       |
|    learning_rate        | 0.0003     |
|    loss                 | 1.44       |
|    n_updates            | 4700       |
|    policy_gradient_loss | -0.00617   |
|    std                  | 1.21       |
|    value_loss           | 20.1       |
----------------------------------------
----------------------------------------
| rollout/                |            |
|    ep_len_mean          | 287        |
|    ep_rew_mean          | -28.5      |
| time/                   |            |
|    fps                  | 110        |
|    iterations           | 227        |
|    time_elapsed         | 10550      |
|    total_timesteps      | 2165760    |
| train/                  |            |
|    approx_kl            | 0.02533361 |
|    clip_fraction        | 0.149      |
|    clip_range           | 0.2        |
|    entropy_loss         | -6.37      |
|    explained_variance   | 0.353      |
|    learning_rate        | 0.0003     |
|    loss                 | 0.895      |
|    n_updates            | 4710       |
|    policy_gradient_loss | -0.00723   |
|    std                  | 1.22       |
|    value_loss           | 80.2       |
----------------------------------------
-----------------------------------------
| rollout/                |             |
|    ep_len_mean          | 293         |
|    ep_rew_mean          | -27.4       |
| time/                   |             |
|    fps                  | 110         |
|    iterations           | 228         |
|    time_elapsed         | 10594       |
|    total_timesteps      | 2170880     |
| train/                  |             |
|    approx_kl            | 0.030610422 |
|    clip_fraction        | 0.2         |
|    clip_range           | 0.2         |
|    entropy_loss         | -6.38       |
|    explained_variance   | 0.262       |
|    learning_rate        | 0.0003      |
|    loss                 | 0.162       |
|    n_updates            | 4720        |
|    policy_gradient_loss | -0.00785    |
|    std                  | 1.22        |
|    value_loss           | 176         |
-----------------------------------------
-----------------------------------------
| rollout/                |             |
|    ep_len_mean          | 296         |
|    ep_rew_mean          | -26.5       |
| time/                   |             |
|    fps                  | 110         |
|    iterations           | 229         |
|    time_elapsed         | 10633       |
|    total_timesteps      | 2176000     |
| train/                  |             |
|    approx_kl            | 0.045744702 |
|    clip_fraction        | 0.274       |
|    clip_range           | 0.2         |
|    entropy_loss         | -6.39       |
|    explained_variance   | 0.925       |
|    learning_rate        | 0.0003      |
|    loss                 | 0.288       |
|    n_updates            | 4730        |
|    policy_gradient_loss | -0.00116    |
|    std                  | 1.22        |
|    value_loss           | 1.84        |
-----------------------------------------
-----------------------------------------
| rollout/                |             |
|    ep_len_mean          | 302         |
|    ep_rew_mean          | -21.1       |
| time/                   |             |
|    fps                  | 110         |
|    iterations           | 230         |
|    time_elapsed         | 10675       |
|    total_timesteps      | 2181120     |
| train/                  |             |
|    approx_kl            | 0.014384985 |
|    clip_fraction        | 0.145       |
|    clip_range           | 0.2         |
|    entropy_loss         | -6.39       |
|    explained_variance   | 0.473       |
|    learning_rate        | 0.0003      |
|    loss                 | 10.1        |
|    n_updates            | 4740        |
|    policy_gradient_loss | -0.00954    |
|    std                  | 1.22        |
|    value_loss           | 42.7        |
-----------------------------------------
-----------------------------------------
| rollout/                |             |
|    ep_len_mean          | 307         |
|    ep_rew_mean          | -21.1       |
| time/                   |             |
|    fps                  | 110         |
|    iterations           | 231         |
|    time_elapsed         | 10720       |
|    total_timesteps      | 2186240     |
| train/                  |             |
|    approx_kl            | 0.019078162 |
|    clip_fraction        | 0.168       |
|    clip_range           | 0.2         |
|    entropy_loss         | -6.38       |
|    explained_variance   | 0.416       |
|    learning_rate        | 0.0003      |
|    loss                 | 3.25        |
|    n_updates            | 4750        |
|    policy_gradient_loss | -0.00534    |
|    std                  | 1.22        |
|    value_loss           | 41.3        |
-----------------------------------------
----------------------------------------
| rollout/                |            |
|    ep_len_mean          | 314        |
|    ep_rew_mean          | -18.8      |
| time/                   |            |
|    fps                  | 110        |
|    iterations           | 232        |
|    time_elapsed         | 10760      |
|    total_timesteps      | 2191360    |
| train/                  |            |
|    approx_kl            | 0.03864403 |
|    clip_fraction        | 0.222      |
|    clip_range           | 0.2        |
|    entropy_loss         | -6.37      |
|    explained_variance   | 0.881      |
|    learning_rate        | 0.0003     |
|    loss                 | 0.25       |
|    n_updates            | 4760       |
|    policy_gradient_loss | -0.00532   |
|    std                  | 1.21       |
|    value_loss           | 5.63       |
----------------------------------------
-----------------------------------------
| rollout/                |             |
|    ep_len_mean          | 319         |
|    ep_rew_mean          | -13.3       |
| time/                   |             |
|    fps                  | 110         |
|    iterations           | 233         |
|    time_elapsed         | 10808       |
|    total_timesteps      | 2196480     |
| train/                  |             |
|    approx_kl            | 0.031216118 |
|    clip_fraction        | 0.23        |
|    clip_range           | 0.2         |
|    entropy_loss         | -6.36       |
|    explained_variance   | 0.87        |
|    learning_rate        | 0.0003      |
|    loss                 | 0.166       |
|    n_updates            | 4770        |
|    policy_gradient_loss | -0.00529    |
|    std                  | 1.21        |
|    value_loss           | 2.68        |
-----------------------------------------
-----------------------------------------
| rollout/                |             |
|    ep_len_mean          | 322         |
|    ep_rew_mean          | -10.6       |
| time/                   |             |
|    fps                  | 110         |
|    iterations           | 234         |
|    time_elapsed         | 10852       |
|    total_timesteps      | 2201600     |
| train/                  |             |
|    approx_kl            | 0.025562514 |
|    clip_fraction        | 0.204       |
|    clip_range           | 0.2         |
|    entropy_loss         | -6.36       |
|    explained_variance   | 0.875       |
|    learning_rate        | 0.0003      |
|    loss                 | 0.505       |
|    n_updates            | 4780        |
|    policy_gradient_loss | -0.00843    |
|    std                  | 1.21        |
|    value_loss           | 5.5         |
-----------------------------------------
Eval num_timesteps=2203520, episode_reward=-15.77 +/- 35.08
Episode length: 279.50 +/- 41.42
-----------------------------------------
| eval/                   |             |
|    mean_ep_length       | 280         |
|    mean_reward          | -15.8       |
| time/                   |             |
|    total_timesteps      | 2203520     |
| train/                  |             |
|    approx_kl            | 0.019403387 |
|    clip_fraction        | 0.171       |
|    clip_range           | 0.2         |
|    entropy_loss         | -6.34       |
|    explained_variance   | 0.938       |
|    learning_rate        | 0.0003      |
|    loss                 | 0.315       |
|    n_updates            | 4790        |
|    policy_gradient_loss | -0.00616    |
|    std                  | 1.21        |
|    value_loss           | 2.53        |
-----------------------------------------
[progress] timestep 2203530
[episode ends] timestep 2203530: flipped=91 (56%), missed_goal=62 (38%), out_of_bounds=7 (4%), scored=2 (1%)
---------------------------------
| episode_end/       |          |
|    flipped         | 91       |
|    missed_goal     | 62       |
|    out_of_bounds   | 7        |
|    scored          | 2        |
| rollout/           |          |
|    ep_len_mean     | 306      |
|    ep_rew_mean     | -11.5    |
| time/              |          |
|    fps             | 110      |
|    iterations      | 235      |
|    time_elapsed    | 10904    |
|    total_timesteps | 2206720  |
---------------------------------
-----------------------------------------
| rollout/                |             |
|    ep_len_mean          | 301         |
|    ep_rew_mean          | -11         |
| time/                   |             |
|    fps                  | 110         |
|    iterations           | 236         |
|    time_elapsed         | 10950       |
|    total_timesteps      | 2211840     |
| train/                  |             |
|    approx_kl            | 0.011788176 |
|    clip_fraction        | 0.117       |
|    clip_range           | 0.2         |
|    entropy_loss         | -6.34       |
|    explained_variance   | 0.436       |
|    learning_rate        | 0.0003      |
|    loss                 | 221         |
|    n_updates            | 4800        |
|    policy_gradient_loss | -0.0102     |
|    std                  | 1.21        |
|    value_loss           | 51.5        |
-----------------------------------------
-----------------------------------------
| rollout/                |             |
|    ep_len_mean          | 304         |
|    ep_rew_mean          | -12.5       |
| time/                   |             |
|    fps                  | 110         |
|    iterations           | 237         |
|    time_elapsed         | 10993       |
|    total_timesteps      | 2216960     |
| train/                  |             |
|    approx_kl            | 0.017801296 |
|    clip_fraction        | 0.145       |
|    clip_range           | 0.2         |
|    entropy_loss         | -6.34       |
|    explained_variance   | 0.795       |
|    learning_rate        | 0.0003      |
|    loss                 | 0.96        |
|    n_updates            | 4810        |
|    policy_gradient_loss | -0.00923    |
|    std                  | 1.21        |
|    value_loss           | 9.55        |
-----------------------------------------
-----------------------------------------
| rollout/                |             |
|    ep_len_mean          | 305         |
|    ep_rew_mean          | -13.6       |
| time/                   |             |
|    fps                  | 110         |
|    iterations           | 238         |
|    time_elapsed         | 11042       |
|    total_timesteps      | 2222080     |
| train/                  |             |
|    approx_kl            | 0.014426278 |
|    clip_fraction        | 0.136       |
|    clip_range           | 0.2         |
|    entropy_loss         | -6.35       |
|    explained_variance   | 0.45        |
|    learning_rate        | 0.0003      |
|    loss                 | 0.165       |
|    n_updates            | 4820        |
|    policy_gradient_loss | -0.00785    |
|    std                  | 1.21        |
|    value_loss           | 40.7        |
-----------------------------------------
----------------------------------------
| rollout/                |            |
|    ep_len_mean          | 299        |
|    ep_rew_mean          | -16.7      |
| time/                   |            |
|    fps                  | 110        |
|    iterations           | 239        |
|    time_elapsed         | 11087      |
|    total_timesteps      | 2227200    |
| train/                  |            |
|    approx_kl            | 0.02684835 |
|    clip_fraction        | 0.152      |
|    clip_range           | 0.2        |
|    entropy_loss         | -6.34      |
|    explained_variance   | 0.308      |
|    learning_rate        | 0.0003     |
|    loss                 | 2.44       |
|    n_updates            | 4830       |
|    policy_gradient_loss | -0.00653   |
|    std                  | 1.2        |
|    value_loss           | 71.9       |
----------------------------------------
----------------------------------------
| rollout/                |            |
|    ep_len_mean          | 298        |
|    ep_rew_mean          | -19.8      |
| time/                   |            |
|    fps                  | 110        |
|    iterations           | 240        |
|    time_elapsed         | 11129      |
|    total_timesteps      | 2232320    |
| train/                  |            |
|    approx_kl            | 0.02263252 |
|    clip_fraction        | 0.221      |
|    clip_range           | 0.2        |
|    entropy_loss         | -6.33      |
|    explained_variance   | 0.206      |
|    learning_rate        | 0.0003     |
|    loss                 | 548        |
|    n_updates            | 4840       |
|    policy_gradient_loss | 0.000428   |
|    std                  | 1.21       |
|    value_loss           | 161        |
----------------------------------------
-----------------------------------------
| rollout/                |             |
|    ep_len_mean          | 305         |
|    ep_rew_mean          | -20.9       |
| time/                   |             |
|    fps                  | 110         |
|    iterations           | 241         |
|    time_elapsed         | 11169       |
|    total_timesteps      | 2237440     |
| train/                  |             |
|    approx_kl            | 0.045270268 |
|    clip_fraction        | 0.291       |
|    clip_range           | 0.2         |
|    entropy_loss         | -6.34       |
|    explained_variance   | 0.147       |
|    learning_rate        | 0.0003      |
|    loss                 | 0.0442      |
|    n_updates            | 4850        |
|    policy_gradient_loss | 0.00512     |
|    std                  | 1.21        |
|    value_loss           | 187         |
-----------------------------------------
-----------------------------------------
| rollout/                |             |
|    ep_len_mean          | 310         |
|    ep_rew_mean          | -23.9       |
| time/                   |             |
|    fps                  | 110         |
|    iterations           | 242         |
|    time_elapsed         | 11215       |
|    total_timesteps      | 2242560     |
| train/                  |             |
|    approx_kl            | 0.020623285 |
|    clip_fraction        | 0.184       |
|    clip_range           | 0.2         |
|    entropy_loss         | -6.34       |
|    explained_variance   | 0.179       |
|    learning_rate        | 0.0003      |
|    loss                 | 3.76        |
|    n_updates            | 4860        |
|    policy_gradient_loss | -0.00304    |
|    std                  | 1.21        |
|    value_loss           | 102         |
-----------------------------------------
-----------------------------------------
| rollout/                |             |
|    ep_len_mean          | 312         |
|    ep_rew_mean          | -23.9       |
| time/                   |             |
|    fps                  | 110         |
|    iterations           | 243         |
|    time_elapsed         | 11258       |
|    total_timesteps      | 2247680     |
| train/                  |             |
|    approx_kl            | 0.025802668 |
|    clip_fraction        | 0.221       |
|    clip_range           | 0.2         |
|    entropy_loss         | -6.34       |
|    explained_variance   | 0.55        |
|    learning_rate        | 0.0003      |
|    loss                 | 0.0335      |
|    n_updates            | 4870        |
|    policy_gradient_loss | -0.00463    |
|    std                  | 1.21        |
|    value_loss           | 19.7        |
-----------------------------------------
-----------------------------------------
| rollout/                |             |
|    ep_len_mean          | 315         |
|    ep_rew_mean          | -27.9       |
| time/                   |             |
|    fps                  | 110         |
|    iterations           | 244         |
|    time_elapsed         | 11300       |
|    total_timesteps      | 2252800     |
| train/                  |             |
|    approx_kl            | 0.018784361 |
|    clip_fraction        | 0.161       |
|    clip_range           | 0.2         |
|    entropy_loss         | -6.35       |
|    explained_variance   | 0.317       |
|    learning_rate        | 0.0003      |
|    loss                 | 116         |
|    n_updates            | 4880        |
|    policy_gradient_loss | -0.00314    |
|    std                  | 1.21        |
|    value_loss           | 69.1        |
-----------------------------------------
Eval num_timesteps=2253520, episode_reward=-14.54 +/- 36.97
Episode length: 316.50 +/- 138.41
-----------------------------------------
| eval/                   |             |
|    mean_ep_length       | 316         |
|    mean_reward          | -14.5       |
| time/                   |             |
|    total_timesteps      | 2253520     |
| train/                  |             |
|    approx_kl            | 0.018662091 |
|    clip_fraction        | 0.154       |
|    clip_range           | 0.2         |
|    entropy_loss         | -6.35       |
|    explained_variance   | 0.215       |
|    learning_rate        | 0.0003      |
|    loss                 | 0.299       |
|    n_updates            | 4890        |
|    policy_gradient_loss | -0.00622    |
|    std                  | 1.21        |
|    value_loss           | 144         |
-----------------------------------------
[episode ends] timestep 2253530: flipped=65 (40%), missed_goal=83 (51%), out_of_bounds=7 (4%), scored=8 (5%)
---------------------------------
| episode_end/       |          |
|    flipped         | 65       |
|    missed_goal     | 83       |
|    out_of_bounds   | 7        |
|    scored          | 8        |
| rollout/           |          |
|    ep_len_mean     | 323      |
|    ep_rew_mean     | -31.8    |
| time/              |          |
|    fps             | 110      |
|    iterations      | 245      |
|    time_elapsed    | 11354    |
|    total_timesteps | 2257920  |
---------------------------------
-----------------------------------------
| rollout/                |             |
|    ep_len_mean          | 328         |
|    ep_rew_mean          | -33.7       |
| time/                   |             |
|    fps                  | 110         |
|    iterations           | 246         |
|    time_elapsed         | 11400       |
|    total_timesteps      | 2263040     |
| train/                  |             |
|    approx_kl            | 0.015169276 |
|    clip_fraction        | 0.178       |
|    clip_range           | 0.2         |
|    entropy_loss         | -6.34       |
|    explained_variance   | 0.358       |
|    learning_rate        | 0.0003      |
|    loss                 | 246         |
|    n_updates            | 4900        |
|    policy_gradient_loss | -0.00599    |
|    std                  | 1.21        |
|    value_loss           | 66.6        |
-----------------------------------------
----------------------------------------
| rollout/                |            |
|    ep_len_mean          | 337        |
|    ep_rew_mean          | -29.7      |
| time/                   |            |
|    fps                  | 110        |
|    iterations           | 247        |
|    time_elapsed         | 11445      |
|    total_timesteps      | 2268160    |
| train/                  |            |
|    approx_kl            | 0.02126049 |
|    clip_fraction        | 0.149      |
|    clip_range           | 0.2        |
|    entropy_loss         | -6.33      |
|    explained_variance   | 0.515      |
|    learning_rate        | 0.0003     |
|    loss                 | 0.57       |
|    n_updates            | 4910       |
|    policy_gradient_loss | -0.00829   |
|    std                  | 1.2        |
|    value_loss           | 47.9       |
----------------------------------------
-----------------------------------------
| rollout/                |             |
|    ep_len_mean          | 335         |
|    ep_rew_mean          | -25.3       |
| time/                   |             |
|    fps                  | 110         |
|    iterations           | 248         |
|    time_elapsed         | 11485       |
|    total_timesteps      | 2273280     |
| train/                  |             |
|    approx_kl            | 0.017987167 |
|    clip_fraction        | 0.139       |
|    clip_range           | 0.2         |
|    entropy_loss         | -6.3        |
|    explained_variance   | 0.838       |
|    learning_rate        | 0.0003      |
|    loss                 | 2.02        |
|    n_updates            | 4920        |
|    policy_gradient_loss | -0.00988    |
|    std                  | 1.19        |
|    value_loss           | 9.12        |
-----------------------------------------
----------------------------------------
| rollout/                |            |
|    ep_len_mean          | 332        |
|    ep_rew_mean          | -26.8      |
| time/                   |            |
|    fps                  | 110        |
|    iterations           | 249        |
|    time_elapsed         | 11533      |
|    total_timesteps      | 2278400    |
| train/                  |            |
|    approx_kl            | 0.02833696 |
|    clip_fraction        | 0.21       |
|    clip_range           | 0.2        |
|    entropy_loss         | -6.29      |
|    explained_variance   | 0.371      |
|    learning_rate        | 0.0003     |
|    loss                 | 13.8       |
|    n_updates            | 4930       |
|    policy_gradient_loss | 0.000676   |
|    std                  | 1.19       |
|    value_loss           | 34.5       |
----------------------------------------
-----------------------------------------
| rollout/                |             |
|    ep_len_mean          | 334         |
|    ep_rew_mean          | -22.4       |
| time/                   |             |
|    fps                  | 110         |
|    iterations           | 250         |
|    time_elapsed         | 11585       |
|    total_timesteps      | 2283520     |
| train/                  |             |
|    approx_kl            | 0.027379718 |
|    clip_fraction        | 0.216       |
|    clip_range           | 0.2         |
|    entropy_loss         | -6.29       |
|    explained_variance   | 0.72        |
|    learning_rate        | 0.0003      |
|    loss                 | 1.97        |
|    n_updates            | 4940        |
|    policy_gradient_loss | -0.00233    |
|    std                  | 1.19        |
|    value_loss           | 7.46        |
-----------------------------------------
-----------------------------------------
| rollout/                |             |
|    ep_len_mean          | 331         |
|    ep_rew_mean          | -18.6       |
| time/                   |             |
|    fps                  | 110         |
|    iterations           | 251         |
|    time_elapsed         | 11635       |
|    total_timesteps      | 2288640     |
| train/                  |             |
|    approx_kl            | 0.034658216 |
|    clip_fraction        | 0.24        |
|    clip_range           | 0.2         |
|    entropy_loss         | -6.3        |
|    explained_variance   | 0.576       |
|    learning_rate        | 0.0003      |
|    loss                 | 0.172       |
|    n_updates            | 4950        |
|    policy_gradient_loss | 0.00216     |
|    std                  | 1.2         |
|    value_loss           | 32.9        |
-----------------------------------------
----------------------------------------
| rollout/                |            |
|    ep_len_mean          | 323        |
|    ep_rew_mean          | -14.4      |
| time/                   |            |
|    fps                  | 110        |
|    iterations           | 252        |
|    time_elapsed         | 11688      |
|    total_timesteps      | 2293760    |
| train/                  |            |
|    approx_kl            | 0.03030311 |
|    clip_fraction        | 0.201      |
|    clip_range           | 0.2        |
|    entropy_loss         | -6.29      |
|    explained_variance   | 0.514      |
|    learning_rate        | 0.0003     |
|    loss                 | 0.364      |
|    n_updates            | 4960       |
|    policy_gradient_loss | -0.00355   |
|    std                  | 1.19       |
|    value_loss           | 31.2       |
----------------------------------------
-----------------------------------------
| rollout/                |             |
|    ep_len_mean          | 306         |
|    ep_rew_mean          | -16.3       |
| time/                   |             |
|    fps                  | 110         |
|    iterations           | 253         |
|    time_elapsed         | 11740       |
|    total_timesteps      | 2298880     |
| train/                  |             |
|    approx_kl            | 0.013412829 |
|    clip_fraction        | 0.108       |
|    clip_range           | 0.2         |
|    entropy_loss         | -6.27       |
|    explained_variance   | 0.216       |
|    learning_rate        | 0.0003      |
|    loss                 | 14.9        |
|    n_updates            | 4970        |
|    policy_gradient_loss | -0.00353    |
|    std                  | 1.19        |
|    value_loss           | 72.1        |
-----------------------------------------
Eval num_timesteps=2303520, episode_reward=-6.90 +/- 61.48
Episode length: 280.00 +/- 53.28
-----------------------------------------
| eval/                   |             |
|    mean_ep_length       | 280         |
|    mean_reward          | -6.9        |
| time/                   |             |
|    total_timesteps      | 2303520     |
| train/                  |             |
|    approx_kl            | 0.014553694 |
|    clip_fraction        | 0.125       |
|    clip_range           | 0.2         |
|    entropy_loss         | -6.27       |
|    explained_variance   | 0.594       |
|    learning_rate        | 0.0003      |
|    loss                 | 0.3         |
|    n_updates            | 4980        |
|    policy_gradient_loss | -0.00772    |
|    std                  | 1.19        |
|    value_loss           | 42.3        |
-----------------------------------------
[progress] timestep 2303530
[episode ends] timestep 2303530: flipped=78 (51%), missed_goal=67 (44%), out_of_bounds=4 (3%), scored=5 (3%)
---------------------------------
| episode_end/       |          |
|    flipped         | 78       |
|    missed_goal     | 67       |
|    out_of_bounds   | 4        |
|    scored          | 5        |
| rollout/           |          |
|    ep_len_mean     | 306      |
|    ep_rew_mean     | -16.7    |
| time/              |          |
|    fps             | 110      |
|    iterations      | 254      |
|    time_elapsed    | 11803    |
|    total_timesteps | 2304000  |
---------------------------------
-----------------------------------------
| rollout/                |             |
|    ep_len_mean          | 292         |
|    ep_rew_mean          | -28         |
| time/                   |             |
|    fps                  | 110         |
|    iterations           | 255         |
|    time_elapsed         | 11849       |
|    total_timesteps      | 2309120     |
| train/                  |             |
|    approx_kl            | 0.017113388 |
|    clip_fraction        | 0.115       |
|    clip_range           | 0.2         |
|    entropy_loss         | -6.26       |
|    explained_variance   | 0.227       |
|    learning_rate        | 0.0003      |
|    loss                 | 0.61        |
|    n_updates            | 4990        |
|    policy_gradient_loss | -0.00777    |
|    std                  | 1.18        |
|    value_loss           | 166         |
-----------------------------------------
------------------------------------------
| rollout/                |              |
|    ep_len_mean          | 288          |
|    ep_rew_mean          | -28.9        |
| time/                   |              |
|    fps                  | 110          |
|    iterations           | 256          |
|    time_elapsed         | 11911        |
|    total_timesteps      | 2314240      |
| train/                  |              |
|    approx_kl            | 0.0047406666 |
|    clip_fraction        | 0.0251       |
|    clip_range           | 0.2          |
|    entropy_loss         | -6.25        |
|    explained_variance   | 0.118        |
|    learning_rate        | 0.0003       |
|    loss                 | 7.11         |
|    n_updates            | 5000         |
|    policy_gradient_loss | -0.00713     |
|    std                  | 1.18         |
|    value_loss           | 172          |
------------------------------------------
-----------------------------------------
| rollout/                |             |
|    ep_len_mean          | 285         |
|    ep_rew_mean          | -29.5       |
| time/                   |             |
|    fps                  | 109         |
|    iterations           | 257         |
|    time_elapsed         | 11970       |
|    total_timesteps      | 2319360     |
| train/                  |             |
|    approx_kl            | 0.008030275 |
|    clip_fraction        | 0.0621      |
|    clip_range           | 0.2         |
|    entropy_loss         | -6.25       |
|    explained_variance   | 0.411       |
|    learning_rate        | 0.0003      |
|    loss                 | 12.6        |
|    n_updates            | 5010        |
|    policy_gradient_loss | -0.00661    |
|    std                  | 1.18        |
|    value_loss           | 54.9        |
-----------------------------------------
----------------------------------------
| rollout/                |            |
|    ep_len_mean          | 271        |
|    ep_rew_mean          | -29.7      |
| time/                   |            |
|    fps                  | 109        |
|    iterations           | 258        |
|    time_elapsed         | 12019      |
|    total_timesteps      | 2324480    |
| train/                  |            |
|    approx_kl            | 0.02160261 |
|    clip_fraction        | 0.194      |
|    clip_range           | 0.2        |
|    entropy_loss         | -6.24      |
|    explained_variance   | 0.34       |
|    learning_rate        | 0.0003     |
|    loss                 | 1.67       |
|    n_updates            | 5020       |
|    policy_gradient_loss | -0.00301   |
|    std                  | 1.18       |
|    value_loss           | 62.1       |
----------------------------------------
-----------------------------------------
| rollout/                |             |
|    ep_len_mean          | 274         |
|    ep_rew_mean          | -31         |
| time/                   |             |
|    fps                  | 109         |
|    iterations           | 259         |
|    time_elapsed         | 12066       |
|    total_timesteps      | 2329600     |
| train/                  |             |
|    approx_kl            | 0.008960115 |
|    clip_fraction        | 0.0714      |
|    clip_range           | 0.2         |
|    entropy_loss         | -6.24       |
|    explained_variance   | 0.313       |
|    learning_rate        | 0.0003      |
|    loss                 | 0.815       |
|    n_updates            | 5030        |
|    policy_gradient_loss | -0.00584    |
|    std                  | 1.18        |
|    value_loss           | 91.9        |
-----------------------------------------
-----------------------------------------
| rollout/                |             |
|    ep_len_mean          | 265         |
|    ep_rew_mean          | -21         |
| time/                   |             |
|    fps                  | 109         |
|    iterations           | 260         |
|    time_elapsed         | 12108       |
|    total_timesteps      | 2334720     |
| train/                  |             |
|    approx_kl            | 0.010467075 |
|    clip_fraction        | 0.0842      |
|    clip_range           | 0.2         |
|    entropy_loss         | -6.23       |
|    explained_variance   | 0.365       |
|    learning_rate        | 0.0003      |
|    loss                 | 281         |
|    n_updates            | 5040        |
|    policy_gradient_loss | -0.00712    |
|    std                  | 1.17        |
|    value_loss           | 116         |
-----------------------------------------
-----------------------------------------
| rollout/                |             |
|    ep_len_mean          | 275         |
|    ep_rew_mean          | -18         |
| time/                   |             |
|    fps                  | 109         |
|    iterations           | 261         |
|    time_elapsed         | 12158       |
|    total_timesteps      | 2339840     |
| train/                  |             |
|    approx_kl            | 0.011098684 |
|    clip_fraction        | 0.0713      |
|    clip_range           | 0.2         |
|    entropy_loss         | -6.22       |
|    explained_variance   | 0.326       |
|    learning_rate        | 0.0003      |
|    loss                 | 0.877       |
|    n_updates            | 5050        |
|    policy_gradient_loss | -0.00587    |
|    std                  | 1.17        |
|    value_loss           | 48.9        |
-----------------------------------------
-----------------------------------------
| rollout/                |             |
|    ep_len_mean          | 267         |
|    ep_rew_mean          | -14.8       |
| time/                   |             |
|    fps                  | 109         |
|    iterations           | 262         |
|    time_elapsed         | 12205       |
|    total_timesteps      | 2344960     |
| train/                  |             |
|    approx_kl            | 0.030961458 |
|    clip_fraction        | 0.169       |
|    clip_range           | 0.2         |
|    entropy_loss         | -6.21       |
|    explained_variance   | 0.393       |
|    learning_rate        | 0.0003      |
|    loss                 | 0.165       |
|    n_updates            | 5060        |
|    policy_gradient_loss | 0.00057     |
|    std                  | 1.17        |
|    value_loss           | 37.4        |
-----------------------------------------
----------------------------------------
| rollout/                |            |
|    ep_len_mean          | 273        |
|    ep_rew_mean          | -16.2      |
| time/                   |            |
|    fps                  | 109        |
|    iterations           | 263        |
|    time_elapsed         | 12254      |
|    total_timesteps      | 2350080    |
| train/                  |            |
|    approx_kl            | 0.06744795 |
|    clip_fraction        | 0.244      |
|    clip_range           | 0.2        |
|    entropy_loss         | -6.2       |
|    explained_variance   | 0.69       |
|    learning_rate        | 0.0003     |
|    loss                 | 1.56       |
|    n_updates            | 5070       |
|    policy_gradient_loss | 0.00412    |
|    std                  | 1.16       |
|    value_loss           | 6.14       |
----------------------------------------
Eval num_timesteps=2353520, episode_reward=-35.05 +/- 60.46
Episode length: 242.40 +/- 88.49
----------------------------------------
| eval/                   |            |
|    mean_ep_length       | 242        |
|    mean_reward          | -35.1      |
| time/                   |            |
|    total_timesteps      | 2353520    |
| train/                  |            |
|    approx_kl            | 0.00878188 |
|    clip_fraction        | 0.104      |
|    clip_range           | 0.2        |
|    entropy_loss         | -6.19      |
|    explained_variance   | 0.264      |
|    learning_rate        | 0.0003     |
|    loss                 | 3.31       |
|    n_updates            | 5080       |
|    policy_gradient_loss | -0.0043    |
|    std                  | 1.16       |
|    value_loss           | 114        |
----------------------------------------
[episode ends] timestep 2353530: crashed=1 (1%), flipped=85 (46%), missed_goal=78 (42%), out_of_bounds=4 (2%), scored=18 (10%)
---------------------------------
| episode_end/       |          |
|    crashed         | 1        |
|    flipped         | 85       |
|    missed_goal     | 78       |
|    out_of_bounds   | 4        |
|    scored          | 18       |
| rollout/           |          |
|    ep_len_mean     | 272      |
|    ep_rew_mean     | -16.4    |
| time/              |          |
|    fps             | 109      |
|    iterations      | 264      |
|    time_elapsed    | 12304    |
|    total_timesteps | 2355200  |
---------------------------------
-----------------------------------------
| rollout/                |             |
|    ep_len_mean          | 277         |
|    ep_rew_mean          | -13.4       |
| time/                   |             |
|    fps                  | 109         |
|    iterations           | 265         |
|    time_elapsed         | 12352       |
|    total_timesteps      | 2360320     |
| train/                  |             |
|    approx_kl            | 0.011078125 |
|    clip_fraction        | 0.0831      |
|    clip_range           | 0.2         |
|    entropy_loss         | -6.19       |
|    explained_variance   | 0.219       |
|    learning_rate        | 0.0003      |
|    loss                 | 0.975       |
|    n_updates            | 5090        |
|    policy_gradient_loss | -0.006      |
|    std                  | 1.16        |
|    value_loss           | 43.9        |
-----------------------------------------
-----------------------------------------
| rollout/                |             |
|    ep_len_mean          | 271         |
|    ep_rew_mean          | -15.1       |
| time/                   |             |
|    fps                  | 109         |
|    iterations           | 266         |
|    time_elapsed         | 12400       |
|    total_timesteps      | 2365440     |
| train/                  |             |
|    approx_kl            | 0.028167415 |
|    clip_fraction        | 0.148       |
|    clip_range           | 0.2         |
|    entropy_loss         | -6.19       |
|    explained_variance   | 0.408       |
|    learning_rate        | 0.0003      |
|    loss                 | 3.49        |
|    n_updates            | 5100        |
|    policy_gradient_loss | -0.00785    |
|    std                  | 1.16        |
|    value_loss           | 78.6        |
-----------------------------------------
-----------------------------------------
| rollout/                |             |
|    ep_len_mean          | 270         |
|    ep_rew_mean          | -16.3       |
| time/                   |             |
|    fps                  | 109         |
|    iterations           | 267         |
|    time_elapsed         | 12446       |
|    total_timesteps      | 2370560     |
| train/                  |             |
|    approx_kl            | 0.007723272 |
|    clip_fraction        | 0.0768      |
|    clip_range           | 0.2         |
|    entropy_loss         | -6.19       |
|    explained_variance   | 0.301       |
|    learning_rate        | 0.0003      |
|    loss                 | 1.16        |
|    n_updates            | 5110        |
|    policy_gradient_loss | -0.00623    |
|    std                  | 1.16        |
|    value_loss           | 98.6        |
-----------------------------------------
-----------------------------------------
| rollout/                |             |
|    ep_len_mean          | 270         |
|    ep_rew_mean          | -7.83       |
| time/                   |             |
|    fps                  | 109         |
|    iterations           | 268         |
|    time_elapsed         | 12493       |
|    total_timesteps      | 2375680     |
| train/                  |             |
|    approx_kl            | 0.012903039 |
|    clip_fraction        | 0.0803      |
|    clip_range           | 0.2         |
|    entropy_loss         | -6.19       |
|    explained_variance   | 0.453       |
|    learning_rate        | 0.0003      |
|    loss                 | 1.49        |
|    n_updates            | 5120        |
|    policy_gradient_loss | -0.00949    |
|    std                  | 1.16        |
|    value_loss           | 19.5        |
-----------------------------------------
-----------------------------------------
| rollout/                |             |
|    ep_len_mean          | 268         |
|    ep_rew_mean          | -5.64       |
| time/                   |             |
|    fps                  | 109         |
|    iterations           | 269         |
|    time_elapsed         | 12543       |
|    total_timesteps      | 2380800     |
| train/                  |             |
|    approx_kl            | 0.014377018 |
|    clip_fraction        | 0.112       |
|    clip_range           | 0.2         |
|    entropy_loss         | -6.18       |
|    explained_variance   | 0.116       |
|    learning_rate        | 0.0003      |
|    loss                 | 258         |
|    n_updates            | 5130        |
|    policy_gradient_loss | -0.00435    |
|    std                  | 1.16        |
|    value_loss           | 68.6        |
-----------------------------------------
-----------------------------------------
| rollout/                |             |
|    ep_len_mean          | 255         |
|    ep_rew_mean          | -2.11       |
| time/                   |             |
|    fps                  | 109         |
|    iterations           | 270         |
|    time_elapsed         | 12589       |
|    total_timesteps      | 2385920     |
| train/                  |             |
|    approx_kl            | 0.012215093 |
|    clip_fraction        | 0.126       |
|    clip_range           | 0.2         |
|    entropy_loss         | -6.18       |
|    explained_variance   | 0.299       |
|    learning_rate        | 0.0003      |
|    loss                 | 0.175       |
|    n_updates            | 5140        |
|    policy_gradient_loss | -0.0058     |
|    std                  | 1.16        |
|    value_loss           | 44.1        |
-----------------------------------------
------------------------------------------
| rollout/                |              |
|    ep_len_mean          | 258          |
|    ep_rew_mean          | -5.27        |
| time/                   |              |
|    fps                  | 109          |
|    iterations           | 271          |
|    time_elapsed         | 12630        |
|    total_timesteps      | 2391040      |
| train/                  |              |
|    approx_kl            | 0.0075683147 |
|    clip_fraction        | 0.0556       |
|    clip_range           | 0.2          |
|    entropy_loss         | -6.17        |
|    explained_variance   | 0.335        |
|    learning_rate        | 0.0003       |
|    loss                 | 51.2         |
|    n_updates            | 5150         |
|    policy_gradient_loss | -0.00621     |
|    std                  | 1.16         |
|    value_loss           | 43.7         |
------------------------------------------
------------------------------------------
| rollout/                |              |
|    ep_len_mean          | 259          |
|    ep_rew_mean          | -4.95        |
| time/                   |              |
|    fps                  | 109          |
|    iterations           | 272          |
|    time_elapsed         | 12676        |
|    total_timesteps      | 2396160      |
| train/                  |              |
|    approx_kl            | 0.0071566976 |
|    clip_fraction        | 0.0452       |
|    clip_range           | 0.2          |
|    entropy_loss         | -6.18        |
|    explained_variance   | 0.188        |
|    learning_rate        | 0.0003       |
|    loss                 | 1.3          |
|    n_updates            | 5160         |
|    policy_gradient_loss | -0.00895     |
|    std                  | 1.16         |
|    value_loss           | 97           |
------------------------------------------
-----------------------------------------
| rollout/                |             |
|    ep_len_mean          | 259         |
|    ep_rew_mean          | -15.3       |
| time/                   |             |
|    fps                  | 109         |
|    iterations           | 273         |
|    time_elapsed         | 12725       |
|    total_timesteps      | 2401280     |
| train/                  |             |
|    approx_kl            | 0.010099794 |
|    clip_fraction        | 0.0592      |
|    clip_range           | 0.2         |
|    entropy_loss         | -6.18       |
|    explained_variance   | 0.392       |
|    learning_rate        | 0.0003      |
|    loss                 | 0.825       |
|    n_updates            | 5170        |
|    policy_gradient_loss | -0.00872    |
|    std                  | 1.16        |
|    value_loss           | 44.8        |
-----------------------------------------
Eval num_timesteps=2403520, episode_reward=3.41 +/- 53.47
Episode length: 350.10 +/- 54.30
-----------------------------------------
| eval/                   |             |
|    mean_ep_length       | 350         |
|    mean_reward          | 3.41        |
| time/                   |             |
|    total_timesteps      | 2403520     |
| train/                  |             |
|    approx_kl            | 0.022188807 |
|    clip_fraction        | 0.131       |
|    clip_range           | 0.2         |
|    entropy_loss         | -6.18       |
|    explained_variance   | 0.202       |
|    learning_rate        | 0.0003      |
|    loss                 | 14.3        |
|    n_updates            | 5180        |
|    policy_gradient_loss | -0.00576    |
|    std                  | 1.16        |
|    value_loss           | 146         |
-----------------------------------------
[progress] timestep 2403530
[episode ends] timestep 2403530: crashed=2 (1%), flipped=87 (45%), missed_goal=67 (35%), out_of_bounds=4 (2%), scored=33 (17%)
---------------------------------
| episode_end/       |          |
|    crashed         | 2        |
|    flipped         | 87       |
|    missed_goal     | 67       |
|    out_of_bounds   | 4        |
|    scored          | 33       |
| rollout/           |          |
|    ep_len_mean     | 260      |
|    ep_rew_mean     | -13.7    |
| time/              |          |
|    fps             | 109      |
|    iterations      | 274      |
|    time_elapsed    | 12778    |
|    total_timesteps | 2406400  |
---------------------------------
-----------------------------------------
| rollout/                |             |
|    ep_len_mean          | 265         |
|    ep_rew_mean          | -15.6       |
| time/                   |             |
|    fps                  | 109         |
|    iterations           | 275         |
|    time_elapsed         | 12827       |
|    total_timesteps      | 2411520     |
| train/                  |             |
|    approx_kl            | 0.009854139 |
|    clip_fraction        | 0.0762      |
|    clip_range           | 0.2         |
|    entropy_loss         | -6.17       |
|    explained_variance   | 0.407       |
|    learning_rate        | 0.0003      |
|    loss                 | 1.05        |
|    n_updates            | 5190        |
|    policy_gradient_loss | -0.0112     |
|    std                  | 1.16        |
|    value_loss           | 25.1        |
-----------------------------------------
-----------------------------------------
| rollout/                |             |
|    ep_len_mean          | 272         |
|    ep_rew_mean          | -13.6       |
| time/                   |             |
|    fps                  | 109         |
|    iterations           | 276         |
|    time_elapsed         | 12869       |
|    total_timesteps      | 2416640     |
| train/                  |             |
|    approx_kl            | 0.026248073 |
|    clip_fraction        | 0.172       |
|    clip_range           | 0.2         |
|    entropy_loss         | -6.15       |
|    explained_variance   | 0.419       |
|    learning_rate        | 0.0003      |
|    loss                 | 0.511       |
|    n_updates            | 5200        |
|    policy_gradient_loss | -0.00444    |
|    std                  | 1.15        |
|    value_loss           | 53.2        |
-----------------------------------------
-----------------------------------------
| rollout/                |             |
|    ep_len_mean          | 276         |
|    ep_rew_mean          | -12.2       |
| time/                   |             |
|    fps                  | 109         |
|    iterations           | 277         |
|    time_elapsed         | 12920       |
|    total_timesteps      | 2421760     |
| train/                  |             |
|    approx_kl            | 0.027220756 |
|    clip_fraction        | 0.206       |
|    clip_range           | 0.2         |
|    entropy_loss         | -6.13       |
|    explained_variance   | 0.331       |
|    learning_rate        | 0.0003      |
|    loss                 | 2.22        |
|    n_updates            | 5210        |
|    policy_gradient_loss | -0.0026     |
|    std                  | 1.14        |
|    value_loss           | 31.9        |
-----------------------------------------
-----------------------------------------
| rollout/                |             |
|    ep_len_mean          | 278         |
|    ep_rew_mean          | -10         |
| time/                   |             |
|    fps                  | 109         |
|    iterations           | 278         |
|    time_elapsed         | 12967       |
|    total_timesteps      | 2426880     |
| train/                  |             |
|    approx_kl            | 0.086403936 |
|    clip_fraction        | 0.361       |
|    clip_range           | 0.2         |
|    entropy_loss         | -6.12       |
|    explained_variance   | 0.301       |
|    learning_rate        | 0.0003      |
|    loss                 | 4.13        |
|    n_updates            | 5220        |
|    policy_gradient_loss | 0.018       |
|    std                  | 1.15        |
|    value_loss           | 48.9        |
-----------------------------------------
-----------------------------------------
| rollout/                |             |
|    ep_len_mean          | 288         |
|    ep_rew_mean          | -16.6       |
| time/                   |             |
|    fps                  | 109         |
|    iterations           | 279         |
|    time_elapsed         | 13014       |
|    total_timesteps      | 2432000     |
| train/                  |             |
|    approx_kl            | 0.017176311 |
|    clip_fraction        | 0.17        |
|    clip_range           | 0.2         |
|    entropy_loss         | -6.13       |
|    explained_variance   | 0.118       |
|    learning_rate        | 0.0003      |
|    loss                 | 1.67        |
|    n_updates            | 5230        |
|    policy_gradient_loss | -0.00106    |
|    std                  | 1.14        |
|    value_loss           | 129         |
-----------------------------------------
----------------------------------------
| rollout/                |            |
|    ep_len_mean          | 293        |
|    ep_rew_mean          | -14.2      |
| time/                   |            |
|    fps                  | 109        |
|    iterations           | 280        |
|    time_elapsed         | 13058      |
|    total_timesteps      | 2437120    |
| train/                  |            |
|    approx_kl            | 0.02369509 |
|    clip_fraction        | 0.14       |
|    clip_range           | 0.2        |
|    entropy_loss         | -6.11      |
|    explained_variance   | 0.171      |
|    learning_rate        | 0.0003     |
|    loss                 | 3.53       |
|    n_updates            | 5240       |
|    policy_gradient_loss | -0.00863   |
|    std                  | 1.14       |
|    value_loss           | 259        |
----------------------------------------
-----------------------------------------
| rollout/                |             |
|    ep_len_mean          | 296         |
|    ep_rew_mean          | -13.9       |
| time/                   |             |
|    fps                  | 109         |
|    iterations           | 281         |
|    time_elapsed         | 13104       |
|    total_timesteps      | 2442240     |
| train/                  |             |
|    approx_kl            | 0.031760223 |
|    clip_fraction        | 0.181       |
|    clip_range           | 0.2         |
|    entropy_loss         | -6.11       |
|    explained_variance   | 0.123       |
|    learning_rate        | 0.0003      |
|    loss                 | 1.34        |
|    n_updates            | 5250        |
|    policy_gradient_loss | -0.00544    |
|    std                  | 1.14        |
|    value_loss           | 41.9        |
-----------------------------------------
-----------------------------------------
| rollout/                |             |
|    ep_len_mean          | 290         |
|    ep_rew_mean          | -20.1       |
| time/                   |             |
|    fps                  | 109         |
|    iterations           | 282         |
|    time_elapsed         | 13156       |
|    total_timesteps      | 2447360     |
| train/                  |             |
|    approx_kl            | 0.016164253 |
|    clip_fraction        | 0.148       |
|    clip_range           | 0.2         |
|    entropy_loss         | -6.1        |
|    explained_variance   | 0.312       |
|    learning_rate        | 0.0003      |
|    loss                 | 7.95        |
|    n_updates            | 5260        |
|    policy_gradient_loss | -0.00666    |
|    std                  | 1.14        |
|    value_loss           | 76.8        |
-----------------------------------------
-----------------------------------------
| rollout/                |             |
|    ep_len_mean          | 273         |
|    ep_rew_mean          | -17.1       |
| time/                   |             |
|    fps                  | 109         |
|    iterations           | 283         |
|    time_elapsed         | 13204       |
|    total_timesteps      | 2452480     |
| train/                  |             |
|    approx_kl            | 0.016459811 |
|    clip_fraction        | 0.127       |
|    clip_range           | 0.2         |
|    entropy_loss         | -6.1        |
|    explained_variance   | 0.482       |
|    learning_rate        | 0.0003      |
|    loss                 | 25.3        |
|    n_updates            | 5270        |
|    policy_gradient_loss | -0.00875    |
|    std                  | 1.13        |
|    value_loss           | 42.2        |
-----------------------------------------
Eval num_timesteps=2453520, episode_reward=-65.45 +/- 106.38
Episode length: 262.40 +/- 115.76
----------------------------------------
| eval/                   |            |
|    mean_ep_length       | 262        |
|    mean_reward          | -65.5      |
| time/                   |            |
|    total_timesteps      | 2453520    |
| train/                  |            |
|    approx_kl            | 0.03784266 |
|    clip_fraction        | 0.163      |
|    clip_range           | 0.2        |
|    entropy_loss         | -6.09      |
|    explained_variance   | 0.0491     |
|    learning_rate        | 0.0003     |
|    loss                 | 15.1       |
|    n_updates            | 5280       |
|    policy_gradient_loss | -0.00431   |
|    std                  | 1.13       |
|    value_loss           | 84.6       |
----------------------------------------
[episode ends] timestep 2453530: crashed=1 (1%), flipped=75 (42%), missed_goal=75 (42%), out_of_bounds=1 (1%), scored=26 (15%)
---------------------------------
| episode_end/       |          |
|    crashed         | 1        |
|    flipped         | 75       |
|    missed_goal     | 75       |
|    out_of_bounds   | 1        |
|    scored          | 26       |
| rollout/           |          |
|    ep_len_mean     | 275      |
|    ep_rew_mean     | -14.9    |
| time/              |          |
|    fps             | 109      |
|    iterations      | 284      |
|    time_elapsed    | 13260    |
|    total_timesteps | 2457600  |
---------------------------------
----------------------------------------
| rollout/                |            |
|    ep_len_mean          | 272        |
|    ep_rew_mean          | -12.3      |
| time/                   |            |
|    fps                  | 109        |
|    iterations           | 285        |
|    time_elapsed         | 13309      |
|    total_timesteps      | 2462720    |
| train/                  |            |
|    approx_kl            | 0.04065183 |
|    clip_fraction        | 0.204      |
|    clip_range           | 0.2        |
|    entropy_loss         | -6.07      |
|    explained_variance   | 0.25       |
|    learning_rate        | 0.0003     |
|    loss                 | 1.03       |
|    n_updates            | 5290       |
|    policy_gradient_loss | 0.00384    |
|    std                  | 1.13       |
|    value_loss           | 74.3       |
----------------------------------------
-----------------------------------------
| rollout/                |             |
|    ep_len_mean          | 281         |
|    ep_rew_mean          | -15.7       |
| time/                   |             |
|    fps                  | 109         |
|    iterations           | 286         |
|    time_elapsed         | 13353       |
|    total_timesteps      | 2467840     |
| train/                  |             |
|    approx_kl            | 0.058413666 |
|    clip_fraction        | 0.284       |
|    clip_range           | 0.2         |
|    entropy_loss         | -6.08       |
|    explained_variance   | 0.714       |
|    learning_rate        | 0.0003      |
|    loss                 | 1.57        |
|    n_updates            | 5300        |
|    policy_gradient_loss | 0.00463     |
|    std                  | 1.13        |
|    value_loss           | 4.14        |
-----------------------------------------
-----------------------------------------
| rollout/                |             |
|    ep_len_mean          | 281         |
|    ep_rew_mean          | -13.8       |
| time/                   |             |
|    fps                  | 109         |
|    iterations           | 287         |
|    time_elapsed         | 13400       |
|    total_timesteps      | 2472960     |
| train/                  |             |
|    approx_kl            | 0.036609385 |
|    clip_fraction        | 0.213       |
|    clip_range           | 0.2         |
|    entropy_loss         | -6.11       |
|    explained_variance   | 0.162       |
|    learning_rate        | 0.0003      |
|    loss                 | 456         |
|    n_updates            | 5310        |
|    policy_gradient_loss | -0.0027     |
|    std                  | 1.14        |
|    value_loss           | 131         |
-----------------------------------------
----------------------------------------
| rollout/                |            |
|    ep_len_mean          | 293        |
|    ep_rew_mean          | -10.3      |
| time/                   |            |
|    fps                  | 109        |
|    iterations           | 288        |
|    time_elapsed         | 13447      |
|    total_timesteps      | 2478080    |
| train/                  |            |
|    approx_kl            | 0.04456698 |
|    clip_fraction        | 0.217      |
|    clip_range           | 0.2        |
|    entropy_loss         | -6.1       |
|    explained_variance   | 0.266      |
|    learning_rate        | 0.0003     |
|    loss                 | 1.08       |
|    n_updates            | 5320       |
|    policy_gradient_loss | -0.00448   |
|    std                  | 1.13       |
|    value_loss           | 32.3       |
----------------------------------------
----------------------------------------
| rollout/                |            |
|    ep_len_mean          | 291        |
|    ep_rew_mean          | -15.9      |
| time/                   |            |
|    fps                  | 109        |
|    iterations           | 289        |
|    time_elapsed         | 13492      |
|    total_timesteps      | 2483200    |
| train/                  |            |
|    approx_kl            | 0.03727513 |
|    clip_fraction        | 0.27       |
|    clip_range           | 0.2        |
|    entropy_loss         | -6.06      |
|    explained_variance   | 0.308      |
|    learning_rate        | 0.0003     |
|    loss                 | 17.6       |
|    n_updates            | 5330       |
|    policy_gradient_loss | 0.000111   |
|    std                  | 1.12       |
|    value_loss           | 71.9       |
----------------------------------------
----------------------------------------
| rollout/                |            |
|    ep_len_mean          | 295        |
|    ep_rew_mean          | -17.9      |
| time/                   |            |
|    fps                  | 109        |
|    iterations           | 290        |
|    time_elapsed         | 13534      |
|    total_timesteps      | 2488320    |
| train/                  |            |
|    approx_kl            | 0.03591514 |
|    clip_fraction        | 0.204      |
|    clip_range           | 0.2        |
|    entropy_loss         | -6.04      |
|    explained_variance   | 0.45       |
|    learning_rate        | 0.0003     |
|    loss                 | 1.43       |
|    n_updates            | 5340       |
|    policy_gradient_loss | -0.00305   |
|    std                  | 1.12       |
|    value_loss           | 10.8       |
----------------------------------------
-----------------------------------------
| rollout/                |             |
|    ep_len_mean          | 298         |
|    ep_rew_mean          | -24.4       |
| time/                   |             |
|    fps                  | 109         |
|    iterations           | 291         |
|    time_elapsed         | 13575       |
|    total_timesteps      | 2493440     |
| train/                  |             |
|    approx_kl            | 0.033963334 |
|    clip_fraction        | 0.24        |
|    clip_range           | 0.2         |
|    entropy_loss         | -6.04       |
|    explained_variance   | 0.131       |
|    learning_rate        | 0.0003      |
|    loss                 | 6.83        |
|    n_updates            | 5350        |
|    policy_gradient_loss | -0.00242    |
|    std                  | 1.12        |
|    value_loss           | 117         |
-----------------------------------------
-----------------------------------------
| rollout/                |             |
|    ep_len_mean          | 298         |
|    ep_rew_mean          | -18.4       |
| time/                   |             |
|    fps                  | 109         |
|    iterations           | 292         |
|    time_elapsed         | 13618       |
|    total_timesteps      | 2498560     |
| train/                  |             |
|    approx_kl            | 0.027306816 |
|    clip_fraction        | 0.231       |
|    clip_range           | 0.2         |
|    entropy_loss         | -6.05       |
|    explained_variance   | 0.223       |
|    learning_rate        | 0.0003      |
|    loss                 | 1.81        |
|    n_updates            | 5360        |
|    policy_gradient_loss | -0.00201    |
|    std                  | 1.12        |
|    value_loss           | 141         |
-----------------------------------------
Eval num_timesteps=2503520, episode_reward=-1.35 +/- 7.48
Episode length: 327.90 +/- 33.10
----------------------------------------
| eval/                   |            |
|    mean_ep_length       | 328        |
|    mean_reward          | -1.35      |
| time/                   |            |
|    total_timesteps      | 2503520    |
| train/                  |            |
|    approx_kl            | 0.02435117 |
|    clip_fraction        | 0.201      |
|    clip_range           | 0.2        |
|    entropy_loss         | -6.05      |
|    explained_variance   | 0.864      |
|    learning_rate        | 0.0003     |
|    loss                 | 0.101      |
|    n_updates            | 5370       |
|    policy_gradient_loss | -0.00566   |
|    std                  | 1.13       |
|    value_loss           | 2.92       |
----------------------------------------
[progress] timestep 2503530
[episode ends] timestep 2503530: flipped=47 (28%), missed_goal=103 (62%), out_of_bounds=13 (8%), scored=4 (2%)
---------------------------------
| episode_end/       |          |
|    flipped         | 47       |
|    missed_goal     | 103      |
|    out_of_bounds   | 13       |
|    scored          | 4        |
| rollout/           |          |
|    ep_len_mean     | 288      |
|    ep_rew_mean     | -19.3    |
| time/              |          |
|    fps             | 109      |
|    iterations      | 293      |
|    time_elapsed    | 13669    |
|    total_timesteps | 2503680  |
---------------------------------
-----------------------------------------
| rollout/                |             |
|    ep_len_mean          | 288         |
|    ep_rew_mean          | -19.7       |
| time/                   |             |
|    fps                  | 109         |
|    iterations           | 294         |
|    time_elapsed         | 13709       |
|    total_timesteps      | 2508800     |
| train/                  |             |
|    approx_kl            | 0.033413462 |
|    clip_fraction        | 0.215       |
|    clip_range           | 0.2         |
|    entropy_loss         | -6.05       |
|    explained_variance   | 0.667       |
|    learning_rate        | 0.0003      |
|    loss                 | 0.0536      |
|    n_updates            | 5380        |
|    policy_gradient_loss | -0.00327    |
|    std                  | 1.12        |
|    value_loss           | 12.2        |
-----------------------------------------
-----------------------------------------
| rollout/                |             |
|    ep_len_mean          | 291         |
|    ep_rew_mean          | -17.7       |
| time/                   |             |
|    fps                  | 109         |
|    iterations           | 295         |
|    time_elapsed         | 13754       |
|    total_timesteps      | 2513920     |
| train/                  |             |
|    approx_kl            | 0.020631041 |
|    clip_fraction        | 0.193       |
|    clip_range           | 0.2         |
|    entropy_loss         | -6.03       |
|    explained_variance   | 0.635       |
|    learning_rate        | 0.0003      |
|    loss                 | 0.663       |
|    n_updates            | 5390        |
|    policy_gradient_loss | -0.0048     |
|    std                  | 1.12        |
|    value_loss           | 20.5        |
-----------------------------------------
-----------------------------------------
| rollout/                |             |
|    ep_len_mean          | 288         |
|    ep_rew_mean          | -23.8       |
| time/                   |             |
|    fps                  | 109         |
|    iterations           | 296         |
|    time_elapsed         | 13797       |
|    total_timesteps      | 2519040     |
| train/                  |             |
|    approx_kl            | 0.022000145 |
|    clip_fraction        | 0.164       |
|    clip_range           | 0.2         |
|    entropy_loss         | -6.02       |
|    explained_variance   | 0.121       |
|    learning_rate        | 0.0003      |
|    loss                 | 7.85        |
|    n_updates            | 5400        |
|    policy_gradient_loss | -0.00438    |
|    std                  | 1.12        |
|    value_loss           | 189         |
-----------------------------------------
-----------------------------------------
| rollout/                |             |
|    ep_len_mean          | 281         |
|    ep_rew_mean          | -24.8       |
| time/                   |             |
|    fps                  | 109         |
|    iterations           | 297         |
|    time_elapsed         | 13842       |
|    total_timesteps      | 2524160     |
| train/                  |             |
|    approx_kl            | 0.014882739 |
|    clip_fraction        | 0.135       |
|    clip_range           | 0.2         |
|    entropy_loss         | -6.01       |
|    explained_variance   | 0.144       |
|    learning_rate        | 0.0003      |
|    loss                 | 0.192       |
|    n_updates            | 5410        |
|    policy_gradient_loss | -0.00752    |
|    std                  | 1.11        |
|    value_loss           | 144         |
-----------------------------------------
-----------------------------------------
| rollout/                |             |
|    ep_len_mean          | 273         |
|    ep_rew_mean          | -30.2       |
| time/                   |             |
|    fps                  | 109         |
|    iterations           | 298         |
|    time_elapsed         | 13888       |
|    total_timesteps      | 2529280     |
| train/                  |             |
|    approx_kl            | 0.029558674 |
|    clip_fraction        | 0.172       |
|    clip_range           | 0.2         |
|    entropy_loss         | -6          |
|    explained_variance   | 0.479       |
|    learning_rate        | 0.0003      |
|    loss                 | 0.21        |
|    n_updates            | 5420        |
|    policy_gradient_loss | -0.000822   |
|    std                  | 1.11        |
|    value_loss           | 32.5        |
-----------------------------------------
-----------------------------------------
| rollout/                |             |
|    ep_len_mean          | 261         |
|    ep_rew_mean          | -38         |
| time/                   |             |
|    fps                  | 109         |
|    iterations           | 299         |
|    time_elapsed         | 13934       |
|    total_timesteps      | 2534400     |
| train/                  |             |
|    approx_kl            | 0.008540275 |
|    clip_fraction        | 0.085       |
|    clip_range           | 0.2         |
|    entropy_loss         | -6          |
|    explained_variance   | 0.335       |
|    learning_rate        | 0.0003      |
|    loss                 | 0.742       |
|    n_updates            | 5430        |
|    policy_gradient_loss | -0.00344    |
|    std                  | 1.11        |
|    value_loss           | 133         |
-----------------------------------------
-----------------------------------------
| rollout/                |             |
|    ep_len_mean          | 258         |
|    ep_rew_mean          | -34.9       |
| time/                   |             |
|    fps                  | 109         |
|    iterations           | 300         |
|    time_elapsed         | 13981       |
|    total_timesteps      | 2539520     |
| train/                  |             |
|    approx_kl            | 0.016032813 |
|    clip_fraction        | 0.151       |
|    clip_range           | 0.2         |
|    entropy_loss         | -6.01       |
|    explained_variance   | 0.348       |
|    learning_rate        | 0.0003      |
|    loss                 | 2.19        |
|    n_updates            | 5440        |
|    policy_gradient_loss | 0.000257    |
|    std                  | 1.12        |
|    value_loss           | 82.1        |
-----------------------------------------
-----------------------------------------
| rollout/                |             |
|    ep_len_mean          | 262         |
|    ep_rew_mean          | -36.9       |
| time/                   |             |
|    fps                  | 109         |
|    iterations           | 301         |
|    time_elapsed         | 14026       |
|    total_timesteps      | 2544640     |
| train/                  |             |
|    approx_kl            | 0.014046723 |
|    clip_fraction        | 0.101       |
|    clip_range           | 0.2         |
|    entropy_loss         | -6.01       |
|    explained_variance   | 0.465       |
|    learning_rate        | 0.0003      |
|    loss                 | 0.652       |
|    n_updates            | 5450        |
|    policy_gradient_loss | -0.00593    |
|    std                  | 1.11        |
|    value_loss           | 26.1        |
-----------------------------------------
----------------------------------------
| rollout/                |            |
|    ep_len_mean          | 258        |
|    ep_rew_mean          | -32        |
| time/                   |            |
|    fps                  | 109        |
|    iterations           | 302        |
|    time_elapsed         | 14069      |
|    total_timesteps      | 2549760    |
| train/                  |            |
|    approx_kl            | 0.01938735 |
|    clip_fraction        | 0.137      |
|    clip_range           | 0.2        |
|    entropy_loss         | -6         |
|    explained_variance   | 0.199      |
|    learning_rate        | 0.0003     |
|    loss                 | 1.56e+03   |
|    n_updates            | 5460       |
|    policy_gradient_loss | -0.00889   |
|    std                  | 1.11       |
|    value_loss           | 248        |
----------------------------------------
Eval num_timesteps=2553520, episode_reward=-55.13 +/- 84.90
Episode length: 237.40 +/- 194.19
------------------------------------------
| eval/                   |              |
|    mean_ep_length       | 237          |
|    mean_reward          | -55.1        |
| time/                   |              |
|    total_timesteps      | 2553520      |
| train/                  |              |
|    approx_kl            | 0.0141334655 |
|    clip_fraction        | 0.0875       |
|    clip_range           | 0.2          |
|    entropy_loss         | -5.99        |
|    explained_variance   | 0.396        |
|    learning_rate        | 0.0003       |
|    loss                 | 1.98         |
|    n_updates            | 5470         |
|    policy_gradient_loss | -0.00852     |
|    std                  | 1.11         |
|    value_loss           | 36.6         |
------------------------------------------
[episode ends] timestep 2553530: flipped=88 (47%), missed_goal=77 (41%), out_of_bounds=22 (12%), scored=2 (1%)
---------------------------------
| episode_end/       |          |
|    flipped         | 88       |
|    missed_goal     | 77       |
|    out_of_bounds   | 22       |
|    scored          | 2        |
| rollout/           |          |
|    ep_len_mean     | 262      |
|    ep_rew_mean     | -36      |
| time/              |          |
|    fps             | 109      |
|    iterations      | 303      |
|    time_elapsed    | 14125    |
|    total_timesteps | 2554880  |
---------------------------------
-----------------------------------------
| rollout/                |             |
|    ep_len_mean          | 272         |
|    ep_rew_mean          | -31.9       |
| time/                   |             |
|    fps                  | 109         |
|    iterations           | 304         |
|    time_elapsed         | 14170       |
|    total_timesteps      | 2560000     |
| train/                  |             |
|    approx_kl            | 0.023067947 |
|    clip_fraction        | 0.126       |
|    clip_range           | 0.2         |
|    entropy_loss         | -5.99       |
|    explained_variance   | 0.324       |
|    learning_rate        | 0.0003      |
|    loss                 | 167         |
|    n_updates            | 5480        |
|    policy_gradient_loss | -0.0035     |
|    std                  | 1.11        |
|    value_loss           | 146         |
-----------------------------------------
-----------------------------------------
| rollout/                |             |
|    ep_len_mean          | 285         |
|    ep_rew_mean          | -31         |
| time/                   |             |
|    fps                  | 109         |
|    iterations           | 305         |
|    time_elapsed         | 14212       |
|    total_timesteps      | 2565120     |
| train/                  |             |
|    approx_kl            | 0.011567006 |
|    clip_fraction        | 0.0939      |
|    clip_range           | 0.2         |
|    entropy_loss         | -5.98       |
|    explained_variance   | 0.524       |
|    learning_rate        | 0.0003      |
|    loss                 | 11.2        |
|    n_updates            | 5490        |
|    policy_gradient_loss | -0.0101     |
|    std                  | 1.11        |
|    value_loss           | 48.5        |
-----------------------------------------
-----------------------------------------
| rollout/                |             |
|    ep_len_mean          | 288         |
|    ep_rew_mean          | -34.8       |
| time/                   |             |
|    fps                  | 109         |
|    iterations           | 306         |
|    time_elapsed         | 14266       |
|    total_timesteps      | 2570240     |
| train/                  |             |
|    approx_kl            | 0.020747293 |
|    clip_fraction        | 0.158       |
|    clip_range           | 0.2         |
|    entropy_loss         | -5.98       |
|    explained_variance   | 0.419       |
|    learning_rate        | 0.0003      |
|    loss                 | 0.443       |
|    n_updates            | 5500        |
|    policy_gradient_loss | -0.00814    |
|    std                  | 1.11        |
|    value_loss           | 95.1        |
-----------------------------------------
-----------------------------------------
| rollout/                |             |
|    ep_len_mean          | 287         |
|    ep_rew_mean          | -29.7       |
| time/                   |             |
|    fps                  | 109         |
|    iterations           | 307         |
|    time_elapsed         | 14320       |
|    total_timesteps      | 2575360     |
| train/                  |             |
|    approx_kl            | 0.051160168 |
|    clip_fraction        | 0.205       |
|    clip_range           | 0.2         |
|    entropy_loss         | -5.96       |
|    explained_variance   | 0.314       |
|    learning_rate        | 0.0003      |
|    loss                 | 1.8         |
|    n_updates            | 5510        |
|    policy_gradient_loss | -0.00284    |
|    std                  | 1.1         |
|    value_loss           | 82.6        |
-----------------------------------------
-----------------------------------------
| rollout/                |             |
|    ep_len_mean          | 305         |
|    ep_rew_mean          | -33.5       |
| time/                   |             |
|    fps                  | 109         |
|    iterations           | 308         |
|    time_elapsed         | 14360       |
|    total_timesteps      | 2580480     |
| train/                  |             |
|    approx_kl            | 0.039643828 |
|    clip_fraction        | 0.233       |
|    clip_range           | 0.2         |
|    entropy_loss         | -5.94       |
|    explained_variance   | 0.377       |
|    learning_rate        | 0.0003      |
|    loss                 | 1.87        |
|    n_updates            | 5520        |
|    policy_gradient_loss | -0.00257    |
|    std                  | 1.1         |
|    value_loss           | 57.3        |
-----------------------------------------
-----------------------------------------
| rollout/                |             |
|    ep_len_mean          | 307         |
|    ep_rew_mean          | -30.5       |
| time/                   |             |
|    fps                  | 109         |
|    iterations           | 309         |
|    time_elapsed         | 14405       |
|    total_timesteps      | 2585600     |
| train/                  |             |
|    approx_kl            | 0.032351285 |
|    clip_fraction        | 0.216       |
|    clip_range           | 0.2         |
|    entropy_loss         | -5.94       |
|    explained_variance   | 0.242       |
|    learning_rate        | 0.0003      |
|    loss                 | 5.25        |
|    n_updates            | 5530        |
|    policy_gradient_loss | -0.00488    |
|    std                  | 1.1         |
|    value_loss           | 282         |
-----------------------------------------
-----------------------------------------
| rollout/                |             |
|    ep_len_mean          | 306         |
|    ep_rew_mean          | -29.8       |
| time/                   |             |
|    fps                  | 109         |
|    iterations           | 310         |
|    time_elapsed         | 14454       |
|    total_timesteps      | 2590720     |
| train/                  |             |
|    approx_kl            | 0.062838346 |
|    clip_fraction        | 0.196       |
|    clip_range           | 0.2         |
|    entropy_loss         | -5.95       |
|    explained_variance   | 0.3         |
|    learning_rate        | 0.0003      |
|    loss                 | 139         |
|    n_updates            | 5540        |
|    policy_gradient_loss | -0.00267    |
|    std                  | 1.1         |
|    value_loss           | 85.8        |
-----------------------------------------
----------------------------------------
| rollout/                |            |
|    ep_len_mean          | 308        |
|    ep_rew_mean          | -21.9      |
| time/                   |            |
|    fps                  | 109        |
|    iterations           | 311        |
|    time_elapsed         | 14500      |
|    total_timesteps      | 2595840    |
| train/                  |            |
|    approx_kl            | 0.03474962 |
|    clip_fraction        | 0.242      |
|    clip_range           | 0.2        |
|    entropy_loss         | -5.94      |
|    explained_variance   | 0.345      |
|    learning_rate        | 0.0003     |
|    loss                 | 0.296      |
|    n_updates            | 5550       |
|    policy_gradient_loss | -0.0015    |
|    std                  | 1.09       |
|    value_loss           | 38.7       |
----------------------------------------
-----------------------------------------
| rollout/                |             |
|    ep_len_mean          | 312         |
|    ep_rew_mean          | -21         |
| time/                   |             |
|    fps                  | 109         |
|    iterations           | 312         |
|    time_elapsed         | 14542       |
|    total_timesteps      | 2600960     |
| train/                  |             |
|    approx_kl            | 0.027825108 |
|    clip_fraction        | 0.283       |
|    clip_range           | 0.2         |
|    entropy_loss         | -5.94       |
|    explained_variance   | 0.285       |
|    learning_rate        | 0.0003      |
|    loss                 | 0.211       |
|    n_updates            | 5560        |
|    policy_gradient_loss | 0.00387     |
|    std                  | 1.09        |
|    value_loss           | 36.6        |
-----------------------------------------
Eval num_timesteps=2603520, episode_reward=-14.58 +/- 33.20
Episode length: 323.70 +/- 101.35
-----------------------------------------
| eval/                   |             |
|    mean_ep_length       | 324         |
|    mean_reward          | -14.6       |
| time/                   |             |
|    total_timesteps      | 2603520     |
| train/                  |             |
|    approx_kl            | 0.023427214 |
|    clip_fraction        | 0.24        |
|    clip_range           | 0.2         |
|    entropy_loss         | -5.94       |
|    explained_variance   | 0.331       |
|    learning_rate        | 0.0003      |
|    loss                 | 0.586       |
|    n_updates            | 5570        |
|    policy_gradient_loss | -0.00447    |
|    std                  | 1.09        |
|    value_loss           | 76.3        |
-----------------------------------------
[progress] timestep 2603530
[episode ends] timestep 2603530: flipped=45 (28%), missed_goal=103 (64%), out_of_bounds=6 (4%), scored=7 (4%)
---------------------------------
| episode_end/       |          |
|    flipped         | 45       |
|    missed_goal     | 103      |
|    out_of_bounds   | 6        |
|    scored          | 7        |
| rollout/           |          |
|    ep_len_mean     | 316      |
|    ep_rew_mean     | -20.6    |
| time/              |          |
|    fps             | 109      |
|    iterations      | 313      |
|    time_elapsed    | 14592    |
|    total_timesteps | 2606080  |
---------------------------------
-----------------------------------------
| rollout/                |             |
|    ep_len_mean          | 317         |
|    ep_rew_mean          | -20         |
| time/                   |             |
|    fps                  | 109         |
|    iterations           | 314         |
|    time_elapsed         | 14636       |
|    total_timesteps      | 2611200     |
| train/                  |             |
|    approx_kl            | 0.029995445 |
|    clip_fraction        | 0.226       |
|    clip_range           | 0.2         |
|    entropy_loss         | -5.93       |
|    explained_variance   | 0.69        |
|    learning_rate        | 0.0003      |
|    loss                 | 0.212       |
|    n_updates            | 5580        |
|    policy_gradient_loss | -0.00329    |
|    std                  | 1.09        |
|    value_loss           | 5.47        |
-----------------------------------------
-----------------------------------------
| rollout/                |             |
|    ep_len_mean          | 321         |
|    ep_rew_mean          | -13.6       |
| time/                   |             |
|    fps                  | 109         |
|    iterations           | 315         |
|    time_elapsed         | 14675       |
|    total_timesteps      | 2616320     |
| train/                  |             |
|    approx_kl            | 0.035436474 |
|    clip_fraction        | 0.286       |
|    clip_range           | 0.2         |
|    entropy_loss         | -5.91       |
|    explained_variance   | 0.331       |
|    learning_rate        | 0.0003      |
|    loss                 | 0.238       |
|    n_updates            | 5590        |
|    policy_gradient_loss | -0.00336    |
|    std                  | 1.08        |
|    value_loss           | 53.2        |
-----------------------------------------
-----------------------------------------
| rollout/                |             |
|    ep_len_mean          | 334         |
|    ep_rew_mean          | -16.6       |
| time/                   |             |
|    fps                  | 109         |
|    iterations           | 316         |
|    time_elapsed         | 14719       |
|    total_timesteps      | 2621440     |
| train/                  |             |
|    approx_kl            | 0.014370302 |
|    clip_fraction        | 0.0867      |
|    clip_range           | 0.2         |
|    entropy_loss         | -5.89       |
|    explained_variance   | 0.0609      |
|    learning_rate        | 0.0003      |
|    loss                 | 0.352       |
|    n_updates            | 5600        |
|    policy_gradient_loss | -0.00383    |
|    std                  | 1.08        |
|    value_loss           | 186         |
-----------------------------------------
------------------------------------------
| rollout/                |              |
|    ep_len_mean          | 338          |
|    ep_rew_mean          | -20.8        |
| time/                   |              |
|    fps                  | 109          |
|    iterations           | 317          |
|    time_elapsed         | 14759        |
|    total_timesteps      | 2626560      |
| train/                  |              |
|    approx_kl            | 0.0130043775 |
|    clip_fraction        | 0.12         |
|    clip_range           | 0.2          |
|    entropy_loss         | -5.89        |
|    explained_variance   | 0.518        |
|    learning_rate        | 0.0003       |
|    loss                 | 1.19         |
|    n_updates            | 5610         |
|    policy_gradient_loss | -0.00553     |
|    std                  | 1.08         |
|    value_loss           | 19.6         |
------------------------------------------
----------------------------------------
| rollout/                |            |
|    ep_len_mean          | 340        |
|    ep_rew_mean          | -23.4      |
| time/                   |            |
|    fps                  | 110        |
|    iterations           | 318        |
|    time_elapsed         | 14798      |
|    total_timesteps      | 2631680    |
| train/                  |            |
|    approx_kl            | 0.01625913 |
|    clip_fraction        | 0.143      |
|    clip_range           | 0.2        |
|    entropy_loss         | -5.89      |
|    explained_variance   | 0.278      |
|    learning_rate        | 0.0003     |
|    loss                 | 0.688      |
|    n_updates            | 5620       |
|    policy_gradient_loss | -0.00769   |
|    std                  | 1.08       |
|    value_loss           | 117        |
----------------------------------------
----------------------------------------
| rollout/                |            |
|    ep_len_mean          | 352        |
|    ep_rew_mean          | -21        |
| time/                   |            |
|    fps                  | 110        |
|    iterations           | 319        |
|    time_elapsed         | 14839      |
|    total_timesteps      | 2636800    |
| train/                  |            |
|    approx_kl            | 0.02766482 |
|    clip_fraction        | 0.22       |
|    clip_range           | 0.2        |
|    entropy_loss         | -5.89      |
|    explained_variance   | 0.196      |
|    learning_rate        | 0.0003     |
|    loss                 | 0.0483     |
|    n_updates            | 5630       |
|    policy_gradient_loss | -0.00461   |
|    std                  | 1.08       |
|    value_loss           | 116        |
----------------------------------------
-----------------------------------------
| rollout/                |             |
|    ep_len_mean          | 357         |
|    ep_rew_mean          | -21.2       |
| time/                   |             |
|    fps                  | 110         |
|    iterations           | 320         |
|    time_elapsed         | 14877       |
|    total_timesteps      | 2641920     |
| train/                  |             |
|    approx_kl            | 0.026530508 |
|    clip_fraction        | 0.307       |
|    clip_range           | 0.2         |
|    entropy_loss         | -5.9        |
|    explained_variance   | 0.317       |
|    learning_rate        | 0.0003      |
|    loss                 | 0.0789      |
|    n_updates            | 5640        |
|    policy_gradient_loss | 0.0133      |
|    std                  | 1.08        |
|    value_loss           | 30          |
-----------------------------------------
-----------------------------------------
| rollout/                |             |
|    ep_len_mean          | 347         |
|    ep_rew_mean          | -24.8       |
| time/                   |             |
|    fps                  | 110         |
|    iterations           | 321         |
|    time_elapsed         | 14921       |
|    total_timesteps      | 2647040     |
| train/                  |             |
|    approx_kl            | 0.026518803 |
|    clip_fraction        | 0.195       |
|    clip_range           | 0.2         |
|    entropy_loss         | -5.89       |
|    explained_variance   | 0.228       |
|    learning_rate        | 0.0003      |
|    loss                 | 1.03        |
|    n_updates            | 5650        |
|    policy_gradient_loss | -0.00311    |
|    std                  | 1.08        |
|    value_loss           | 35.8        |
-----------------------------------------
-----------------------------------------
| rollout/                |             |
|    ep_len_mean          | 346         |
|    ep_rew_mean          | -19.9       |
| time/                   |             |
|    fps                  | 110         |
|    iterations           | 322         |
|    time_elapsed         | 14970       |
|    total_timesteps      | 2652160     |
| train/                  |             |
|    approx_kl            | 0.016837772 |
|    clip_fraction        | 0.136       |
|    clip_range           | 0.2         |
|    entropy_loss         | -5.89       |
|    explained_variance   | 0.399       |
|    learning_rate        | 0.0003      |
|    loss                 | 16.6        |
|    n_updates            | 5660        |
|    policy_gradient_loss | -0.00655    |
|    std                  | 1.08        |
|    value_loss           | 86.3        |
-----------------------------------------
Eval num_timesteps=2653520, episode_reward=-27.77 +/- 48.97
Episode length: 276.20 +/- 82.99
-----------------------------------------
| eval/                   |             |
|    mean_ep_length       | 276         |
|    mean_reward          | -27.8       |
| time/                   |             |
|    total_timesteps      | 2653520     |
| train/                  |             |
|    approx_kl            | 0.017895104 |
|    clip_fraction        | 0.14        |
|    clip_range           | 0.2         |
|    entropy_loss         | -5.89       |
|    explained_variance   | 0.435       |
|    learning_rate        | 0.0003      |
|    loss                 | 23.1        |
|    n_updates            | 5670        |
|    policy_gradient_loss | -0.000113   |
|    std                  | 1.08        |
|    value_loss           | 53.5        |
-----------------------------------------
[episode ends] timestep 2653530: flipped=48 (33%), max_steps=1 (1%), missed_goal=81 (55%), out_of_bounds=5 (3%), scored=11 (8%)
---------------------------------
| episode_end/       |          |
|    flipped         | 48       |
|    max_steps       | 1        |
|    missed_goal     | 81       |
|    out_of_bounds   | 5        |
|    scored          | 11       |
| rollout/           |          |
|    ep_len_mean     | 346      |
|    ep_rew_mean     | -28.3    |
| time/              |          |
|    fps             | 110      |
|    iterations      | 323      |
|    time_elapsed    | 15018    |
|    total_timesteps | 2657280  |
---------------------------------
-----------------------------------------
| rollout/                |             |
|    ep_len_mean          | 345         |
|    ep_rew_mean          | -24.6       |
| time/                   |             |
|    fps                  | 110         |
|    iterations           | 324         |
|    time_elapsed         | 15063       |
|    total_timesteps      | 2662400     |
| train/                  |             |
|    approx_kl            | 0.011231648 |
|    clip_fraction        | 0.0924      |
|    clip_range           | 0.2         |
|    entropy_loss         | -5.9        |
|    explained_variance   | 0.101       |
|    learning_rate        | 0.0003      |
|    loss                 | 32.3        |
|    n_updates            | 5680        |
|    policy_gradient_loss | -0.00848    |
|    std                  | 1.08        |
|    value_loss           | 290         |
-----------------------------------------
---------------------------------------
| rollout/                |           |
|    ep_len_mean          | 339       |
|    ep_rew_mean          | -27.2     |
| time/                   |           |
|    fps                  | 110       |
|    iterations           | 325       |
|    time_elapsed         | 15104     |
|    total_timesteps      | 2667520   |
| train/                  |           |
|    approx_kl            | 0.0179738 |
|    clip_fraction        | 0.113     |
|    clip_range           | 0.2       |
|    entropy_loss         | -5.89     |
|    explained_variance   | 0.627     |
|    learning_rate        | 0.0003    |
|    loss                 | 0.28      |
|    n_updates            | 5690      |
|    policy_gradient_loss | -0.00853  |
|    std                  | 1.08      |
|    value_loss           | 18.6      |
---------------------------------------
-----------------------------------------
| rollout/                |             |
|    ep_len_mean          | 326         |
|    ep_rew_mean          | -26.5       |
| time/                   |             |
|    fps                  | 110         |
|    iterations           | 326         |
|    time_elapsed         | 15149       |
|    total_timesteps      | 2672640     |
| train/                  |             |
|    approx_kl            | 0.019278187 |
|    clip_fraction        | 0.128       |
|    clip_range           | 0.2         |
|    entropy_loss         | -5.89       |
|    explained_variance   | 0.177       |
|    learning_rate        | 0.0003      |
|    loss                 | 572         |
|    n_updates            | 5700        |
|    policy_gradient_loss | -0.00804    |
|    std                  | 1.08        |
|    value_loss           | 103         |
-----------------------------------------
-----------------------------------------
| rollout/                |             |
|    ep_len_mean          | 322         |
|    ep_rew_mean          | -20.3       |
| time/                   |             |
|    fps                  | 110         |
|    iterations           | 327         |
|    time_elapsed         | 15190       |
|    total_timesteps      | 2677760     |
| train/                  |             |
|    approx_kl            | 0.032241732 |
|    clip_fraction        | 0.165       |
|    clip_range           | 0.2         |
|    entropy_loss         | -5.87       |
|    explained_variance   | 0.748       |
|    learning_rate        | 0.0003      |
|    loss                 | 0.465       |
|    n_updates            | 5710        |
|    policy_gradient_loss | -0.00897    |
|    std                  | 1.07        |
|    value_loss           | 8.23        |
-----------------------------------------
----------------------------------------
| rollout/                |            |
|    ep_len_mean          | 330        |
|    ep_rew_mean          | -21        |
| time/                   |            |
|    fps                  | 110        |
|    iterations           | 328        |
|    time_elapsed         | 15239      |
|    total_timesteps      | 2682880    |
| train/                  |            |
|    approx_kl            | 0.01623249 |
|    clip_fraction        | 0.149      |
|    clip_range           | 0.2        |
|    entropy_loss         | -5.85      |
|    explained_variance   | 0.443      |
|    learning_rate        | 0.0003     |
|    loss                 | 37.4       |
|    n_updates            | 5720       |
|    policy_gradient_loss | -0.0096    |
|    std                  | 1.07       |
|    value_loss           | 19.9       |
----------------------------------------
-----------------------------------------
| rollout/                |             |
|    ep_len_mean          | 326         |
|    ep_rew_mean          | -16.5       |
| time/                   |             |
|    fps                  | 110         |
|    iterations           | 329         |
|    time_elapsed         | 15276       |
|    total_timesteps      | 2688000     |
| train/                  |             |
|    approx_kl            | 0.025102671 |
|    clip_fraction        | 0.148       |
|    clip_range           | 0.2         |
|    entropy_loss         | -5.84       |
|    explained_variance   | 0.256       |
|    learning_rate        | 0.0003      |
|    loss                 | 0.523       |
|    n_updates            | 5730        |
|    policy_gradient_loss | -0.00638    |
|    std                  | 1.07        |
|    value_loss           | 124         |
-----------------------------------------
-----------------------------------------
| rollout/                |             |
|    ep_len_mean          | 318         |
|    ep_rew_mean          | -19.7       |
| time/                   |             |
|    fps                  | 110         |
|    iterations           | 330         |
|    time_elapsed         | 15324       |
|    total_timesteps      | 2693120     |
| train/                  |             |
|    approx_kl            | 0.029539388 |
|    clip_fraction        | 0.213       |
|    clip_range           | 0.2         |
|    entropy_loss         | -5.84       |
|    explained_variance   | 0.672       |
|    learning_rate        | 0.0003      |
|    loss                 | 0.587       |
|    n_updates            | 5740        |
|    policy_gradient_loss | -0.00456    |
|    std                  | 1.07        |
|    value_loss           | 14.9        |
-----------------------------------------
-----------------------------------------
| rollout/                |             |
|    ep_len_mean          | 323         |
|    ep_rew_mean          | -17.3       |
| time/                   |             |
|    fps                  | 110         |
|    iterations           | 331         |
|    time_elapsed         | 15363       |
|    total_timesteps      | 2698240     |
| train/                  |             |
|    approx_kl            | 0.031168822 |
|    clip_fraction        | 0.175       |
|    clip_range           | 0.2         |
|    entropy_loss         | -5.83       |
|    explained_variance   | 0.139       |
|    learning_rate        | 0.0003      |
|    loss                 | 0.58        |
|    n_updates            | 5750        |
|    policy_gradient_loss | -0.00291    |
|    std                  | 1.06        |
|    value_loss           | 257         |
-----------------------------------------
-----------------------------------------
| rollout/                |             |
|    ep_len_mean          | 319         |
|    ep_rew_mean          | -14.6       |
| time/                   |             |
|    fps                  | 110         |
|    iterations           | 332         |
|    time_elapsed         | 15404       |
|    total_timesteps      | 2703360     |
| train/                  |             |
|    approx_kl            | 0.027879125 |
|    clip_fraction        | 0.175       |
|    clip_range           | 0.2         |
|    entropy_loss         | -5.82       |
|    explained_variance   | 0.567       |
|    learning_rate        | 0.0003      |
|    loss                 | 2.1         |
|    n_updates            | 5760        |
|    policy_gradient_loss | -0.00252    |
|    std                  | 1.06        |
|    value_loss           | 15.5        |
-----------------------------------------
Eval num_timesteps=2703520, episode_reward=13.65 +/- 30.67
Episode length: 287.10 +/- 39.95
-----------------------------------------
| eval/                   |             |
|    mean_ep_length       | 287         |
|    mean_reward          | 13.7        |
| time/                   |             |
|    total_timesteps      | 2703520     |
| train/                  |             |
|    approx_kl            | 0.012833437 |
|    clip_fraction        | 0.098       |
|    clip_range           | 0.2         |
|    entropy_loss         | -5.82       |
|    explained_variance   | 0.45        |
|    learning_rate        | 0.0003      |
|    loss                 | 0.788       |
|    n_updates            | 5770        |
|    policy_gradient_loss | -0.00702    |
|    std                  | 1.06        |
|    value_loss           | 44.5        |
-----------------------------------------
New best mean reward!
[progress] timestep 2703530
[episode ends] timestep 2703530: flipped=72 (46%), missed_goal=70 (45%), out_of_bounds=2 (1%), scored=13 (8%)
---------------------------------
| episode_end/       |          |
|    flipped         | 72       |
|    missed_goal     | 70       |
|    out_of_bounds   | 2        |
|    scored          | 13       |
| rollout/           |          |
|    ep_len_mean     | 316      |
|    ep_rew_mean     | -18.9    |
| time/              |          |
|    fps             | 110      |
|    iterations      | 333      |
|    time_elapsed    | 15455    |
|    total_timesteps | 2708480  |
---------------------------------
-----------------------------------------
| rollout/                |             |
|    ep_len_mean          | 308         |
|    ep_rew_mean          | -17.6       |
| time/                   |             |
|    fps                  | 110         |
|    iterations           | 334         |
|    time_elapsed         | 15502       |
|    total_timesteps      | 2713600     |
| train/                  |             |
|    approx_kl            | 0.020301212 |
|    clip_fraction        | 0.184       |
|    clip_range           | 0.2         |
|    entropy_loss         | -5.82       |
|    explained_variance   | 0.299       |
|    learning_rate        | 0.0003      |
|    loss                 | 0.445       |
|    n_updates            | 5780        |
|    policy_gradient_loss | -0.000488   |
|    std                  | 1.06        |
|    value_loss           | 68.2        |
-----------------------------------------
-----------------------------------------
| rollout/                |             |
|    ep_len_mean          | 302         |
|    ep_rew_mean          | -20.7       |
| time/                   |             |
|    fps                  | 110         |
|    iterations           | 335         |
|    time_elapsed         | 15542       |
|    total_timesteps      | 2718720     |
| train/                  |             |
|    approx_kl            | 0.043188814 |
|    clip_fraction        | 0.221       |
|    clip_range           | 0.2         |
|    entropy_loss         | -5.81       |
|    explained_variance   | 0.508       |
|    learning_rate        | 0.0003      |
|    loss                 | 3.36        |
|    n_updates            | 5790        |
|    policy_gradient_loss | 0.00358     |
|    std                  | 1.06        |
|    value_loss           | 26.4        |
-----------------------------------------
-----------------------------------------
| rollout/                |             |
|    ep_len_mean          | 292         |
|    ep_rew_mean          | -12         |
| time/                   |             |
|    fps                  | 110         |
|    iterations           | 336         |
|    time_elapsed         | 15589       |
|    total_timesteps      | 2723840     |
| train/                  |             |
|    approx_kl            | 0.027217273 |
|    clip_fraction        | 0.186       |
|    clip_range           | 0.2         |
|    entropy_loss         | -5.81       |
|    explained_variance   | 0.372       |
|    learning_rate        | 0.0003      |
|    loss                 | 7.77        |
|    n_updates            | 5800        |
|    policy_gradient_loss | 0.00165     |
|    std                  | 1.06        |
|    value_loss           | 61.7        |
-----------------------------------------
-----------------------------------------
| rollout/                |             |
|    ep_len_mean          | 282         |
|    ep_rew_mean          | -13.1       |
| time/                   |             |
|    fps                  | 110         |
|    iterations           | 337         |
|    time_elapsed         | 15637       |
|    total_timesteps      | 2728960     |
| train/                  |             |
|    approx_kl            | 0.011626226 |
|    clip_fraction        | 0.0887      |
|    clip_range           | 0.2         |
|    entropy_loss         | -5.82       |
|    explained_variance   | 0.462       |
|    learning_rate        | 0.0003      |
|    loss                 | 1           |
|    n_updates            | 5810        |
|    policy_gradient_loss | -0.00743    |
|    std                  | 1.06        |
|    value_loss           | 21.8        |
-----------------------------------------
-----------------------------------------
| rollout/                |             |
|    ep_len_mean          | 279         |
|    ep_rew_mean          | -12.1       |
| time/                   |             |
|    fps                  | 110         |
|    iterations           | 338         |
|    time_elapsed         | 15682       |
|    total_timesteps      | 2734080     |
| train/                  |             |
|    approx_kl            | 0.010541685 |
|    clip_fraction        | 0.0898      |
|    clip_range           | 0.2         |
|    entropy_loss         | -5.82       |
|    explained_variance   | 0.257       |
|    learning_rate        | 0.0003      |
|    loss                 | 134         |
|    n_updates            | 5820        |
|    policy_gradient_loss | -0.00554    |
|    std                  | 1.06        |
|    value_loss           | 72.6        |
-----------------------------------------
------------------------------------------
| rollout/                |              |
|    ep_len_mean          | 276          |
|    ep_rew_mean          | -17          |
| time/                   |              |
|    fps                  | 110          |
|    iterations           | 339          |
|    time_elapsed         | 15732        |
|    total_timesteps      | 2739200      |
| train/                  |              |
|    approx_kl            | 0.0122664375 |
|    clip_fraction        | 0.114        |
|    clip_range           | 0.2          |
|    entropy_loss         | -5.82        |
|    explained_variance   | 0.158        |
|    learning_rate        | 0.0003       |
|    loss                 | 11           |
|    n_updates            | 5830         |
|    policy_gradient_loss | -0.00546     |
|    std                  | 1.06         |
|    value_loss           | 126          |
------------------------------------------
-----------------------------------------
| rollout/                |             |
|    ep_len_mean          | 267         |
|    ep_rew_mean          | -15.7       |
| time/                   |             |
|    fps                  | 110         |
|    iterations           | 340         |
|    time_elapsed         | 15784       |
|    total_timesteps      | 2744320     |
| train/                  |             |
|    approx_kl            | 0.014658986 |
|    clip_fraction        | 0.132       |
|    clip_range           | 0.2         |
|    entropy_loss         | -5.82       |
|    explained_variance   | 0.175       |
|    learning_rate        | 0.0003      |
|    loss                 | 3.18        |
|    n_updates            | 5840        |
|    policy_gradient_loss | -0.00642    |
|    std                  | 1.06        |
|    value_loss           | 209         |
-----------------------------------------
-----------------------------------------
| rollout/                |             |
|    ep_len_mean          | 274         |
|    ep_rew_mean          | -14.9       |
| time/                   |             |
|    fps                  | 110         |
|    iterations           | 341         |
|    time_elapsed         | 15825       |
|    total_timesteps      | 2749440     |
| train/                  |             |
|    approx_kl            | 0.011220923 |
|    clip_fraction        | 0.102       |
|    clip_range           | 0.2         |
|    entropy_loss         | -5.82       |
|    explained_variance   | 0.529       |
|    learning_rate        | 0.0003      |
|    loss                 | 7.22        |
|    n_updates            | 5850        |
|    policy_gradient_loss | -0.00824    |
|    std                  | 1.06        |
|    value_loss           | 34          |
-----------------------------------------
Eval num_timesteps=2753520, episode_reward=-26.17 +/- 83.13
Episode length: 278.10 +/- 76.42
----------------------------------------
| eval/                   |            |
|    mean_ep_length       | 278        |
|    mean_reward          | -26.2      |
| time/                   |            |
|    total_timesteps      | 2753520    |
| train/                  |            |
|    approx_kl            | 0.06996398 |
|    clip_fraction        | 0.321      |
|    clip_range           | 0.2        |
|    entropy_loss         | -5.81      |
|    explained_variance   | 0.437      |
|    learning_rate        | 0.0003     |
|    loss                 | 0.605      |
|    n_updates            | 5860       |
|    policy_gradient_loss | 0.0101     |
|    std                  | 1.07       |
|    value_loss           | 39         |
----------------------------------------
[episode ends] timestep 2753530: flipped=80 (46%), missed_goal=71 (41%), out_of_bounds=2 (1%), scored=21 (12%)
---------------------------------
| episode_end/       |          |
|    flipped         | 80       |
|    missed_goal     | 71       |
|    out_of_bounds   | 2        |
|    scored          | 21       |
| rollout/           |          |
|    ep_len_mean     | 286      |
|    ep_rew_mean     | -21      |
| time/              |          |
|    fps             | 110      |
|    iterations      | 342      |
|    time_elapsed    | 15869    |
|    total_timesteps | 2754560  |
---------------------------------
-----------------------------------------
| rollout/                |             |
|    ep_len_mean          | 287         |
|    ep_rew_mean          | -16.9       |
| time/                   |             |
|    fps                  | 110         |
|    iterations           | 343         |
|    time_elapsed         | 15917       |
|    total_timesteps      | 2759680     |
| train/                  |             |
|    approx_kl            | 0.018804718 |
|    clip_fraction        | 0.157       |
|    clip_range           | 0.2         |
|    entropy_loss         | -5.82       |
|    explained_variance   | 0.323       |
|    learning_rate        | 0.0003      |
|    loss                 | 0.801       |
|    n_updates            | 5870        |
|    policy_gradient_loss | -0.00254    |
|    std                  | 1.06        |
|    value_loss           | 100         |
-----------------------------------------
-----------------------------------------
| rollout/                |             |
|    ep_len_mean          | 288         |
|    ep_rew_mean          | -14.7       |
| time/                   |             |
|    fps                  | 110         |
|    iterations           | 344         |
|    time_elapsed         | 15961       |
|    total_timesteps      | 2764800     |
| train/                  |             |
|    approx_kl            | 0.017454574 |
|    clip_fraction        | 0.155       |
|    clip_range           | 0.2         |
|    entropy_loss         | -5.82       |
|    explained_variance   | 0.306       |
|    learning_rate        | 0.0003      |
|    loss                 | 25          |
|    n_updates            | 5880        |
|    policy_gradient_loss | -0.00712    |
|    std                  | 1.07        |
|    value_loss           | 17.6        |
-----------------------------------------
-----------------------------------------
| rollout/                |             |
|    ep_len_mean          | 295         |
|    ep_rew_mean          | -6.41       |
| time/                   |             |
|    fps                  | 110         |
|    iterations           | 345         |
|    time_elapsed         | 16004       |
|    total_timesteps      | 2769920     |
| train/                  |             |
|    approx_kl            | 0.023232024 |
|    clip_fraction        | 0.158       |
|    clip_range           | 0.2         |
|    entropy_loss         | -5.82       |
|    explained_variance   | 0.705       |
|    learning_rate        | 0.0003      |
|    loss                 | 0.928       |
|    n_updates            | 5890        |
|    policy_gradient_loss | -0.00858    |
|    std                  | 1.06        |
|    value_loss           | 6.57        |
-----------------------------------------
-----------------------------------------
| rollout/                |             |
|    ep_len_mean          | 295         |
|    ep_rew_mean          | -4.84       |
| time/                   |             |
|    fps                  | 110         |
|    iterations           | 346         |
|    time_elapsed         | 16048       |
|    total_timesteps      | 2775040     |
| train/                  |             |
|    approx_kl            | 0.056755073 |
|    clip_fraction        | 0.311       |
|    clip_range           | 0.2         |
|    entropy_loss         | -5.8        |
|    explained_variance   | 0.515       |
|    learning_rate        | 0.0003      |
|    loss                 | 0.0766      |
|    n_updates            | 5900        |
|    policy_gradient_loss | 0.00952     |
|    std                  | 1.06        |
|    value_loss           | 7.54        |
-----------------------------------------
-----------------------------------------
| rollout/                |             |
|    ep_len_mean          | 289         |
|    ep_rew_mean          | -1.33       |
| time/                   |             |
|    fps                  | 110         |
|    iterations           | 347         |
|    time_elapsed         | 16095       |
|    total_timesteps      | 2780160     |
| train/                  |             |
|    approx_kl            | 0.049479954 |
|    clip_fraction        | 0.298       |
|    clip_range           | 0.2         |
|    entropy_loss         | -5.79       |
|    explained_variance   | 0.597       |
|    learning_rate        | 0.0003      |
|    loss                 | 0.0842      |
|    n_updates            | 5910        |
|    policy_gradient_loss | -0.00299    |
|    std                  | 1.06        |
|    value_loss           | 15.1        |
-----------------------------------------
----------------------------------------
| rollout/                |            |
|    ep_len_mean          | 293        |
|    ep_rew_mean          | -0.419     |
| time/                   |            |
|    fps                  | 110        |
|    iterations           | 348        |
|    time_elapsed         | 16137      |
|    total_timesteps      | 2785280    |
| train/                  |            |
|    approx_kl            | 0.02568687 |
|    clip_fraction        | 0.247      |
|    clip_range           | 0.2        |
|    entropy_loss         | -5.79      |
|    explained_variance   | 0.867      |
|    learning_rate        | 0.0003     |
|    loss                 | 0.0291     |
|    n_updates            | 5920       |
|    policy_gradient_loss | -0.00742   |
|    std                  | 1.06       |
|    value_loss           | 2.34       |
----------------------------------------
----------------------------------------
| rollout/                |            |
|    ep_len_mean          | 291        |
|    ep_rew_mean          | 0.648      |
| time/                   |            |
|    fps                  | 110        |
|    iterations           | 349        |
|    time_elapsed         | 16187      |
|    total_timesteps      | 2790400    |
| train/                  |            |
|    approx_kl            | 0.04799575 |
|    clip_fraction        | 0.279      |
|    clip_range           | 0.2        |
|    entropy_loss         | -5.78      |
|    explained_variance   | 0.262      |
|    learning_rate        | 0.0003     |
|    loss                 | 0.183      |
|    n_updates            | 5930       |
|    policy_gradient_loss | -0.00189   |
|    std                  | 1.05       |
|    value_loss           | 34.5       |
----------------------------------------
-----------------------------------------
| rollout/                |             |
|    ep_len_mean          | 292         |
|    ep_rew_mean          | 0.986       |
| time/                   |             |
|    fps                  | 110         |
|    iterations           | 350         |
|    time_elapsed         | 16234       |
|    total_timesteps      | 2795520     |
| train/                  |             |
|    approx_kl            | 0.058322985 |
|    clip_fraction        | 0.313       |
|    clip_range           | 0.2         |
|    entropy_loss         | -5.77       |
|    explained_variance   | 0.552       |
|    learning_rate        | 0.0003      |
|    loss                 | 0.143       |
|    n_updates            | 5940        |
|    policy_gradient_loss | 0.00602     |
|    std                  | 1.06        |
|    value_loss           | 15.9        |
-----------------------------------------
-----------------------------------------
| rollout/                |             |
|    ep_len_mean          | 291         |
|    ep_rew_mean          | 2.22        |
| time/                   |             |
|    fps                  | 110         |
|    iterations           | 351         |
|    time_elapsed         | 16279       |
|    total_timesteps      | 2800640     |
| train/                  |             |
|    approx_kl            | 0.040710304 |
|    clip_fraction        | 0.243       |
|    clip_range           | 0.2         |
|    entropy_loss         | -5.77       |
|    explained_variance   | 0.83        |
|    learning_rate        | 0.0003      |
|    loss                 | 0.767       |
|    n_updates            | 5950        |
|    policy_gradient_loss | -0.00112    |
|    std                  | 1.05        |
|    value_loss           | 2.27        |
-----------------------------------------
Eval num_timesteps=2803520, episode_reward=14.35 +/- 29.64
Episode length: 323.40 +/- 37.65
-----------------------------------------
| eval/                   |             |
|    mean_ep_length       | 323         |
|    mean_reward          | 14.3        |
| time/                   |             |
|    total_timesteps      | 2803520     |
| train/                  |             |
|    approx_kl            | 0.041250303 |
|    clip_fraction        | 0.237       |
|    clip_range           | 0.2         |
|    entropy_loss         | -5.76       |
|    explained_variance   | 0.505       |
|    learning_rate        | 0.0003      |
|    loss                 | 1.21        |
|    n_updates            | 5960        |
|    policy_gradient_loss | -0.000616   |
|    std                  | 1.05        |
|    value_loss           | 15.2        |
-----------------------------------------
New best mean reward!
[progress] timestep 2803530
[episode ends] timestep 2803530: flipped=58 (33%), missed_goal=101 (58%), out_of_bounds=2 (1%), scored=14 (8%)
---------------------------------
| episode_end/       |          |
|    flipped         | 58       |
|    missed_goal     | 101      |
|    out_of_bounds   | 2        |
|    scored          | 14       |
| rollout/           |          |
|    ep_len_mean     | 287      |
|    ep_rew_mean     | 1.03     |
| time/              |          |
|    fps             | 110      |
|    iterations      | 352      |
|    time_elapsed    | 16335    |
|    total_timesteps | 2805760  |
---------------------------------
----------------------------------------
| rollout/                |            |
|    ep_len_mean          | 288        |
|    ep_rew_mean          | -0.446     |
| time/                   |            |
|    fps                  | 110        |
|    iterations           | 353        |
|    time_elapsed         | 16383      |
|    total_timesteps      | 2810880    |
| train/                  |            |
|    approx_kl            | 0.03476102 |
|    clip_fraction        | 0.235      |
|    clip_range           | 0.2        |
|    entropy_loss         | -5.75      |
|    explained_variance   | 0.623      |
|    learning_rate        | 0.0003     |
|    loss                 | 0.409      |
|    n_updates            | 5970       |
|    policy_gradient_loss | -0.00347   |
|    std                  | 1.05       |
|    value_loss           | 8.54       |
----------------------------------------
-----------------------------------------
| rollout/                |             |
|    ep_len_mean          | 289         |
|    ep_rew_mean          | -2.06       |
| time/                   |             |
|    fps                  | 110         |
|    iterations           | 354         |
|    time_elapsed         | 16434       |
|    total_timesteps      | 2816000     |
| train/                  |             |
|    approx_kl            | 0.029722616 |
|    clip_fraction        | 0.153       |
|    clip_range           | 0.2         |
|    entropy_loss         | -5.75       |
|    explained_variance   | 0.112       |
|    learning_rate        | 0.0003      |
|    loss                 | 0.139       |
|    n_updates            | 5980        |
|    policy_gradient_loss | -0.000343   |
|    std                  | 1.05        |
|    value_loss           | 126         |
-----------------------------------------
-----------------------------------------
| rollout/                |             |
|    ep_len_mean          | 290         |
|    ep_rew_mean          | -3.26       |
| time/                   |             |
|    fps                  | 110         |
|    iterations           | 355         |
|    time_elapsed         | 16477       |
|    total_timesteps      | 2821120     |
| train/                  |             |
|    approx_kl            | 0.017974416 |
|    clip_fraction        | 0.179       |
|    clip_range           | 0.2         |
|    entropy_loss         | -5.74       |
|    explained_variance   | 0.519       |
|    learning_rate        | 0.0003      |
|    loss                 | 0.0948      |
|    n_updates            | 5990        |
|    policy_gradient_loss | -0.0046     |
|    std                  | 1.05        |
|    value_loss           | 15.1        |
-----------------------------------------
-----------------------------------------
| rollout/                |             |
|    ep_len_mean          | 290         |
|    ep_rew_mean          | -9.81       |
| time/                   |             |
|    fps                  | 110         |
|    iterations           | 356         |
|    time_elapsed         | 16525       |
|    total_timesteps      | 2826240     |
| train/                  |             |
|    approx_kl            | 0.042602513 |
|    clip_fraction        | 0.171       |
|    clip_range           | 0.2         |
|    entropy_loss         | -5.73       |
|    explained_variance   | 0.384       |
|    learning_rate        | 0.0003      |
|    loss                 | 0.725       |
|    n_updates            | 6000        |
|    policy_gradient_loss | -0.000859   |
|    std                  | 1.04        |
|    value_loss           | 33.9        |
-----------------------------------------
----------------------------------------
| rollout/                |            |
|    ep_len_mean          | 293        |
|    ep_rew_mean          | -8.92      |
| time/                   |            |
|    fps                  | 110        |
|    iterations           | 357        |
|    time_elapsed         | 16572      |
|    total_timesteps      | 2831360    |
| train/                  |            |
|    approx_kl            | 0.02813206 |
|    clip_fraction        | 0.205      |
|    clip_range           | 0.2        |
|    entropy_loss         | -5.73      |
|    explained_variance   | 0.364      |
|    learning_rate        | 0.0003     |
|    loss                 | 0.192      |
|    n_updates            | 6010       |
|    policy_gradient_loss | -0.00285   |
|    std                  | 1.05       |
|    value_loss           | 86.8       |
----------------------------------------
-----------------------------------------
| rollout/                |             |
|    ep_len_mean          | 300         |
|    ep_rew_mean          | -8.78       |
| time/                   |             |
|    fps                  | 110         |
|    iterations           | 358         |
|    time_elapsed         | 16614       |
|    total_timesteps      | 2836480     |
| train/                  |             |
|    approx_kl            | 0.046987597 |
|    clip_fraction        | 0.308       |
|    clip_range           | 0.2         |
|    entropy_loss         | -5.74       |
|    explained_variance   | 0.44        |
|    learning_rate        | 0.0003      |
|    loss                 | 0.103       |
|    n_updates            | 6020        |
|    policy_gradient_loss | 0.00727     |
|    std                  | 1.05        |
|    value_loss           | 8.57        |
-----------------------------------------
-----------------------------------------
| rollout/                |             |
|    ep_len_mean          | 302         |
|    ep_rew_mean          | -7.42       |
| time/                   |             |
|    fps                  | 110         |
|    iterations           | 359         |
|    time_elapsed         | 16658       |
|    total_timesteps      | 2841600     |
| train/                  |             |
|    approx_kl            | 0.025500065 |
|    clip_fraction        | 0.254       |
|    clip_range           | 0.2         |
|    entropy_loss         | -5.76       |
|    explained_variance   | 0.837       |
|    learning_rate        | 0.0003      |
|    loss                 | 0.231       |
|    n_updates            | 6030        |
|    policy_gradient_loss | -0.00401    |
|    std                  | 1.06        |
|    value_loss           | 1.84        |
-----------------------------------------
-----------------------------------------
| rollout/                |             |
|    ep_len_mean          | 311         |
|    ep_rew_mean          | -9.95       |
| time/                   |             |
|    fps                  | 110         |
|    iterations           | 360         |
|    time_elapsed         | 16699       |
|    total_timesteps      | 2846720     |
| train/                  |             |
|    approx_kl            | 0.027006188 |
|    clip_fraction        | 0.208       |
|    clip_range           | 0.2         |
|    entropy_loss         | -5.78       |
|    explained_variance   | 0.888       |
|    learning_rate        | 0.0003      |
|    loss                 | 0.0474      |
|    n_updates            | 6040        |
|    policy_gradient_loss | -0.00893    |
|    std                  | 1.06        |
|    value_loss           | 1.65        |
-----------------------------------------
-----------------------------------------
| rollout/                |             |
|    ep_len_mean          | 309         |
|    ep_rew_mean          | -12         |
| time/                   |             |
|    fps                  | 110         |
|    iterations           | 361         |
|    time_elapsed         | 16745       |
|    total_timesteps      | 2851840     |
| train/                  |             |
|    approx_kl            | 0.056575038 |
|    clip_fraction        | 0.296       |
|    clip_range           | 0.2         |
|    entropy_loss         | -5.78       |
|    explained_variance   | 0.347       |
|    learning_rate        | 0.0003      |
|    loss                 | 0.249       |
|    n_updates            | 6050        |
|    policy_gradient_loss | 0.00626     |
|    std                  | 1.06        |
|    value_loss           | 84          |
-----------------------------------------
Eval num_timesteps=2853520, episode_reward=-13.47 +/- 21.96
Episode length: 280.10 +/- 56.68
-----------------------------------------
| eval/                   |             |
|    mean_ep_length       | 280         |
|    mean_reward          | -13.5       |
| time/                   |             |
|    total_timesteps      | 2853520     |
| train/                  |             |
|    approx_kl            | 0.023143962 |
|    clip_fraction        | 0.205       |
|    clip_range           | 0.2         |
|    entropy_loss         | -5.77       |
|    explained_variance   | 0.353       |
|    learning_rate        | 0.0003      |
|    loss                 | 0.282       |
|    n_updates            | 6060        |
|    policy_gradient_loss | -0.00191    |
|    std                  | 1.06        |
|    value_loss           | 52.9        |
-----------------------------------------
[episode ends] timestep 2853530: flipped=65 (40%), missed_goal=86 (53%), out_of_bounds=1 (1%), scored=10 (6%)
---------------------------------
| episode_end/       |          |
|    flipped         | 65       |
|    missed_goal     | 86       |
|    out_of_bounds   | 1        |
|    scored          | 10       |
| rollout/           |          |
|    ep_len_mean     | 314      |
|    ep_rew_mean     | -9.1     |
| time/              |          |
|    fps             | 110      |
|    iterations      | 362      |
|    time_elapsed    | 16795    |
|    total_timesteps | 2856960  |
---------------------------------
-----------------------------------------
| rollout/                |             |
|    ep_len_mean          | 310         |
|    ep_rew_mean          | -11.2       |
| time/                   |             |
|    fps                  | 110         |
|    iterations           | 363         |
|    time_elapsed         | 16839       |
|    total_timesteps      | 2862080     |
| train/                  |             |
|    approx_kl            | 0.028678756 |
|    clip_fraction        | 0.216       |
|    clip_range           | 0.2         |
|    entropy_loss         | -5.78       |
|    explained_variance   | 0.829       |
|    learning_rate        | 0.0003      |
|    loss                 | 1.18        |
|    n_updates            | 6070        |
|    policy_gradient_loss | 0.000438    |
|    std                  | 1.06        |
|    value_loss           | 6.71        |
-----------------------------------------
-----------------------------------------
| rollout/                |             |
|    ep_len_mean          | 305         |
|    ep_rew_mean          | -18.8       |
| time/                   |             |
|    fps                  | 110         |
|    iterations           | 364         |
|    time_elapsed         | 16887       |
|    total_timesteps      | 2867200     |
| train/                  |             |
|    approx_kl            | 0.025789335 |
|    clip_fraction        | 0.192       |
|    clip_range           | 0.2         |
|    entropy_loss         | -5.78       |
|    explained_variance   | 0.319       |
|    learning_rate        | 0.0003      |
|    loss                 | 4.85        |
|    n_updates            | 6080        |
|    policy_gradient_loss | -0.00503    |
|    std                  | 1.06        |
|    value_loss           | 65.2        |
-----------------------------------------
-----------------------------------------
| rollout/                |             |
|    ep_len_mean          | 295         |
|    ep_rew_mean          | -22.8       |
| time/                   |             |
|    fps                  | 110         |
|    iterations           | 365         |
|    time_elapsed         | 16930       |
|    total_timesteps      | 2872320     |
| train/                  |             |
|    approx_kl            | 0.014643205 |
|    clip_fraction        | 0.151       |
|    clip_range           | 0.2         |
|    entropy_loss         | -5.78       |
|    explained_variance   | 0.281       |
|    learning_rate        | 0.0003      |
|    loss                 | 1.71        |
|    n_updates            | 6090        |
|    policy_gradient_loss | -0.00799    |
|    std                  | 1.06        |
|    value_loss           | 175         |
-----------------------------------------
-----------------------------------------
| rollout/                |             |
|    ep_len_mean          | 293         |
|    ep_rew_mean          | -22.7       |
| time/                   |             |
|    fps                  | 110         |
|    iterations           | 366         |
|    time_elapsed         | 16980       |
|    total_timesteps      | 2877440     |
| train/                  |             |
|    approx_kl            | 0.022269512 |
|    clip_fraction        | 0.111       |
|    clip_range           | 0.2         |
|    entropy_loss         | -5.78       |
|    explained_variance   | 0.116       |
|    learning_rate        | 0.0003      |
|    loss                 | 3.37        |
|    n_updates            | 6100        |
|    policy_gradient_loss | -0.00345    |
|    std                  | 1.06        |
|    value_loss           | 186         |
-----------------------------------------
----------------------------------------
| rollout/                |            |
|    ep_len_mean          | 290        |
|    ep_rew_mean          | -20        |
| time/                   |            |
|    fps                  | 110        |
|    iterations           | 367        |
|    time_elapsed         | 17025      |
|    total_timesteps      | 2882560    |
| train/                  |            |
|    approx_kl            | 0.03328051 |
|    clip_fraction        | 0.186      |
|    clip_range           | 0.2        |
|    entropy_loss         | -5.77      |
|    explained_variance   | 0.672      |
|    learning_rate        | 0.0003     |
|    loss                 | 1.15       |
|    n_updates            | 6110       |
|    policy_gradient_loss | -0.00203   |
|    std                  | 1.06       |
|    value_loss           | 8.67       |
----------------------------------------
-----------------------------------------
| rollout/                |             |
|    ep_len_mean          | 284         |
|    ep_rew_mean          | -17.5       |
| time/                   |             |
|    fps                  | 110         |
|    iterations           | 368         |
|    time_elapsed         | 17071       |
|    total_timesteps      | 2887680     |
| train/                  |             |
|    approx_kl            | 0.027014028 |
|    clip_fraction        | 0.239       |
|    clip_range           | 0.2         |
|    entropy_loss         | -5.77       |
|    explained_variance   | 0.532       |
|    learning_rate        | 0.0003      |
|    loss                 | 0.145       |
|    n_updates            | 6120        |
|    policy_gradient_loss | 0.00557     |
|    std                  | 1.06        |
|    value_loss           | 27.1        |
-----------------------------------------
-----------------------------------------
| rollout/                |             |
|    ep_len_mean          | 276         |
|    ep_rew_mean          | -17.4       |
| time/                   |             |
|    fps                  | 110         |
|    iterations           | 369         |
|    time_elapsed         | 17116       |
|    total_timesteps      | 2892800     |
| train/                  |             |
|    approx_kl            | 0.014535755 |
|    clip_fraction        | 0.122       |
|    clip_range           | 0.2         |
|    entropy_loss         | -5.77       |
|    explained_variance   | 0.245       |
|    learning_rate        | 0.0003      |
|    loss                 | 0.36        |
|    n_updates            | 6130        |
|    policy_gradient_loss | -0.0074     |
|    std                  | 1.05        |
|    value_loss           | 34.5        |
-----------------------------------------
-----------------------------------------
| rollout/                |             |
|    ep_len_mean          | 274         |
|    ep_rew_mean          | -8.6        |
| time/                   |             |
|    fps                  | 110         |
|    iterations           | 370         |
|    time_elapsed         | 17168       |
|    total_timesteps      | 2897920     |
| train/                  |             |
|    approx_kl            | 0.027303144 |
|    clip_fraction        | 0.192       |
|    clip_range           | 0.2         |
|    entropy_loss         | -5.76       |
|    explained_variance   | 0.562       |
|    learning_rate        | 0.0003      |
|    loss                 | 68          |
|    n_updates            | 6140        |
|    policy_gradient_loss | 0.000228    |
|    std                  | 1.05        |
|    value_loss           | 38.1        |
-----------------------------------------
-----------------------------------------
| rollout/                |             |
|    ep_len_mean          | 274         |
|    ep_rew_mean          | -9.94       |
| time/                   |             |
|    fps                  | 110         |
|    iterations           | 371         |
|    time_elapsed         | 17215       |
|    total_timesteps      | 2903040     |
| train/                  |             |
|    approx_kl            | 0.014908155 |
|    clip_fraction        | 0.138       |
|    clip_range           | 0.2         |
|    entropy_loss         | -5.75       |
|    explained_variance   | 0.638       |
|    learning_rate        | 0.0003      |
|    loss                 | 6.82        |
|    n_updates            | 6150        |
|    policy_gradient_loss | -0.009      |
|    std                  | 1.05        |
|    value_loss           | 17.3        |
-----------------------------------------
Eval num_timesteps=2903520, episode_reward=-23.33 +/- 70.80
Episode length: 301.70 +/- 50.72
-----------------------------------------
| eval/                   |             |
|    mean_ep_length       | 302         |
|    mean_reward          | -23.3       |
| time/                   |             |
|    total_timesteps      | 2903520     |
| train/                  |             |
|    approx_kl            | 0.020824779 |
|    clip_fraction        | 0.188       |
|    clip_range           | 0.2         |
|    entropy_loss         | -5.73       |
|    explained_variance   | -0.0232     |
|    learning_rate        | 0.0003      |
|    loss                 | 17.7        |
|    n_updates            | 6160        |
|    policy_gradient_loss | -0.00191    |
|    std                  | 1.04        |
|    value_loss           | 82          |
-----------------------------------------
[progress] timestep 2903530
[episode ends] timestep 2903530: flipped=93 (52%), missed_goal=71 (40%), out_of_bounds=1 (1%), scored=14 (8%)
---------------------------------
| episode_end/       |          |
|    flipped         | 93       |
|    missed_goal     | 71       |
|    out_of_bounds   | 1        |
|    scored          | 14       |
| rollout/           |          |
|    ep_len_mean     | 279      |
|    ep_rew_mean     | -8.72    |
| time/              |          |
|    fps             | 110      |
|    iterations      | 372      |
|    time_elapsed    | 17271    |
|    total_timesteps | 2908160  |
---------------------------------
-----------------------------------------
| rollout/                |             |
|    ep_len_mean          | 284         |
|    ep_rew_mean          | -9.18       |
| time/                   |             |
|    fps                  | 110         |
|    iterations           | 373         |
|    time_elapsed         | 17314       |
|    total_timesteps      | 2913280     |
| train/                  |             |
|    approx_kl            | 0.036263034 |
|    clip_fraction        | 0.284       |
|    clip_range           | 0.2         |
|    entropy_loss         | -5.72       |
|    explained_variance   | 0.851       |
|    learning_rate        | 0.0003      |
|    loss                 | 0.206       |
|    n_updates            | 6170        |
|    policy_gradient_loss | -0.000503   |
|    std                  | 1.04        |
|    value_loss           | 3.29        |
-----------------------------------------
-----------------------------------------
| rollout/                |             |
|    ep_len_mean          | 294         |
|    ep_rew_mean          | -8.41       |
| time/                   |             |
|    fps                  | 110         |
|    iterations           | 374         |
|    time_elapsed         | 17358       |
|    total_timesteps      | 2918400     |
| train/                  |             |
|    approx_kl            | 0.054134768 |
|    clip_fraction        | 0.262       |
|    clip_range           | 0.2         |
|    entropy_loss         | -5.73       |
|    explained_variance   | 0.921       |
|    learning_rate        | 0.0003      |
|    loss                 | 0.0415      |
|    n_updates            | 6180        |
|    policy_gradient_loss | -0.00602    |
|    std                  | 1.05        |
|    value_loss           | 1.54        |
-----------------------------------------
-----------------------------------------
| rollout/                |             |
|    ep_len_mean          | 312         |
|    ep_rew_mean          | -5.96       |
| time/                   |             |
|    fps                  | 110         |
|    iterations           | 375         |
|    time_elapsed         | 17397       |
|    total_timesteps      | 2923520     |
| train/                  |             |
|    approx_kl            | 0.053485632 |
|    clip_fraction        | 0.324       |
|    clip_range           | 0.2         |
|    entropy_loss         | -5.73       |
|    explained_variance   | 0.662       |
|    learning_rate        | 0.0003      |
|    loss                 | 0.0959      |
|    n_updates            | 6190        |
|    policy_gradient_loss | 0.00586     |
|    std                  | 1.05        |
|    value_loss           | 10.8        |
-----------------------------------------
-----------------------------------------
| rollout/                |             |
|    ep_len_mean          | 322         |
|    ep_rew_mean          | -4.74       |
| time/                   |             |
|    fps                  | 110         |
|    iterations           | 376         |
|    time_elapsed         | 17440       |
|    total_timesteps      | 2928640     |
| train/                  |             |
|    approx_kl            | 0.043081507 |
|    clip_fraction        | 0.267       |
|    clip_range           | 0.2         |
|    entropy_loss         | -5.73       |
|    explained_variance   | 0.884       |
|    learning_rate        | 0.0003      |
|    loss                 | 1.09        |
|    n_updates            | 6200        |
|    policy_gradient_loss | -0.00527    |
|    std                  | 1.04        |
|    value_loss           | 1.5         |
-----------------------------------------
-----------------------------------------
| rollout/                |             |
|    ep_len_mean          | 335         |
|    ep_rew_mean          | -4.9        |
| time/                   |             |
|    fps                  | 110         |
|    iterations           | 377         |
|    time_elapsed         | 17488       |
|    total_timesteps      | 2933760     |
| train/                  |             |
|    approx_kl            | 0.037201256 |
|    clip_fraction        | 0.269       |
|    clip_range           | 0.2         |
|    entropy_loss         | -5.71       |
|    explained_variance   | 0.917       |
|    learning_rate        | 0.0003      |
|    loss                 | 0.69        |
|    n_updates            | 6210        |
|    policy_gradient_loss | 4.56e-05    |
|    std                  | 1.04        |
|    value_loss           | 1.91        |
-----------------------------------------
-----------------------------------------
| rollout/                |             |
|    ep_len_mean          | 340         |
|    ep_rew_mean          | -3.28       |
| time/                   |             |
|    fps                  | 110         |
|    iterations           | 378         |
|    time_elapsed         | 17527       |
|    total_timesteps      | 2938880     |
| train/                  |             |
|    approx_kl            | 0.024014214 |
|    clip_fraction        | 0.207       |
|    clip_range           | 0.2         |
|    entropy_loss         | -5.7        |
|    explained_variance   | 0.955       |
|    learning_rate        | 0.0003      |
|    loss                 | 0.0281      |
|    n_updates            | 6220        |
|    policy_gradient_loss | -0.0052     |
|    std                  | 1.03        |
|    value_loss           | 0.783       |
-----------------------------------------
-----------------------------------------
| rollout/                |             |
|    ep_len_mean          | 345         |
|    ep_rew_mean          | -3.66       |
| time/                   |             |
|    fps                  | 110         |
|    iterations           | 379         |
|    time_elapsed         | 17567       |
|    total_timesteps      | 2944000     |
| train/                  |             |
|    approx_kl            | 0.028664108 |
|    clip_fraction        | 0.212       |
|    clip_range           | 0.2         |
|    entropy_loss         | -5.68       |
|    explained_variance   | 0.896       |
|    learning_rate        | 0.0003      |
|    loss                 | 0.698       |
|    n_updates            | 6230        |
|    policy_gradient_loss | -0.00599    |
|    std                  | 1.03        |
|    value_loss           | 2           |
-----------------------------------------
----------------------------------------
| rollout/                |            |
|    ep_len_mean          | 341        |
|    ep_rew_mean          | -2.91      |
| time/                   |            |
|    fps                  | 110        |
|    iterations           | 380        |
|    time_elapsed         | 17612      |
|    total_timesteps      | 2949120    |
| train/                  |            |
|    approx_kl            | 0.02542068 |
|    clip_fraction        | 0.239      |
|    clip_range           | 0.2        |
|    entropy_loss         | -5.69      |
|    explained_variance   | 0.921      |
|    learning_rate        | 0.0003     |
|    loss                 | 0.018      |
|    n_updates            | 6240       |
|    policy_gradient_loss | -0.00454   |
|    std                  | 1.04       |
|    value_loss           | 1.41       |
----------------------------------------
Eval num_timesteps=2953520, episode_reward=-1.99 +/- 9.03
Episode length: 338.00 +/- 48.09
-----------------------------------------
| eval/                   |             |
|    mean_ep_length       | 338         |
|    mean_reward          | -1.99       |
| time/                   |             |
|    total_timesteps      | 2953520     |
| train/                  |             |
|    approx_kl            | 0.034011357 |
|    clip_fraction        | 0.253       |
|    clip_range           | 0.2         |
|    entropy_loss         | -5.7        |
|    explained_variance   | 0.852       |
|    learning_rate        | 0.0003      |
|    loss                 | 0.295       |
|    n_updates            | 6250        |
|    policy_gradient_loss | -0.00203    |
|    std                  | 1.03        |
|    value_loss           | 2.93        |
-----------------------------------------
[episode ends] timestep 2953530: flipped=43 (29%), missed_goal=93 (63%), out_of_bounds=7 (5%), scored=4 (3%)
---------------------------------
| episode_end/       |          |
|    flipped         | 43       |
|    missed_goal     | 93       |
|    out_of_bounds   | 7        |
|    scored          | 4        |
| rollout/           |          |
|    ep_len_mean     | 339      |
|    ep_rew_mean     | -3.86    |
| time/              |          |
|    fps             | 110      |
|    iterations      | 381      |
|    time_elapsed    | 17662    |
|    total_timesteps | 2954240  |
---------------------------------
----------------------------------------
| rollout/                |            |
|    ep_len_mean          | 336        |
|    ep_rew_mean          | -3.36      |
| time/                   |            |
|    fps                  | 110        |
|    iterations           | 382        |
|    time_elapsed         | 17708      |
|    total_timesteps      | 2959360    |
| train/                  |            |
|    approx_kl            | 0.02542091 |
|    clip_fraction        | 0.2        |
|    clip_range           | 0.2        |
|    entropy_loss         | -5.69      |
|    explained_variance   | 0.584      |
|    learning_rate        | 0.0003     |
|    loss                 | 0.0901     |
|    n_updates            | 6260       |
|    policy_gradient_loss | -0.0102    |
|    std                  | 1.03       |
|    value_loss           | 21.5       |
----------------------------------------
-----------------------------------------
| rollout/                |             |
|    ep_len_mean          | 333         |
|    ep_rew_mean          | -5.73       |
| time/                   |             |
|    fps                  | 110         |
|    iterations           | 383         |
|    time_elapsed         | 17750       |
|    total_timesteps      | 2964480     |
| train/                  |             |
|    approx_kl            | 0.031813435 |
|    clip_fraction        | 0.229       |
|    clip_range           | 0.2         |
|    entropy_loss         | -5.66       |
|    explained_variance   | 0.923       |
|    learning_rate        | 0.0003      |
|    loss                 | -0.0233     |
|    n_updates            | 6270        |
|    policy_gradient_loss | -0.00935    |
|    std                  | 1.02        |
|    value_loss           | 1.48        |
-----------------------------------------
-----------------------------------------
| rollout/                |             |
|    ep_len_mean          | 328         |
|    ep_rew_mean          | -4.61       |
| time/                   |             |
|    fps                  | 110         |
|    iterations           | 384         |
|    time_elapsed         | 17794       |
|    total_timesteps      | 2969600     |
| train/                  |             |
|    approx_kl            | 0.036560945 |
|    clip_fraction        | 0.234       |
|    clip_range           | 0.2         |
|    entropy_loss         | -5.64       |
|    explained_variance   | 0.185       |
|    learning_rate        | 0.0003      |
|    loss                 | 4.35        |
|    n_updates            | 6280        |
|    policy_gradient_loss | 0.000718    |
|    std                  | 1.02        |
|    value_loss           | 114         |
-----------------------------------------
-----------------------------------------
| rollout/                |             |
|    ep_len_mean          | 322         |
|    ep_rew_mean          | -7.39       |
| time/                   |             |
|    fps                  | 110         |
|    iterations           | 385         |
|    time_elapsed         | 17846       |
|    total_timesteps      | 2974720     |
| train/                  |             |
|    approx_kl            | 0.025559712 |
|    clip_fraction        | 0.21        |
|    clip_range           | 0.2         |
|    entropy_loss         | -5.64       |
|    explained_variance   | 0.67        |
|    learning_rate        | 0.0003      |
|    loss                 | 0.026       |
|    n_updates            | 6290        |
|    policy_gradient_loss | -0.00753    |
|    std                  | 1.02        |
|    value_loss           | 9.84        |
-----------------------------------------
-----------------------------------------
| rollout/                |             |
|    ep_len_mean          | 323         |
|    ep_rew_mean          | -6.76       |
| time/                   |             |
|    fps                  | 110         |
|    iterations           | 386         |
|    time_elapsed         | 17887       |
|    total_timesteps      | 2979840     |
| train/                  |             |
|    approx_kl            | 0.018895566 |
|    clip_fraction        | 0.144       |
|    clip_range           | 0.2         |
|    entropy_loss         | -5.63       |
|    explained_variance   | 0.443       |
|    learning_rate        | 0.0003      |
|    loss                 | 0.369       |
|    n_updates            | 6300        |
|    policy_gradient_loss | -0.00549    |
|    std                  | 1.02        |
|    value_loss           | 37.1        |
-----------------------------------------
----------------------------------------
| rollout/                |            |
|    ep_len_mean          | 316        |
|    ep_rew_mean          | -8.93      |
| time/                   |            |
|    fps                  | 110        |
|    iterations           | 387        |
|    time_elapsed         | 17929      |
|    total_timesteps      | 2984960    |
| train/                  |            |
|    approx_kl            | 0.03402873 |
|    clip_fraction        | 0.247      |
|    clip_range           | 0.2        |
|    entropy_loss         | -5.62      |
|    explained_variance   | 0.81       |
|    learning_rate        | 0.0003     |
|    loss                 | 0.0727     |
|    n_updates            | 6310       |
|    policy_gradient_loss | -0.00573   |
|    std                  | 1.01       |
|    value_loss           | 4.06       |
----------------------------------------
-----------------------------------------
| rollout/                |             |
|    ep_len_mean          | 321         |
|    ep_rew_mean          | -7.81       |
| time/                   |             |
|    fps                  | 110         |
|    iterations           | 388         |
|    time_elapsed         | 17970       |
|    total_timesteps      | 2990080     |
| train/                  |             |
|    approx_kl            | 0.019362874 |
|    clip_fraction        | 0.148       |
|    clip_range           | 0.2         |
|    entropy_loss         | -5.61       |
|    explained_variance   | 0.846       |
|    learning_rate        | 0.0003      |
|    loss                 | 0.143       |
|    n_updates            | 6320        |
|    policy_gradient_loss | -0.00844    |
|    std                  | 1.01        |
|    value_loss           | 3.68        |
-----------------------------------------
-----------------------------------------
| rollout/                |             |
|    ep_len_mean          | 325         |
|    ep_rew_mean          | -8.52       |
| time/                   |             |
|    fps                  | 110         |
|    iterations           | 389         |
|    time_elapsed         | 18014       |
|    total_timesteps      | 2995200     |
| train/                  |             |
|    approx_kl            | 0.030353198 |
|    clip_fraction        | 0.224       |
|    clip_range           | 0.2         |
|    entropy_loss         | -5.59       |
|    explained_variance   | 0.968       |
|    learning_rate        | 0.0003      |
|    loss                 | 0.0303      |
|    n_updates            | 6330        |
|    policy_gradient_loss | -0.0107     |
|    std                  | 1           |
|    value_loss           | 0.85        |
-----------------------------------------
-----------------------------------------
| rollout/                |             |
|    ep_len_mean          | 329         |
|    ep_rew_mean          | -4.49       |
| time/                   |             |
|    fps                  | 110         |
|    iterations           | 390         |
|    time_elapsed         | 18059       |
|    total_timesteps      | 3000320     |
| train/                  |             |
|    approx_kl            | 0.024871841 |
|    clip_fraction        | 0.227       |
|    clip_range           | 0.2         |
|    entropy_loss         | -5.57       |
|    explained_variance   | 0.833       |
|    learning_rate        | 0.0003      |
|    loss                 | 0.848       |
|    n_updates            | 6340        |
|    policy_gradient_loss | -0.00516    |
|    std                  | 0.998       |
|    value_loss           | 7.78        |
-----------------------------------------
Eval num_timesteps=3003520, episode_reward=-14.29 +/- 47.99
Episode length: 323.80 +/- 39.27
-----------------------------------------
| eval/                   |             |
|    mean_ep_length       | 324         |
|    mean_reward          | -14.3       |
| time/                   |             |
|    total_timesteps      | 3003520     |
| train/                  |             |
|    approx_kl            | 0.041642778 |
|    clip_fraction        | 0.265       |
|    clip_range           | 0.2         |
|    entropy_loss         | -5.56       |
|    explained_variance   | 0.835       |
|    learning_rate        | 0.0003      |
|    loss                 | 0.0985      |
|    n_updates            | 6350        |
|    policy_gradient_loss | -0.00549    |
|    std                  | 0.997       |
|    value_loss           | 4.78        |
-----------------------------------------
[progress] timestep 3003530
[episode ends] timestep 3003530: flipped=52 (34%), missed_goal=93 (60%), out_of_bounds=5 (3%), scored=5 (3%)
---------------------------------
| episode_end/       |          |
|    flipped         | 52       |
|    missed_goal     | 93       |
|    out_of_bounds   | 5        |
|    scored          | 5        |
| rollout/           |          |
|    ep_len_mean     | 333      |
|    ep_rew_mean     | -1.7     |
| time/              |          |
|    fps             | 110      |
|    iterations      | 391      |
|    time_elapsed    | 18113    |
|    total_timesteps | 3005440  |
---------------------------------
-----------------------------------------
| rollout/                |             |
|    ep_len_mean          | 325         |
|    ep_rew_mean          | -2.5        |
| time/                   |             |
|    fps                  | 110         |
|    iterations           | 392         |
|    time_elapsed         | 18152       |
|    total_timesteps      | 3010560     |
| train/                  |             |
|    approx_kl            | 0.032816466 |
|    clip_fraction        | 0.26        |
|    clip_range           | 0.2         |
|    entropy_loss         | -5.56       |
|    explained_variance   | 0.869       |
|    learning_rate        | 0.0003      |
|    loss                 | 1.03        |
|    n_updates            | 6360        |
|    policy_gradient_loss | -0.0084     |
|    std                  | 0.999       |
|    value_loss           | 1.41        |
-----------------------------------------
-----------------------------------------
| rollout/                |             |
|    ep_len_mean          | 335         |
|    ep_rew_mean          | -4.79       |
| time/                   |             |
|    fps                  | 110         |
|    iterations           | 393         |
|    time_elapsed         | 18195       |
|    total_timesteps      | 3015680     |
| train/                  |             |
|    approx_kl            | 0.027589804 |
|    clip_fraction        | 0.2         |
|    clip_range           | 0.2         |
|    entropy_loss         | -5.57       |
|    explained_variance   | 0.761       |
|    learning_rate        | 0.0003      |
|    loss                 | 0.261       |
|    n_updates            | 6370        |
|    policy_gradient_loss | -0.00721    |
|    std                  | 1           |
|    value_loss           | 9.42        |
-----------------------------------------
-----------------------------------------
| rollout/                |             |
|    ep_len_mean          | 330         |
|    ep_rew_mean          | -3.99       |
| time/                   |             |
|    fps                  | 110         |
|    iterations           | 394         |
|    time_elapsed         | 18236       |
|    total_timesteps      | 3020800     |
| train/                  |             |
|    approx_kl            | 0.034800623 |
|    clip_fraction        | 0.218       |
|    clip_range           | 0.2         |
|    entropy_loss         | -5.56       |
|    explained_variance   | 0.497       |
|    learning_rate        | 0.0003      |
|    loss                 | 0.545       |
|    n_updates            | 6380        |
|    policy_gradient_loss | -0.00279    |
|    std                  | 0.998       |
|    value_loss           | 40.3        |
-----------------------------------------
-----------------------------------------
| rollout/                |             |
|    ep_len_mean          | 328         |
|    ep_rew_mean          | -9.47       |
| time/                   |             |
|    fps                  | 110         |
|    iterations           | 395         |
|    time_elapsed         | 18277       |
|    total_timesteps      | 3025920     |
| train/                  |             |
|    approx_kl            | 0.018139515 |
|    clip_fraction        | 0.172       |
|    clip_range           | 0.2         |
|    entropy_loss         | -5.56       |
|    explained_variance   | 0.487       |
|    learning_rate        | 0.0003      |
|    loss                 | 0.0183      |
|    n_updates            | 6390        |
|    policy_gradient_loss | -0.0063     |
|    std                  | 0.998       |
|    value_loss           | 47          |
-----------------------------------------
-----------------------------------------
| rollout/                |             |
|    ep_len_mean          | 318         |
|    ep_rew_mean          | -12.6       |
| time/                   |             |
|    fps                  | 110         |
|    iterations           | 396         |
|    time_elapsed         | 18323       |
|    total_timesteps      | 3031040     |
| train/                  |             |
|    approx_kl            | 0.023038229 |
|    clip_fraction        | 0.151       |
|    clip_range           | 0.2         |
|    entropy_loss         | -5.55       |
|    explained_variance   | 0.514       |
|    learning_rate        | 0.0003      |
|    loss                 | 185         |
|    n_updates            | 6400        |
|    policy_gradient_loss | -0.00126    |
|    std                  | 0.997       |
|    value_loss           | 42.8        |
-----------------------------------------
------------------------------------------
| rollout/                |              |
|    ep_len_mean          | 319          |
|    ep_rew_mean          | -15.7        |
| time/                   |              |
|    fps                  | 110          |
|    iterations           | 397          |
|    time_elapsed         | 18366        |
|    total_timesteps      | 3036160      |
| train/                  |              |
|    approx_kl            | 0.0084096305 |
|    clip_fraction        | 0.0931       |
|    clip_range           | 0.2          |
|    entropy_loss         | -5.55        |
|    explained_variance   | 0.253        |
|    learning_rate        | 0.0003       |
|    loss                 | 14.4         |
|    n_updates            | 6410         |
|    policy_gradient_loss | -0.00513     |
|    std                  | 0.996        |
|    value_loss           | 104          |
------------------------------------------
---------------------------------------
| rollout/                |           |
|    ep_len_mean          | 320       |
|    ep_rew_mean          | -14.6     |
| time/                   |           |
|    fps                  | 110       |
|    iterations           | 398       |
|    time_elapsed         | 18413     |
|    total_timesteps      | 3041280   |
| train/                  |           |
|    approx_kl            | 0.0377239 |
|    clip_fraction        | 0.152     |
|    clip_range           | 0.2       |
|    entropy_loss         | -5.54     |
|    explained_variance   | 0.615     |
|    learning_rate        | 0.0003    |
|    loss                 | 0.615     |
|    n_updates            | 6420      |
|    policy_gradient_loss | -0.00557  |
|    std                  | 0.99      |
|    value_loss           | 24.4      |
---------------------------------------
-----------------------------------------
| rollout/                |             |
|    ep_len_mean          | 320         |
|    ep_rew_mean          | -10.9       |
| time/                   |             |
|    fps                  | 110         |
|    iterations           | 399         |
|    time_elapsed         | 18454       |
|    total_timesteps      | 3046400     |
| train/                  |             |
|    approx_kl            | 0.021944603 |
|    clip_fraction        | 0.185       |
|    clip_range           | 0.2         |
|    entropy_loss         | -5.52       |
|    explained_variance   | 0.861       |
|    learning_rate        | 0.0003      |
|    loss                 | 0.469       |
|    n_updates            | 6430        |
|    policy_gradient_loss | -0.00947    |
|    std                  | 0.984       |
|    value_loss           | 1.81        |
-----------------------------------------
----------------------------------------
| rollout/                |            |
|    ep_len_mean          | 323        |
|    ep_rew_mean          | -12.4      |
| time/                   |            |
|    fps                  | 110        |
|    iterations           | 400        |
|    time_elapsed         | 18499      |
|    total_timesteps      | 3051520    |
| train/                  |            |
|    approx_kl            | 0.01999263 |
|    clip_fraction        | 0.158      |
|    clip_range           | 0.2        |
|    entropy_loss         | -5.51      |
|    explained_variance   | 0.794      |
|    learning_rate        | 0.0003     |
|    loss                 | 0.0795     |
|    n_updates            | 6440       |
|    policy_gradient_loss | -0.00568   |
|    std                  | 0.983      |
|    value_loss           | 8.21       |
----------------------------------------
Eval num_timesteps=3053520, episode_reward=6.60 +/- 36.04
Episode length: 302.60 +/- 80.30
----------------------------------------
| eval/                   |            |
|    mean_ep_length       | 303        |
|    mean_reward          | 6.6        |
| time/                   |            |
|    total_timesteps      | 3053520    |
| train/                  |            |
|    approx_kl            | 0.04690843 |
|    clip_fraction        | 0.244      |
|    clip_range           | 0.2        |
|    entropy_loss         | -5.51      |
|    explained_variance   | 0.774      |
|    learning_rate        | 0.0003     |
|    loss                 | 0.0158     |
|    n_updates            | 6450       |
|    policy_gradient_loss | -0.00587   |
|    std                  | 0.982      |
|    value_loss           | 2.95       |
----------------------------------------
[episode ends] timestep 3053530: flipped=57 (37%), missed_goal=81 (53%), out_of_bounds=9 (6%), scored=7 (5%)
---------------------------------
| episode_end/       |          |
|    flipped         | 57       |
|    missed_goal     | 81       |
|    out_of_bounds   | 9        |
|    scored          | 7        |
| rollout/           |          |
|    ep_len_mean     | 324      |
|    ep_rew_mean     | -6.92    |
| time/              |          |
|    fps             | 110      |
|    iterations      | 401      |
|    time_elapsed    | 18545    |
|    total_timesteps | 3056640  |
---------------------------------
-----------------------------------------
| rollout/                |             |
|    ep_len_mean          | 319         |
|    ep_rew_mean          | -4.97       |
| time/                   |             |
|    fps                  | 110         |
|    iterations           | 402         |
|    time_elapsed         | 18591       |
|    total_timesteps      | 3061760     |
| train/                  |             |
|    approx_kl            | 0.046678107 |
|    clip_fraction        | 0.281       |
|    clip_range           | 0.2         |
|    entropy_loss         | -5.5        |
|    explained_variance   | 0.863       |
|    learning_rate        | 0.0003      |
|    loss                 | 0.02        |
|    n_updates            | 6460        |
|    policy_gradient_loss | 0.000156    |
|    std                  | 0.98        |
|    value_loss           | 3.29        |
-----------------------------------------
-----------------------------------------
| rollout/                |             |
|    ep_len_mean          | 314         |
|    ep_rew_mean          | -3.96       |
| time/                   |             |
|    fps                  | 110         |
|    iterations           | 403         |
|    time_elapsed         | 18642       |
|    total_timesteps      | 3066880     |
| train/                  |             |
|    approx_kl            | 0.037228674 |
|    clip_fraction        | 0.256       |
|    clip_range           | 0.2         |
|    entropy_loss         | -5.48       |
|    explained_variance   | 0.278       |
|    learning_rate        | 0.0003      |
|    loss                 | 0.721       |
|    n_updates            | 6470        |
|    policy_gradient_loss | -0.00149    |
|    std                  | 0.976       |
|    value_loss           | 76.5        |
-----------------------------------------
-----------------------------------------
| rollout/                |             |
|    ep_len_mean          | 303         |
|    ep_rew_mean          | -5.68       |
| time/                   |             |
|    fps                  | 110         |
|    iterations           | 404         |
|    time_elapsed         | 18687       |
|    total_timesteps      | 3072000     |
| train/                  |             |
|    approx_kl            | 0.038654402 |
|    clip_fraction        | 0.221       |
|    clip_range           | 0.2         |
|    entropy_loss         | -5.47       |
|    explained_variance   | 0.558       |
|    learning_rate        | 0.0003      |
|    loss                 | 0.0628      |
|    n_updates            | 6480        |
|    policy_gradient_loss | -0.00482    |
|    std                  | 0.975       |
|    value_loss           | 26.7        |
-----------------------------------------
-----------------------------------------
| rollout/                |             |
|    ep_len_mean          | 292         |
|    ep_rew_mean          | -6.73       |
| time/                   |             |
|    fps                  | 110         |
|    iterations           | 405         |
|    time_elapsed         | 18741       |
|    total_timesteps      | 3077120     |
| train/                  |             |
|    approx_kl            | 0.044708334 |
|    clip_fraction        | 0.218       |
|    clip_range           | 0.2         |
|    entropy_loss         | -5.47       |
|    explained_variance   | 0.0879      |
|    learning_rate        | 0.0003      |
|    loss                 | 72.1        |
|    n_updates            | 6490        |
|    policy_gradient_loss | 0.00194     |
|    std                  | 0.974       |
|    value_loss           | 64.9        |
-----------------------------------------
----------------------------------------
| rollout/                |            |
|    ep_len_mean          | 283        |
|    ep_rew_mean          | -4.12      |
| time/                   |            |
|    fps                  | 110        |
|    iterations           | 406        |
|    time_elapsed         | 18790      |
|    total_timesteps      | 3082240    |
| train/                  |            |
|    approx_kl            | 0.01697789 |
|    clip_fraction        | 0.141      |
|    clip_range           | 0.2        |
|    entropy_loss         | -5.47      |
|    explained_variance   | 0.34       |
|    learning_rate        | 0.0003     |
|    loss                 | 86.7       |
|    n_updates            | 6500       |
|    policy_gradient_loss | -0.00392   |
|    std                  | 0.974      |
|    value_loss           | 40.8       |
----------------------------------------
-----------------------------------------
| rollout/                |             |
|    ep_len_mean          | 273         |
|    ep_rew_mean          | -5.32       |
| time/                   |             |
|    fps                  | 110         |
|    iterations           | 407         |
|    time_elapsed         | 18840       |
|    total_timesteps      | 3087360     |
| train/                  |             |
|    approx_kl            | 0.034196243 |
|    clip_fraction        | 0.213       |
|    clip_range           | 0.2         |
|    entropy_loss         | -5.47       |
|    explained_variance   | 0.241       |
|    learning_rate        | 0.0003      |
|    loss                 | 1.83        |
|    n_updates            | 6510        |
|    policy_gradient_loss | 4.21e-05    |
|    std                  | 0.976       |
|    value_loss           | 44.5        |
-----------------------------------------
-----------------------------------------
| rollout/                |             |
|    ep_len_mean          | 280         |
|    ep_rew_mean          | 0.647       |
| time/                   |             |
|    fps                  | 110         |
|    iterations           | 408         |
|    time_elapsed         | 18887       |
|    total_timesteps      | 3092480     |
| train/                  |             |
|    approx_kl            | 0.024850389 |
|    clip_fraction        | 0.177       |
|    clip_range           | 0.2         |
|    entropy_loss         | -5.47       |
|    explained_variance   | 0.557       |
|    learning_rate        | 0.0003      |
|    loss                 | 1.23        |
|    n_updates            | 6520        |
|    policy_gradient_loss | -0.00923    |
|    std                  | 0.974       |
|    value_loss           | 8.65        |
-----------------------------------------
-----------------------------------------
| rollout/                |             |
|    ep_len_mean          | 284         |
|    ep_rew_mean          | -0.138      |
| time/                   |             |
|    fps                  | 110         |
|    iterations           | 409         |
|    time_elapsed         | 18933       |
|    total_timesteps      | 3097600     |
| train/                  |             |
|    approx_kl            | 0.045313925 |
|    clip_fraction        | 0.245       |
|    clip_range           | 0.2         |
|    entropy_loss         | -5.46       |
|    explained_variance   | 0.518       |
|    learning_rate        | 0.0003      |
|    loss                 | 33.4        |
|    n_updates            | 6530        |
|    policy_gradient_loss | -0.00271    |
|    std                  | 0.97        |
|    value_loss           | 9.88        |
-----------------------------------------
-----------------------------------------
| rollout/                |             |
|    ep_len_mean          | 291         |
|    ep_rew_mean          | 2.62        |
| time/                   |             |
|    fps                  | 110         |
|    iterations           | 410         |
|    time_elapsed         | 18981       |
|    total_timesteps      | 3102720     |
| train/                  |             |
|    approx_kl            | 0.024554534 |
|    clip_fraction        | 0.2         |
|    clip_range           | 0.2         |
|    entropy_loss         | -5.43       |
|    explained_variance   | 0.386       |
|    learning_rate        | 0.0003      |
|    loss                 | 50          |
|    n_updates            | 6540        |
|    policy_gradient_loss | -0.00812    |
|    std                  | 0.963       |
|    value_loss           | 52.9        |
-----------------------------------------
Eval num_timesteps=3103520, episode_reward=-0.01 +/- 10.94
Episode length: 318.50 +/- 61.00
-----------------------------------------
| eval/                   |             |
|    mean_ep_length       | 318         |
|    mean_reward          | -0.0145     |
| time/                   |             |
|    total_timesteps      | 3103520     |
| train/                  |             |
|    approx_kl            | 0.043527834 |
|    clip_fraction        | 0.309       |
|    clip_range           | 0.2         |
|    entropy_loss         | -5.42       |
|    explained_variance   | 0.358       |
|    learning_rate        | 0.0003      |
|    loss                 | 0.664       |
|    n_updates            | 6550        |
|    policy_gradient_loss | 0.00746     |
|    std                  | 0.961       |
|    value_loss           | 10.3        |
-----------------------------------------
[progress] timestep 3103530
[episode ends] timestep 3103530: flipped=56 (33%), missed_goal=94 (55%), out_of_bounds=3 (2%), scored=19 (11%)
---------------------------------
| episode_end/       |          |
|    flipped         | 56       |
|    missed_goal     | 94       |
|    out_of_bounds   | 3        |
|    scored          | 19       |
| rollout/           |          |
|    ep_len_mean     | 301      |
|    ep_rew_mean     | 3.14     |
| time/              |          |
|    fps             | 110      |
|    iterations      | 411      |
|    time_elapsed    | 19037    |
|    total_timesteps | 3107840  |
---------------------------------
-----------------------------------------
| rollout/                |             |
|    ep_len_mean          | 304         |
|    ep_rew_mean          | 1.6         |
| time/                   |             |
|    fps                  | 110         |
|    iterations           | 412         |
|    time_elapsed         | 19083       |
|    total_timesteps      | 3112960     |
| train/                  |             |
|    approx_kl            | 0.032820262 |
|    clip_fraction        | 0.233       |
|    clip_range           | 0.2         |
|    entropy_loss         | -5.4        |
|    explained_variance   | 0.809       |
|    learning_rate        | 0.0003      |
|    loss                 | 0.0108      |
|    n_updates            | 6560        |
|    policy_gradient_loss | -0.00333    |
|    std                  | 0.958       |
|    value_loss           | 2.11        |
-----------------------------------------
-----------------------------------------
| rollout/                |             |
|    ep_len_mean          | 309         |
|    ep_rew_mean          | 1.9         |
| time/                   |             |
|    fps                  | 110         |
|    iterations           | 413         |
|    time_elapsed         | 19129       |
|    total_timesteps      | 3118080     |
| train/                  |             |
|    approx_kl            | 0.056853253 |
|    clip_fraction        | 0.326       |
|    clip_range           | 0.2         |
|    entropy_loss         | -5.4        |
|    explained_variance   | 0.861       |
|    learning_rate        | 0.0003      |
|    loss                 | 0.32        |
|    n_updates            | 6570        |
|    policy_gradient_loss | 0.00529     |
|    std                  | 0.96        |
|    value_loss           | 1.46        |
-----------------------------------------
-----------------------------------------
| rollout/                |             |
|    ep_len_mean          | 315         |
|    ep_rew_mean          | 0.228       |
| time/                   |             |
|    fps                  | 110         |
|    iterations           | 414         |
|    time_elapsed         | 19174       |
|    total_timesteps      | 3123200     |
| train/                  |             |
|    approx_kl            | 0.045824416 |
|    clip_fraction        | 0.275       |
|    clip_range           | 0.2         |
|    entropy_loss         | -5.4        |
|    explained_variance   | 0.857       |
|    learning_rate        | 0.0003      |
|    loss                 | -0.0101     |
|    n_updates            | 6580        |
|    policy_gradient_loss | -0.00276    |
|    std                  | 0.958       |
|    value_loss           | 1.9         |
-----------------------------------------
----------------------------------------
| rollout/                |            |
|    ep_len_mean          | 320        |
|    ep_rew_mean          | -1.41      |
| time/                   |            |
|    fps                  | 110        |
|    iterations           | 415        |
|    time_elapsed         | 19216      |
|    total_timesteps      | 3128320    |
| train/                  |            |
|    approx_kl            | 0.02904273 |
|    clip_fraction        | 0.232      |
|    clip_range           | 0.2        |
|    entropy_loss         | -5.4       |
|    explained_variance   | 0.223      |
|    learning_rate        | 0.0003     |
|    loss                 | 0.166      |
|    n_updates            | 6590       |
|    policy_gradient_loss | -0.00566   |
|    std                  | 0.96       |
|    value_loss           | 100        |
----------------------------------------
-----------------------------------------
| rollout/                |             |
|    ep_len_mean          | 319         |
|    ep_rew_mean          | -4.34       |
| time/                   |             |
|    fps                  | 110         |
|    iterations           | 416         |
|    time_elapsed         | 19258       |
|    total_timesteps      | 3133440     |
| train/                  |             |
|    approx_kl            | 0.028280938 |
|    clip_fraction        | 0.266       |
|    clip_range           | 0.2         |
|    entropy_loss         | -5.41       |
|    explained_variance   | 0.87        |
|    learning_rate        | 0.0003      |
|    loss                 | 0.0694      |
|    n_updates            | 6600        |
|    policy_gradient_loss | -0.00627    |
|    std                  | 0.96        |
|    value_loss           | 2.51        |
-----------------------------------------
-----------------------------------------
| rollout/                |             |
|    ep_len_mean          | 313         |
|    ep_rew_mean          | -5.23       |
| time/                   |             |
|    fps                  | 110         |
|    iterations           | 417         |
|    time_elapsed         | 19307       |
|    total_timesteps      | 3138560     |
| train/                  |             |
|    approx_kl            | 0.034932513 |
|    clip_fraction        | 0.265       |
|    clip_range           | 0.2         |
|    entropy_loss         | -5.41       |
|    explained_variance   | 0.65        |
|    learning_rate        | 0.0003      |
|    loss                 | 4.02        |
|    n_updates            | 6610        |
|    policy_gradient_loss | -0.00722    |
|    std                  | 0.961       |
|    value_loss           | 12.6        |
-----------------------------------------
----------------------------------------
| rollout/                |            |
|    ep_len_mean          | 311        |
|    ep_rew_mean          | -5.24      |
| time/                   |            |
|    fps                  | 110        |
|    iterations           | 418        |
|    time_elapsed         | 19354      |
|    total_timesteps      | 3143680    |
| train/                  |            |
|    approx_kl            | 0.03227872 |
|    clip_fraction        | 0.224      |
|    clip_range           | 0.2        |
|    entropy_loss         | -5.4       |
|    explained_variance   | 0.671      |
|    learning_rate        | 0.0003     |
|    loss                 | -0.0127    |
|    n_updates            | 6620       |
|    policy_gradient_loss | -0.00704   |
|    std                  | 0.954      |
|    value_loss           | 8.72       |
----------------------------------------
----------------------------------------
| rollout/                |            |
|    ep_len_mean          | 306        |
|    ep_rew_mean          | -5.59      |
| time/                   |            |
|    fps                  | 110        |
|    iterations           | 419        |
|    time_elapsed         | 19405      |
|    total_timesteps      | 3148800    |
| train/                  |            |
|    approx_kl            | 0.02834911 |
|    clip_fraction        | 0.241      |
|    clip_range           | 0.2        |
|    entropy_loss         | -5.4       |
|    explained_variance   | 0.928      |
|    learning_rate        | 0.0003     |
|    loss                 | -0.0056    |
|    n_updates            | 6630       |
|    policy_gradient_loss | -0.00764   |
|    std                  | 0.959      |
|    value_loss           | 1.16       |
----------------------------------------
Eval num_timesteps=3153520, episode_reward=-16.78 +/- 64.23
Episode length: 262.70 +/- 45.54
-----------------------------------------
| eval/                   |             |
|    mean_ep_length       | 263         |
|    mean_reward          | -16.8       |
| time/                   |             |
|    total_timesteps      | 3153520     |
| train/                  |             |
|    approx_kl            | 0.020015806 |
|    clip_fraction        | 0.183       |
|    clip_range           | 0.2         |
|    entropy_loss         | -5.4        |
|    explained_variance   | 0.476       |
|    learning_rate        | 0.0003      |
|    loss                 | 63.1        |
|    n_updates            | 6640        |
|    policy_gradient_loss | -0.00297    |
|    std                  | 0.958       |
|    value_loss           | 26.8        |
-----------------------------------------
[episode ends] timestep 3153530: crashed=1 (1%), flipped=44 (27%), missed_goal=115 (70%), scored=4 (2%)
---------------------------------
| episode_end/       |          |
|    crashed         | 1        |
|    flipped         | 44       |
|    missed_goal     | 115      |
|    scored          | 4        |
| rollout/           |          |
|    ep_len_mean     | 296      |
|    ep_rew_mean     | -2.61    |
| time/              |          |
|    fps             | 110      |
|    iterations      | 420      |
|    time_elapsed    | 19461    |
|    total_timesteps | 3153920  |
---------------------------------
-----------------------------------------
| rollout/                |             |
|    ep_len_mean          | 283         |
|    ep_rew_mean          | -5.9        |
| time/                   |             |
|    fps                  | 110         |
|    iterations           | 421         |
|    time_elapsed         | 19508       |
|    total_timesteps      | 3159040     |
| train/                  |             |
|    approx_kl            | 0.021187734 |
|    clip_fraction        | 0.199       |
|    clip_range           | 0.2         |
|    entropy_loss         | -5.4        |
|    explained_variance   | 0.418       |
|    learning_rate        | 0.0003      |
|    loss                 | 0.0869      |
|    n_updates            | 6650        |
|    policy_gradient_loss | -0.00207    |
|    std                  | 0.954       |
|    value_loss           | 22.9        |
-----------------------------------------
-----------------------------------------
| rollout/                |             |
|    ep_len_mean          | 283         |
|    ep_rew_mean          | -8.49       |
| time/                   |             |
|    fps                  | 110         |
|    iterations           | 422         |
|    time_elapsed         | 19556       |
|    total_timesteps      | 3164160     |
| train/                  |             |
|    approx_kl            | 0.014431445 |
|    clip_fraction        | 0.152       |
|    clip_range           | 0.2         |
|    entropy_loss         | -5.39       |
|    explained_variance   | 0.38        |
|    learning_rate        | 0.0003      |
|    loss                 | 3.39        |
|    n_updates            | 6660        |
|    policy_gradient_loss | -0.0035     |
|    std                  | 0.955       |
|    value_loss           | 61.5        |
-----------------------------------------
-----------------------------------------
| rollout/                |             |
|    ep_len_mean          | 286         |
|    ep_rew_mean          | -10.2       |
| time/                   |             |
|    fps                  | 110         |
|    iterations           | 423         |
|    time_elapsed         | 19596       |
|    total_timesteps      | 3169280     |
| train/                  |             |
|    approx_kl            | 0.009666935 |
|    clip_fraction        | 0.09        |
|    clip_range           | 0.2         |
|    entropy_loss         | -5.39       |
|    explained_variance   | 0.515       |
|    learning_rate        | 0.0003      |
|    loss                 | 277         |
|    n_updates            | 6670        |
|    policy_gradient_loss | -0.00784    |
|    std                  | 0.956       |
|    value_loss           | 70.4        |
-----------------------------------------
-----------------------------------------
| rollout/                |             |
|    ep_len_mean          | 288         |
|    ep_rew_mean          | -12.9       |
| time/                   |             |
|    fps                  | 110         |
|    iterations           | 424         |
|    time_elapsed         | 19648       |
|    total_timesteps      | 3174400     |
| train/                  |             |
|    approx_kl            | 0.009933779 |
|    clip_fraction        | 0.0963      |
|    clip_range           | 0.2         |
|    entropy_loss         | -5.39       |
|    explained_variance   | 0.261       |
|    learning_rate        | 0.0003      |
|    loss                 | 0.191       |
|    n_updates            | 6680        |
|    policy_gradient_loss | -0.00839    |
|    std                  | 0.953       |
|    value_loss           | 86.5        |
-----------------------------------------
-----------------------------------------
| rollout/                |             |
|    ep_len_mean          | 295         |
|    ep_rew_mean          | -10         |
| time/                   |             |
|    fps                  | 110         |
|    iterations           | 425         |
|    time_elapsed         | 19694       |
|    total_timesteps      | 3179520     |
| train/                  |             |
|    approx_kl            | 0.013304718 |
|    clip_fraction        | 0.115       |
|    clip_range           | 0.2         |
|    entropy_loss         | -5.38       |
|    explained_variance   | 0.531       |
|    learning_rate        | 0.0003      |
|    loss                 | 1.26        |
|    n_updates            | 6690        |
|    policy_gradient_loss | -0.00862    |
|    std                  | 0.952       |
|    value_loss           | 36.2        |
-----------------------------------------
----------------------------------------
| rollout/                |            |
|    ep_len_mean          | 296        |
|    ep_rew_mean          | -10.4      |
| time/                   |            |
|    fps                  | 110        |
|    iterations           | 426        |
|    time_elapsed         | 19741      |
|    total_timesteps      | 3184640    |
| train/                  |            |
|    approx_kl            | 0.02737596 |
|    clip_fraction        | 0.124      |
|    clip_range           | 0.2        |
|    entropy_loss         | -5.37      |
|    explained_variance   | 0.753      |
|    learning_rate        | 0.0003     |
|    loss                 | 0.0314     |
|    n_updates            | 6700       |
|    policy_gradient_loss | -0.00484   |
|    std                  | 0.95       |
|    value_loss           | 5.47       |
----------------------------------------
-----------------------------------------
| rollout/                |             |
|    ep_len_mean          | 296         |
|    ep_rew_mean          | -6.54       |
| time/                   |             |
|    fps                  | 110         |
|    iterations           | 427         |
|    time_elapsed         | 19792       |
|    total_timesteps      | 3189760     |
| train/                  |             |
|    approx_kl            | 0.029836768 |
|    clip_fraction        | 0.206       |
|    clip_range           | 0.2         |
|    entropy_loss         | -5.37       |
|    explained_variance   | 0.264       |
|    learning_rate        | 0.0003      |
|    loss                 | 0.383       |
|    n_updates            | 6710        |
|    policy_gradient_loss | 0.00358     |
|    std                  | 0.95        |
|    value_loss           | 57.6        |
-----------------------------------------
-----------------------------------------
| rollout/                |             |
|    ep_len_mean          | 291         |
|    ep_rew_mean          | -3.5        |
| time/                   |             |
|    fps                  | 110         |
|    iterations           | 428         |
|    time_elapsed         | 19842       |
|    total_timesteps      | 3194880     |
| train/                  |             |
|    approx_kl            | 0.025129367 |
|    clip_fraction        | 0.153       |
|    clip_range           | 0.2         |
|    entropy_loss         | -5.37       |
|    explained_variance   | 0.471       |
|    learning_rate        | 0.0003      |
|    loss                 | 0.0525      |
|    n_updates            | 6720        |
|    policy_gradient_loss | -0.00608    |
|    std                  | 0.951       |
|    value_loss           | 27.2        |
-----------------------------------------
-----------------------------------------
| rollout/                |             |
|    ep_len_mean          | 292         |
|    ep_rew_mean          | -2.67       |
| time/                   |             |
|    fps                  | 110         |
|    iterations           | 429         |
|    time_elapsed         | 19892       |
|    total_timesteps      | 3200000     |
| train/                  |             |
|    approx_kl            | 0.023697797 |
|    clip_fraction        | 0.181       |
|    clip_range           | 0.2         |
|    entropy_loss         | -5.38       |
|    explained_variance   | 0.542       |
|    learning_rate        | 0.0003      |
|    loss                 | 1.12        |
|    n_updates            | 6730        |
|    policy_gradient_loss | -0.0058     |
|    std                  | 0.951       |
|    value_loss           | 24.2        |
-----------------------------------------
Eval num_timesteps=3203520, episode_reward=-81.28 +/- 203.31
Episode length: 285.90 +/- 50.45
-----------------------------------------
| eval/                   |             |
|    mean_ep_length       | 286         |
|    mean_reward          | -81.3       |
| time/                   |             |
|    total_timesteps      | 3203520     |
| train/                  |             |
|    approx_kl            | 0.035099447 |
|    clip_fraction        | 0.232       |
|    clip_range           | 0.2         |
|    entropy_loss         | -5.37       |
|    explained_variance   | 0.398       |
|    learning_rate        | 0.0003      |
|    loss                 | 0.434       |
|    n_updates            | 6740        |
|    policy_gradient_loss | -0.00437    |
|    std                  | 0.947       |
|    value_loss           | 27.4        |
-----------------------------------------
[progress] timestep 3203530
[episode ends] timestep 3203530: flipped=66 (38%), missed_goal=87 (51%), out_of_bounds=4 (2%), scored=15 (9%)
---------------------------------
| episode_end/       |          |
|    flipped         | 66       |
|    missed_goal     | 87       |
|    out_of_bounds   | 4        |
|    scored          | 15       |
| rollout/           |          |
|    ep_len_mean     | 291      |
|    ep_rew_mean     | -2.23    |
| time/              |          |
|    fps             | 110      |
|    iterations      | 430      |
|    time_elapsed    | 19940    |
|    total_timesteps | 3205120  |
---------------------------------
-----------------------------------------
| rollout/                |             |
|    ep_len_mean          | 290         |
|    ep_rew_mean          | -2.1        |
| time/                   |             |
|    fps                  | 110         |
|    iterations           | 431         |
|    time_elapsed         | 19991       |
|    total_timesteps      | 3210240     |
| train/                  |             |
|    approx_kl            | 0.031592287 |
|    clip_fraction        | 0.238       |
|    clip_range           | 0.2         |
|    entropy_loss         | -5.36       |
|    explained_variance   | 0.598       |
|    learning_rate        | 0.0003      |
|    loss                 | 0.264       |
|    n_updates            | 6750        |
|    policy_gradient_loss | -0.00496    |
|    std                  | 0.944       |
|    value_loss           | 22          |
-----------------------------------------
----------------------------------------
| rollout/                |            |
|    ep_len_mean          | 295        |
|    ep_rew_mean          | -2.24      |
| time/                   |            |
|    fps                  | 110        |
|    iterations           | 432        |
|    time_elapsed         | 20039      |
|    total_timesteps      | 3215360    |
| train/                  |            |
|    approx_kl            | 0.05760513 |
|    clip_fraction        | 0.293      |
|    clip_range           | 0.2        |
|    entropy_loss         | -5.35      |
|    explained_variance   | 0.953      |
|    learning_rate        | 0.0003     |
|    loss                 | 0.00391    |
|    n_updates            | 6760       |
|    policy_gradient_loss | -0.00649   |
|    std                  | 0.945      |
|    value_loss           | 0.474      |
----------------------------------------
-----------------------------------------
| rollout/                |             |
|    ep_len_mean          | 306         |
|    ep_rew_mean          | -1.28       |
| time/                   |             |
|    fps                  | 110         |
|    iterations           | 433         |
|    time_elapsed         | 20081       |
|    total_timesteps      | 3220480     |
| train/                  |             |
|    approx_kl            | 0.047921143 |
|    clip_fraction        | 0.28        |
|    clip_range           | 0.2         |
|    entropy_loss         | -5.35       |
|    explained_variance   | 0.88        |
|    learning_rate        | 0.0003      |
|    loss                 | 0.0533      |
|    n_updates            | 6770        |
|    policy_gradient_loss | -0.000588   |
|    std                  | 0.943       |
|    value_loss           | 2.39        |
-----------------------------------------
-----------------------------------------
| rollout/                |             |
|    ep_len_mean          | 309         |
|    ep_rew_mean          | -5.05       |
| time/                   |             |
|    fps                  | 110         |
|    iterations           | 434         |
|    time_elapsed         | 20127       |
|    total_timesteps      | 3225600     |
| train/                  |             |
|    approx_kl            | 0.028142566 |
|    clip_fraction        | 0.175       |
|    clip_range           | 0.2         |
|    entropy_loss         | -5.35       |
|    explained_variance   | 0.774       |
|    learning_rate        | 0.0003      |
|    loss                 | 0.315       |
|    n_updates            | 6780        |
|    policy_gradient_loss | -0.0111     |
|    std                  | 0.944       |
|    value_loss           | 7.94        |
-----------------------------------------
-----------------------------------------
| rollout/                |             |
|    ep_len_mean          | 311         |
|    ep_rew_mean          | -2.5        |
| time/                   |             |
|    fps                  | 110         |
|    iterations           | 435         |
|    time_elapsed         | 20178       |
|    total_timesteps      | 3230720     |
| train/                  |             |
|    approx_kl            | 0.035629068 |
|    clip_fraction        | 0.243       |
|    clip_range           | 0.2         |
|    entropy_loss         | -5.35       |
|    explained_variance   | 0.169       |
|    learning_rate        | 0.0003      |
|    loss                 | 0.818       |
|    n_updates            | 6790        |
|    policy_gradient_loss | -0.00647    |
|    std                  | 0.947       |
|    value_loss           | 105         |
-----------------------------------------
-----------------------------------------
| rollout/                |             |
|    ep_len_mean          | 325         |
|    ep_rew_mean          | -3.92       |
| time/                   |             |
|    fps                  | 110         |
|    iterations           | 436         |
|    time_elapsed         | 20216       |
|    total_timesteps      | 3235840     |
| train/                  |             |
|    approx_kl            | 0.051199894 |
|    clip_fraction        | 0.322       |
|    clip_range           | 0.2         |
|    entropy_loss         | -5.35       |
|    explained_variance   | 0.875       |
|    learning_rate        | 0.0003      |
|    loss                 | 0.0946      |
|    n_updates            | 6800        |
|    policy_gradient_loss | 0.00472     |
|    std                  | 0.946       |
|    value_loss           | 3.03        |
-----------------------------------------
----------------------------------------
| rollout/                |            |
|    ep_len_mean          | 327        |
|    ep_rew_mean          | -5.1       |
| time/                   |            |
|    fps                  | 110        |
|    iterations           | 437        |
|    time_elapsed         | 20257      |
|    total_timesteps      | 3240960    |
| train/                  |            |
|    approx_kl            | 0.01968564 |
|    clip_fraction        | 0.196      |
|    clip_range           | 0.2        |
|    entropy_loss         | -5.35      |
|    explained_variance   | 0.559      |
|    learning_rate        | 0.0003     |
|    loss                 | 1.6        |
|    n_updates            | 6810       |
|    policy_gradient_loss | -0.0049    |
|    std                  | 0.944      |
|    value_loss           | 23.7       |
----------------------------------------
----------------------------------------
| rollout/                |            |
|    ep_len_mean          | 327        |
|    ep_rew_mean          | -6.35      |
| time/                   |            |
|    fps                  | 110        |
|    iterations           | 438        |
|    time_elapsed         | 20305      |
|    total_timesteps      | 3246080    |
| train/                  |            |
|    approx_kl            | 0.02784435 |
|    clip_fraction        | 0.22       |
|    clip_range           | 0.2        |
|    entropy_loss         | -5.35      |
|    explained_variance   | 0.737      |
|    learning_rate        | 0.0003     |
|    loss                 | 0.00769    |
|    n_updates            | 6820       |
|    policy_gradient_loss | 8.71e-05   |
|    std                  | 0.946      |
|    value_loss           | 15.2       |
----------------------------------------
-----------------------------------------
| rollout/                |             |
|    ep_len_mean          | 326         |
|    ep_rew_mean          | -7.54       |
| time/                   |             |
|    fps                  | 110         |
|    iterations           | 439         |
|    time_elapsed         | 20349       |
|    total_timesteps      | 3251200     |
| train/                  |             |
|    approx_kl            | 0.020207362 |
|    clip_fraction        | 0.203       |
|    clip_range           | 0.2         |
|    entropy_loss         | -5.35       |
|    explained_variance   | 0.317       |
|    learning_rate        | 0.0003      |
|    loss                 | 0.0991      |
|    n_updates            | 6830        |
|    policy_gradient_loss | -0.00392    |
|    std                  | 0.95        |
|    value_loss           | 124         |
-----------------------------------------
Eval num_timesteps=3253520, episode_reward=2.28 +/- 25.75
Episode length: 289.00 +/- 62.64
-----------------------------------------
| eval/                   |             |
|    mean_ep_length       | 289         |
|    mean_reward          | 2.28        |
| time/                   |             |
|    total_timesteps      | 3253520     |
| train/                  |             |
|    approx_kl            | 0.037778206 |
|    clip_fraction        | 0.245       |
|    clip_range           | 0.2         |
|    entropy_loss         | -5.36       |
|    explained_variance   | 0.462       |
|    learning_rate        | 0.0003      |
|    loss                 | 39.6        |
|    n_updates            | 6840        |
|    policy_gradient_loss | -0.00279    |
|    std                  | 0.951       |
|    value_loss           | 45.5        |
-----------------------------------------
[episode ends] timestep 3253530: flipped=60 (38%), missed_goal=77 (49%), out_of_bounds=7 (4%), scored=13 (8%)
---------------------------------
| episode_end/       |          |
|    flipped         | 60       |
|    missed_goal     | 77       |
|    out_of_bounds   | 7        |
|    scored          | 13       |
| rollout/           |          |
|    ep_len_mean     | 325      |
|    ep_rew_mean     | -5.63    |
| time/              |          |
|    fps             | 110      |
|    iterations      | 440      |
|    time_elapsed    | 20404    |
|    total_timesteps | 3256320  |
---------------------------------
-----------------------------------------
| rollout/                |             |
|    ep_len_mean          | 328         |
|    ep_rew_mean          | -8.01       |
| time/                   |             |
|    fps                  | 110         |
|    iterations           | 441         |
|    time_elapsed         | 20451       |
|    total_timesteps      | 3261440     |
| train/                  |             |
|    approx_kl            | 0.043094166 |
|    clip_fraction        | 0.226       |
|    clip_range           | 0.2         |
|    entropy_loss         | -5.36       |
|    explained_variance   | 0.755       |
|    learning_rate        | 0.0003      |
|    loss                 | 0.383       |
|    n_updates            | 6850        |
|    policy_gradient_loss | -0.00983    |
|    std                  | 0.944       |
|    value_loss           | 7.47        |
-----------------------------------------
-----------------------------------------
| rollout/                |             |
|    ep_len_mean          | 306         |
|    ep_rew_mean          | -16.4       |
| time/                   |             |
|    fps                  | 110         |
|    iterations           | 442         |
|    time_elapsed         | 20493       |
|    total_timesteps      | 3266560     |
| train/                  |             |
|    approx_kl            | 0.017497117 |
|    clip_fraction        | 0.19        |
|    clip_range           | 0.2         |
|    entropy_loss         | -5.34       |
|    explained_variance   | 0.317       |
|    learning_rate        | 0.0003      |
|    loss                 | 0.0959      |
|    n_updates            | 6860        |
|    policy_gradient_loss | -0.00514    |
|    std                  | 0.945       |
|    value_loss           | 116         |
-----------------------------------------
-----------------------------------------
| rollout/                |             |
|    ep_len_mean          | 307         |
|    ep_rew_mean          | -15.9       |
| time/                   |             |
|    fps                  | 110         |
|    iterations           | 443         |
|    time_elapsed         | 20538       |
|    total_timesteps      | 3271680     |
| train/                  |             |
|    approx_kl            | 0.020953452 |
|    clip_fraction        | 0.177       |
|    clip_range           | 0.2         |
|    entropy_loss         | -5.34       |
|    explained_variance   | 0.239       |
|    learning_rate        | 0.0003      |
|    loss                 | 6.01        |
|    n_updates            | 6870        |
|    policy_gradient_loss | -0.00248    |
|    std                  | 0.943       |
|    value_loss           | 225         |
-----------------------------------------
-----------------------------------------
| rollout/                |             |
|    ep_len_mean          | 305         |
|    ep_rew_mean          | -19.5       |
| time/                   |             |
|    fps                  | 110         |
|    iterations           | 444         |
|    time_elapsed         | 20584       |
|    total_timesteps      | 3276800     |
| train/                  |             |
|    approx_kl            | 0.031017423 |
|    clip_fraction        | 0.157       |
|    clip_range           | 0.2         |
|    entropy_loss         | -5.34       |
|    explained_variance   | 0.524       |
|    learning_rate        | 0.0003      |
|    loss                 | 0.0658      |
|    n_updates            | 6880        |
|    policy_gradient_loss | -0.00355    |
|    std                  | 0.944       |
|    value_loss           | 30.5        |
-----------------------------------------
-----------------------------------------
| rollout/                |             |
|    ep_len_mean          | 300         |
|    ep_rew_mean          | -22.6       |
| time/                   |             |
|    fps                  | 110         |
|    iterations           | 445         |
|    time_elapsed         | 20631       |
|    total_timesteps      | 3281920     |
| train/                  |             |
|    approx_kl            | 0.012787946 |
|    clip_fraction        | 0.112       |
|    clip_range           | 0.2         |
|    entropy_loss         | -5.33       |
|    explained_variance   | 0.251       |
|    learning_rate        | 0.0003      |
|    loss                 | 5.45        |
|    n_updates            | 6890        |
|    policy_gradient_loss | -0.00337    |
|    std                  | 0.942       |
|    value_loss           | 262         |
-----------------------------------------
-----------------------------------------
| rollout/                |             |
|    ep_len_mean          | 296         |
|    ep_rew_mean          | -30         |
| time/                   |             |
|    fps                  | 110         |
|    iterations           | 446         |
|    time_elapsed         | 20674       |
|    total_timesteps      | 3287040     |
| train/                  |             |
|    approx_kl            | 0.013856923 |
|    clip_fraction        | 0.0785      |
|    clip_range           | 0.2         |
|    entropy_loss         | -5.33       |
|    explained_variance   | 0.281       |
|    learning_rate        | 0.0003      |
|    loss                 | 0.737       |
|    n_updates            | 6900        |
|    policy_gradient_loss | -0.00557    |
|    std                  | 0.942       |
|    value_loss           | 136         |
-----------------------------------------
-----------------------------------------
| rollout/                |             |
|    ep_len_mean          | 298         |
|    ep_rew_mean          | -28.9       |
| time/                   |             |
|    fps                  | 110         |
|    iterations           | 447         |
|    time_elapsed         | 20723       |
|    total_timesteps      | 3292160     |
| train/                  |             |
|    approx_kl            | 0.025931556 |
|    clip_fraction        | 0.199       |
|    clip_range           | 0.2         |
|    entropy_loss         | -5.33       |
|    explained_variance   | 0.331       |
|    learning_rate        | 0.0003      |
|    loss                 | 0.945       |
|    n_updates            | 6910        |
|    policy_gradient_loss | -0.00026    |
|    std                  | 0.942       |
|    value_loss           | 127         |
-----------------------------------------
----------------------------------------
| rollout/                |            |
|    ep_len_mean          | 302        |
|    ep_rew_mean          | -23.5      |
| time/                   |            |
|    fps                  | 110        |
|    iterations           | 448        |
|    time_elapsed         | 20771      |
|    total_timesteps      | 3297280    |
| train/                  |            |
|    approx_kl            | 0.03047206 |
|    clip_fraction        | 0.119      |
|    clip_range           | 0.2        |
|    entropy_loss         | -5.33      |
|    explained_variance   | 0.325      |
|    learning_rate        | 0.0003     |
|    loss                 | 1.47       |
|    n_updates            | 6920       |
|    policy_gradient_loss | -0.00606   |
|    std                  | 0.944      |
|    value_loss           | 55         |
----------------------------------------
---------------------------------------
| rollout/                |           |
|    ep_len_mean          | 306       |
|    ep_rew_mean          | -24.8     |
| time/                   |           |
|    fps                  | 110       |
|    iterations           | 449       |
|    time_elapsed         | 20813     |
|    total_timesteps      | 3302400   |
| train/                  |           |
|    approx_kl            | 0.0420037 |
|    clip_fraction        | 0.176     |
|    clip_range           | 0.2       |
|    entropy_loss         | -5.34     |
|    explained_variance   | 0.635     |
|    learning_rate        | 0.0003    |
|    loss                 | 0.0438    |
|    n_updates            | 6930      |
|    policy_gradient_loss | -0.0117   |
|    std                  | 0.943     |
|    value_loss           | 28.7      |
---------------------------------------
Eval num_timesteps=3303520, episode_reward=-0.55 +/- 52.02
Episode length: 262.40 +/- 60.01
-----------------------------------------
| eval/                   |             |
|    mean_ep_length       | 262         |
|    mean_reward          | -0.547      |
| time/                   |             |
|    total_timesteps      | 3303520     |
| train/                  |             |
|    approx_kl            | 0.045554183 |
|    clip_fraction        | 0.263       |
|    clip_range           | 0.2         |
|    entropy_loss         | -5.34       |
|    explained_variance   | 0.0486      |
|    learning_rate        | 0.0003      |
|    loss                 | 0.177       |
|    n_updates            | 6940        |
|    policy_gradient_loss | -0.00177    |
|    std                  | 0.948       |
|    value_loss           | 297         |
-----------------------------------------
[progress] timestep 3303530
[episode ends] timestep 3303530: crashed=1 (1%), flipped=64 (39%), missed_goal=73 (45%), out_of_bounds=7 (4%), scored=19 (12%)
---------------------------------
| episode_end/       |          |
|    crashed         | 1        |
|    flipped         | 64       |
|    missed_goal     | 73       |
|    out_of_bounds   | 7        |
|    scored          | 19       |
| rollout/           |          |
|    ep_len_mean     | 306      |
|    ep_rew_mean     | -28.8    |
| time/              |          |
|    fps             | 110      |
|    iterations      | 450      |
|    time_elapsed    | 20860    |
|    total_timesteps | 3307520  |
---------------------------------
-----------------------------------------
| rollout/                |             |
|    ep_len_mean          | 309         |
|    ep_rew_mean          | -24.2       |
| time/                   |             |
|    fps                  | 110         |
|    iterations           | 451         |
|    time_elapsed         | 20907       |
|    total_timesteps      | 3312640     |
| train/                  |             |
|    approx_kl            | 0.038036272 |
|    clip_fraction        | 0.264       |
|    clip_range           | 0.2         |
|    entropy_loss         | -5.34       |
|    explained_variance   | 0.464       |
|    learning_rate        | 0.0003      |
|    loss                 | 0.414       |
|    n_updates            | 6950        |
|    policy_gradient_loss | 0.0114      |
|    std                  | 0.945       |
|    value_loss           | 49          |
-----------------------------------------
-----------------------------------------
| rollout/                |             |
|    ep_len_mean          | 310         |
|    ep_rew_mean          | -22.3       |
| time/                   |             |
|    fps                  | 110         |
|    iterations           | 452         |
|    time_elapsed         | 20955       |
|    total_timesteps      | 3317760     |
| train/                  |             |
|    approx_kl            | 0.052939802 |
|    clip_fraction        | 0.295       |
|    clip_range           | 0.2         |
|    entropy_loss         | -5.33       |
|    explained_variance   | 0.542       |
|    learning_rate        | 0.0003      |
|    loss                 | 0.342       |
|    n_updates            | 6960        |
|    policy_gradient_loss | 0.0026      |
|    std                  | 0.941       |
|    value_loss           | 30.3        |
-----------------------------------------
----------------------------------------
| rollout/                |            |
|    ep_len_mean          | 317        |
|    ep_rew_mean          | -23.5      |
| time/                   |            |
|    fps                  | 110        |
|    iterations           | 453        |
|    time_elapsed         | 20996      |
|    total_timesteps      | 3322880    |
| train/                  |            |
|    approx_kl            | 0.10249047 |
|    clip_fraction        | 0.303      |
|    clip_range           | 0.2        |
|    entropy_loss         | -5.33      |
|    explained_variance   | 0.614      |
|    learning_rate        | 0.0003     |
|    loss                 | 133        |
|    n_updates            | 6970       |
|    policy_gradient_loss | 0.00667    |
|    std                  | 0.946      |
|    value_loss           | 35.3       |
----------------------------------------
---------------------------------------
| rollout/                |           |
|    ep_len_mean          | 315       |
|    ep_rew_mean          | -27.1     |
| time/                   |           |
|    fps                  | 110       |
|    iterations           | 454       |
|    time_elapsed         | 21034     |
|    total_timesteps      | 3328000   |
| train/                  |           |
|    approx_kl            | 0.0228954 |
|    clip_fraction        | 0.243     |
|    clip_range           | 0.2       |
|    entropy_loss         | -5.34     |
|    explained_variance   | 0.55      |
|    learning_rate        | 0.0003    |
|    loss                 | 51.8      |
|    n_updates            | 6980      |
|    policy_gradient_loss | 0.000415  |
|    std                  | 0.948     |
|    value_loss           | 40.9      |
---------------------------------------
-----------------------------------------
| rollout/                |             |
|    ep_len_mean          | 313         |
|    ep_rew_mean          | -27.3       |
| time/                   |             |
|    fps                  | 110         |
|    iterations           | 455         |
|    time_elapsed         | 21079       |
|    total_timesteps      | 3333120     |
| train/                  |             |
|    approx_kl            | 0.013955595 |
|    clip_fraction        | 0.139       |
|    clip_range           | 0.2         |
|    entropy_loss         | -5.34       |
|    explained_variance   | 0.342       |
|    learning_rate        | 0.0003      |
|    loss                 | 0.149       |
|    n_updates            | 6990        |
|    policy_gradient_loss | -0.00742    |
|    std                  | 0.947       |
|    value_loss           | 108         |
-----------------------------------------
-----------------------------------------
| rollout/                |             |
|    ep_len_mean          | 308         |
|    ep_rew_mean          | -23.6       |
| time/                   |             |
|    fps                  | 110         |
|    iterations           | 456         |
|    time_elapsed         | 21120       |
|    total_timesteps      | 3338240     |
| train/                  |             |
|    approx_kl            | 0.058216143 |
|    clip_fraction        | 0.236       |
|    clip_range           | 0.2         |
|    entropy_loss         | -5.33       |
|    explained_variance   | 0.428       |
|    learning_rate        | 0.0003      |
|    loss                 | 1.29        |
|    n_updates            | 7000        |
|    policy_gradient_loss | -0.000856   |
|    std                  | 0.944       |
|    value_loss           | 76.5        |
-----------------------------------------
-----------------------------------------
| rollout/                |             |
|    ep_len_mean          | 310         |
|    ep_rew_mean          | -27.7       |
| time/                   |             |
|    fps                  | 110         |
|    iterations           | 457         |
|    time_elapsed         | 21167       |
|    total_timesteps      | 3343360     |
| train/                  |             |
|    approx_kl            | 0.017161094 |
|    clip_fraction        | 0.114       |
|    clip_range           | 0.2         |
|    entropy_loss         | -5.33       |
|    explained_variance   | 0.35        |
|    learning_rate        | 0.0003      |
|    loss                 | 0.794       |
|    n_updates            | 7010        |
|    policy_gradient_loss | -0.00844    |
|    std                  | 0.944       |
|    value_loss           | 92.1        |
-----------------------------------------
-----------------------------------------
| rollout/                |             |
|    ep_len_mean          | 309         |
|    ep_rew_mean          | -26.3       |
| time/                   |             |
|    fps                  | 110         |
|    iterations           | 458         |
|    time_elapsed         | 21208       |
|    total_timesteps      | 3348480     |
| train/                  |             |
|    approx_kl            | 0.018088793 |
|    clip_fraction        | 0.115       |
|    clip_range           | 0.2         |
|    entropy_loss         | -5.33       |
|    explained_variance   | 0.394       |
|    learning_rate        | 0.0003      |
|    loss                 | 1.06        |
|    n_updates            | 7020        |
|    policy_gradient_loss | -0.00711    |
|    std                  | 0.945       |
|    value_loss           | 108         |
-----------------------------------------
Eval num_timesteps=3353520, episode_reward=-36.08 +/- 55.69
Episode length: 339.90 +/- 58.12
-----------------------------------------
| eval/                   |             |
|    mean_ep_length       | 340         |
|    mean_reward          | -36.1       |
| time/                   |             |
|    total_timesteps      | 3353520     |
| train/                  |             |
|    approx_kl            | 0.050426602 |
|    clip_fraction        | 0.206       |
|    clip_range           | 0.2         |
|    entropy_loss         | -5.33       |
|    explained_variance   | 0.839       |
|    learning_rate        | 0.0003      |
|    loss                 | 0.132       |
|    n_updates            | 7030        |
|    policy_gradient_loss | -0.00762    |
|    std                  | 0.943       |
|    value_loss           | 8.14        |
-----------------------------------------
[episode ends] timestep 3353530: crashed=3 (2%), flipped=79 (49%), missed_goal=56 (35%), out_of_bounds=11 (7%), scored=11 (7%)
---------------------------------
| episode_end/       |          |
|    crashed         | 3        |
|    flipped         | 79       |
|    missed_goal     | 56       |
|    out_of_bounds   | 11       |
|    scored          | 11       |
| rollout/           |          |
|    ep_len_mean     | 305      |
|    ep_rew_mean     | -26.4    |
| time/              |          |
|    fps             | 110      |
|    iterations      | 459      |
|    time_elapsed    | 21254    |
|    total_timesteps | 3353600  |
---------------------------------
-----------------------------------------
| rollout/                |             |
|    ep_len_mean          | 315         |
|    ep_rew_mean          | -20.1       |
| time/                   |             |
|    fps                  | 110         |
|    iterations           | 460         |
|    time_elapsed         | 21295       |
|    total_timesteps      | 3358720     |
| train/                  |             |
|    approx_kl            | 0.058570236 |
|    clip_fraction        | 0.254       |
|    clip_range           | 0.2         |
|    entropy_loss         | -5.32       |
|    explained_variance   | 0.364       |
|    learning_rate        | 0.0003      |
|    loss                 | 621         |
|    n_updates            | 7040        |
|    policy_gradient_loss | -0.00166    |
|    std                  | 0.942       |
|    value_loss           | 80.4        |
-----------------------------------------
-----------------------------------------
| rollout/                |             |
|    ep_len_mean          | 311         |
|    ep_rew_mean          | -19.7       |
| time/                   |             |
|    fps                  | 110         |
|    iterations           | 461         |
|    time_elapsed         | 21340       |
|    total_timesteps      | 3363840     |
| train/                  |             |
|    approx_kl            | 0.030876905 |
|    clip_fraction        | 0.302       |
|    clip_range           | 0.2         |
|    entropy_loss         | -5.34       |
|    explained_variance   | 0.859       |
|    learning_rate        | 0.0003      |
|    loss                 | 0.274       |
|    n_updates            | 7050        |
|    policy_gradient_loss | 0.00061     |
|    std                  | 0.948       |
|    value_loss           | 4.61        |
-----------------------------------------
-----------------------------------------
| rollout/                |             |
|    ep_len_mean          | 314         |
|    ep_rew_mean          | -20.7       |
| time/                   |             |
|    fps                  | 110         |
|    iterations           | 462         |
|    time_elapsed         | 21388       |
|    total_timesteps      | 3368960     |
| train/                  |             |
|    approx_kl            | 0.043020662 |
|    clip_fraction        | 0.294       |
|    clip_range           | 0.2         |
|    entropy_loss         | -5.34       |
|    explained_variance   | 0.235       |
|    learning_rate        | 0.0003      |
|    loss                 | 0.007       |
|    n_updates            | 7060        |
|    policy_gradient_loss | -0.00148    |
|    std                  | 0.944       |
|    value_loss           | 138         |
-----------------------------------------
-----------------------------------------
| rollout/                |             |
|    ep_len_mean          | 331         |
|    ep_rew_mean          | -21.1       |
| time/                   |             |
|    fps                  | 110         |
|    iterations           | 463         |
|    time_elapsed         | 21432       |
|    total_timesteps      | 3374080     |
| train/                  |             |
|    approx_kl            | 0.046197448 |
|    clip_fraction        | 0.277       |
|    clip_range           | 0.2         |
|    entropy_loss         | -5.34       |
|    explained_variance   | 0.527       |
|    learning_rate        | 0.0003      |
|    loss                 | 0.155       |
|    n_updates            | 7070        |
|    policy_gradient_loss | -0.00177    |
|    std                  | 0.948       |
|    value_loss           | 57.6        |
-----------------------------------------
----------------------------------------
| rollout/                |            |
|    ep_len_mean          | 335        |
|    ep_rew_mean          | -17.5      |
| time/                   |            |
|    fps                  | 110        |
|    iterations           | 464        |
|    time_elapsed         | 21472      |
|    total_timesteps      | 3379200    |
| train/                  |            |
|    approx_kl            | 0.04160427 |
|    clip_fraction        | 0.271      |
|    clip_range           | 0.2        |
|    entropy_loss         | -5.35      |
|    explained_variance   | 0.919      |
|    learning_rate        | 0.0003     |
|    loss                 | 0.0151     |
|    n_updates            | 7080       |
|    policy_gradient_loss | 0.00288    |
|    std                  | 0.945      |
|    value_loss           | 2.4        |
----------------------------------------
-----------------------------------------
| rollout/                |             |
|    ep_len_mean          | 340         |
|    ep_rew_mean          | -16         |
| time/                   |             |
|    fps                  | 110         |
|    iterations           | 465         |
|    time_elapsed         | 21513       |
|    total_timesteps      | 3384320     |
| train/                  |             |
|    approx_kl            | 0.056309782 |
|    clip_fraction        | 0.283       |
|    clip_range           | 0.2         |
|    entropy_loss         | -5.34       |
|    explained_variance   | 0.754       |
|    learning_rate        | 0.0003      |
|    loss                 | 87.9        |
|    n_updates            | 7090        |
|    policy_gradient_loss | -0.00506    |
|    std                  | 0.944       |
|    value_loss           | 17.9        |
-----------------------------------------
-----------------------------------------
| rollout/                |             |
|    ep_len_mean          | 333         |
|    ep_rew_mean          | -17.9       |
| time/                   |             |
|    fps                  | 110         |
|    iterations           | 466         |
|    time_elapsed         | 21556       |
|    total_timesteps      | 3389440     |
| train/                  |             |
|    approx_kl            | 0.036795232 |
|    clip_fraction        | 0.25        |
|    clip_range           | 0.2         |
|    entropy_loss         | -5.35       |
|    explained_variance   | 0.632       |
|    learning_rate        | 0.0003      |
|    loss                 | 1.53        |
|    n_updates            | 7100        |
|    policy_gradient_loss | -0.00571    |
|    std                  | 0.942       |
|    value_loss           | 29.7        |
-----------------------------------------
----------------------------------------
| rollout/                |            |
|    ep_len_mean          | 332        |
|    ep_rew_mean          | -19.5      |
| time/                   |            |
|    fps                  | 110        |
|    iterations           | 467        |
|    time_elapsed         | 21598      |
|    total_timesteps      | 3394560    |
| train/                  |            |
|    approx_kl            | 0.04149739 |
|    clip_fraction        | 0.236      |
|    clip_range           | 0.2        |
|    entropy_loss         | -5.34      |
|    explained_variance   | 0.654      |
|    learning_rate        | 0.0003     |
|    loss                 | 0.0543     |
|    n_updates            | 7110       |
|    policy_gradient_loss | -0.00101   |
|    std                  | 0.943      |
|    value_loss           | 35.6       |
----------------------------------------
----------------------------------------
| rollout/                |            |
|    ep_len_mean          | 339        |
|    ep_rew_mean          | -18.5      |
| time/                   |            |
|    fps                  | 110        |
|    iterations           | 468        |
|    time_elapsed         | 21643      |
|    total_timesteps      | 3399680    |
| train/                  |            |
|    approx_kl            | 0.05698176 |
|    clip_fraction        | 0.167      |
|    clip_range           | 0.2        |
|    entropy_loss         | -5.34      |
|    explained_variance   | 0.509      |
|    learning_rate        | 0.0003     |
|    loss                 | 3.01       |
|    n_updates            | 7120       |
|    policy_gradient_loss | -0.00261   |
|    std                  | 0.942      |
|    value_loss           | 47.3       |
----------------------------------------
Eval num_timesteps=3403520, episode_reward=-8.43 +/- 68.47
Episode length: 317.80 +/- 123.27
-----------------------------------------
| eval/                   |             |
|    mean_ep_length       | 318         |
|    mean_reward          | -8.43       |
| time/                   |             |
|    total_timesteps      | 3403520     |
| train/                  |             |
|    approx_kl            | 0.030872265 |
|    clip_fraction        | 0.186       |
|    clip_range           | 0.2         |
|    entropy_loss         | -5.33       |
|    explained_variance   | 0.474       |
|    learning_rate        | 0.0003      |
|    loss                 | 1.44        |
|    n_updates            | 7130        |
|    policy_gradient_loss | -0.00772    |
|    std                  | 0.938       |
|    value_loss           | 57.5        |
-----------------------------------------
[progress] timestep 3403530
[episode ends] timestep 3403530: flipped=83 (54%), missed_goal=50 (33%), out_of_bounds=10 (7%), scored=10 (7%)
---------------------------------
| episode_end/       |          |
|    flipped         | 83       |
|    missed_goal     | 50       |
|    out_of_bounds   | 10       |
|    scored          | 10       |
| rollout/           |          |
|    ep_len_mean     | 325      |
|    ep_rew_mean     | -17.1    |
| time/              |          |
|    fps             | 110      |
|    iterations      | 469      |
|    time_elapsed    | 21696    |
|    total_timesteps | 3404800  |
---------------------------------
-----------------------------------------
| rollout/                |             |
|    ep_len_mean          | 299         |
|    ep_rew_mean          | -18.6       |
| time/                   |             |
|    fps                  | 110         |
|    iterations           | 470         |
|    time_elapsed         | 21742       |
|    total_timesteps      | 3409920     |
| train/                  |             |
|    approx_kl            | 0.021027109 |
|    clip_fraction        | 0.174       |
|    clip_range           | 0.2         |
|    entropy_loss         | -5.33       |
|    explained_variance   | 0.452       |
|    learning_rate        | 0.0003      |
|    loss                 | 247         |
|    n_updates            | 7140        |
|    policy_gradient_loss | -0.00687    |
|    std                  | 0.943       |
|    value_loss           | 46.1        |
-----------------------------------------
-----------------------------------------
| rollout/                |             |
|    ep_len_mean          | 295         |
|    ep_rew_mean          | -18.6       |
| time/                   |             |
|    fps                  | 110         |
|    iterations           | 471         |
|    time_elapsed         | 21786       |
|    total_timesteps      | 3415040     |
| train/                  |             |
|    approx_kl            | 0.022172512 |
|    clip_fraction        | 0.194       |
|    clip_range           | 0.2         |
|    entropy_loss         | -5.35       |
|    explained_variance   | 0.426       |
|    learning_rate        | 0.0003      |
|    loss                 | 337         |
|    n_updates            | 7150        |
|    policy_gradient_loss | -0.000868   |
|    std                  | 0.947       |
|    value_loss           | 67.5        |
-----------------------------------------
---------------------------------------
| rollout/                |           |
|    ep_len_mean          | 287       |
|    ep_rew_mean          | -17.6     |
| time/                   |           |
|    fps                  | 110       |
|    iterations           | 472       |
|    time_elapsed         | 21825     |
|    total_timesteps      | 3420160   |
| train/                  |           |
|    approx_kl            | 0.0430965 |
|    clip_fraction        | 0.251     |
|    clip_range           | 0.2       |
|    entropy_loss         | -5.35     |
|    explained_variance   | 0.831     |
|    learning_rate        | 0.0003    |
|    loss                 | 0.207     |
|    n_updates            | 7160      |
|    policy_gradient_loss | -0.00455  |
|    std                  | 0.945     |
|    value_loss           | 9.73      |
---------------------------------------
-----------------------------------------
| rollout/                |             |
|    ep_len_mean          | 266         |
|    ep_rew_mean          | -25.2       |
| time/                   |             |
|    fps                  | 110         |
|    iterations           | 473         |
|    time_elapsed         | 21871       |
|    total_timesteps      | 3425280     |
| train/                  |             |
|    approx_kl            | 0.022662971 |
|    clip_fraction        | 0.16        |
|    clip_range           | 0.2         |
|    entropy_loss         | -5.35       |
|    explained_variance   | 0.29        |
|    learning_rate        | 0.0003      |
|    loss                 | 0.129       |
|    n_updates            | 7170        |
|    policy_gradient_loss | -0.00574    |
|    std                  | 0.946       |
|    value_loss           | 126         |
-----------------------------------------
-----------------------------------------
| rollout/                |             |
|    ep_len_mean          | 271         |
|    ep_rew_mean          | -24.3       |
| time/                   |             |
|    fps                  | 110         |
|    iterations           | 474         |
|    time_elapsed         | 21914       |
|    total_timesteps      | 3430400     |
| train/                  |             |
|    approx_kl            | 0.032900233 |
|    clip_fraction        | 0.182       |
|    clip_range           | 0.2         |
|    entropy_loss         | -5.36       |
|    explained_variance   | 0.258       |
|    learning_rate        | 0.0003      |
|    loss                 | 3.36        |
|    n_updates            | 7180        |
|    policy_gradient_loss | -0.000781   |
|    std                  | 0.949       |
|    value_loss           | 154         |
-----------------------------------------
----------------------------------------
| rollout/                |            |
|    ep_len_mean          | 267        |
|    ep_rew_mean          | -28.1      |
| time/                   |            |
|    fps                  | 110        |
|    iterations           | 475        |
|    time_elapsed         | 21959      |
|    total_timesteps      | 3435520    |
| train/                  |            |
|    approx_kl            | 0.01988822 |
|    clip_fraction        | 0.109      |
|    clip_range           | 0.2        |
|    entropy_loss         | -5.36      |
|    explained_variance   | 0.391      |
|    learning_rate        | 0.0003     |
|    loss                 | 1.06       |
|    n_updates            | 7190       |
|    policy_gradient_loss | -0.00454   |
|    std                  | 0.948      |
|    value_loss           | 69.5       |
----------------------------------------
----------------------------------------
| rollout/                |            |
|    ep_len_mean          | 272        |
|    ep_rew_mean          | -29        |
| time/                   |            |
|    fps                  | 110        |
|    iterations           | 476        |
|    time_elapsed         | 22002      |
|    total_timesteps      | 3440640    |
| train/                  |            |
|    approx_kl            | 0.02707096 |
|    clip_fraction        | 0.126      |
|    clip_range           | 0.2        |
|    entropy_loss         | -5.35      |
|    explained_variance   | 0.51       |
|    learning_rate        | 0.0003     |
|    loss                 | 0.297      |
|    n_updates            | 7200       |
|    policy_gradient_loss | -0.00143   |
|    std                  | 0.947      |
|    value_loss           | 20.8       |
----------------------------------------
-----------------------------------------
| rollout/                |             |
|    ep_len_mean          | 270         |
|    ep_rew_mean          | -26         |
| time/                   |             |
|    fps                  | 110         |
|    iterations           | 477         |
|    time_elapsed         | 22047       |
|    total_timesteps      | 3445760     |
| train/                  |             |
|    approx_kl            | 0.018919438 |
|    clip_fraction        | 0.147       |
|    clip_range           | 0.2         |
|    entropy_loss         | -5.35       |
|    explained_variance   | 0.258       |
|    learning_rate        | 0.0003      |
|    loss                 | 2.98        |
|    n_updates            | 7210        |
|    policy_gradient_loss | -0.00275    |
|    std                  | 0.949       |
|    value_loss           | 83.5        |
-----------------------------------------
-----------------------------------------
| rollout/                |             |
|    ep_len_mean          | 282         |
|    ep_rew_mean          | -18.6       |
| time/                   |             |
|    fps                  | 110         |
|    iterations           | 478         |
|    time_elapsed         | 22090       |
|    total_timesteps      | 3450880     |
| train/                  |             |
|    approx_kl            | 0.016657574 |
|    clip_fraction        | 0.128       |
|    clip_range           | 0.2         |
|    entropy_loss         | -5.36       |
|    explained_variance   | 0.642       |
|    learning_rate        | 0.0003      |
|    loss                 | 0.936       |
|    n_updates            | 7220        |
|    policy_gradient_loss | -0.00956    |
|    std                  | 0.947       |
|    value_loss           | 13.5        |
-----------------------------------------
Eval num_timesteps=3453520, episode_reward=-50.15 +/- 96.18
Episode length: 316.20 +/- 181.73
-----------------------------------------
| eval/                   |             |
|    mean_ep_length       | 316         |
|    mean_reward          | -50.1       |
| time/                   |             |
|    total_timesteps      | 3453520     |
| train/                  |             |
|    approx_kl            | 0.029058034 |
|    clip_fraction        | 0.202       |
|    clip_range           | 0.2         |
|    entropy_loss         | -5.35       |
|    explained_variance   | 0.592       |
|    learning_rate        | 0.0003      |
|    loss                 | 0.196       |
|    n_updates            | 7230        |
|    policy_gradient_loss | -0.00389    |
|    std                  | 0.945       |
|    value_loss           | 21.9        |
-----------------------------------------
[episode ends] timestep 3453530: flipped=103 (58%), missed_goal=45 (25%), out_of_bounds=10 (6%), scored=21 (12%)
---------------------------------
| episode_end/       |          |
|    flipped         | 103      |
|    missed_goal     | 45       |
|    out_of_bounds   | 10       |
|    scored          | 21       |
| rollout/           |          |
|    ep_len_mean     | 295      |
|    ep_rew_mean     | -18      |
| time/              |          |
|    fps             | 110      |
|    iterations      | 479      |
|    time_elapsed    | 22140    |
|    total_timesteps | 3456000  |
---------------------------------
----------------------------------------
| rollout/                |            |
|    ep_len_mean          | 299        |
|    ep_rew_mean          | -18.1      |
| time/                   |            |
|    fps                  | 110        |
|    iterations           | 480        |
|    time_elapsed         | 22189      |
|    total_timesteps      | 3461120    |
| train/                  |            |
|    approx_kl            | 0.03589091 |
|    clip_fraction        | 0.227      |
|    clip_range           | 0.2        |
|    entropy_loss         | -5.34      |
|    explained_variance   | 0.188      |
|    learning_rate        | 0.0003     |
|    loss                 | 0.489      |
|    n_updates            | 7240       |
|    policy_gradient_loss | 0.000507   |
|    std                  | 0.944      |
|    value_loss           | 122        |
----------------------------------------
----------------------------------------
| rollout/                |            |
|    ep_len_mean          | 302        |
|    ep_rew_mean          | -18.7      |
| time/                   |            |
|    fps                  | 110        |
|    iterations           | 481        |
|    time_elapsed         | 22233      |
|    total_timesteps      | 3466240    |
| train/                  |            |
|    approx_kl            | 0.02908876 |
|    clip_fraction        | 0.235      |
|    clip_range           | 0.2        |
|    entropy_loss         | -5.34      |
|    explained_variance   | 0.725      |
|    learning_rate        | 0.0003     |
|    loss                 | 0.236      |
|    n_updates            | 7250       |
|    policy_gradient_loss | -0.00426   |
|    std                  | 0.946      |
|    value_loss           | 16         |
----------------------------------------
-----------------------------------------
| rollout/                |             |
|    ep_len_mean          | 309         |
|    ep_rew_mean          | -22         |
| time/                   |             |
|    fps                  | 110         |
|    iterations           | 482         |
|    time_elapsed         | 22273       |
|    total_timesteps      | 3471360     |
| train/                  |             |
|    approx_kl            | 0.024672097 |
|    clip_fraction        | 0.177       |
|    clip_range           | 0.2         |
|    entropy_loss         | -5.35       |
|    explained_variance   | 0.313       |
|    learning_rate        | 0.0003      |
|    loss                 | 4.24        |
|    n_updates            | 7260        |
|    policy_gradient_loss | -0.00698    |
|    std                  | 0.948       |
|    value_loss           | 141         |
-----------------------------------------
----------------------------------------
| rollout/                |            |
|    ep_len_mean          | 318        |
|    ep_rew_mean          | -23.7      |
| time/                   |            |
|    fps                  | 110        |
|    iterations           | 483        |
|    time_elapsed         | 22311      |
|    total_timesteps      | 3476480    |
| train/                  |            |
|    approx_kl            | 0.03661838 |
|    clip_fraction        | 0.262      |
|    clip_range           | 0.2        |
|    entropy_loss         | -5.34      |
|    explained_variance   | 0.54       |
|    learning_rate        | 0.0003     |
|    loss                 | 2.02       |
|    n_updates            | 7270       |
|    policy_gradient_loss | -0.00414   |
|    std                  | 0.943      |
|    value_loss           | 37.9       |
----------------------------------------
-----------------------------------------
| rollout/                |             |
|    ep_len_mean          | 317         |
|    ep_rew_mean          | -33.4       |
| time/                   |             |
|    fps                  | 110         |
|    iterations           | 484         |
|    time_elapsed         | 22352       |
|    total_timesteps      | 3481600     |
| train/                  |             |
|    approx_kl            | 0.029999992 |
|    clip_fraction        | 0.17        |
|    clip_range           | 0.2         |
|    entropy_loss         | -5.34       |
|    explained_variance   | 0.142       |
|    learning_rate        | 0.0003      |
|    loss                 | 41.8        |
|    n_updates            | 7280        |
|    policy_gradient_loss | -0.00441    |
|    std                  | 0.944       |
|    value_loss           | 255         |
-----------------------------------------
-----------------------------------------
| rollout/                |             |
|    ep_len_mean          | 323         |
|    ep_rew_mean          | -31         |
| time/                   |             |
|    fps                  | 110         |
|    iterations           | 485         |
|    time_elapsed         | 22390       |
|    total_timesteps      | 3486720     |
| train/                  |             |
|    approx_kl            | 0.030837402 |
|    clip_fraction        | 0.194       |
|    clip_range           | 0.2         |
|    entropy_loss         | -5.33       |
|    explained_variance   | 0.29        |
|    learning_rate        | 0.0003      |
|    loss                 | 0.332       |
|    n_updates            | 7290        |
|    policy_gradient_loss | -0.00465    |
|    std                  | 0.94        |
|    value_loss           | 89.9        |
-----------------------------------------
-----------------------------------------
| rollout/                |             |
|    ep_len_mean          | 331         |
|    ep_rew_mean          | -35.2       |
| time/                   |             |
|    fps                  | 110         |
|    iterations           | 486         |
|    time_elapsed         | 22430       |
|    total_timesteps      | 3491840     |
| train/                  |             |
|    approx_kl            | 0.057536345 |
|    clip_fraction        | 0.312       |
|    clip_range           | 0.2         |
|    entropy_loss         | -5.33       |
|    explained_variance   | 0.441       |
|    learning_rate        | 0.0003      |
|    loss                 | 83.3        |
|    n_updates            | 7300        |
|    policy_gradient_loss | 0.000851    |
|    std                  | 0.945       |
|    value_loss           | 48.4        |
-----------------------------------------
-----------------------------------------
| rollout/                |             |
|    ep_len_mean          | 344         |
|    ep_rew_mean          | -31.5       |
| time/                   |             |
|    fps                  | 110         |
|    iterations           | 487         |
|    time_elapsed         | 22470       |
|    total_timesteps      | 3496960     |
| train/                  |             |
|    approx_kl            | 0.023037579 |
|    clip_fraction        | 0.236       |
|    clip_range           | 0.2         |
|    entropy_loss         | -5.34       |
|    explained_variance   | 0.549       |
|    learning_rate        | 0.0003      |
|    loss                 | 0.106       |
|    n_updates            | 7310        |
|    policy_gradient_loss | -0.00509    |
|    std                  | 0.943       |
|    value_loss           | 49.5        |
-----------------------------------------
-----------------------------------------
| rollout/                |             |
|    ep_len_mean          | 343         |
|    ep_rew_mean          | -33.4       |
| time/                   |             |
|    fps                  | 110         |
|    iterations           | 488         |
|    time_elapsed         | 22518       |
|    total_timesteps      | 3502080     |
| train/                  |             |
|    approx_kl            | 0.027186072 |
|    clip_fraction        | 0.147       |
|    clip_range           | 0.2         |
|    entropy_loss         | -5.33       |
|    explained_variance   | 0.204       |
|    learning_rate        | 0.0003      |
|    loss                 | 0.396       |
|    n_updates            | 7320        |
|    policy_gradient_loss | -0.00744    |
|    std                  | 0.943       |
|    value_loss           | 108         |
-----------------------------------------
Eval num_timesteps=3503520, episode_reward=-22.05 +/- 40.52
Episode length: 403.80 +/- 143.95
-----------------------------------------
| eval/                   |             |
|    mean_ep_length       | 404         |
|    mean_reward          | -22         |
| time/                   |             |
|    total_timesteps      | 3503520     |
| train/                  |             |
|    approx_kl            | 0.021973915 |
|    clip_fraction        | 0.205       |
|    clip_range           | 0.2         |
|    entropy_loss         | -5.34       |
|    explained_variance   | 0.174       |
|    learning_rate        | 0.0003      |
|    loss                 | 0.287       |
|    n_updates            | 7330        |
|    policy_gradient_loss | -0.0014     |
|    std                  | 0.947       |
|    value_loss           | 478         |
-----------------------------------------
[progress] timestep 3503530
[episode ends] timestep 3503530: flipped=82 (55%), missed_goal=42 (28%), out_of_bounds=16 (11%), scored=10 (7%)
---------------------------------
| episode_end/       |          |
|    flipped         | 82       |
|    missed_goal     | 42       |
|    out_of_bounds   | 16       |
|    scored          | 10       |
| rollout/           |          |
|    ep_len_mean     | 356      |
|    ep_rew_mean     | -43.8    |
| time/              |          |
|    fps             | 110      |
|    iterations      | 489      |
|    time_elapsed    | 22559    |
|    total_timesteps | 3507200  |
---------------------------------
-----------------------------------------
| rollout/                |             |
|    ep_len_mean          | 357         |
|    ep_rew_mean          | -40.1       |
| time/                   |             |
|    fps                  | 110         |
|    iterations           | 490         |
|    time_elapsed         | 22605       |
|    total_timesteps      | 3512320     |
| train/                  |             |
|    approx_kl            | 0.048521716 |
|    clip_fraction        | 0.253       |
|    clip_range           | 0.2         |
|    entropy_loss         | -5.35       |
|    explained_variance   | 0.712       |
|    learning_rate        | 0.0003      |
|    loss                 | 0.145       |
|    n_updates            | 7340        |
|    policy_gradient_loss | -0.00296    |
|    std                  | 0.946       |
|    value_loss           | 20.7        |
-----------------------------------------
----------------------------------------
| rollout/                |            |
|    ep_len_mean          | 368        |
|    ep_rew_mean          | -36.4      |
| time/                   |            |
|    fps                  | 111        |
|    iterations           | 491        |
|    time_elapsed         | 22639      |
|    total_timesteps      | 3517440    |
| train/                  |            |
|    approx_kl            | 0.05129814 |
|    clip_fraction        | 0.239      |
|    clip_range           | 0.2        |
|    entropy_loss         | -5.34      |
|    explained_variance   | 0.806      |
|    learning_rate        | 0.0003     |
|    loss                 | 0.793      |
|    n_updates            | 7350       |
|    policy_gradient_loss | 0.000157   |
|    std                  | 0.943      |
|    value_loss           | 3.97       |
----------------------------------------
-----------------------------------------
| rollout/                |             |
|    ep_len_mean          | 357         |
|    ep_rew_mean          | -37.6       |
| time/                   |             |
|    fps                  | 111         |
|    iterations           | 492         |
|    time_elapsed         | 22679       |
|    total_timesteps      | 3522560     |
| train/                  |             |
|    approx_kl            | 0.025407499 |
|    clip_fraction        | 0.205       |
|    clip_range           | 0.2         |
|    entropy_loss         | -5.32       |
|    explained_variance   | 0.385       |
|    learning_rate        | 0.0003      |
|    loss                 | 0.227       |
|    n_updates            | 7360        |
|    policy_gradient_loss | -0.0059     |
|    std                  | 0.938       |
|    value_loss           | 84.7        |
-----------------------------------------
---------------------------------------
| rollout/                |           |
|    ep_len_mean          | 349       |
|    ep_rew_mean          | -37.6     |
| time/                   |           |
|    fps                  | 111       |
|    iterations           | 493       |
|    time_elapsed         | 22723     |
|    total_timesteps      | 3527680   |
| train/                  |           |
|    approx_kl            | 0.0454451 |
|    clip_fraction        | 0.253     |
|    clip_range           | 0.2       |
|    entropy_loss         | -5.29     |
|    explained_variance   | 0.368     |
|    learning_rate        | 0.0003    |
|    loss                 | 89.3      |
|    n_updates            | 7370      |
|    policy_gradient_loss | 0.0014    |
|    std                  | 0.933     |
|    value_loss           | 78.9      |
---------------------------------------
----------------------------------------
| rollout/                |            |
|    ep_len_mean          | 340        |
|    ep_rew_mean          | -32.5      |
| time/                   |            |
|    fps                  | 111        |
|    iterations           | 494        |
|    time_elapsed         | 22766      |
|    total_timesteps      | 3532800    |
| train/                  |            |
|    approx_kl            | 0.03121673 |
|    clip_fraction        | 0.182      |
|    clip_range           | 0.2        |
|    entropy_loss         | -5.28      |
|    explained_variance   | 0.535      |
|    learning_rate        | 0.0003     |
|    loss                 | 0.644      |
|    n_updates            | 7380       |
|    policy_gradient_loss | -0.00891   |
|    std                  | 0.929      |
|    value_loss           | 64.3       |
----------------------------------------
-----------------------------------------
| rollout/                |             |
|    ep_len_mean          | 333         |
|    ep_rew_mean          | -18.1       |
| time/                   |             |
|    fps                  | 111         |
|    iterations           | 495         |
|    time_elapsed         | 22808       |
|    total_timesteps      | 3537920     |
| train/                  |             |
|    approx_kl            | 0.037184365 |
|    clip_fraction        | 0.228       |
|    clip_range           | 0.2         |
|    entropy_loss         | -5.28       |
|    explained_variance   | 0.347       |
|    learning_rate        | 0.0003      |
|    loss                 | 1.11        |
|    n_updates            | 7390        |
|    policy_gradient_loss | -0.00158    |
|    std                  | 0.931       |
|    value_loss           | 23.7        |
-----------------------------------------
----------------------------------------
| rollout/                |            |
|    ep_len_mean          | 330        |
|    ep_rew_mean          | -18.1      |
| time/                   |            |
|    fps                  | 111        |
|    iterations           | 496        |
|    time_elapsed         | 22847      |
|    total_timesteps      | 3543040    |
| train/                  |            |
|    approx_kl            | 0.06486453 |
|    clip_fraction        | 0.277      |
|    clip_range           | 0.2        |
|    entropy_loss         | -5.28      |
|    explained_variance   | 0.221      |
|    learning_rate        | 0.0003     |
|    loss                 | 0.302      |
|    n_updates            | 7400       |
|    policy_gradient_loss | 0.0025     |
|    std                  | 0.933      |
|    value_loss           | 87.5       |
----------------------------------------
-----------------------------------------
| rollout/                |             |
|    ep_len_mean          | 320         |
|    ep_rew_mean          | -17.9       |
| time/                   |             |
|    fps                  | 111         |
|    iterations           | 497         |
|    time_elapsed         | 22881       |
|    total_timesteps      | 3548160     |
| train/                  |             |
|    approx_kl            | 0.056409836 |
|    clip_fraction        | 0.313       |
|    clip_range           | 0.2         |
|    entropy_loss         | -5.29       |
|    explained_variance   | 0.443       |
|    learning_rate        | 0.0003      |
|    loss                 | 5.82        |
|    n_updates            | 7410        |
|    policy_gradient_loss | 0.00869     |
|    std                  | 0.933       |
|    value_loss           | 28.5        |
-----------------------------------------
----------------------------------------
| rollout/                |            |
|    ep_len_mean          | 321        |
|    ep_rew_mean          | -16.7      |
| time/                   |            |
|    fps                  | 111        |
|    iterations           | 498        |
|    time_elapsed         | 22933      |
|    total_timesteps      | 3553280    |
| train/                  |            |
|    approx_kl            | 0.02909865 |
|    clip_fraction        | 0.191      |
|    clip_range           | 0.2        |
|    entropy_loss         | -5.27      |
|    explained_variance   | 0.51       |
|    learning_rate        | 0.0003     |
|    loss                 | 3.1        |
|    n_updates            | 7420       |
|    policy_gradient_loss | -0.0052    |
|    std                  | 0.925      |
|    value_loss           | 20.1       |
----------------------------------------
Eval num_timesteps=3553520, episode_reward=-26.63 +/- 45.50
Episode length: 346.00 +/- 49.20
-----------------------------------------
| eval/                   |             |
|    mean_ep_length       | 346         |
|    mean_reward          | -26.6       |
| time/                   |             |
|    total_timesteps      | 3553520     |
| train/                  |             |
|    approx_kl            | 0.061051458 |
|    clip_fraction        | 0.343       |
|    clip_range           | 0.2         |
|    entropy_loss         | -5.25       |
|    explained_variance   | 0.603       |
|    learning_rate        | 0.0003      |
|    loss                 | 11          |
|    n_updates            | 7430        |
|    policy_gradient_loss | 0.0035      |
|    std                  | 0.924       |
|    value_loss           | 16.9        |
-----------------------------------------
[episode ends] timestep 3553530: flipped=63 (43%), missed_goal=62 (42%), out_of_bounds=17 (12%), scored=5 (3%)
---------------------------------
| episode_end/       |          |
|    flipped         | 63       |
|    missed_goal     | 62       |
|    out_of_bounds   | 17       |
|    scored          | 5        |
| rollout/           |          |
|    ep_len_mean     | 331      |
|    ep_rew_mean     | -15.2    |
| time/              |          |
|    fps             | 111      |
|    iterations      | 499      |
|    time_elapsed    | 22982    |
|    total_timesteps | 3558400  |
---------------------------------
-----------------------------------------
| rollout/                |             |
|    ep_len_mean          | 335         |
|    ep_rew_mean          | -16.9       |
| time/                   |             |
|    fps                  | 111         |
|    iterations           | 500         |
|    time_elapsed         | 23021       |
|    total_timesteps      | 3563520     |
| train/                  |             |
|    approx_kl            | 0.043423146 |
|    clip_fraction        | 0.305       |
|    clip_range           | 0.2         |
|    entropy_loss         | -5.24       |
|    explained_variance   | 0.935       |
|    learning_rate        | 0.0003      |
|    loss                 | 2.05        |
|    n_updates            | 7440        |
|    policy_gradient_loss | -0.00441    |
|    std                  | 0.921       |
|    value_loss           | 1.31        |
-----------------------------------------
-----------------------------------------
| rollout/                |             |
|    ep_len_mean          | 340         |
|    ep_rew_mean          | -19.7       |
| time/                   |             |
|    fps                  | 111         |
|    iterations           | 501         |
|    time_elapsed         | 23073       |
|    total_timesteps      | 3568640     |
| train/                  |             |
|    approx_kl            | 0.038162258 |
|    clip_fraction        | 0.264       |
|    clip_range           | 0.2         |
|    entropy_loss         | -5.23       |
|    explained_variance   | 0.372       |
|    learning_rate        | 0.0003      |
|    loss                 | 0.00829     |
|    n_updates            | 7450        |
|    policy_gradient_loss | -0.00184    |
|    std                  | 0.918       |
|    value_loss           | 46.1        |
-----------------------------------------
-----------------------------------------
| rollout/                |             |
|    ep_len_mean          | 331         |
|    ep_rew_mean          | -20         |
| time/                   |             |
|    fps                  | 111         |
|    iterations           | 502         |
|    time_elapsed         | 23109       |
|    total_timesteps      | 3573760     |
| train/                  |             |
|    approx_kl            | 0.045331918 |
|    clip_fraction        | 0.26        |
|    clip_range           | 0.2         |
|    entropy_loss         | -5.23       |
|    explained_variance   | 0.435       |
|    learning_rate        | 0.0003      |
|    loss                 | 0.0186      |
|    n_updates            | 7460        |
|    policy_gradient_loss | -0.0019     |
|    std                  | 0.919       |
|    value_loss           | 32.5        |
-----------------------------------------
----------------------------------------
| rollout/                |            |
|    ep_len_mean          | 333        |
|    ep_rew_mean          | -18.3      |
| time/                   |            |
|    fps                  | 111        |
|    iterations           | 503        |
|    time_elapsed         | 23154      |
|    total_timesteps      | 3578880    |
| train/                  |            |
|    approx_kl            | 0.03211126 |
|    clip_fraction        | 0.258      |
|    clip_range           | 0.2        |
|    entropy_loss         | -5.22      |
|    explained_variance   | 0.314      |
|    learning_rate        | 0.0003     |
|    loss                 | 162        |
|    n_updates            | 7470       |
|    policy_gradient_loss | -0.00207   |
|    std                  | 0.914      |
|    value_loss           | 69.2       |
----------------------------------------
-----------------------------------------
| rollout/                |             |
|    ep_len_mean          | 336         |
|    ep_rew_mean          | -20.1       |
| time/                   |             |
|    fps                  | 111         |
|    iterations           | 504         |
|    time_elapsed         | 23197       |
|    total_timesteps      | 3584000     |
| train/                  |             |
|    approx_kl            | 0.057733536 |
|    clip_fraction        | 0.325       |
|    clip_range           | 0.2         |
|    entropy_loss         | -5.2        |
|    explained_variance   | 0.724       |
|    learning_rate        | 0.0003      |
|    loss                 | 0.0153      |
|    n_updates            | 7480        |
|    policy_gradient_loss | 0.00333     |
|    std                  | 0.915       |
|    value_loss           | 6.45        |
-----------------------------------------
----------------------------------------
| rollout/                |            |
|    ep_len_mean          | 336        |
|    ep_rew_mean          | -19.6      |
| time/                   |            |
|    fps                  | 111        |
|    iterations           | 505        |
|    time_elapsed         | 23238      |
|    total_timesteps      | 3589120    |
| train/                  |            |
|    approx_kl            | 0.04069523 |
|    clip_fraction        | 0.228      |
|    clip_range           | 0.2        |
|    entropy_loss         | -5.19      |
|    explained_variance   | 0.541      |
|    learning_rate        | 0.0003     |
|    loss                 | 0.09       |
|    n_updates            | 7490       |
|    policy_gradient_loss | -0.00238   |
|    std                  | 0.91       |
|    value_loss           | 37.1       |
----------------------------------------
----------------------------------------
| rollout/                |            |
|    ep_len_mean          | 329        |
|    ep_rew_mean          | -17.3      |
| time/                   |            |
|    fps                  | 111        |
|    iterations           | 506        |
|    time_elapsed         | 23284      |
|    total_timesteps      | 3594240    |
| train/                  |            |
|    approx_kl            | 0.03523637 |
|    clip_fraction        | 0.188      |
|    clip_range           | 0.2        |
|    entropy_loss         | -5.18      |
|    explained_variance   | 0.904      |
|    learning_rate        | 0.0003     |
|    loss                 | 0.818      |
|    n_updates            | 7500       |
|    policy_gradient_loss | -0.00619   |
|    std                  | 0.911      |
|    value_loss           | 2.28       |
----------------------------------------
-----------------------------------------
| rollout/                |             |
|    ep_len_mean          | 327         |
|    ep_rew_mean          | -17.3       |
| time/                   |             |
|    fps                  | 111         |
|    iterations           | 507         |
|    time_elapsed         | 23331       |
|    total_timesteps      | 3599360     |
| train/                  |             |
|    approx_kl            | 0.035066016 |
|    clip_fraction        | 0.234       |
|    clip_range           | 0.2         |
|    entropy_loss         | -5.19       |
|    explained_variance   | 0.874       |
|    learning_rate        | 0.0003      |
|    loss                 | 0.156       |
|    n_updates            | 7510        |
|    policy_gradient_loss | -0.00494    |
|    std                  | 0.915       |
|    value_loss           | 2.07        |
-----------------------------------------
Eval num_timesteps=3603520, episode_reward=-15.35 +/- 50.16
Episode length: 334.90 +/- 52.81
-----------------------------------------
| eval/                   |             |
|    mean_ep_length       | 335         |
|    mean_reward          | -15.4       |
| time/                   |             |
|    total_timesteps      | 3603520     |
| train/                  |             |
|    approx_kl            | 0.048319828 |
|    clip_fraction        | 0.271       |
|    clip_range           | 0.2         |
|    entropy_loss         | -5.19       |
|    explained_variance   | 0.941       |
|    learning_rate        | 0.0003      |
|    loss                 | 0.407       |
|    n_updates            | 7520        |
|    policy_gradient_loss | -0.00504    |
|    std                  | 0.912       |
|    value_loss           | 1.05        |
-----------------------------------------
[progress] timestep 3603530
[episode ends] timestep 3603530: flipped=62 (41%), missed_goal=66 (44%), out_of_bounds=23 (15%)
---------------------------------
| episode_end/       |          |
|    flipped         | 62       |
|    missed_goal     | 66       |
|    out_of_bounds   | 23       |
| rollout/           |          |
|    ep_len_mean     | 331      |
|    ep_rew_mean     | -12.1    |
| time/              |          |
|    fps             | 111      |
|    iterations      | 508      |
|    time_elapsed    | 23378    |
|    total_timesteps | 3604480  |
---------------------------------
-----------------------------------------
| rollout/                |             |
|    ep_len_mean          | 327         |
|    ep_rew_mean          | -13.9       |
| time/                   |             |
|    fps                  | 111         |
|    iterations           | 509         |
|    time_elapsed         | 23425       |
|    total_timesteps      | 3609600     |
| train/                  |             |
|    approx_kl            | 0.025935534 |
|    clip_fraction        | 0.222       |
|    clip_range           | 0.2         |
|    entropy_loss         | -5.17       |
|    explained_variance   | 0.929       |
|    learning_rate        | 0.0003      |
|    loss                 | 1.52        |
|    n_updates            | 7530        |
|    policy_gradient_loss | -0.00921    |
|    std                  | 0.91        |
|    value_loss           | 1.38        |
-----------------------------------------
-----------------------------------------
| rollout/                |             |
|    ep_len_mean          | 320         |
|    ep_rew_mean          | -13.4       |
| time/                   |             |
|    fps                  | 111         |
|    iterations           | 510         |
|    time_elapsed         | 23464       |
|    total_timesteps      | 3614720     |
| train/                  |             |
|    approx_kl            | 0.029279735 |
|    clip_fraction        | 0.25        |
|    clip_range           | 0.2         |
|    entropy_loss         | -5.17       |
|    explained_variance   | 0.234       |
|    learning_rate        | 0.0003      |
|    loss                 | 0.0688      |
|    n_updates            | 7540        |
|    policy_gradient_loss | -0.00656    |
|    std                  | 0.908       |
|    value_loss           | 103         |
-----------------------------------------
----------------------------------------
| rollout/                |            |
|    ep_len_mean          | 317        |
|    ep_rew_mean          | -8.57      |
| time/                   |            |
|    fps                  | 111        |
|    iterations           | 511        |
|    time_elapsed         | 23513      |
|    total_timesteps      | 3619840    |
| train/                  |            |
|    approx_kl            | 0.03335529 |
|    clip_fraction        | 0.272      |
|    clip_range           | 0.2        |
|    entropy_loss         | -5.15      |
|    explained_variance   | 0.47       |
|    learning_rate        | 0.0003     |
|    loss                 | -0.0358    |
|    n_updates            | 7550       |
|    policy_gradient_loss | -0.00359   |
|    std                  | 0.905      |
|    value_loss           | 22.7       |
----------------------------------------
-----------------------------------------
| rollout/                |             |
|    ep_len_mean          | 315         |
|    ep_rew_mean          | -11.7       |
| time/                   |             |
|    fps                  | 111         |
|    iterations           | 512         |
|    time_elapsed         | 23553       |
|    total_timesteps      | 3624960     |
| train/                  |             |
|    approx_kl            | 0.025934303 |
|    clip_fraction        | 0.245       |
|    clip_range           | 0.2         |
|    entropy_loss         | -5.14       |
|    explained_variance   | 0.759       |
|    learning_rate        | 0.0003      |
|    loss                 | 0.156       |
|    n_updates            | 7560        |
|    policy_gradient_loss | -0.0111     |
|    std                  | 0.901       |
|    value_loss           | 6.23        |
-----------------------------------------
-----------------------------------------
| rollout/                |             |
|    ep_len_mean          | 321         |
|    ep_rew_mean          | -12.5       |
| time/                   |             |
|    fps                  | 111         |
|    iterations           | 513         |
|    time_elapsed         | 23602       |
|    total_timesteps      | 3630080     |
| train/                  |             |
|    approx_kl            | 0.026813429 |
|    clip_fraction        | 0.231       |
|    clip_range           | 0.2         |
|    entropy_loss         | -5.12       |
|    explained_variance   | 0.422       |
|    learning_rate        | 0.0003      |
|    loss                 | 0.00751     |
|    n_updates            | 7570        |
|    policy_gradient_loss | -0.00792    |
|    std                  | 0.894       |
|    value_loss           | 94          |
-----------------------------------------
-----------------------------------------
| rollout/                |             |
|    ep_len_mean          | 322         |
|    ep_rew_mean          | -15.9       |
| time/                   |             |
|    fps                  | 111         |
|    iterations           | 514         |
|    time_elapsed         | 23642       |
|    total_timesteps      | 3635200     |
| train/                  |             |
|    approx_kl            | 0.038881768 |
|    clip_fraction        | 0.252       |
|    clip_range           | 0.2         |
|    entropy_loss         | -5.11       |
|    explained_variance   | 0.561       |
|    learning_rate        | 0.0003      |
|    loss                 | 0.0686      |
|    n_updates            | 7580        |
|    policy_gradient_loss | -0.00899    |
|    std                  | 0.894       |
|    value_loss           | 55.5        |
-----------------------------------------
-----------------------------------------
| rollout/                |             |
|    ep_len_mean          | 322         |
|    ep_rew_mean          | -17.2       |
| time/                   |             |
|    fps                  | 111         |
|    iterations           | 515         |
|    time_elapsed         | 23679       |
|    total_timesteps      | 3640320     |
| train/                  |             |
|    approx_kl            | 0.031235402 |
|    clip_fraction        | 0.234       |
|    clip_range           | 0.2         |
|    entropy_loss         | -5.09       |
|    explained_variance   | 0.724       |
|    learning_rate        | 0.0003      |
|    loss                 | 1.26        |
|    n_updates            | 7590        |
|    policy_gradient_loss | -0.00708    |
|    std                  | 0.889       |
|    value_loss           | 21.1        |
-----------------------------------------
-----------------------------------------
| rollout/                |             |
|    ep_len_mean          | 322         |
|    ep_rew_mean          | -18.2       |
| time/                   |             |
|    fps                  | 111         |
|    iterations           | 516         |
|    time_elapsed         | 23727       |
|    total_timesteps      | 3645440     |
| train/                  |             |
|    approx_kl            | 0.041396882 |
|    clip_fraction        | 0.3         |
|    clip_range           | 0.2         |
|    entropy_loss         | -5.07       |
|    explained_variance   | 0.932       |
|    learning_rate        | 0.0003      |
|    loss                 | -0.0116     |
|    n_updates            | 7600        |
|    policy_gradient_loss | -0.00272    |
|    std                  | 0.884       |
|    value_loss           | 1.65        |
-----------------------------------------
-----------------------------------------
| rollout/                |             |
|    ep_len_mean          | 325         |
|    ep_rew_mean          | -14.6       |
| time/                   |             |
|    fps                  | 111         |
|    iterations           | 517         |
|    time_elapsed         | 23777       |
|    total_timesteps      | 3650560     |
| train/                  |             |
|    approx_kl            | 0.041799556 |
|    clip_fraction        | 0.226       |
|    clip_range           | 0.2         |
|    entropy_loss         | -5.06       |
|    explained_variance   | 0.142       |
|    learning_rate        | 0.0003      |
|    loss                 | 0.137       |
|    n_updates            | 7610        |
|    policy_gradient_loss | -0.00352    |
|    std                  | 0.883       |
|    value_loss           | 177         |
-----------------------------------------
Eval num_timesteps=3653520, episode_reward=-7.84 +/- 34.56
Episode length: 296.50 +/- 18.01
-----------------------------------------
| eval/                   |             |
|    mean_ep_length       | 296         |
|    mean_reward          | -7.84       |
| time/                   |             |
|    total_timesteps      | 3653520     |
| train/                  |             |
|    approx_kl            | 0.028034229 |
|    clip_fraction        | 0.172       |
|    clip_range           | 0.2         |
|    entropy_loss         | -5.06       |
|    explained_variance   | 0.24        |
|    learning_rate        | 0.0003      |
|    loss                 | 0.833       |
|    n_updates            | 7620        |
|    policy_gradient_loss | -0.00347    |
|    std                  | 0.882       |
|    value_loss           | 41.9        |
-----------------------------------------
[episode ends] timestep 3653530: flipped=45 (29%), missed_goal=89 (57%), out_of_bounds=13 (8%), scored=9 (6%)
---------------------------------
| episode_end/       |          |
|    flipped         | 45       |
|    missed_goal     | 89       |
|    out_of_bounds   | 13       |
|    scored          | 9        |
| rollout/           |          |
|    ep_len_mean     | 325      |
|    ep_rew_mean     | -9.72    |
| time/              |          |
|    fps             | 111      |
|    iterations      | 518      |
|    time_elapsed    | 23832    |
|    total_timesteps | 3655680  |
---------------------------------
-----------------------------------------
| rollout/                |             |
|    ep_len_mean          | 321         |
|    ep_rew_mean          | -5.27       |
| time/                   |             |
|    fps                  | 111         |
|    iterations           | 519         |
|    time_elapsed         | 23878       |
|    total_timesteps      | 3660800     |
| train/                  |             |
|    approx_kl            | 0.011636434 |
|    clip_fraction        | 0.124       |
|    clip_range           | 0.2         |
|    entropy_loss         | -5.05       |
|    explained_variance   | 0.301       |
|    learning_rate        | 0.0003      |
|    loss                 | 36.6        |
|    n_updates            | 7630        |
|    policy_gradient_loss | -0.00471    |
|    std                  | 0.881       |
|    value_loss           | 50.9        |
-----------------------------------------
----------------------------------------
| rollout/                |            |
|    ep_len_mean          | 314        |
|    ep_rew_mean          | -5.8       |
| time/                   |            |
|    fps                  | 111        |
|    iterations           | 520        |
|    time_elapsed         | 23926      |
|    total_timesteps      | 3665920    |
| train/                  |            |
|    approx_kl            | 0.02806882 |
|    clip_fraction        | 0.223      |
|    clip_range           | 0.2        |
|    entropy_loss         | -5.05      |
|    explained_variance   | 0.102      |
|    learning_rate        | 0.0003     |
|    loss                 | 0.731      |
|    n_updates            | 7640       |
|    policy_gradient_loss | -0.000123  |
|    std                  | 0.881      |
|    value_loss           | 149        |
----------------------------------------
-----------------------------------------
| rollout/                |             |
|    ep_len_mean          | 312         |
|    ep_rew_mean          | -2.96       |
| time/                   |             |
|    fps                  | 111         |
|    iterations           | 521         |
|    time_elapsed         | 23974       |
|    total_timesteps      | 3671040     |
| train/                  |             |
|    approx_kl            | 0.034936924 |
|    clip_fraction        | 0.213       |
|    clip_range           | 0.2         |
|    entropy_loss         | -5.05       |
|    explained_variance   | 0.636       |
|    learning_rate        | 0.0003      |
|    loss                 | 0.217       |
|    n_updates            | 7650        |
|    policy_gradient_loss | -0.00544    |
|    std                  | 0.879       |
|    value_loss           | 10.1        |
-----------------------------------------
----------------------------------------
| rollout/                |            |
|    ep_len_mean          | 305        |
|    ep_rew_mean          | 0.987      |
| time/                   |            |
|    fps                  | 111        |
|    iterations           | 522        |
|    time_elapsed         | 24020      |
|    total_timesteps      | 3676160    |
| train/                  |            |
|    approx_kl            | 0.03235025 |
|    clip_fraction        | 0.179      |
|    clip_range           | 0.2        |
|    entropy_loss         | -5.04      |
|    explained_variance   | 0.289      |
|    learning_rate        | 0.0003     |
|    loss                 | 12.7       |
|    n_updates            | 7660       |
|    policy_gradient_loss | 9.34e-05   |
|    std                  | 0.875      |
|    value_loss           | 64.3       |
----------------------------------------
-----------------------------------------
| rollout/                |             |
|    ep_len_mean          | 306         |
|    ep_rew_mean          | 0.877       |
| time/                   |             |
|    fps                  | 111         |
|    iterations           | 523         |
|    time_elapsed         | 24069       |
|    total_timesteps      | 3681280     |
| train/                  |             |
|    approx_kl            | 0.024895947 |
|    clip_fraction        | 0.239       |
|    clip_range           | 0.2         |
|    entropy_loss         | -5.03       |
|    explained_variance   | 0.384       |
|    learning_rate        | 0.0003      |
|    loss                 | 2.17        |
|    n_updates            | 7670        |
|    policy_gradient_loss | -0.00277    |
|    std                  | 0.875       |
|    value_loss           | 45.6        |
-----------------------------------------
----------------------------------------
| rollout/                |            |
|    ep_len_mean          | 311        |
|    ep_rew_mean          | -3.93      |
| time/                   |            |
|    fps                  | 111        |
|    iterations           | 524        |
|    time_elapsed         | 24108      |
|    total_timesteps      | 3686400    |
| train/                  |            |
|    approx_kl            | 0.03815784 |
|    clip_fraction        | 0.308      |
|    clip_range           | 0.2        |
|    entropy_loss         | -5.03      |
|    explained_variance   | 0.86       |
|    learning_rate        | 0.0003     |
|    loss                 | 0.035      |
|    n_updates            | 7680       |
|    policy_gradient_loss | 0.00295    |
|    std                  | 0.875      |
|    value_loss           | 6.97       |
----------------------------------------
----------------------------------------
| rollout/                |            |
|    ep_len_mean          | 310        |
|    ep_rew_mean          | -4.02      |
| time/                   |            |
|    fps                  | 111        |
|    iterations           | 525        |
|    time_elapsed         | 24147      |
|    total_timesteps      | 3691520    |
| train/                  |            |
|    approx_kl            | 0.04229516 |
|    clip_fraction        | 0.207      |
|    clip_range           | 0.2        |
|    entropy_loss         | -5.04      |
|    explained_variance   | 0.48       |
|    learning_rate        | 0.0003     |
|    loss                 | 0.141      |
|    n_updates            | 7690       |
|    policy_gradient_loss | -0.00365   |
|    std                  | 0.878      |
|    value_loss           | 45.2       |
----------------------------------------
----------------------------------------
| rollout/                |            |
|    ep_len_mean          | 311        |
|    ep_rew_mean          | 0.527      |
| time/                   |            |
|    fps                  | 111        |
|    iterations           | 526        |
|    time_elapsed         | 24195      |
|    total_timesteps      | 3696640    |
| train/                  |            |
|    approx_kl            | 0.03281311 |
|    clip_fraction        | 0.248      |
|    clip_range           | 0.2        |
|    entropy_loss         | -5.04      |
|    explained_variance   | 0.372      |
|    learning_rate        | 0.0003     |
|    loss                 | 0.0436     |
|    n_updates            | 7700       |
|    policy_gradient_loss | -0.00103   |
|    std                  | 0.879      |
|    value_loss           | 21.8       |
----------------------------------------
-----------------------------------------
| rollout/                |             |
|    ep_len_mean          | 311         |
|    ep_rew_mean          | -3.27       |
| time/                   |             |
|    fps                  | 111         |
|    iterations           | 527         |
|    time_elapsed         | 24244       |
|    total_timesteps      | 3701760     |
| train/                  |             |
|    approx_kl            | 0.032916654 |
|    clip_fraction        | 0.193       |
|    clip_range           | 0.2         |
|    entropy_loss         | -5.03       |
|    explained_variance   | 0.386       |
|    learning_rate        | 0.0003      |
|    loss                 | 0.0603      |
|    n_updates            | 7710        |
|    policy_gradient_loss | -0.00714    |
|    std                  | 0.874       |
|    value_loss           | 42.2        |
-----------------------------------------
Eval num_timesteps=3703520, episode_reward=21.22 +/- 30.07
Episode length: 295.50 +/- 18.18
----------------------------------------
| eval/                   |            |
|    mean_ep_length       | 296        |
|    mean_reward          | 21.2       |
| time/                   |            |
|    total_timesteps      | 3703520    |
| train/                  |            |
|    approx_kl            | 0.03224515 |
|    clip_fraction        | 0.207      |
|    clip_range           | 0.2        |
|    entropy_loss         | -5.01      |
|    explained_variance   | 0.632      |
|    learning_rate        | 0.0003     |
|    loss                 | 3.66       |
|    n_updates            | 7720       |
|    policy_gradient_loss | -0.00475   |
|    std                  | 0.871      |
|    value_loss           | 12.8       |
----------------------------------------
New best mean reward!
[progress] timestep 3703530
[episode ends] timestep 3703530: flipped=48 (30%), missed_goal=78 (48%), out_of_bounds=9 (6%), scored=26 (16%)
---------------------------------
| episode_end/       |          |
|    flipped         | 48       |
|    missed_goal     | 78       |
|    out_of_bounds   | 9        |
|    scored          | 26       |
| rollout/           |          |
|    ep_len_mean     | 318      |
|    ep_rew_mean     | -1.58    |
| time/              |          |
|    fps             | 111      |
|    iterations      | 528      |
|    time_elapsed    | 24284    |
|    total_timesteps | 3706880  |
---------------------------------
-----------------------------------------
| rollout/                |             |
|    ep_len_mean          | 320         |
|    ep_rew_mean          | -5.5        |
| time/                   |             |
|    fps                  | 111         |
|    iterations           | 529         |
|    time_elapsed         | 24333       |
|    total_timesteps      | 3712000     |
| train/                  |             |
|    approx_kl            | 0.033174433 |
|    clip_fraction        | 0.209       |
|    clip_range           | 0.2         |
|    entropy_loss         | -5          |
|    explained_variance   | 0.212       |
|    learning_rate        | 0.0003      |
|    loss                 | 4.54        |
|    n_updates            | 7730        |
|    policy_gradient_loss | 0.00197     |
|    std                  | 0.867       |
|    value_loss           | 48.7        |
-----------------------------------------
-----------------------------------------
| rollout/                |             |
|    ep_len_mean          | 313         |
|    ep_rew_mean          | -6.83       |
| time/                   |             |
|    fps                  | 111         |
|    iterations           | 530         |
|    time_elapsed         | 24381       |
|    total_timesteps      | 3717120     |
| train/                  |             |
|    approx_kl            | 0.029038573 |
|    clip_fraction        | 0.2         |
|    clip_range           | 0.2         |
|    entropy_loss         | -4.99       |
|    explained_variance   | 0.186       |
|    learning_rate        | 0.0003      |
|    loss                 | 49.1        |
|    n_updates            | 7740        |
|    policy_gradient_loss | -0.00144    |
|    std                  | 0.867       |
|    value_loss           | 113         |
-----------------------------------------
-----------------------------------------
| rollout/                |             |
|    ep_len_mean          | 317         |
|    ep_rew_mean          | -11.2       |
| time/                   |             |
|    fps                  | 111         |
|    iterations           | 531         |
|    time_elapsed         | 24424       |
|    total_timesteps      | 3722240     |
| train/                  |             |
|    approx_kl            | 0.027674366 |
|    clip_fraction        | 0.196       |
|    clip_range           | 0.2         |
|    entropy_loss         | -4.99       |
|    explained_variance   | 0.257       |
|    learning_rate        | 0.0003      |
|    loss                 | 1.56        |
|    n_updates            | 7750        |
|    policy_gradient_loss | -0.00416    |
|    std                  | 0.866       |
|    value_loss           | 90.7        |
-----------------------------------------
-----------------------------------------
| rollout/                |             |
|    ep_len_mean          | 322         |
|    ep_rew_mean          | -16.5       |
| time/                   |             |
|    fps                  | 111         |
|    iterations           | 532         |
|    time_elapsed         | 24468       |
|    total_timesteps      | 3727360     |
| train/                  |             |
|    approx_kl            | 0.027234396 |
|    clip_fraction        | 0.198       |
|    clip_range           | 0.2         |
|    entropy_loss         | -4.98       |
|    explained_variance   | 0.457       |
|    learning_rate        | 0.0003      |
|    loss                 | 0.125       |
|    n_updates            | 7760        |
|    policy_gradient_loss | -0.00479    |
|    std                  | 0.864       |
|    value_loss           | 64.8        |
-----------------------------------------
-----------------------------------------
| rollout/                |             |
|    ep_len_mean          | 325         |
|    ep_rew_mean          | -12.5       |
| time/                   |             |
|    fps                  | 111         |
|    iterations           | 533         |
|    time_elapsed         | 24516       |
|    total_timesteps      | 3732480     |
| train/                  |             |
|    approx_kl            | 0.037910543 |
|    clip_fraction        | 0.259       |
|    clip_range           | 0.2         |
|    entropy_loss         | -4.98       |
|    explained_variance   | 0.52        |
|    learning_rate        | 0.0003      |
|    loss                 | 1.01        |
|    n_updates            | 7770        |
|    policy_gradient_loss | -0.00617    |
|    std                  | 0.865       |
|    value_loss           | 22.3        |
-----------------------------------------
-----------------------------------------
| rollout/                |             |
|    ep_len_mean          | 317         |
|    ep_rew_mean          | -15.8       |
| time/                   |             |
|    fps                  | 111         |
|    iterations           | 534         |
|    time_elapsed         | 24561       |
|    total_timesteps      | 3737600     |
| train/                  |             |
|    approx_kl            | 0.034580607 |
|    clip_fraction        | 0.257       |
|    clip_range           | 0.2         |
|    entropy_loss         | -4.99       |
|    explained_variance   | 0.578       |
|    learning_rate        | 0.0003      |
|    loss                 | 5.91        |
|    n_updates            | 7780        |
|    policy_gradient_loss | -0.00233    |
|    std                  | 0.868       |
|    value_loss           | 14.8        |
-----------------------------------------
----------------------------------------
| rollout/                |            |
|    ep_len_mean          | 320        |
|    ep_rew_mean          | -18.5      |
| time/                   |            |
|    fps                  | 111        |
|    iterations           | 535        |
|    time_elapsed         | 24605      |
|    total_timesteps      | 3742720    |
| train/                  |            |
|    approx_kl            | 0.04649308 |
|    clip_fraction        | 0.274      |
|    clip_range           | 0.2        |
|    entropy_loss         | -5         |
|    explained_variance   | 0.337      |
|    learning_rate        | 0.0003     |
|    loss                 | -0.00016   |
|    n_updates            | 7790       |
|    policy_gradient_loss | -0.000719  |
|    std                  | 0.871      |
|    value_loss           | 108        |
----------------------------------------
----------------------------------------
| rollout/                |            |
|    ep_len_mean          | 323        |
|    ep_rew_mean          | -14.7      |
| time/                   |            |
|    fps                  | 111        |
|    iterations           | 536        |
|    time_elapsed         | 24651      |
|    total_timesteps      | 3747840    |
| train/                  |            |
|    approx_kl            | 0.02045469 |
|    clip_fraction        | 0.201      |
|    clip_range           | 0.2        |
|    entropy_loss         | -5.01      |
|    explained_variance   | 0.23       |
|    learning_rate        | 0.0003     |
|    loss                 | 2          |
|    n_updates            | 7800       |
|    policy_gradient_loss | -0.0054    |
|    std                  | 0.872      |
|    value_loss           | 159        |
----------------------------------------
-----------------------------------------
| rollout/                |             |
|    ep_len_mean          | 322         |
|    ep_rew_mean          | -13.3       |
| time/                   |             |
|    fps                  | 111         |
|    iterations           | 537         |
|    time_elapsed         | 24693       |
|    total_timesteps      | 3752960     |
| train/                  |             |
|    approx_kl            | 0.027563378 |
|    clip_fraction        | 0.198       |
|    clip_range           | 0.2         |
|    entropy_loss         | -5          |
|    explained_variance   | 0.401       |
|    learning_rate        | 0.0003      |
|    loss                 | 101         |
|    n_updates            | 7810        |
|    policy_gradient_loss | -0.00246    |
|    std                  | 0.869       |
|    value_loss           | 66.1        |
-----------------------------------------
Eval num_timesteps=3753520, episode_reward=2.13 +/- 15.08
Episode length: 324.50 +/- 55.58
----------------------------------------
| eval/                   |            |
|    mean_ep_length       | 324        |
|    mean_reward          | 2.13       |
| time/                   |            |
|    total_timesteps      | 3753520    |
| train/                  |            |
|    approx_kl            | 0.03618379 |
|    clip_fraction        | 0.263      |
|    clip_range           | 0.2        |
|    entropy_loss         | -5         |
|    explained_variance   | 0.556      |
|    learning_rate        | 0.0003     |
|    loss                 | 0.081      |
|    n_updates            | 7820       |
|    policy_gradient_loss | -0.00199   |
|    std                  | 0.873      |
|    value_loss           | 37.6       |
----------------------------------------
[episode ends] timestep 3753530: crashed=1 (1%), flipped=48 (31%), missed_goal=81 (52%), out_of_bounds=9 (6%), scored=16 (10%)
---------------------------------
| episode_end/       |          |
|    crashed         | 1        |
|    flipped         | 48       |
|    missed_goal     | 81       |
|    out_of_bounds   | 9        |
|    scored          | 16       |
| rollout/           |          |
|    ep_len_mean     | 317      |
|    ep_rew_mean     | -11.5    |
| time/              |          |
|    fps             | 111      |
|    iterations      | 538      |
|    time_elapsed    | 24746    |
|    total_timesteps | 3758080  |
---------------------------------
-----------------------------------------
| rollout/                |             |
|    ep_len_mean          | 318         |
|    ep_rew_mean          | -10.7       |
| time/                   |             |
|    fps                  | 111         |
|    iterations           | 539         |
|    time_elapsed         | 24794       |
|    total_timesteps      | 3763200     |
| train/                  |             |
|    approx_kl            | 0.022843499 |
|    clip_fraction        | 0.24        |
|    clip_range           | 0.2         |
|    entropy_loss         | -5.01       |
|    explained_variance   | 0.0616      |
|    learning_rate        | 0.0003      |
|    loss                 | 22.1        |
|    n_updates            | 7830        |
|    policy_gradient_loss | -0.00553    |
|    std                  | 0.871       |
|    value_loss           | 57.1        |
-----------------------------------------
----------------------------------------
| rollout/                |            |
|    ep_len_mean          | 325        |
|    ep_rew_mean          | -20.1      |
| time/                   |            |
|    fps                  | 111        |
|    iterations           | 540        |
|    time_elapsed         | 24832      |
|    total_timesteps      | 3768320    |
| train/                  |            |
|    approx_kl            | 0.04081472 |
|    clip_fraction        | 0.292      |
|    clip_range           | 0.2        |
|    entropy_loss         | -5.01      |
|    explained_variance   | 0.38       |
|    learning_rate        | 0.0003     |
|    loss                 | 0.474      |
|    n_updates            | 7840       |
|    policy_gradient_loss | 0.00452    |
|    std                  | 0.871      |
|    value_loss           | 61.6       |
----------------------------------------
-----------------------------------------
| rollout/                |             |
|    ep_len_mean          | 335         |
|    ep_rew_mean          | -19.2       |
| time/                   |             |
|    fps                  | 111         |
|    iterations           | 541         |
|    time_elapsed         | 24872       |
|    total_timesteps      | 3773440     |
| train/                  |             |
|    approx_kl            | 0.035416275 |
|    clip_fraction        | 0.235       |
|    clip_range           | 0.2         |
|    entropy_loss         | -5          |
|    explained_variance   | 0.187       |
|    learning_rate        | 0.0003      |
|    loss                 | 129         |
|    n_updates            | 7850        |
|    policy_gradient_loss | -0.0049     |
|    std                  | 0.87        |
|    value_loss           | 176         |
-----------------------------------------
-----------------------------------------
| rollout/                |             |
|    ep_len_mean          | 328         |
|    ep_rew_mean          | -19.2       |
| time/                   |             |
|    fps                  | 111         |
|    iterations           | 542         |
|    time_elapsed         | 24913       |
|    total_timesteps      | 3778560     |
| train/                  |             |
|    approx_kl            | 0.035439752 |
|    clip_fraction        | 0.209       |
|    clip_range           | 0.2         |
|    entropy_loss         | -4.99       |
|    explained_variance   | 0.656       |
|    learning_rate        | 0.0003      |
|    loss                 | 0.0713      |
|    n_updates            | 7860        |
|    policy_gradient_loss | -0.00515    |
|    std                  | 0.869       |
|    value_loss           | 17.1        |
-----------------------------------------
-----------------------------------------
| rollout/                |             |
|    ep_len_mean          | 326         |
|    ep_rew_mean          | -19.9       |
| time/                   |             |
|    fps                  | 111         |
|    iterations           | 543         |
|    time_elapsed         | 24956       |
|    total_timesteps      | 3783680     |
| train/                  |             |
|    approx_kl            | 0.025404355 |
|    clip_fraction        | 0.134       |
|    clip_range           | 0.2         |
|    entropy_loss         | -4.99       |
|    explained_variance   | 0.328       |
|    learning_rate        | 0.0003      |
|    loss                 | 63.5        |
|    n_updates            | 7870        |
|    policy_gradient_loss | -0.00516    |
|    std                  | 0.867       |
|    value_loss           | 89.1        |
-----------------------------------------
-----------------------------------------
| rollout/                |             |
|    ep_len_mean          | 324         |
|    ep_rew_mean          | -17.9       |
| time/                   |             |
|    fps                  | 111         |
|    iterations           | 544         |
|    time_elapsed         | 25008       |
|    total_timesteps      | 3788800     |
| train/                  |             |
|    approx_kl            | 0.019294688 |
|    clip_fraction        | 0.159       |
|    clip_range           | 0.2         |
|    entropy_loss         | -4.97       |
|    explained_variance   | 0.697       |
|    learning_rate        | 0.0003      |
|    loss                 | 1.22        |
|    n_updates            | 7880        |
|    policy_gradient_loss | -0.00336    |
|    std                  | 0.864       |
|    value_loss           | 20          |
-----------------------------------------
-----------------------------------------
| rollout/                |             |
|    ep_len_mean          | 332         |
|    ep_rew_mean          | -21.4       |
| time/                   |             |
|    fps                  | 111         |
|    iterations           | 545         |
|    time_elapsed         | 25053       |
|    total_timesteps      | 3793920     |
| train/                  |             |
|    approx_kl            | 0.016764648 |
|    clip_fraction        | 0.101       |
|    clip_range           | 0.2         |
|    entropy_loss         | -4.96       |
|    explained_variance   | 0.507       |
|    learning_rate        | 0.0003      |
|    loss                 | 1.44        |
|    n_updates            | 7890        |
|    policy_gradient_loss | -0.00723    |
|    std                  | 0.862       |
|    value_loss           | 32.8        |
-----------------------------------------
-----------------------------------------
| rollout/                |             |
|    ep_len_mean          | 323         |
|    ep_rew_mean          | -20.7       |
| time/                   |             |
|    fps                  | 111         |
|    iterations           | 546         |
|    time_elapsed         | 25097       |
|    total_timesteps      | 3799040     |
| train/                  |             |
|    approx_kl            | 0.009856442 |
|    clip_fraction        | 0.0665      |
|    clip_range           | 0.2         |
|    entropy_loss         | -4.96       |
|    explained_variance   | 0.186       |
|    learning_rate        | 0.0003      |
|    loss                 | 1.04        |
|    n_updates            | 7900        |
|    policy_gradient_loss | -0.00838    |
|    std                  | 0.862       |
|    value_loss           | 188         |
-----------------------------------------
Eval num_timesteps=3803520, episode_reward=-44.12 +/- 107.61
Episode length: 322.30 +/- 82.24
-----------------------------------------
| eval/                   |             |
|    mean_ep_length       | 322         |
|    mean_reward          | -44.1       |
| time/                   |             |
|    total_timesteps      | 3803520     |
| train/                  |             |
|    approx_kl            | 0.008994831 |
|    clip_fraction        | 0.0637      |
|    clip_range           | 0.2         |
|    entropy_loss         | -4.95       |
|    explained_variance   | 0.305       |
|    learning_rate        | 0.0003      |
|    loss                 | 1.76        |
|    n_updates            | 7910        |
|    policy_gradient_loss | -0.0084     |
|    std                  | 0.861       |
|    value_loss           | 91.2        |
-----------------------------------------
[progress] timestep 3803530
[episode ends] timestep 3803530: crashed=1 (1%), flipped=61 (39%), missed_goal=64 (41%), out_of_bounds=11 (7%), scored=20 (13%)
---------------------------------
| episode_end/       |          |
|    crashed         | 1        |
|    flipped         | 61       |
|    missed_goal     | 64       |
|    out_of_bounds   | 11       |
|    scored          | 20       |
| rollout/           |          |
|    ep_len_mean     | 310      |
|    ep_rew_mean     | -19.5    |
| time/              |          |
|    fps             | 111      |
|    iterations      | 547      |
|    time_elapsed    | 25144    |
|    total_timesteps | 3804160  |
---------------------------------
-----------------------------------------
| rollout/                |             |
|    ep_len_mean          | 314         |
|    ep_rew_mean          | -24.4       |
| time/                   |             |
|    fps                  | 111         |
|    iterations           | 548         |
|    time_elapsed         | 25190       |
|    total_timesteps      | 3809280     |
| train/                  |             |
|    approx_kl            | 0.012020967 |
|    clip_fraction        | 0.11        |
|    clip_range           | 0.2         |
|    entropy_loss         | -4.95       |
|    explained_variance   | 0.271       |
|    learning_rate        | 0.0003      |
|    loss                 | 7.2         |
|    n_updates            | 7920        |
|    policy_gradient_loss | -0.0109     |
|    std                  | 0.861       |
|    value_loss           | 64.7        |
-----------------------------------------
-----------------------------------------
| rollout/                |             |
|    ep_len_mean          | 312         |
|    ep_rew_mean          | -27.1       |
| time/                   |             |
|    fps                  | 111         |
|    iterations           | 549         |
|    time_elapsed         | 25237       |
|    total_timesteps      | 3814400     |
| train/                  |             |
|    approx_kl            | 0.016009225 |
|    clip_fraction        | 0.0862      |
|    clip_range           | 0.2         |
|    entropy_loss         | -4.95       |
|    explained_variance   | 0.192       |
|    learning_rate        | 0.0003      |
|    loss                 | 2.29        |
|    n_updates            | 7930        |
|    policy_gradient_loss | -0.00582    |
|    std                  | 0.859       |
|    value_loss           | 228         |
-----------------------------------------
-----------------------------------------
| rollout/                |             |
|    ep_len_mean          | 310         |
|    ep_rew_mean          | -25.4       |
| time/                   |             |
|    fps                  | 111         |
|    iterations           | 550         |
|    time_elapsed         | 25284       |
|    total_timesteps      | 3819520     |
| train/                  |             |
|    approx_kl            | 0.008762566 |
|    clip_fraction        | 0.0762      |
|    clip_range           | 0.2         |
|    entropy_loss         | -4.94       |
|    explained_variance   | 0.0916      |
|    learning_rate        | 0.0003      |
|    loss                 | 150         |
|    n_updates            | 7940        |
|    policy_gradient_loss | -0.00712    |
|    std                  | 0.859       |
|    value_loss           | 99.4        |
-----------------------------------------
----------------------------------------
| rollout/                |            |
|    ep_len_mean          | 304        |
|    ep_rew_mean          | -30.2      |
| time/                   |            |
|    fps                  | 111        |
|    iterations           | 551        |
|    time_elapsed         | 25325      |
|    total_timesteps      | 3824640    |
| train/                  |            |
|    approx_kl            | 0.05926007 |
|    clip_fraction        | 0.22       |
|    clip_range           | 0.2        |
|    entropy_loss         | -4.93      |
|    explained_variance   | 0.244      |
|    learning_rate        | 0.0003     |
|    loss                 | 0.379      |
|    n_updates            | 7950       |
|    policy_gradient_loss | -0.000605  |
|    std                  | 0.856      |
|    value_loss           | 86.7       |
----------------------------------------
----------------------------------------
| rollout/                |            |
|    ep_len_mean          | 297        |
|    ep_rew_mean          | -32.4      |
| time/                   |            |
|    fps                  | 111        |
|    iterations           | 552        |
|    time_elapsed         | 25381      |
|    total_timesteps      | 3829760    |
| train/                  |            |
|    approx_kl            | 0.02167478 |
|    clip_fraction        | 0.18       |
|    clip_range           | 0.2        |
|    entropy_loss         | -4.92      |
|    explained_variance   | 0.264      |
|    learning_rate        | 0.0003     |
|    loss                 | 27.4       |
|    n_updates            | 7960       |
|    policy_gradient_loss | 0.00246    |
|    std                  | 0.853      |
|    value_loss           | 165        |
----------------------------------------
-----------------------------------------
| rollout/                |             |
|    ep_len_mean          | 299         |
|    ep_rew_mean          | -30.8       |
| time/                   |             |
|    fps                  | 111         |
|    iterations           | 553         |
|    time_elapsed         | 25433       |
|    total_timesteps      | 3834880     |
| train/                  |             |
|    approx_kl            | 0.021329442 |
|    clip_fraction        | 0.177       |
|    clip_range           | 0.2         |
|    entropy_loss         | -4.91       |
|    explained_variance   | 0.278       |
|    learning_rate        | 0.0003      |
|    loss                 | 152         |
|    n_updates            | 7970        |
|    policy_gradient_loss | -0.000383   |
|    std                  | 0.851       |
|    value_loss           | 139         |
-----------------------------------------
-----------------------------------------
| rollout/                |             |
|    ep_len_mean          | 288         |
|    ep_rew_mean          | -20.9       |
| time/                   |             |
|    fps                  | 111         |
|    iterations           | 554         |
|    time_elapsed         | 25490       |
|    total_timesteps      | 3840000     |
| train/                  |             |
|    approx_kl            | 0.013403994 |
|    clip_fraction        | 0.104       |
|    clip_range           | 0.2         |
|    entropy_loss         | -4.91       |
|    explained_variance   | 0.435       |
|    learning_rate        | 0.0003      |
|    loss                 | 0.378       |
|    n_updates            | 7980        |
|    policy_gradient_loss | -0.00595    |
|    std                  | 0.851       |
|    value_loss           | 87.2        |
-----------------------------------------
-----------------------------------------
| rollout/                |             |
|    ep_len_mean          | 287         |
|    ep_rew_mean          | -23.8       |
| time/                   |             |
|    fps                  | 111         |
|    iterations           | 555         |
|    time_elapsed         | 25545       |
|    total_timesteps      | 3845120     |
| train/                  |             |
|    approx_kl            | 0.037375513 |
|    clip_fraction        | 0.173       |
|    clip_range           | 0.2         |
|    entropy_loss         | -4.91       |
|    explained_variance   | 0.599       |
|    learning_rate        | 0.0003      |
|    loss                 | 0.706       |
|    n_updates            | 7990        |
|    policy_gradient_loss | -0.00135    |
|    std                  | 0.853       |
|    value_loss           | 44.4        |
-----------------------------------------
-----------------------------------------
| rollout/                |             |
|    ep_len_mean          | 286         |
|    ep_rew_mean          | -22.7       |
| time/                   |             |
|    fps                  | 111         |
|    iterations           | 556         |
|    time_elapsed         | 25598       |
|    total_timesteps      | 3850240     |
| train/                  |             |
|    approx_kl            | 0.015414529 |
|    clip_fraction        | 0.158       |
|    clip_range           | 0.2         |
|    entropy_loss         | -4.91       |
|    explained_variance   | 0.193       |
|    learning_rate        | 0.0003      |
|    loss                 | 1.32        |
|    n_updates            | 8000        |
|    policy_gradient_loss | -0.00594    |
|    std                  | 0.853       |
|    value_loss           | 81          |
-----------------------------------------
Eval num_timesteps=3853520, episode_reward=-1.89 +/- 62.59
Episode length: 300.40 +/- 20.43
-----------------------------------------
| eval/                   |             |
|    mean_ep_length       | 300         |
|    mean_reward          | -1.89       |
| time/                   |             |
|    total_timesteps      | 3853520     |
| train/                  |             |
|    approx_kl            | 0.015939387 |
|    clip_fraction        | 0.124       |
|    clip_range           | 0.2         |
|    entropy_loss         | -4.91       |
|    explained_variance   | 0.367       |
|    learning_rate        | 0.0003      |
|    loss                 | 0.649       |
|    n_updates            | 8010        |
|    policy_gradient_loss | -0.00272    |
|    std                  | 0.853       |
|    value_loss           | 134         |
-----------------------------------------
[episode ends] timestep 3853530: flipped=73 (43%), missed_goal=58 (34%), out_of_bounds=2 (1%), scored=37 (22%)
---------------------------------
| episode_end/       |          |
|    flipped         | 73       |
|    missed_goal     | 58       |
|    out_of_bounds   | 2        |
|    scored          | 37       |
| rollout/           |          |
|    ep_len_mean     | 293      |
|    ep_rew_mean     | -19.6    |
| time/              |          |
|    fps             | 111      |
|    iterations      | 557      |
|    time_elapsed    | 25651    |
|    total_timesteps | 3855360  |
---------------------------------
---------------------------------------
| rollout/                |           |
|    ep_len_mean          | 299       |
|    ep_rew_mean          | -18.5     |
| time/                   |           |
|    fps                  | 111       |
|    iterations           | 558       |
|    time_elapsed         | 25696     |
|    total_timesteps      | 3860480   |
| train/                  |           |
|    approx_kl            | 0.0405513 |
|    clip_fraction        | 0.244     |
|    clip_range           | 0.2       |
|    entropy_loss         | -4.91     |
|    explained_variance   | 0.679     |
|    learning_rate        | 0.0003    |
|    loss                 | 4.86      |
|    n_updates            | 8020      |
|    policy_gradient_loss | -0.000201 |
|    std                  | 0.852     |
|    value_loss           | 29.7      |
---------------------------------------
-----------------------------------------
| rollout/                |             |
|    ep_len_mean          | 301         |
|    ep_rew_mean          | -21.2       |
| time/                   |             |
|    fps                  | 111         |
|    iterations           | 559         |
|    time_elapsed         | 25743       |
|    total_timesteps      | 3865600     |
| train/                  |             |
|    approx_kl            | 0.027269835 |
|    clip_fraction        | 0.228       |
|    clip_range           | 0.2         |
|    entropy_loss         | -4.91       |
|    explained_variance   | 0.267       |
|    learning_rate        | 0.0003      |
|    loss                 | 0.386       |
|    n_updates            | 8030        |
|    policy_gradient_loss | -0.00333    |
|    std                  | 0.855       |
|    value_loss           | 254         |
-----------------------------------------
-----------------------------------------
| rollout/                |             |
|    ep_len_mean          | 299         |
|    ep_rew_mean          | -25         |
| time/                   |             |
|    fps                  | 111         |
|    iterations           | 560         |
|    time_elapsed         | 25794       |
|    total_timesteps      | 3870720     |
| train/                  |             |
|    approx_kl            | 0.036742296 |
|    clip_fraction        | 0.196       |
|    clip_range           | 0.2         |
|    entropy_loss         | -4.92       |
|    explained_variance   | 0.298       |
|    learning_rate        | 0.0003      |
|    loss                 | 0.967       |
|    n_updates            | 8040        |
|    policy_gradient_loss | -0.00967    |
|    std                  | 0.857       |
|    value_loss           | 83.7        |
-----------------------------------------
----------------------------------------
| rollout/                |            |
|    ep_len_mean          | 293        |
|    ep_rew_mean          | -20.5      |
| time/                   |            |
|    fps                  | 111        |
|    iterations           | 561        |
|    time_elapsed         | 25839      |
|    total_timesteps      | 3875840    |
| train/                  |            |
|    approx_kl            | 0.02105814 |
|    clip_fraction        | 0.203      |
|    clip_range           | 0.2        |
|    entropy_loss         | -4.93      |
|    explained_variance   | 0.212      |
|    learning_rate        | 0.0003     |
|    loss                 | 0.376      |
|    n_updates            | 8050       |
|    policy_gradient_loss | -0.0061    |
|    std                  | 0.857      |
|    value_loss           | 75.6       |
----------------------------------------
-----------------------------------------
| rollout/                |             |
|    ep_len_mean          | 299         |
|    ep_rew_mean          | -16.7       |
| time/                   |             |
|    fps                  | 111         |
|    iterations           | 562         |
|    time_elapsed         | 25891       |
|    total_timesteps      | 3880960     |
| train/                  |             |
|    approx_kl            | 0.030219188 |
|    clip_fraction        | 0.267       |
|    clip_range           | 0.2         |
|    entropy_loss         | -4.92       |
|    explained_variance   | 0.369       |
|    learning_rate        | 0.0003      |
|    loss                 | 0.745       |
|    n_updates            | 8060        |
|    policy_gradient_loss | 0.00503     |
|    std                  | 0.853       |
|    value_loss           | 24.8        |
-----------------------------------------
-----------------------------------------
| rollout/                |             |
|    ep_len_mean          | 295         |
|    ep_rew_mean          | -13.2       |
| time/                   |             |
|    fps                  | 111         |
|    iterations           | 563         |
|    time_elapsed         | 25939       |
|    total_timesteps      | 3886080     |
| train/                  |             |
|    approx_kl            | 0.104295015 |
|    clip_fraction        | 0.272       |
|    clip_range           | 0.2         |
|    entropy_loss         | -4.92       |
|    explained_variance   | 0.592       |
|    learning_rate        | 0.0003      |
|    loss                 | 0.3         |
|    n_updates            | 8070        |
|    policy_gradient_loss | 0.00398     |
|    std                  | 0.855       |
|    value_loss           | 8.76        |
-----------------------------------------
----------------------------------------
| rollout/                |            |
|    ep_len_mean          | 292        |
|    ep_rew_mean          | -8.92      |
| time/                   |            |
|    fps                  | 111        |
|    iterations           | 564        |
|    time_elapsed         | 25988      |
|    total_timesteps      | 3891200    |
| train/                  |            |
|    approx_kl            | 0.06284201 |
|    clip_fraction        | 0.294      |
|    clip_range           | 0.2        |
|    entropy_loss         | -4.93      |
|    explained_variance   | 0.322      |
|    learning_rate        | 0.0003     |
|    loss                 | 1.17       |
|    n_updates            | 8080       |
|    policy_gradient_loss | 0.00418    |
|    std                  | 0.856      |
|    value_loss           | 87         |
----------------------------------------
----------------------------------------
| rollout/                |            |
|    ep_len_mean          | 290        |
|    ep_rew_mean          | -11.4      |
| time/                   |            |
|    fps                  | 111        |
|    iterations           | 565        |
|    time_elapsed         | 26028      |
|    total_timesteps      | 3896320    |
| train/                  |            |
|    approx_kl            | 0.20204528 |
|    clip_fraction        | 0.358      |
|    clip_range           | 0.2        |
|    entropy_loss         | -4.92      |
|    explained_variance   | 0.455      |
|    learning_rate        | 0.0003     |
|    loss                 | 0.126      |
|    n_updates            | 8090       |
|    policy_gradient_loss | 0.0122     |
|    std                  | 0.852      |
|    value_loss           | 51.9       |
----------------------------------------
-----------------------------------------
| rollout/                |             |
|    ep_len_mean          | 299         |
|    ep_rew_mean          | -18         |
| time/                   |             |
|    fps                  | 111         |
|    iterations           | 566         |
|    time_elapsed         | 26069       |
|    total_timesteps      | 3901440     |
| train/                  |             |
|    approx_kl            | 0.032804184 |
|    clip_fraction        | 0.262       |
|    clip_range           | 0.2         |
|    entropy_loss         | -4.91       |
|    explained_variance   | 0.489       |
|    learning_rate        | 0.0003      |
|    loss                 | 47.4        |
|    n_updates            | 8100        |
|    policy_gradient_loss | 0.00181     |
|    std                  | 0.849       |
|    value_loss           | 48.4        |
-----------------------------------------
Eval num_timesteps=3903520, episode_reward=-16.55 +/- 31.71
Episode length: 280.80 +/- 133.19
-----------------------------------------
| eval/                   |             |
|    mean_ep_length       | 281         |
|    mean_reward          | -16.6       |
| time/                   |             |
|    total_timesteps      | 3903520     |
| train/                  |             |
|    approx_kl            | 0.056936033 |
|    clip_fraction        | 0.367       |
|    clip_range           | 0.2         |
|    entropy_loss         | -4.91       |
|    explained_variance   | 0.419       |
|    learning_rate        | 0.0003      |
|    loss                 | 0.181       |
|    n_updates            | 8110        |
|    policy_gradient_loss | 0.00795     |
|    std                  | 0.849       |
|    value_loss           | 157         |
-----------------------------------------
[progress] timestep 3903530
[episode ends] timestep 3903530: flipped=74 (45%), missed_goal=75 (45%), out_of_bounds=2 (1%), scored=15 (9%)
---------------------------------
| episode_end/       |          |
|    flipped         | 74       |
|    missed_goal     | 75       |
|    out_of_bounds   | 2        |
|    scored          | 15       |
| rollout/           |          |
|    ep_len_mean     | 308      |
|    ep_rew_mean     | -22.8    |
| time/              |          |
|    fps             | 111      |
|    iterations      | 567      |
|    time_elapsed    | 26113    |
|    total_timesteps | 3906560  |
---------------------------------
----------------------------------------
| rollout/                |            |
|    ep_len_mean          | 288        |
|    ep_rew_mean          | -30.6      |
| time/                   |            |
|    fps                  | 111        |
|    iterations           | 568        |
|    time_elapsed         | 26162      |
|    total_timesteps      | 3911680    |
| train/                  |            |
|    approx_kl            | 0.04713477 |
|    clip_fraction        | 0.222      |
|    clip_range           | 0.2        |
|    entropy_loss         | -4.91      |
|    explained_variance   | 0.265      |
|    learning_rate        | 0.0003     |
|    loss                 | 0.233      |
|    n_updates            | 8120       |
|    policy_gradient_loss | 0.000638   |
|    std                  | 0.85       |
|    value_loss           | 163        |
----------------------------------------
-----------------------------------------
| rollout/                |             |
|    ep_len_mean          | 290         |
|    ep_rew_mean          | -30.4       |
| time/                   |             |
|    fps                  | 111         |
|    iterations           | 569         |
|    time_elapsed         | 26204       |
|    total_timesteps      | 3916800     |
| train/                  |             |
|    approx_kl            | 0.026077852 |
|    clip_fraction        | 0.197       |
|    clip_range           | 0.2         |
|    entropy_loss         | -4.91       |
|    explained_variance   | 0.388       |
|    learning_rate        | 0.0003      |
|    loss                 | 311         |
|    n_updates            | 8130        |
|    policy_gradient_loss | -0.0012     |
|    std                  | 0.848       |
|    value_loss           | 58.8        |
-----------------------------------------
-----------------------------------------
| rollout/                |             |
|    ep_len_mean          | 299         |
|    ep_rew_mean          | -30         |
| time/                   |             |
|    fps                  | 111         |
|    iterations           | 570         |
|    time_elapsed         | 26241       |
|    total_timesteps      | 3921920     |
| train/                  |             |
|    approx_kl            | 0.055644684 |
|    clip_fraction        | 0.28        |
|    clip_range           | 0.2         |
|    entropy_loss         | -4.91       |
|    explained_variance   | 0.564       |
|    learning_rate        | 0.0003      |
|    loss                 | 89.5        |
|    n_updates            | 8140        |
|    policy_gradient_loss | 0.00241     |
|    std                  | 0.85        |
|    value_loss           | 17.9        |
-----------------------------------------
----------------------------------------
| rollout/                |            |
|    ep_len_mean          | 303        |
|    ep_rew_mean          | -26.2      |
| time/                   |            |
|    fps                  | 111        |
|    iterations           | 571        |
|    time_elapsed         | 26287      |
|    total_timesteps      | 3927040    |
| train/                  |            |
|    approx_kl            | 0.07020137 |
|    clip_fraction        | 0.328      |
|    clip_range           | 0.2        |
|    entropy_loss         | -4.91      |
|    explained_variance   | 0.768      |
|    learning_rate        | 0.0003     |
|    loss                 | 0.0987     |
|    n_updates            | 8150       |
|    policy_gradient_loss | 0.00729    |
|    std                  | 0.852      |
|    value_loss           | 11.6       |
----------------------------------------
-----------------------------------------
| rollout/                |             |
|    ep_len_mean          | 305         |
|    ep_rew_mean          | -25.8       |
| time/                   |             |
|    fps                  | 111         |
|    iterations           | 572         |
|    time_elapsed         | 26330       |
|    total_timesteps      | 3932160     |
| train/                  |             |
|    approx_kl            | 0.041278593 |
|    clip_fraction        | 0.269       |
|    clip_range           | 0.2         |
|    entropy_loss         | -4.92       |
|    explained_variance   | 0.389       |
|    learning_rate        | 0.0003      |
|    loss                 | 0.722       |
|    n_updates            | 8160        |
|    policy_gradient_loss | 0.00596     |
|    std                  | 0.851       |
|    value_loss           | 40.9        |
-----------------------------------------
----------------------------------------
| rollout/                |            |
|    ep_len_mean          | 299        |
|    ep_rew_mean          | -21.8      |
| time/                   |            |
|    fps                  | 111        |
|    iterations           | 573        |
|    time_elapsed         | 26373      |
|    total_timesteps      | 3937280    |
| train/                  |            |
|    approx_kl            | 0.05212108 |
|    clip_fraction        | 0.251      |
|    clip_range           | 0.2        |
|    entropy_loss         | -4.92      |
|    explained_variance   | 0.343      |
|    learning_rate        | 0.0003     |
|    loss                 | 0.133      |
|    n_updates            | 8170       |
|    policy_gradient_loss | -0.00532   |
|    std                  | 0.852      |
|    value_loss           | 120        |
----------------------------------------
-----------------------------------------
| rollout/                |             |
|    ep_len_mean          | 316         |
|    ep_rew_mean          | -20.7       |
| time/                   |             |
|    fps                  | 111         |
|    iterations           | 574         |
|    time_elapsed         | 26420       |
|    total_timesteps      | 3942400     |
| train/                  |             |
|    approx_kl            | 0.049968224 |
|    clip_fraction        | 0.279       |
|    clip_range           | 0.2         |
|    entropy_loss         | -4.93       |
|    explained_variance   | 0.593       |
|    learning_rate        | 0.0003      |
|    loss                 | 0.277       |
|    n_updates            | 8180        |
|    policy_gradient_loss | -0.000714   |
|    std                  | 0.854       |
|    value_loss           | 28.8        |
-----------------------------------------
----------------------------------------
| rollout/                |            |
|    ep_len_mean          | 321        |
|    ep_rew_mean          | -21        |
| time/                   |            |
|    fps                  | 111        |
|    iterations           | 575        |
|    time_elapsed         | 26462      |
|    total_timesteps      | 3947520    |
| train/                  |            |
|    approx_kl            | 0.03373196 |
|    clip_fraction        | 0.226      |
|    clip_range           | 0.2        |
|    entropy_loss         | -4.94      |
|    explained_variance   | 0.387      |
|    learning_rate        | 0.0003     |
|    loss                 | 54.5       |
|    n_updates            | 8190       |
|    policy_gradient_loss | -0.000235  |
|    std                  | 0.855      |
|    value_loss           | 33.4       |
----------------------------------------
---------------------------------------
| rollout/                |           |
|    ep_len_mean          | 319       |
|    ep_rew_mean          | -22.4     |
| time/                   |           |
|    fps                  | 111       |
|    iterations           | 576       |
|    time_elapsed         | 26505     |
|    total_timesteps      | 3952640   |
| train/                  |           |
|    approx_kl            | 0.0834629 |
|    clip_fraction        | 0.245     |
|    clip_range           | 0.2       |
|    entropy_loss         | -4.94     |
|    explained_variance   | 0.364     |
|    learning_rate        | 0.0003    |
|    loss                 | 0.192     |
|    n_updates            | 8200      |
|    policy_gradient_loss | -0.00227  |
|    std                  | 0.856     |
|    value_loss           | 77.8      |
---------------------------------------
Eval num_timesteps=3953520, episode_reward=-2.72 +/- 11.58
Episode length: 332.00 +/- 39.05
-----------------------------------------
| eval/                   |             |
|    mean_ep_length       | 332         |
|    mean_reward          | -2.72       |
| time/                   |             |
|    total_timesteps      | 3953520     |
| train/                  |             |
|    approx_kl            | 0.058659367 |
|    clip_fraction        | 0.297       |
|    clip_range           | 0.2         |
|    entropy_loss         | -4.94       |
|    explained_variance   | 0.513       |
|    learning_rate        | 0.0003      |
|    loss                 | 0.229       |
|    n_updates            | 8210        |
|    policy_gradient_loss | -0.000757   |
|    std                  | 0.853       |
|    value_loss           | 28.9        |
-----------------------------------------
[episode ends] timestep 3953530: crashed=1 (1%), flipped=80 (49%), missed_goal=75 (46%), out_of_bounds=4 (2%), scored=4 (2%)
---------------------------------
| episode_end/       |          |
|    crashed         | 1        |
|    flipped         | 80       |
|    missed_goal     | 75       |
|    out_of_bounds   | 4        |
|    scored          | 4        |
| rollout/           |          |
|    ep_len_mean     | 322      |
|    ep_rew_mean     | -20.5    |
| time/              |          |
|    fps             | 111      |
|    iterations      | 577      |
|    time_elapsed    | 26550    |
|    total_timesteps | 3957760  |
---------------------------------
----------------------------------------
| rollout/                |            |
|    ep_len_mean          | 321        |
|    ep_rew_mean          | -16.2      |
| time/                   |            |
|    fps                  | 111        |
|    iterations           | 578        |
|    time_elapsed         | 26593      |
|    total_timesteps      | 3962880    |
| train/                  |            |
|    approx_kl            | 0.04425404 |
|    clip_fraction        | 0.315      |
|    clip_range           | 0.2        |
|    entropy_loss         | -4.93      |
|    explained_variance   | 0.917      |
|    learning_rate        | 0.0003     |
|    loss                 | -0.0196    |
|    n_updates            | 8220       |
|    policy_gradient_loss | 0.00118    |
|    std                  | 0.852      |
|    value_loss           | 1.08       |
----------------------------------------
----------------------------------------
| rollout/                |            |
|    ep_len_mean          | 331        |
|    ep_rew_mean          | -14.3      |
| time/                   |            |
|    fps                  | 111        |
|    iterations           | 579        |
|    time_elapsed         | 26634      |
|    total_timesteps      | 3968000    |
| train/                  |            |
|    approx_kl            | 0.05644556 |
|    clip_fraction        | 0.282      |
|    clip_range           | 0.2        |
|    entropy_loss         | -4.92      |
|    explained_variance   | 0.681      |
|    learning_rate        | 0.0003     |
|    loss                 | 0.3        |
|    n_updates            | 8230       |
|    policy_gradient_loss | -0.00334   |
|    std                  | 0.85       |
|    value_loss           | 17.5       |
----------------------------------------
-----------------------------------------
| rollout/                |             |
|    ep_len_mean          | 338         |
|    ep_rew_mean          | -12.9       |
| time/                   |             |
|    fps                  | 111         |
|    iterations           | 580         |
|    time_elapsed         | 26677       |
|    total_timesteps      | 3973120     |
| train/                  |             |
|    approx_kl            | 0.029362638 |
|    clip_fraction        | 0.232       |
|    clip_range           | 0.2         |
|    entropy_loss         | -4.91       |
|    explained_variance   | 0.309       |
|    learning_rate        | 0.0003      |
|    loss                 | 0.0798      |
|    n_updates            | 8240        |
|    policy_gradient_loss | -0.00977    |
|    std                  | 0.847       |
|    value_loss           | 49.6        |
-----------------------------------------
-----------------------------------------
| rollout/                |             |
|    ep_len_mean          | 338         |
|    ep_rew_mean          | -12.5       |
| time/                   |             |
|    fps                  | 111         |
|    iterations           | 581         |
|    time_elapsed         | 26721       |
|    total_timesteps      | 3978240     |
| train/                  |             |
|    approx_kl            | 0.034333386 |
|    clip_fraction        | 0.291       |
|    clip_range           | 0.2         |
|    entropy_loss         | -4.9        |
|    explained_variance   | 0.584       |
|    learning_rate        | 0.0003      |
|    loss                 | 18.6        |
|    n_updates            | 8250        |
|    policy_gradient_loss | -0.00114    |
|    std                  | 0.846       |
|    value_loss           | 19.3        |
-----------------------------------------
-----------------------------------------
| rollout/                |             |
|    ep_len_mean          | 337         |
|    ep_rew_mean          | -8.54       |
| time/                   |             |
|    fps                  | 111         |
|    iterations           | 582         |
|    time_elapsed         | 26767       |
|    total_timesteps      | 3983360     |
| train/                  |             |
|    approx_kl            | 0.035526555 |
|    clip_fraction        | 0.232       |
|    clip_range           | 0.2         |
|    entropy_loss         | -4.89       |
|    explained_variance   | 0.599       |
|    learning_rate        | 0.0003      |
|    loss                 | 0.624       |
|    n_updates            | 8260        |
|    policy_gradient_loss | -0.00654    |
|    std                  | 0.847       |
|    value_loss           | 14.3        |
-----------------------------------------
----------------------------------------
| rollout/                |            |
|    ep_len_mean          | 334        |
|    ep_rew_mean          | -10.5      |
| time/                   |            |
|    fps                  | 111        |
|    iterations           | 583        |
|    time_elapsed         | 26815      |
|    total_timesteps      | 3988480    |
| train/                  |            |
|    approx_kl            | 0.03511381 |
|    clip_fraction        | 0.238      |
|    clip_range           | 0.2        |
|    entropy_loss         | -4.9       |
|    explained_variance   | 0.745      |
|    learning_rate        | 0.0003     |
|    loss                 | 0.302      |
|    n_updates            | 8270       |
|    policy_gradient_loss | -0.00975   |
|    std                  | 0.85       |
|    value_loss           | 3.86       |
----------------------------------------
-----------------------------------------
| rollout/                |             |
|    ep_len_mean          | 332         |
|    ep_rew_mean          | -10.1       |
| time/                   |             |
|    fps                  | 111         |
|    iterations           | 584         |
|    time_elapsed         | 26857       |
|    total_timesteps      | 3993600     |
| train/                  |             |
|    approx_kl            | 0.028621797 |
|    clip_fraction        | 0.239       |
|    clip_range           | 0.2         |
|    entropy_loss         | -4.9        |
|    explained_variance   | 0.329       |
|    learning_rate        | 0.0003      |
|    loss                 | 2.79        |
|    n_updates            | 8280        |
|    policy_gradient_loss | -0.0099     |
|    std                  | 0.846       |
|    value_loss           | 35.6        |
-----------------------------------------
-----------------------------------------
| rollout/                |             |
|    ep_len_mean          | 328         |
|    ep_rew_mean          | -10.7       |
| time/                   |             |
|    fps                  | 111         |
|    iterations           | 585         |
|    time_elapsed         | 26899       |
|    total_timesteps      | 3998720     |
| train/                  |             |
|    approx_kl            | 0.041119315 |
|    clip_fraction        | 0.251       |
|    clip_range           | 0.2         |
|    entropy_loss         | -4.87       |
|    explained_variance   | 0.815       |
|    learning_rate        | 0.0003      |
|    loss                 | 0.138       |
|    n_updates            | 8290        |
|    policy_gradient_loss | -0.0106     |
|    std                  | 0.838       |
|    value_loss           | 3.92        |
-----------------------------------------
Eval num_timesteps=4003520, episode_reward=-7.37 +/- 29.54
Episode length: 328.20 +/- 30.28
---------------------------------------
| eval/                   |           |
|    mean_ep_length       | 328       |
|    mean_reward          | -7.37     |
| time/                   |           |
|    total_timesteps      | 4003520   |
| train/                  |           |
|    approx_kl            | 0.0422632 |
|    clip_fraction        | 0.277     |
|    clip_range           | 0.2       |
|    entropy_loss         | -4.85     |
|    explained_variance   | 0.635     |
|    learning_rate        | 0.0003    |
|    loss                 | 0.502     |
|    n_updates            | 8300      |
|    policy_gradient_loss | 0.000379  |
|    std                  | 0.841     |
|    value_loss           | 17.3      |
---------------------------------------
[progress] timestep 4003530
[episode ends] timestep 4003530: flipped=38 (26%), missed_goal=106 (72%), out_of_bounds=2 (1%), scored=1 (1%)
---------------------------------
| episode_end/       |          |
|    flipped         | 38       |
|    missed_goal     | 106      |
|    out_of_bounds   | 2        |
|    scored          | 1        |
| rollout/           |          |
|    ep_len_mean     | 327      |
|    ep_rew_mean     | -6.21    |
| time/              |          |
|    fps             | 111      |
|    iterations      | 586      |
|    time_elapsed    | 26953    |
|    total_timesteps | 4003840  |
---------------------------------
---------------------------------------
| rollout/                |           |
|    ep_len_mean          | 324       |
|    ep_rew_mean          | -5.45     |
| time/                   |           |
|    fps                  | 111       |
|    iterations           | 587       |
|    time_elapsed         | 26991     |
|    total_timesteps      | 4008960   |
| train/                  |           |
|    approx_kl            | 0.0329695 |
|    clip_fraction        | 0.255     |
|    clip_range           | 0.2       |
|    entropy_loss         | -4.85     |
|    explained_variance   | 0.954     |
|    learning_rate        | 0.0003    |
|    loss                 | -0.00559  |
|    n_updates            | 8310      |
|    policy_gradient_loss | -0.0146   |
|    std                  | 0.839     |
|    value_loss           | 0.732     |
---------------------------------------
---------------------------------------
| rollout/                |           |
|    ep_len_mean          | 322       |
|    ep_rew_mean          | -8.6      |
| time/                   |           |
|    fps                  | 111       |
|    iterations           | 588       |
|    time_elapsed         | 27042     |
|    total_timesteps      | 4014080   |
| train/                  |           |
|    approx_kl            | 0.0278834 |
|    clip_fraction        | 0.245     |
|    clip_range           | 0.2       |
|    entropy_loss         | -4.85     |
|    explained_variance   | 0.894     |
|    learning_rate        | 0.0003    |
|    loss                 | -0.00223  |
|    n_updates            | 8320      |
|    policy_gradient_loss | -0.0111   |
|    std                  | 0.837     |
|    value_loss           | 2.31      |
---------------------------------------
----------------------------------------
| rollout/                |            |
|    ep_len_mean          | 325        |
|    ep_rew_mean          | -9.22      |
| time/                   |            |
|    fps                  | 111        |
|    iterations           | 589        |
|    time_elapsed         | 27083      |
|    total_timesteps      | 4019200    |
| train/                  |            |
|    approx_kl            | 0.02602245 |
|    clip_fraction        | 0.199      |
|    clip_range           | 0.2        |
|    entropy_loss         | -4.83      |
|    explained_variance   | 0.284      |
|    learning_rate        | 0.0003     |
|    loss                 | 0.53       |
|    n_updates            | 8330       |
|    policy_gradient_loss | -0.005     |
|    std                  | 0.836      |
|    value_loss           | 70.4       |
----------------------------------------
-----------------------------------------
| rollout/                |             |
|    ep_len_mean          | 323         |
|    ep_rew_mean          | -8.65       |
| time/                   |             |
|    fps                  | 111         |
|    iterations           | 590         |
|    time_elapsed         | 27124       |
|    total_timesteps      | 4024320     |
| train/                  |             |
|    approx_kl            | 0.021797882 |
|    clip_fraction        | 0.176       |
|    clip_range           | 0.2         |
|    entropy_loss         | -4.82       |
|    explained_variance   | 0.628       |
|    learning_rate        | 0.0003      |
|    loss                 | 0.35        |
|    n_updates            | 8340        |
|    policy_gradient_loss | -0.00884    |
|    std                  | 0.83        |
|    value_loss           | 39.3        |
-----------------------------------------
----------------------------------------
| rollout/                |            |
|    ep_len_mean          | 327        |
|    ep_rew_mean          | -12.2      |
| time/                   |            |
|    fps                  | 111        |
|    iterations           | 591        |
|    time_elapsed         | 27169      |
|    total_timesteps      | 4029440    |
| train/                  |            |
|    approx_kl            | 0.03024047 |
|    clip_fraction        | 0.178      |
|    clip_range           | 0.2        |
|    entropy_loss         | -4.8       |
|    explained_variance   | 0.832      |
|    learning_rate        | 0.0003     |
|    loss                 | 1.07       |
|    n_updates            | 8350       |
|    policy_gradient_loss | -0.0112    |
|    std                  | 0.827      |
|    value_loss           | 6.62       |
----------------------------------------
-----------------------------------------
| rollout/                |             |
|    ep_len_mean          | 328         |
|    ep_rew_mean          | -12.1       |
| time/                   |             |
|    fps                  | 111         |
|    iterations           | 592         |
|    time_elapsed         | 27205       |
|    total_timesteps      | 4034560     |
| train/                  |             |
|    approx_kl            | 0.026348274 |
|    clip_fraction        | 0.176       |
|    clip_range           | 0.2         |
|    entropy_loss         | -4.78       |
|    explained_variance   | 0.587       |
|    learning_rate        | 0.0003      |
|    loss                 | 0.0789      |
|    n_updates            | 8360        |
|    policy_gradient_loss | -0.00821    |
|    std                  | 0.821       |
|    value_loss           | 38.6        |
-----------------------------------------
-----------------------------------------
| rollout/                |             |
|    ep_len_mean          | 324         |
|    ep_rew_mean          | -15.5       |
| time/                   |             |
|    fps                  | 111         |
|    iterations           | 593         |
|    time_elapsed         | 27246       |
|    total_timesteps      | 4039680     |
| train/                  |             |
|    approx_kl            | 0.047323104 |
|    clip_fraction        | 0.24        |
|    clip_range           | 0.2         |
|    entropy_loss         | -4.77       |
|    explained_variance   | 0.561       |
|    learning_rate        | 0.0003      |
|    loss                 | 6.82e-05    |
|    n_updates            | 8370        |
|    policy_gradient_loss | -0.00139    |
|    std                  | 0.821       |
|    value_loss           | 49.2        |
-----------------------------------------
-----------------------------------------
| rollout/                |             |
|    ep_len_mean          | 332         |
|    ep_rew_mean          | -13.7       |
| time/                   |             |
|    fps                  | 111         |
|    iterations           | 594         |
|    time_elapsed         | 27289       |
|    total_timesteps      | 4044800     |
| train/                  |             |
|    approx_kl            | 0.025663342 |
|    clip_fraction        | 0.221       |
|    clip_range           | 0.2         |
|    entropy_loss         | -4.77       |
|    explained_variance   | 0.532       |
|    learning_rate        | 0.0003      |
|    loss                 | 0.607       |
|    n_updates            | 8380        |
|    policy_gradient_loss | -0.00541    |
|    std                  | 0.822       |
|    value_loss           | 19.7        |
-----------------------------------------
-----------------------------------------
| rollout/                |             |
|    ep_len_mean          | 337         |
|    ep_rew_mean          | -11.2       |
| time/                   |             |
|    fps                  | 111         |
|    iterations           | 595         |
|    time_elapsed         | 27330       |
|    total_timesteps      | 4049920     |
| train/                  |             |
|    approx_kl            | 0.037487622 |
|    clip_fraction        | 0.231       |
|    clip_range           | 0.2         |
|    entropy_loss         | -4.77       |
|    explained_variance   | 0.607       |
|    learning_rate        | 0.0003      |
|    loss                 | 0.894       |
|    n_updates            | 8390        |
|    policy_gradient_loss | -0.00781    |
|    std                  | 0.823       |
|    value_loss           | 7.61        |
-----------------------------------------
Eval num_timesteps=4053520, episode_reward=-15.48 +/- 33.98
Episode length: 365.20 +/- 117.57
----------------------------------------
| eval/                   |            |
|    mean_ep_length       | 365        |
|    mean_reward          | -15.5      |
| time/                   |            |
|    total_timesteps      | 4053520    |
| train/                  |            |
|    approx_kl            | 0.03293737 |
|    clip_fraction        | 0.208      |
|    clip_range           | 0.2        |
|    entropy_loss         | -4.77      |
|    explained_variance   | 0.891      |
|    learning_rate        | 0.0003     |
|    loss                 | 6.03       |
|    n_updates            | 8400       |
|    policy_gradient_loss | -0.0114    |
|    std                  | 0.819      |
|    value_loss           | 2.05       |
----------------------------------------
[episode ends] timestep 4053530: flipped=56 (37%), missed_goal=85 (56%), out_of_bounds=6 (4%), scored=6 (4%)
---------------------------------
| episode_end/       |          |
|    flipped         | 56       |
|    missed_goal     | 85       |
|    out_of_bounds   | 6        |
|    scored          | 6        |
| rollout/           |          |
|    ep_len_mean     | 329      |
|    ep_rew_mean     | -9.98    |
| time/              |          |
|    fps             | 111      |
|    iterations      | 596      |
|    time_elapsed    | 27381    |
|    total_timesteps | 4055040  |
---------------------------------
-----------------------------------------
| rollout/                |             |
|    ep_len_mean          | 328         |
|    ep_rew_mean          | -10.4       |
| time/                   |             |
|    fps                  | 111         |
|    iterations           | 597         |
|    time_elapsed         | 27423       |
|    total_timesteps      | 4060160     |
| train/                  |             |
|    approx_kl            | 0.031125668 |
|    clip_fraction        | 0.236       |
|    clip_range           | 0.2         |
|    entropy_loss         | -4.75       |
|    explained_variance   | 0.532       |
|    learning_rate        | 0.0003      |
|    loss                 | -0.0139     |
|    n_updates            | 8410        |
|    policy_gradient_loss | -0.0049     |
|    std                  | 0.815       |
|    value_loss           | 24.7        |
-----------------------------------------
-----------------------------------------
| rollout/                |             |
|    ep_len_mean          | 334         |
|    ep_rew_mean          | -8.89       |
| time/                   |             |
|    fps                  | 111         |
|    iterations           | 598         |
|    time_elapsed         | 27465       |
|    total_timesteps      | 4065280     |
| train/                  |             |
|    approx_kl            | 0.026555752 |
|    clip_fraction        | 0.218       |
|    clip_range           | 0.2         |
|    entropy_loss         | -4.73       |
|    explained_variance   | 0.588       |
|    learning_rate        | 0.0003      |
|    loss                 | 0.178       |
|    n_updates            | 8420        |
|    policy_gradient_loss | -0.00803    |
|    std                  | 0.813       |
|    value_loss           | 21.7        |
-----------------------------------------
----------------------------------------
| rollout/                |            |
|    ep_len_mean          | 335        |
|    ep_rew_mean          | -4.85      |
| time/                   |            |
|    fps                  | 111        |
|    iterations           | 599        |
|    time_elapsed         | 27504      |
|    total_timesteps      | 4070400    |
| train/                  |            |
|    approx_kl            | 0.03481096 |
|    clip_fraction        | 0.228      |
|    clip_range           | 0.2        |
|    entropy_loss         | -4.74      |
|    explained_variance   | 0.806      |
|    learning_rate        | 0.0003     |
|    loss                 | 0.178      |
|    n_updates            | 8430       |
|    policy_gradient_loss | -0.00951   |
|    std                  | 0.817      |
|    value_loss           | 6.06       |
----------------------------------------
-----------------------------------------
| rollout/                |             |
|    ep_len_mean          | 334         |
|    ep_rew_mean          | -5.82       |
| time/                   |             |
|    fps                  | 111         |
|    iterations           | 600         |
|    time_elapsed         | 27543       |
|    total_timesteps      | 4075520     |
| train/                  |             |
|    approx_kl            | 0.029499745 |
|    clip_fraction        | 0.251       |
|    clip_range           | 0.2         |
|    entropy_loss         | -4.76       |
|    explained_variance   | 0.902       |
|    learning_rate        | 0.0003      |
|    loss                 | 0.0917      |
|    n_updates            | 8440        |
|    policy_gradient_loss | -0.0078     |
|    std                  | 0.819       |
|    value_loss           | 3.23        |
-----------------------------------------
-----------------------------------------
| rollout/                |             |
|    ep_len_mean          | 331         |
|    ep_rew_mean          | -7.02       |
| time/                   |             |
|    fps                  | 111         |
|    iterations           | 601         |
|    time_elapsed         | 27586       |
|    total_timesteps      | 4080640     |
| train/                  |             |
|    approx_kl            | 0.053703226 |
|    clip_fraction        | 0.295       |
|    clip_range           | 0.2         |
|    entropy_loss         | -4.78       |
|    explained_variance   | 0.938       |
|    learning_rate        | 0.0003      |
|    loss                 | 0.011       |
|    n_updates            | 8450        |
|    policy_gradient_loss | -0.00701    |
|    std                  | 0.823       |
|    value_loss           | 1.42        |
-----------------------------------------
-----------------------------------------
| rollout/                |             |
|    ep_len_mean          | 336         |
|    ep_rew_mean          | -7.12       |
| time/                   |             |
|    fps                  | 111         |
|    iterations           | 602         |
|    time_elapsed         | 27624       |
|    total_timesteps      | 4085760     |
| train/                  |             |
|    approx_kl            | 0.044438228 |
|    clip_fraction        | 0.261       |
|    clip_range           | 0.2         |
|    entropy_loss         | -4.77       |
|    explained_variance   | 0.934       |
|    learning_rate        | 0.0003      |
|    loss                 | -0.0356     |
|    n_updates            | 8460        |
|    policy_gradient_loss | -0.0125     |
|    std                  | 0.818       |
|    value_loss           | 1.83        |
-----------------------------------------
-----------------------------------------
| rollout/                |             |
|    ep_len_mean          | 341         |
|    ep_rew_mean          | -4.8        |
| time/                   |             |
|    fps                  | 111         |
|    iterations           | 603         |
|    time_elapsed         | 27668       |
|    total_timesteps      | 4090880     |
| train/                  |             |
|    approx_kl            | 0.031938184 |
|    clip_fraction        | 0.221       |
|    clip_range           | 0.2         |
|    entropy_loss         | -4.75       |
|    explained_variance   | 0.418       |
|    learning_rate        | 0.0003      |
|    loss                 | 0.0911      |
|    n_updates            | 8470        |
|    policy_gradient_loss | -0.00889    |
|    std                  | 0.811       |
|    value_loss           | 28.7        |
-----------------------------------------
----------------------------------------
| rollout/                |            |
|    ep_len_mean          | 342        |
|    ep_rew_mean          | -2.63      |
| time/                   |            |
|    fps                  | 111        |
|    iterations           | 604        |
|    time_elapsed         | 27710      |
|    total_timesteps      | 4096000    |
| train/                  |            |
|    approx_kl            | 0.02530561 |
|    clip_fraction        | 0.204      |
|    clip_range           | 0.2        |
|    entropy_loss         | -4.71      |
|    explained_variance   | 0.793      |
|    learning_rate        | 0.0003     |
|    loss                 | 0.161      |
|    n_updates            | 8480       |
|    policy_gradient_loss | -0.0135    |
|    std                  | 0.804      |
|    value_loss           | 2.83       |
----------------------------------------
-----------------------------------------
| rollout/                |             |
|    ep_len_mean          | 339         |
|    ep_rew_mean          | -2.38       |
| time/                   |             |
|    fps                  | 111         |
|    iterations           | 605         |
|    time_elapsed         | 27750       |
|    total_timesteps      | 4101120     |
| train/                  |             |
|    approx_kl            | 0.031237151 |
|    clip_fraction        | 0.243       |
|    clip_range           | 0.2         |
|    entropy_loss         | -4.69       |
|    explained_variance   | 0.935       |
|    learning_rate        | 0.0003      |
|    loss                 | 0.278       |
|    n_updates            | 8490        |
|    policy_gradient_loss | -0.0188     |
|    std                  | 0.8         |
|    value_loss           | 0.853       |
-----------------------------------------
Eval num_timesteps=4103520, episode_reward=-16.22 +/- 60.23
Episode length: 348.70 +/- 116.76
-----------------------------------------
| eval/                   |             |
|    mean_ep_length       | 349         |
|    mean_reward          | -16.2       |
| time/                   |             |
|    total_timesteps      | 4103520     |
| train/                  |             |
|    approx_kl            | 0.034319382 |
|    clip_fraction        | 0.285       |
|    clip_range           | 0.2         |
|    entropy_loss         | -4.67       |
|    explained_variance   | 0.928       |
|    learning_rate        | 0.0003      |
|    loss                 | -0.0226     |
|    n_updates            | 8500        |
|    policy_gradient_loss | -0.00991    |
|    std                  | 0.797       |
|    value_loss           | 1.31        |
-----------------------------------------
[progress] timestep 4103530
[episode ends] timestep 4103530: flipped=37 (25%), missed_goal=106 (71%), out_of_bounds=5 (3%), scored=2 (1%)
---------------------------------
| episode_end/       |          |
|    flipped         | 37       |
|    missed_goal     | 106      |
|    out_of_bounds   | 5        |
|    scored          | 2        |
| rollout/           |          |
|    ep_len_mean     | 331      |
|    ep_rew_mean     | -1       |
| time/              |          |
|    fps             | 111      |
|    iterations      | 606      |
|    time_elapsed    | 27802    |
|    total_timesteps | 4106240  |
---------------------------------
-----------------------------------------
| rollout/                |             |
|    ep_len_mean          | 337         |
|    ep_rew_mean          | -0.738      |
| time/                   |             |
|    fps                  | 111         |
|    iterations           | 607         |
|    time_elapsed         | 27849       |
|    total_timesteps      | 4111360     |
| train/                  |             |
|    approx_kl            | 0.038754784 |
|    clip_fraction        | 0.29        |
|    clip_range           | 0.2         |
|    entropy_loss         | -4.67       |
|    explained_variance   | 0.943       |
|    learning_rate        | 0.0003      |
|    loss                 | -0.0347     |
|    n_updates            | 8510        |
|    policy_gradient_loss | -0.0149     |
|    std                  | 0.799       |
|    value_loss           | 1.35        |
-----------------------------------------
-----------------------------------------
| rollout/                |             |
|    ep_len_mean          | 334         |
|    ep_rew_mean          | -0.294      |
| time/                   |             |
|    fps                  | 111         |
|    iterations           | 608         |
|    time_elapsed         | 27887       |
|    total_timesteps      | 4116480     |
| train/                  |             |
|    approx_kl            | 0.034480736 |
|    clip_fraction        | 0.236       |
|    clip_range           | 0.2         |
|    entropy_loss         | -4.68       |
|    explained_variance   | 0.964       |
|    learning_rate        | 0.0003      |
|    loss                 | 0.0209      |
|    n_updates            | 8520        |
|    policy_gradient_loss | -0.0122     |
|    std                  | 0.799       |
|    value_loss           | 0.716       |
-----------------------------------------
----------------------------------------
| rollout/                |            |
|    ep_len_mean          | 331        |
|    ep_rew_mean          | 0.231      |
| time/                   |            |
|    fps                  | 111        |
|    iterations           | 609        |
|    time_elapsed         | 27932      |
|    total_timesteps      | 4121600    |
| train/                  |            |
|    approx_kl            | 0.03540297 |
|    clip_fraction        | 0.279      |
|    clip_range           | 0.2        |
|    entropy_loss         | -4.67      |
|    explained_variance   | 0.659      |
|    learning_rate        | 0.0003     |
|    loss                 | -0.0395    |
|    n_updates            | 8530       |
|    policy_gradient_loss | -0.00801   |
|    std                  | 0.796      |
|    value_loss           | 4.31       |
----------------------------------------
-----------------------------------------
| rollout/                |             |
|    ep_len_mean          | 334         |
|    ep_rew_mean          | -1.65       |
| time/                   |             |
|    fps                  | 111         |
|    iterations           | 610         |
|    time_elapsed         | 27970       |
|    total_timesteps      | 4126720     |
| train/                  |             |
|    approx_kl            | 0.028390342 |
|    clip_fraction        | 0.254       |
|    clip_range           | 0.2         |
|    entropy_loss         | -4.66       |
|    explained_variance   | 0.858       |
|    learning_rate        | 0.0003      |
|    loss                 | -0.0293     |
|    n_updates            | 8540        |
|    policy_gradient_loss | -0.012      |
|    std                  | 0.796       |
|    value_loss           | 4.49        |
-----------------------------------------
----------------------------------------
| rollout/                |            |
|    ep_len_mean          | 332        |
|    ep_rew_mean          | -1.99      |
| time/                   |            |
|    fps                  | 111        |
|    iterations           | 611        |
|    time_elapsed         | 28019      |
|    total_timesteps      | 4131840    |
| train/                  |            |
|    approx_kl            | 0.02856557 |
|    clip_fraction        | 0.192      |
|    clip_range           | 0.2        |
|    entropy_loss         | -4.65      |
|    explained_variance   | 0.516      |
|    learning_rate        | 0.0003     |
|    loss                 | 0.332      |
|    n_updates            | 8550       |
|    policy_gradient_loss | -0.0102    |
|    std                  | 0.793      |
|    value_loss           | 38.6       |
----------------------------------------
-----------------------------------------
| rollout/                |             |
|    ep_len_mean          | 327         |
|    ep_rew_mean          | -2.65       |
| time/                   |             |
|    fps                  | 111         |
|    iterations           | 612         |
|    time_elapsed         | 28063       |
|    total_timesteps      | 4136960     |
| train/                  |             |
|    approx_kl            | 0.024787547 |
|    clip_fraction        | 0.221       |
|    clip_range           | 0.2         |
|    entropy_loss         | -4.63       |
|    explained_variance   | 0.498       |
|    learning_rate        | 0.0003      |
|    loss                 | -0.0187     |
|    n_updates            | 8560        |
|    policy_gradient_loss | -0.00506    |
|    std                  | 0.79        |
|    value_loss           | 45.9        |
-----------------------------------------
----------------------------------------
| rollout/                |            |
|    ep_len_mean          | 319        |
|    ep_rew_mean          | -9.48      |
| time/                   |            |
|    fps                  | 111        |
|    iterations           | 613        |
|    time_elapsed         | 28106      |
|    total_timesteps      | 4142080    |
| train/                  |            |
|    approx_kl            | 0.02684037 |
|    clip_fraction        | 0.209      |
|    clip_range           | 0.2        |
|    entropy_loss         | -4.64      |
|    explained_variance   | 0.196      |
|    learning_rate        | 0.0003     |
|    loss                 | 0.018      |
|    n_updates            | 8570       |
|    policy_gradient_loss | -0.00616   |
|    std                  | 0.793      |
|    value_loss           | 208        |
----------------------------------------
-----------------------------------------
| rollout/                |             |
|    ep_len_mean          | 317         |
|    ep_rew_mean          | -13.1       |
| time/                   |             |
|    fps                  | 111         |
|    iterations           | 614         |
|    time_elapsed         | 28153       |
|    total_timesteps      | 4147200     |
| train/                  |             |
|    approx_kl            | 0.035899274 |
|    clip_fraction        | 0.221       |
|    clip_range           | 0.2         |
|    entropy_loss         | -4.64       |
|    explained_variance   | 0.873       |
|    learning_rate        | 0.0003      |
|    loss                 | 0.0439      |
|    n_updates            | 8580        |
|    policy_gradient_loss | -0.00486    |
|    std                  | 0.795       |
|    value_loss           | 2.66        |
-----------------------------------------
-----------------------------------------
| rollout/                |             |
|    ep_len_mean          | 315         |
|    ep_rew_mean          | -14.9       |
| time/                   |             |
|    fps                  | 111         |
|    iterations           | 615         |
|    time_elapsed         | 28198       |
|    total_timesteps      | 4152320     |
| train/                  |             |
|    approx_kl            | 0.032025058 |
|    clip_fraction        | 0.234       |
|    clip_range           | 0.2         |
|    entropy_loss         | -4.66       |
|    explained_variance   | 0.159       |
|    learning_rate        | 0.0003      |
|    loss                 | -0.0142     |
|    n_updates            | 8590        |
|    policy_gradient_loss | -0.00966    |
|    std                  | 0.799       |
|    value_loss           | 135         |
-----------------------------------------
Eval num_timesteps=4153520, episode_reward=6.30 +/- 2.97
Episode length: 307.10 +/- 34.92
-----------------------------------------
| eval/                   |             |
|    mean_ep_length       | 307         |
|    mean_reward          | 6.3         |
| time/                   |             |
|    total_timesteps      | 4153520     |
| train/                  |             |
|    approx_kl            | 0.036504976 |
|    clip_fraction        | 0.253       |
|    clip_range           | 0.2         |
|    entropy_loss         | -4.66       |
|    explained_variance   | 0.371       |
|    learning_rate        | 0.0003      |
|    loss                 | -0.0242     |
|    n_updates            | 8600        |
|    policy_gradient_loss | -0.00606    |
|    std                  | 0.795       |
|    value_loss           | 61.2        |
-----------------------------------------
[episode ends] timestep 4153530: flipped=35 (22%), missed_goal=118 (75%), scored=4 (3%)
---------------------------------
| episode_end/       |          |
|    flipped         | 35       |
|    missed_goal     | 118      |
|    scored          | 4        |
| rollout/           |          |
|    ep_len_mean     | 301      |
|    ep_rew_mean     | -16.2    |
| time/              |          |
|    fps             | 111      |
|    iterations      | 616      |
|    time_elapsed    | 28251    |
|    total_timesteps | 4157440  |
---------------------------------
-----------------------------------------
| rollout/                |             |
|    ep_len_mean          | 298         |
|    ep_rew_mean          | -19.8       |
| time/                   |             |
|    fps                  | 111         |
|    iterations           | 617         |
|    time_elapsed         | 28300       |
|    total_timesteps      | 4162560     |
| train/                  |             |
|    approx_kl            | 0.026002612 |
|    clip_fraction        | 0.223       |
|    clip_range           | 0.2         |
|    entropy_loss         | -4.64       |
|    explained_variance   | 0.411       |
|    learning_rate        | 0.0003      |
|    loss                 | -0.0332     |
|    n_updates            | 8610        |
|    policy_gradient_loss | -0.0109     |
|    std                  | 0.792       |
|    value_loss           | 50.7        |
-----------------------------------------
----------------------------------------
| rollout/                |            |
|    ep_len_mean          | 296        |
|    ep_rew_mean          | -19.7      |
| time/                   |            |
|    fps                  | 111        |
|    iterations           | 618        |
|    time_elapsed         | 28344      |
|    total_timesteps      | 4167680    |
| train/                  |            |
|    approx_kl            | 0.02214637 |
|    clip_fraction        | 0.198      |
|    clip_range           | 0.2        |
|    entropy_loss         | -4.64      |
|    explained_variance   | 0.169      |
|    learning_rate        | 0.0003     |
|    loss                 | 497        |
|    n_updates            | 8620       |
|    policy_gradient_loss | -0.00208   |
|    std                  | 0.792      |
|    value_loss           | 209        |
----------------------------------------
----------------------------------------
| rollout/                |            |
|    ep_len_mean          | 289        |
|    ep_rew_mean          | -16.9      |
| time/                   |            |
|    fps                  | 111        |
|    iterations           | 619        |
|    time_elapsed         | 28390      |
|    total_timesteps      | 4172800    |
| train/                  |            |
|    approx_kl            | 0.03263669 |
|    clip_fraction        | 0.233      |
|    clip_range           | 0.2        |
|    entropy_loss         | -4.64      |
|    explained_variance   | 0.549      |
|    learning_rate        | 0.0003     |
|    loss                 | 0.00212    |
|    n_updates            | 8630       |
|    policy_gradient_loss | -0.0121    |
|    std                  | 0.792      |
|    value_loss           | 29.8       |
----------------------------------------
----------------------------------------
| rollout/                |            |
|    ep_len_mean          | 288        |
|    ep_rew_mean          | -17.9      |
| time/                   |            |
|    fps                  | 111        |
|    iterations           | 620        |
|    time_elapsed         | 28437      |
|    total_timesteps      | 4177920    |
| train/                  |            |
|    approx_kl            | 0.02134039 |
|    clip_fraction        | 0.179      |
|    clip_range           | 0.2        |
|    entropy_loss         | -4.64      |
|    explained_variance   | 0.109      |
|    learning_rate        | 0.0003     |
|    loss                 | 2.49       |
|    n_updates            | 8640       |
|    policy_gradient_loss | -0.00219   |
|    std                  | 0.793      |
|    value_loss           | 87.2       |
----------------------------------------
-----------------------------------------
| rollout/                |             |
|    ep_len_mean          | 292         |
|    ep_rew_mean          | -14.7       |
| time/                   |             |
|    fps                  | 111         |
|    iterations           | 621         |
|    time_elapsed         | 28482       |
|    total_timesteps      | 4183040     |
| train/                  |             |
|    approx_kl            | 0.013440986 |
|    clip_fraction        | 0.12        |
|    clip_range           | 0.2         |
|    entropy_loss         | -4.64       |
|    explained_variance   | 0.589       |
|    learning_rate        | 0.0003      |
|    loss                 | 0.733       |
|    n_updates            | 8650        |
|    policy_gradient_loss | -0.00678    |
|    std                  | 0.793       |
|    value_loss           | 10.3        |
-----------------------------------------
----------------------------------------
| rollout/                |            |
|    ep_len_mean          | 288        |
|    ep_rew_mean          | -14.1      |
| time/                   |            |
|    fps                  | 111        |
|    iterations           | 622        |
|    time_elapsed         | 28524      |
|    total_timesteps      | 4188160    |
| train/                  |            |
|    approx_kl            | 0.00904667 |
|    clip_fraction        | 0.0839     |
|    clip_range           | 0.2        |
|    entropy_loss         | -4.64      |
|    explained_variance   | 0.523      |
|    learning_rate        | 0.0003     |
|    loss                 | 0.436      |
|    n_updates            | 8660       |
|    policy_gradient_loss | -0.0107    |
|    std                  | 0.791      |
|    value_loss           | 4.83       |
----------------------------------------
-----------------------------------------
| rollout/                |             |
|    ep_len_mean          | 293         |
|    ep_rew_mean          | -12.7       |
| time/                   |             |
|    fps                  | 111         |
|    iterations           | 623         |
|    time_elapsed         | 28564       |
|    total_timesteps      | 4193280     |
| train/                  |             |
|    approx_kl            | 0.027600309 |
|    clip_fraction        | 0.201       |
|    clip_range           | 0.2         |
|    entropy_loss         | -4.64       |
|    explained_variance   | 0.103       |
|    learning_rate        | 0.0003      |
|    loss                 | 0.0664      |
|    n_updates            | 8670        |
|    policy_gradient_loss | -0.00592    |
|    std                  | 0.793       |
|    value_loss           | 223         |
-----------------------------------------
----------------------------------------
| rollout/                |            |
|    ep_len_mean          | 306        |
|    ep_rew_mean          | -13.1      |
| time/                   |            |
|    fps                  | 111        |
|    iterations           | 624        |
|    time_elapsed         | 28610      |
|    total_timesteps      | 4198400    |
| train/                  |            |
|    approx_kl            | 0.03746316 |
|    clip_fraction        | 0.266      |
|    clip_range           | 0.2        |
|    entropy_loss         | -4.65      |
|    explained_variance   | 0.753      |
|    learning_rate        | 0.0003     |
|    loss                 | 0.256      |
|    n_updates            | 8680       |
|    policy_gradient_loss | -0.00673   |
|    std                  | 0.793      |
|    value_loss           | 5.96       |
----------------------------------------
Eval num_timesteps=4203520, episode_reward=-16.36 +/- 40.42
Episode length: 297.30 +/- 121.95
-----------------------------------------
| eval/                   |             |
|    mean_ep_length       | 297         |
|    mean_reward          | -16.4       |
| time/                   |             |
|    total_timesteps      | 4203520     |
| train/                  |             |
|    approx_kl            | 0.029197942 |
|    clip_fraction        | 0.206       |
|    clip_range           | 0.2         |
|    entropy_loss         | -4.65       |
|    explained_variance   | 0.457       |
|    learning_rate        | 0.0003      |
|    loss                 | 1.81        |
|    n_updates            | 8690        |
|    policy_gradient_loss | -0.00762    |
|    std                  | 0.793       |
|    value_loss           | 35.9        |
-----------------------------------------
---------------------------------
| rollout/           |          |
|    ep_len_mean     | 310      |
|    ep_rew_mean     | -15.2    |
| time/              |          |
|    fps             | 111      |
|    iterations      | 625      |
|    time_elapsed    | 28660    |
|    total_timesteps | 4203520  |
---------------------------------
[progress] timestep 4203530
[episode ends] timestep 4203530: flipped=45 (27%), missed_goal=114 (69%), out_of_bounds=2 (1%), scored=4 (2%)
----------------------------------------
| episode_end/            |            |
|    flipped              | 45         |
|    missed_goal          | 114        |
|    out_of_bounds        | 2          |
|    scored               | 4          |
| rollout/                |            |
|    ep_len_mean          | 310        |
|    ep_rew_mean          | -15.4      |
| time/                   |            |
|    fps                  | 111        |
|    iterations           | 626        |
|    time_elapsed         | 28700      |
|    total_timesteps      | 4208640    |
| train/                  |            |
|    approx_kl            | 0.05427695 |
|    clip_fraction        | 0.258      |
|    clip_range           | 0.2        |
|    entropy_loss         | -4.63      |
|    explained_variance   | 0.218      |
|    learning_rate        | 0.0003     |
|    loss                 | 0.161      |
|    n_updates            | 8700       |
|    policy_gradient_loss | -0.00519   |
|    std                  | 0.79       |
|    value_loss           | 124        |
----------------------------------------
-----------------------------------------
| rollout/                |             |
|    ep_len_mean          | 313         |
|    ep_rew_mean          | -16         |
| time/                   |             |
|    fps                  | 111         |
|    iterations           | 627         |
|    time_elapsed         | 28749       |
|    total_timesteps      | 4213760     |
| train/                  |             |
|    approx_kl            | 0.039310172 |
|    clip_fraction        | 0.266       |
|    clip_range           | 0.2         |
|    entropy_loss         | -4.63       |
|    explained_variance   | 0.363       |
|    learning_rate        | 0.0003      |
|    loss                 | 0.679       |
|    n_updates            | 8710        |
|    policy_gradient_loss | -0.00566    |
|    std                  | 0.791       |
|    value_loss           | 44.3        |
-----------------------------------------
-----------------------------------------
| rollout/                |             |
|    ep_len_mean          | 321         |
|    ep_rew_mean          | -19.1       |
| time/                   |             |
|    fps                  | 111         |
|    iterations           | 628         |
|    time_elapsed         | 28789       |
|    total_timesteps      | 4218880     |
| train/                  |             |
|    approx_kl            | 0.056645613 |
|    clip_fraction        | 0.307       |
|    clip_range           | 0.2         |
|    entropy_loss         | -4.63       |
|    explained_variance   | 0.484       |
|    learning_rate        | 0.0003      |
|    loss                 | -0.0223     |
|    n_updates            | 8720        |
|    policy_gradient_loss | -0.00306    |
|    std                  | 0.79        |
|    value_loss           | 20.4        |
-----------------------------------------
-----------------------------------------
| rollout/                |             |
|    ep_len_mean          | 315         |
|    ep_rew_mean          | -15.3       |
| time/                   |             |
|    fps                  | 111         |
|    iterations           | 629         |
|    time_elapsed         | 28831       |
|    total_timesteps      | 4224000     |
| train/                  |             |
|    approx_kl            | 0.052267075 |
|    clip_fraction        | 0.351       |
|    clip_range           | 0.2         |
|    entropy_loss         | -4.63       |
|    explained_variance   | 0.485       |
|    learning_rate        | 0.0003      |
|    loss                 | 35.4        |
|    n_updates            | 8730        |
|    policy_gradient_loss | 0.00464     |
|    std                  | 0.789       |
|    value_loss           | 36.6        |
-----------------------------------------
----------------------------------------
| rollout/                |            |
|    ep_len_mean          | 323        |
|    ep_rew_mean          | -15.5      |
| time/                   |            |
|    fps                  | 111        |
|    iterations           | 630        |
|    time_elapsed         | 28878      |
|    total_timesteps      | 4229120    |
| train/                  |            |
|    approx_kl            | 0.03375016 |
|    clip_fraction        | 0.239      |
|    clip_range           | 0.2        |
|    entropy_loss         | -4.63      |
|    explained_variance   | 0.482      |
|    learning_rate        | 0.0003     |
|    loss                 | 0.482      |
|    n_updates            | 8740       |
|    policy_gradient_loss | -0.0112    |
|    std                  | 0.789      |
|    value_loss           | 30.3       |
----------------------------------------
-----------------------------------------
| rollout/                |             |
|    ep_len_mean          | 325         |
|    ep_rew_mean          | -17.7       |
| time/                   |             |
|    fps                  | 111         |
|    iterations           | 631         |
|    time_elapsed         | 28912       |
|    total_timesteps      | 4234240     |
| train/                  |             |
|    approx_kl            | 0.035690144 |
|    clip_fraction        | 0.248       |
|    clip_range           | 0.2         |
|    entropy_loss         | -4.62       |
|    explained_variance   | 0.343       |
|    learning_rate        | 0.0003      |
|    loss                 | 0.618       |
|    n_updates            | 8750        |
|    policy_gradient_loss | -0.00816    |
|    std                  | 0.785       |
|    value_loss           | 77.1        |
-----------------------------------------
-----------------------------------------
| rollout/                |             |
|    ep_len_mean          | 330         |
|    ep_rew_mean          | -18.1       |
| time/                   |             |
|    fps                  | 111         |
|    iterations           | 632         |
|    time_elapsed         | 28951       |
|    total_timesteps      | 4239360     |
| train/                  |             |
|    approx_kl            | 0.038583644 |
|    clip_fraction        | 0.273       |
|    clip_range           | 0.2         |
|    entropy_loss         | -4.6        |
|    explained_variance   | 0.369       |
|    learning_rate        | 0.0003      |
|    loss                 | 101         |
|    n_updates            | 8760        |
|    policy_gradient_loss | -0.000983   |
|    std                  | 0.784       |
|    value_loss           | 63.5        |
-----------------------------------------
-----------------------------------------
| rollout/                |             |
|    ep_len_mean          | 340         |
|    ep_rew_mean          | -18.2       |
| time/                   |             |
|    fps                  | 111         |
|    iterations           | 633         |
|    time_elapsed         | 28990       |
|    total_timesteps      | 4244480     |
| train/                  |             |
|    approx_kl            | 0.036988873 |
|    clip_fraction        | 0.262       |
|    clip_range           | 0.2         |
|    entropy_loss         | -4.6        |
|    explained_variance   | 0.412       |
|    learning_rate        | 0.0003      |
|    loss                 | 0.00136     |
|    n_updates            | 8770        |
|    policy_gradient_loss | 0.000245    |
|    std                  | 0.782       |
|    value_loss           | 73.4        |
-----------------------------------------
-----------------------------------------
| rollout/                |             |
|    ep_len_mean          | 337         |
|    ep_rew_mean          | -21.8       |
| time/                   |             |
|    fps                  | 111         |
|    iterations           | 634         |
|    time_elapsed         | 29025       |
|    total_timesteps      | 4249600     |
| train/                  |             |
|    approx_kl            | 0.032497622 |
|    clip_fraction        | 0.24        |
|    clip_range           | 0.2         |
|    entropy_loss         | -4.59       |
|    explained_variance   | 0.941       |
|    learning_rate        | 0.0003      |
|    loss                 | -0.0146     |
|    n_updates            | 8780        |
|    policy_gradient_loss | -0.00442    |
|    std                  | 0.78        |
|    value_loss           | 1.57        |
-----------------------------------------
Eval num_timesteps=4253520, episode_reward=-18.15 +/- 47.59
Episode length: 240.10 +/- 128.67
-----------------------------------------
| eval/                   |             |
|    mean_ep_length       | 240         |
|    mean_reward          | -18.2       |
| time/                   |             |
|    total_timesteps      | 4253520     |
| train/                  |             |
|    approx_kl            | 0.037409373 |
|    clip_fraction        | 0.261       |
|    clip_range           | 0.2         |
|    entropy_loss         | -4.6        |
|    explained_variance   | 0.468       |
|    learning_rate        | 0.0003      |
|    loss                 | -0.0202     |
|    n_updates            | 8790        |
|    policy_gradient_loss | -0.00249    |
|    std                  | 0.783       |
|    value_loss           | 41.7        |
-----------------------------------------
[episode ends] timestep 4253530: flipped=51 (33%), missed_goal=94 (61%), out_of_bounds=8 (5%), scored=2 (1%)
---------------------------------
| episode_end/       |          |
|    flipped         | 51       |
|    missed_goal     | 94       |
|    out_of_bounds   | 8        |
|    scored          | 2        |
| rollout/           |          |
|    ep_len_mean     | 330      |
|    ep_rew_mean     | -20.9    |
| time/              |          |
|    fps             | 111      |
|    iterations      | 635      |
|    time_elapsed    | 29072    |
|    total_timesteps | 4254720  |
---------------------------------
-----------------------------------------
| rollout/                |             |
|    ep_len_mean          | 341         |
|    ep_rew_mean          | -23         |
| time/                   |             |
|    fps                  | 111         |
|    iterations           | 636         |
|    time_elapsed         | 29114       |
|    total_timesteps      | 4259840     |
| train/                  |             |
|    approx_kl            | 0.031078434 |
|    clip_fraction        | 0.211       |
|    clip_range           | 0.2         |
|    entropy_loss         | -4.6        |
|    explained_variance   | 0.495       |
|    learning_rate        | 0.0003      |
|    loss                 | 0.0165      |
|    n_updates            | 8800        |
|    policy_gradient_loss | -0.00469    |
|    std                  | 0.785       |
|    value_loss           | 27.2        |
-----------------------------------------
-----------------------------------------
| rollout/                |             |
|    ep_len_mean          | 329         |
|    ep_rew_mean          | -18.4       |
| time/                   |             |
|    fps                  | 111         |
|    iterations           | 637         |
|    time_elapsed         | 29155       |
|    total_timesteps      | 4264960     |
| train/                  |             |
|    approx_kl            | 0.063967615 |
|    clip_fraction        | 0.26        |
|    clip_range           | 0.2         |
|    entropy_loss         | -4.6        |
|    explained_variance   | 0.829       |
|    learning_rate        | 0.0003      |
|    loss                 | 0.425       |
|    n_updates            | 8810        |
|    policy_gradient_loss | -0.00496    |
|    std                  | 0.781       |
|    value_loss           | 5.19        |
-----------------------------------------
----------------------------------------
| rollout/                |            |
|    ep_len_mean          | 321        |
|    ep_rew_mean          | -20.8      |
| time/                   |            |
|    fps                  | 111        |
|    iterations           | 638        |
|    time_elapsed         | 29202      |
|    total_timesteps      | 4270080    |
| train/                  |            |
|    approx_kl            | 0.06268728 |
|    clip_fraction        | 0.292      |
|    clip_range           | 0.2        |
|    entropy_loss         | -4.58      |
|    explained_variance   | 0.845      |
|    learning_rate        | 0.0003     |
|    loss                 | 0.0855     |
|    n_updates            | 8820       |
|    policy_gradient_loss | 0.00286    |
|    std                  | 0.779      |
|    value_loss           | 3.78       |
----------------------------------------
----------------------------------------
| rollout/                |            |
|    ep_len_mean          | 314        |
|    ep_rew_mean          | -22.6      |
| time/                   |            |
|    fps                  | 111        |
|    iterations           | 639        |
|    time_elapsed         | 29242      |
|    total_timesteps      | 4275200    |
| train/                  |            |
|    approx_kl            | 0.01927862 |
|    clip_fraction        | 0.154      |
|    clip_range           | 0.2        |
|    entropy_loss         | -4.58      |
|    explained_variance   | 0.278      |
|    learning_rate        | 0.0003     |
|    loss                 | 2.01       |
|    n_updates            | 8830       |
|    policy_gradient_loss | -0.00826   |
|    std                  | 0.779      |
|    value_loss           | 138        |
----------------------------------------
-----------------------------------------
| rollout/                |             |
|    ep_len_mean          | 311         |
|    ep_rew_mean          | -23         |
| time/                   |             |
|    fps                  | 111         |
|    iterations           | 640         |
|    time_elapsed         | 29281       |
|    total_timesteps      | 4280320     |
| train/                  |             |
|    approx_kl            | 0.029524263 |
|    clip_fraction        | 0.12        |
|    clip_range           | 0.2         |
|    entropy_loss         | -4.57       |
|    explained_variance   | 0.343       |
|    learning_rate        | 0.0003      |
|    loss                 | 0.431       |
|    n_updates            | 8840        |
|    policy_gradient_loss | -0.00693    |
|    std                  | 0.779       |
|    value_loss           | 67.1        |
-----------------------------------------
-----------------------------------------
| rollout/                |             |
|    ep_len_mean          | 327         |
|    ep_rew_mean          | -27.7       |
| time/                   |             |
|    fps                  | 111         |
|    iterations           | 641         |
|    time_elapsed         | 29325       |
|    total_timesteps      | 4285440     |
| train/                  |             |
|    approx_kl            | 0.018594297 |
|    clip_fraction        | 0.134       |
|    clip_range           | 0.2         |
|    entropy_loss         | -4.57       |
|    explained_variance   | 0.208       |
|    learning_rate        | 0.0003      |
|    loss                 | 0.124       |
|    n_updates            | 8850        |
|    policy_gradient_loss | -0.00973    |
|    std                  | 0.776       |
|    value_loss           | 128         |
-----------------------------------------
----------------------------------------
| rollout/                |            |
|    ep_len_mean          | 326        |
|    ep_rew_mean          | -28.6      |
| time/                   |            |
|    fps                  | 111        |
|    iterations           | 642        |
|    time_elapsed         | 29367      |
|    total_timesteps      | 4290560    |
| train/                  |            |
|    approx_kl            | 0.04104362 |
|    clip_fraction        | 0.245      |
|    clip_range           | 0.2        |
|    entropy_loss         | -4.57      |
|    explained_variance   | 0.294      |
|    learning_rate        | 0.0003     |
|    loss                 | -0.00744   |
|    n_updates            | 8860       |
|    policy_gradient_loss | -0.000312  |
|    std                  | 0.777      |
|    value_loss           | 121        |
----------------------------------------
----------------------------------------
| rollout/                |            |
|    ep_len_mean          | 322        |
|    ep_rew_mean          | -30.8      |
| time/                   |            |
|    fps                  | 111        |
|    iterations           | 643        |
|    time_elapsed         | 29406      |
|    total_timesteps      | 4295680    |
| train/                  |            |
|    approx_kl            | 0.03159746 |
|    clip_fraction        | 0.267      |
|    clip_range           | 0.2        |
|    entropy_loss         | -4.57      |
|    explained_variance   | 0.384      |
|    learning_rate        | 0.0003     |
|    loss                 | 0.64       |
|    n_updates            | 8870       |
|    policy_gradient_loss | -0.000644  |
|    std                  | 0.777      |
|    value_loss           | 36.6       |
----------------------------------------
-----------------------------------------
| rollout/                |             |
|    ep_len_mean          | 332         |
|    ep_rew_mean          | -23.2       |
| time/                   |             |
|    fps                  | 111         |
|    iterations           | 644         |
|    time_elapsed         | 29449       |
|    total_timesteps      | 4300800     |
| train/                  |             |
|    approx_kl            | 0.027058411 |
|    clip_fraction        | 0.225       |
|    clip_range           | 0.2         |
|    entropy_loss         | -4.57       |
|    explained_variance   | 0.744       |
|    learning_rate        | 0.0003      |
|    loss                 | 1.77        |
|    n_updates            | 8880        |
|    policy_gradient_loss | -0.00562    |
|    std                  | 0.776       |
|    value_loss           | 17.7        |
-----------------------------------------
Eval num_timesteps=4303520, episode_reward=-55.32 +/- 97.79
Episode length: 337.70 +/- 167.67
---------------------------------------
| eval/                   |           |
|    mean_ep_length       | 338       |
|    mean_reward          | -55.3     |
| time/                   |           |
|    total_timesteps      | 4303520   |
| train/                  |           |
|    approx_kl            | 0.0322626 |
|    clip_fraction        | 0.278     |
|    clip_range           | 0.2       |
|    entropy_loss         | -4.57     |
|    explained_variance   | 0.613     |
|    learning_rate        | 0.0003    |
|    loss                 | 0.849     |
|    n_updates            | 8890      |
|    policy_gradient_loss | -0.00215  |
|    std                  | 0.778     |
|    value_loss           | 18.8      |
---------------------------------------
[progress] timestep 4303530
[episode ends] timestep 4303530: crashed=2 (1%), flipped=66 (43%), missed_goal=78 (51%), out_of_bounds=6 (4%), scored=2 (1%)
---------------------------------
| episode_end/       |          |
|    crashed         | 2        |
|    flipped         | 66       |
|    missed_goal     | 78       |
|    out_of_bounds   | 6        |
|    scored          | 2        |
| rollout/           |          |
|    ep_len_mean     | 330      |
|    ep_rew_mean     | -25.1    |
| time/              |          |
|    fps             | 111      |
|    iterations      | 645      |
|    time_elapsed    | 29502    |
|    total_timesteps | 4305920  |
---------------------------------
-----------------------------------------
| rollout/                |             |
|    ep_len_mean          | 325         |
|    ep_rew_mean          | -26.1       |
| time/                   |             |
|    fps                  | 111         |
|    iterations           | 646         |
|    time_elapsed         | 29554       |
|    total_timesteps      | 4311040     |
| train/                  |             |
|    approx_kl            | 0.025904784 |
|    clip_fraction        | 0.184       |
|    clip_range           | 0.2         |
|    entropy_loss         | -4.56       |
|    explained_variance   | 0.499       |
|    learning_rate        | 0.0003      |
|    loss                 | 0.137       |
|    n_updates            | 8900        |
|    policy_gradient_loss | -0.00826    |
|    std                  | 0.774       |
|    value_loss           | 64.7        |
-----------------------------------------
----------------------------------------
| rollout/                |            |
|    ep_len_mean          | 310        |
|    ep_rew_mean          | -17.8      |
| time/                   |            |
|    fps                  | 111        |
|    iterations           | 647        |
|    time_elapsed         | 29610      |
|    total_timesteps      | 4316160    |
| train/                  |            |
|    approx_kl            | 0.03325068 |
|    clip_fraction        | 0.168      |
|    clip_range           | 0.2        |
|    entropy_loss         | -4.55      |
|    explained_variance   | 0.227      |
|    learning_rate        | 0.0003     |
|    loss                 | 14.3       |
|    n_updates            | 8910       |
|    policy_gradient_loss | -0.00539   |
|    std                  | 0.774      |
|    value_loss           | 125        |
----------------------------------------
-----------------------------------------
| rollout/                |             |
|    ep_len_mean          | 302         |
|    ep_rew_mean          | -16.5       |
| time/                   |             |
|    fps                  | 111         |
|    iterations           | 648         |
|    time_elapsed         | 29669       |
|    total_timesteps      | 4321280     |
| train/                  |             |
|    approx_kl            | 0.025515577 |
|    clip_fraction        | 0.211       |
|    clip_range           | 0.2         |
|    entropy_loss         | -4.54       |
|    explained_variance   | 0.575       |
|    learning_rate        | 0.0003      |
|    loss                 | 0.223       |
|    n_updates            | 8920        |
|    policy_gradient_loss | -0.0101     |
|    std                  | 0.769       |
|    value_loss           | 8.01        |
-----------------------------------------
-----------------------------------------
| rollout/                |             |
|    ep_len_mean          | 302         |
|    ep_rew_mean          | -16.6       |
| time/                   |             |
|    fps                  | 111         |
|    iterations           | 649         |
|    time_elapsed         | 29717       |
|    total_timesteps      | 4326400     |
| train/                  |             |
|    approx_kl            | 0.015119681 |
|    clip_fraction        | 0.132       |
|    clip_range           | 0.2         |
|    entropy_loss         | -4.53       |
|    explained_variance   | 0.533       |
|    learning_rate        | 0.0003      |
|    loss                 | 0.664       |
|    n_updates            | 8930        |
|    policy_gradient_loss | -0.00763    |
|    std                  | 0.769       |
|    value_loss           | 25.5        |
-----------------------------------------
----------------------------------------
| rollout/                |            |
|    ep_len_mean          | 311        |
|    ep_rew_mean          | -17.5      |
| time/                   |            |
|    fps                  | 111        |
|    iterations           | 650        |
|    time_elapsed         | 29768      |
|    total_timesteps      | 4331520    |
| train/                  |            |
|    approx_kl            | 0.07037941 |
|    clip_fraction        | 0.325      |
|    clip_range           | 0.2        |
|    entropy_loss         | -4.52      |
|    explained_variance   | 0.496      |
|    learning_rate        | 0.0003     |
|    loss                 | 41.2       |
|    n_updates            | 8940       |
|    policy_gradient_loss | 0.00443    |
|    std                  | 0.77       |
|    value_loss           | 42.9       |
----------------------------------------
-----------------------------------------
| rollout/                |             |
|    ep_len_mean          | 318         |
|    ep_rew_mean          | -15.2       |
| time/                   |             |
|    fps                  | 111         |
|    iterations           | 651         |
|    time_elapsed         | 29822       |
|    total_timesteps      | 4336640     |
| train/                  |             |
|    approx_kl            | 0.050195925 |
|    clip_fraction        | 0.25        |
|    clip_range           | 0.2         |
|    entropy_loss         | -4.53       |
|    explained_variance   | 0.506       |
|    learning_rate        | 0.0003      |
|    loss                 | 0.104       |
|    n_updates            | 8950        |
|    policy_gradient_loss | 0.000304    |
|    std                  | 0.774       |
|    value_loss           | 25.9        |
-----------------------------------------
-----------------------------------------
| rollout/                |             |
|    ep_len_mean          | 321         |
|    ep_rew_mean          | -16.2       |
| time/                   |             |
|    fps                  | 111         |
|    iterations           | 652         |
|    time_elapsed         | 29866       |
|    total_timesteps      | 4341760     |
| train/                  |             |
|    approx_kl            | 0.038211517 |
|    clip_fraction        | 0.267       |
|    clip_range           | 0.2         |
|    entropy_loss         | -4.55       |
|    explained_variance   | 0.526       |
|    learning_rate        | 0.0003      |
|    loss                 | 0.135       |
|    n_updates            | 8960        |
|    policy_gradient_loss | -0.00409    |
|    std                  | 0.773       |
|    value_loss           | 31.1        |
-----------------------------------------
-----------------------------------------
| rollout/                |             |
|    ep_len_mean          | 335         |
|    ep_rew_mean          | -15.3       |
| time/                   |             |
|    fps                  | 111         |
|    iterations           | 653         |
|    time_elapsed         | 29917       |
|    total_timesteps      | 4346880     |
| train/                  |             |
|    approx_kl            | 0.021377953 |
|    clip_fraction        | 0.201       |
|    clip_range           | 0.2         |
|    entropy_loss         | -4.55       |
|    explained_variance   | 0.194       |
|    learning_rate        | 0.0003      |
|    loss                 | 0.163       |
|    n_updates            | 8970        |
|    policy_gradient_loss | -0.00677    |
|    std                  | 0.776       |
|    value_loss           | 121         |
-----------------------------------------
----------------------------------------
| rollout/                |            |
|    ep_len_mean          | 344        |
|    ep_rew_mean          | -17.6      |
| time/                   |            |
|    fps                  | 111        |
|    iterations           | 654        |
|    time_elapsed         | 29964      |
|    total_timesteps      | 4352000    |
| train/                  |            |
|    approx_kl            | 0.07244246 |
|    clip_fraction        | 0.324      |
|    clip_range           | 0.2        |
|    entropy_loss         | -4.56      |
|    explained_variance   | 0.72       |
|    learning_rate        | 0.0003     |
|    loss                 | 1.06       |
|    n_updates            | 8980       |
|    policy_gradient_loss | -0.00295   |
|    std                  | 0.775      |
|    value_loss           | 20.2       |
----------------------------------------
Eval num_timesteps=4353520, episode_reward=-6.78 +/- 14.05
Episode length: 336.50 +/- 111.73
-----------------------------------------
| eval/                   |             |
|    mean_ep_length       | 336         |
|    mean_reward          | -6.78       |
| time/                   |             |
|    total_timesteps      | 4353520     |
| train/                  |             |
|    approx_kl            | 0.069862805 |
|    clip_fraction        | 0.298       |
|    clip_range           | 0.2         |
|    entropy_loss         | -4.57       |
|    explained_variance   | 0.784       |
|    learning_rate        | 0.0003      |
|    loss                 | 0.0709      |
|    n_updates            | 8990        |
|    policy_gradient_loss | 8.09e-06    |
|    std                  | 0.781       |
|    value_loss           | 4.28        |
-----------------------------------------
[episode ends] timestep 4353530: crashed=1 (1%), flipped=52 (34%), missed_goal=88 (58%), out_of_bounds=3 (2%), scored=7 (5%)
---------------------------------
| episode_end/       |          |
|    crashed         | 1        |
|    flipped         | 52       |
|    missed_goal     | 88       |
|    out_of_bounds   | 3        |
|    scored          | 7        |
| rollout/           |          |
|    ep_len_mean     | 357      |
|    ep_rew_mean     | -15.3    |
| time/              |          |
|    fps             | 111      |
|    iterations      | 655      |
|    time_elapsed    | 30021    |
|    total_timesteps | 4357120  |
---------------------------------
----------------------------------------
| rollout/                |            |
|    ep_len_mean          | 368        |
|    ep_rew_mean          | -14.2      |
| time/                   |            |
|    fps                  | 111        |
|    iterations           | 656        |
|    time_elapsed         | 30067      |
|    total_timesteps      | 4362240    |
| train/                  |            |
|    approx_kl            | 0.05567811 |
|    clip_fraction        | 0.315      |
|    clip_range           | 0.2        |
|    entropy_loss         | -4.59      |
|    explained_variance   | 0.397      |
|    learning_rate        | 0.0003     |
|    loss                 | 283        |
|    n_updates            | 9000       |
|    policy_gradient_loss | 0.00175    |
|    std                  | 0.783      |
|    value_loss           | 41.7       |
----------------------------------------
-----------------------------------------
| rollout/                |             |
|    ep_len_mean          | 380         |
|    ep_rew_mean          | -17.4       |
| time/                   |             |
|    fps                  | 111         |
|    iterations           | 657         |
|    time_elapsed         | 30112       |
|    total_timesteps      | 4367360     |
| train/                  |             |
|    approx_kl            | 0.043887325 |
|    clip_fraction        | 0.315       |
|    clip_range           | 0.2         |
|    entropy_loss         | -4.6        |
|    explained_variance   | 0.722       |
|    learning_rate        | 0.0003      |
|    loss                 | 3.48        |
|    n_updates            | 9010        |
|    policy_gradient_loss | -0.00489    |
|    std                  | 0.786       |
|    value_loss           | 8.56        |
-----------------------------------------
-----------------------------------------
| rollout/                |             |
|    ep_len_mean          | 375         |
|    ep_rew_mean          | -18.4       |
| time/                   |             |
|    fps                  | 111         |
|    iterations           | 658         |
|    time_elapsed         | 30158       |
|    total_timesteps      | 4372480     |
| train/                  |             |
|    approx_kl            | 0.033325262 |
|    clip_fraction        | 0.242       |
|    clip_range           | 0.2         |
|    entropy_loss         | -4.59       |
|    explained_variance   | 0.397       |
|    learning_rate        | 0.0003      |
|    loss                 | 0.5         |
|    n_updates            | 9020        |
|    policy_gradient_loss | -0.00603    |
|    std                  | 0.782       |
|    value_loss           | 67.6        |
-----------------------------------------
-----------------------------------------
| rollout/                |             |
|    ep_len_mean          | 374         |
|    ep_rew_mean          | -17         |
| time/                   |             |
|    fps                  | 111         |
|    iterations           | 659         |
|    time_elapsed         | 30195       |
|    total_timesteps      | 4377600     |
| train/                  |             |
|    approx_kl            | 0.038766675 |
|    clip_fraction        | 0.272       |
|    clip_range           | 0.2         |
|    entropy_loss         | -4.57       |
|    explained_variance   | 0.782       |
|    learning_rate        | 0.0003      |
|    loss                 | 0.442       |
|    n_updates            | 9030        |
|    policy_gradient_loss | 0.00253     |
|    std                  | 0.778       |
|    value_loss           | 6.49        |
-----------------------------------------
-----------------------------------------
| rollout/                |             |
|    ep_len_mean          | 376         |
|    ep_rew_mean          | -14.1       |
| time/                   |             |
|    fps                  | 111         |
|    iterations           | 660         |
|    time_elapsed         | 30228       |
|    total_timesteps      | 4382720     |
| train/                  |             |
|    approx_kl            | 0.030460853 |
|    clip_fraction        | 0.27        |
|    clip_range           | 0.2         |
|    entropy_loss         | -4.55       |
|    explained_variance   | 0.533       |
|    learning_rate        | 0.0003      |
|    loss                 | 0.0989      |
|    n_updates            | 9040        |
|    policy_gradient_loss | -0.00331    |
|    std                  | 0.776       |
|    value_loss           | 34.2        |
-----------------------------------------
-----------------------------------------
| rollout/                |             |
|    ep_len_mean          | 376         |
|    ep_rew_mean          | -15         |
| time/                   |             |
|    fps                  | 111         |
|    iterations           | 661         |
|    time_elapsed         | 30265       |
|    total_timesteps      | 4387840     |
| train/                  |             |
|    approx_kl            | 0.033622406 |
|    clip_fraction        | 0.183       |
|    clip_range           | 0.2         |
|    entropy_loss         | -4.55       |
|    explained_variance   | 0.815       |
|    learning_rate        | 0.0003      |
|    loss                 | 0.2         |
|    n_updates            | 9050        |
|    policy_gradient_loss | -0.00904    |
|    std                  | 0.776       |
|    value_loss           | 4.58        |
-----------------------------------------
----------------------------------------
| rollout/                |            |
|    ep_len_mean          | 370        |
|    ep_rew_mean          | -18.4      |
| time/                   |            |
|    fps                  | 111        |
|    iterations           | 662        |
|    time_elapsed         | 30301      |
|    total_timesteps      | 4392960    |
| train/                  |            |
|    approx_kl            | 0.03663952 |
|    clip_fraction        | 0.25       |
|    clip_range           | 0.2        |
|    entropy_loss         | -4.55      |
|    explained_variance   | 0.425      |
|    learning_rate        | 0.0003     |
|    loss                 | 0.0586     |
|    n_updates            | 9060       |
|    policy_gradient_loss | -0.00819   |
|    std                  | 0.777      |
|    value_loss           | 50.1       |
----------------------------------------
-----------------------------------------
| rollout/                |             |
|    ep_len_mean          | 346         |
|    ep_rew_mean          | -19.5       |
| time/                   |             |
|    fps                  | 111         |
|    iterations           | 663         |
|    time_elapsed         | 30343       |
|    total_timesteps      | 4398080     |
| train/                  |             |
|    approx_kl            | 0.028430525 |
|    clip_fraction        | 0.245       |
|    clip_range           | 0.2         |
|    entropy_loss         | -4.56       |
|    explained_variance   | 0.672       |
|    learning_rate        | 0.0003      |
|    loss                 | 153         |
|    n_updates            | 9070        |
|    policy_gradient_loss | -0.00363    |
|    std                  | 0.781       |
|    value_loss           | 17.7        |
-----------------------------------------
-----------------------------------------
| rollout/                |             |
|    ep_len_mean          | 335         |
|    ep_rew_mean          | -15.2       |
| time/                   |             |
|    fps                  | 111         |
|    iterations           | 664         |
|    time_elapsed         | 30385       |
|    total_timesteps      | 4403200     |
| train/                  |             |
|    approx_kl            | 0.036712408 |
|    clip_fraction        | 0.246       |
|    clip_range           | 0.2         |
|    entropy_loss         | -4.58       |
|    explained_variance   | 0.588       |
|    learning_rate        | 0.0003      |
|    loss                 | 0.0963      |
|    n_updates            | 9080        |
|    policy_gradient_loss | -0.00237    |
|    std                  | 0.78        |
|    value_loss           | 10.9        |
-----------------------------------------
Eval num_timesteps=4403520, episode_reward=-11.12 +/- 13.43
Episode length: 299.30 +/- 131.27
---------------------------------------
| eval/                   |           |
|    mean_ep_length       | 299       |
|    mean_reward          | -11.1     |
| time/                   |           |
|    total_timesteps      | 4403520   |
| train/                  |           |
|    approx_kl            | 0.0847529 |
|    clip_fraction        | 0.251     |
|    clip_range           | 0.2       |
|    entropy_loss         | -4.57     |
|    explained_variance   | 0.915     |
|    learning_rate        | 0.0003    |
|    loss                 | 0.162     |
|    n_updates            | 9090      |
|    policy_gradient_loss | 0.00175   |
|    std                  | 0.778     |
|    value_loss           | 3.1       |
---------------------------------------
[progress] timestep 4403530
[episode ends] timestep 4403530: crashed=1 (1%), flipped=62 (44%), missed_goal=68 (49%), out_of_bounds=5 (4%), scored=4 (3%)
---------------------------------
| episode_end/       |          |
|    crashed         | 1        |
|    flipped         | 62       |
|    missed_goal     | 68       |
|    out_of_bounds   | 5        |
|    scored          | 4        |
| rollout/           |          |
|    ep_len_mean     | 328      |
|    ep_rew_mean     | -17.6    |
| time/              |          |
|    fps             | 111      |
|    iterations      | 665      |
|    time_elapsed    | 30431    |
|    total_timesteps | 4408320  |
---------------------------------
-----------------------------------------
| rollout/                |             |
|    ep_len_mean          | 327         |
|    ep_rew_mean          | -19.5       |
| time/                   |             |
|    fps                  | 111         |
|    iterations           | 666         |
|    time_elapsed         | 30467       |
|    total_timesteps      | 4413440     |
| train/                  |             |
|    approx_kl            | 0.050670385 |
|    clip_fraction        | 0.248       |
|    clip_range           | 0.2         |
|    entropy_loss         | -4.55       |
|    explained_variance   | 0.158       |
|    learning_rate        | 0.0003      |
|    loss                 | 3.09        |
|    n_updates            | 9100        |
|    policy_gradient_loss | -0.00323    |
|    std                  | 0.774       |
|    value_loss           | 132         |
-----------------------------------------
-----------------------------------------
| rollout/                |             |
|    ep_len_mean          | 325         |
|    ep_rew_mean          | -24.7       |
| time/                   |             |
|    fps                  | 111         |
|    iterations           | 667         |
|    time_elapsed         | 30508       |
|    total_timesteps      | 4418560     |
| train/                  |             |
|    approx_kl            | 0.038366884 |
|    clip_fraction        | 0.203       |
|    clip_range           | 0.2         |
|    entropy_loss         | -4.55       |
|    explained_variance   | 0.56        |
|    learning_rate        | 0.0003      |
|    loss                 | 0.617       |
|    n_updates            | 9110        |
|    policy_gradient_loss | -0.00934    |
|    std                  | 0.775       |
|    value_loss           | 39.1        |
-----------------------------------------
-----------------------------------------
| rollout/                |             |
|    ep_len_mean          | 323         |
|    ep_rew_mean          | -24.3       |
| time/                   |             |
|    fps                  | 111         |
|    iterations           | 668         |
|    time_elapsed         | 30548       |
|    total_timesteps      | 4423680     |
| train/                  |             |
|    approx_kl            | 0.037612475 |
|    clip_fraction        | 0.212       |
|    clip_range           | 0.2         |
|    entropy_loss         | -4.54       |
|    explained_variance   | 0.221       |
|    learning_rate        | 0.0003      |
|    loss                 | 5.59        |
|    n_updates            | 9120        |
|    policy_gradient_loss | -0.00178    |
|    std                  | 0.775       |
|    value_loss           | 84.5        |
-----------------------------------------
----------------------------------------
| rollout/                |            |
|    ep_len_mean          | 322        |
|    ep_rew_mean          | -23.5      |
| time/                   |            |
|    fps                  | 111        |
|    iterations           | 669        |
|    time_elapsed         | 30589      |
|    total_timesteps      | 4428800    |
| train/                  |            |
|    approx_kl            | 0.04231764 |
|    clip_fraction        | 0.21       |
|    clip_range           | 0.2        |
|    entropy_loss         | -4.55      |
|    explained_variance   | 0.507      |
|    learning_rate        | 0.0003     |
|    loss                 | 0.771      |
|    n_updates            | 9130       |
|    policy_gradient_loss | -0.00376   |
|    std                  | 0.777      |
|    value_loss           | 33.7       |
----------------------------------------
-----------------------------------------
| rollout/                |             |
|    ep_len_mean          | 328         |
|    ep_rew_mean          | -26.3       |
| time/                   |             |
|    fps                  | 111         |
|    iterations           | 670         |
|    time_elapsed         | 30629       |
|    total_timesteps      | 4433920     |
| train/                  |             |
|    approx_kl            | 0.034483906 |
|    clip_fraction        | 0.165       |
|    clip_range           | 0.2         |
|    entropy_loss         | -4.55       |
|    explained_variance   | 0.256       |
|    learning_rate        | 0.0003      |
|    loss                 | 0.678       |
|    n_updates            | 9140        |
|    policy_gradient_loss | -0.00308    |
|    std                  | 0.776       |
|    value_loss           | 84.4        |
-----------------------------------------
-----------------------------------------
| rollout/                |             |
|    ep_len_mean          | 329         |
|    ep_rew_mean          | -31.7       |
| time/                   |             |
|    fps                  | 112         |
|    iterations           | 671         |
|    time_elapsed         | 30672       |
|    total_timesteps      | 4439040     |
| train/                  |             |
|    approx_kl            | 0.031770956 |
|    clip_fraction        | 0.189       |
|    clip_range           | 0.2         |
|    entropy_loss         | -4.54       |
|    explained_variance   | 0.554       |
|    learning_rate        | 0.0003      |
|    loss                 | 0.407       |
|    n_updates            | 9150        |
|    policy_gradient_loss | -0.00808    |
|    std                  | 0.773       |
|    value_loss           | 31.1        |
-----------------------------------------
----------------------------------------
| rollout/                |            |
|    ep_len_mean          | 330        |
|    ep_rew_mean          | -32.7      |
| time/                   |            |
|    fps                  | 112        |
|    iterations           | 672        |
|    time_elapsed         | 30713      |
|    total_timesteps      | 4444160    |
| train/                  |            |
|    approx_kl            | 0.03344015 |
|    clip_fraction        | 0.228      |
|    clip_range           | 0.2        |
|    entropy_loss         | -4.54      |
|    explained_variance   | 0.184      |
|    learning_rate        | 0.0003     |
|    loss                 | 5.8        |
|    n_updates            | 9160       |
|    policy_gradient_loss | -0.00321   |
|    std                  | 0.774      |
|    value_loss           | 257        |
----------------------------------------
-----------------------------------------
| rollout/                |             |
|    ep_len_mean          | 313         |
|    ep_rew_mean          | -32.3       |
| time/                   |             |
|    fps                  | 112         |
|    iterations           | 673         |
|    time_elapsed         | 30757       |
|    total_timesteps      | 4449280     |
| train/                  |             |
|    approx_kl            | 0.015322712 |
|    clip_fraction        | 0.13        |
|    clip_range           | 0.2         |
|    entropy_loss         | -4.54       |
|    explained_variance   | 0.261       |
|    learning_rate        | 0.0003      |
|    loss                 | 0.289       |
|    n_updates            | 9170        |
|    policy_gradient_loss | -0.0114     |
|    std                  | 0.773       |
|    value_loss           | 201         |
-----------------------------------------
Eval num_timesteps=4453520, episode_reward=-43.48 +/- 59.07
Episode length: 262.20 +/- 106.63
-----------------------------------------
| eval/                   |             |
|    mean_ep_length       | 262         |
|    mean_reward          | -43.5       |
| time/                   |             |
|    total_timesteps      | 4453520     |
| train/                  |             |
|    approx_kl            | 0.032627787 |
|    clip_fraction        | 0.163       |
|    clip_range           | 0.2         |
|    entropy_loss         | -4.53       |
|    explained_variance   | 0.794       |
|    learning_rate        | 0.0003      |
|    loss                 | 0.323       |
|    n_updates            | 9180        |
|    policy_gradient_loss | -0.00828    |
|    std                  | 0.773       |
|    value_loss           | 7.69        |
-----------------------------------------
[episode ends] timestep 4453530: crashed=1 (1%), flipped=82 (53%), missed_goal=66 (43%), out_of_bounds=3 (2%), scored=3 (2%)
---------------------------------
| episode_end/       |          |
|    crashed         | 1        |
|    flipped         | 82       |
|    missed_goal     | 66       |
|    out_of_bounds   | 3        |
|    scored          | 3        |
| rollout/           |          |
|    ep_len_mean     | 315      |
|    ep_rew_mean     | -27.1    |
| time/              |          |
|    fps             | 112      |
|    iterations      | 674      |
|    time_elapsed    | 30803    |
|    total_timesteps | 4454400  |
---------------------------------
-----------------------------------------
| rollout/                |             |
|    ep_len_mean          | 317         |
|    ep_rew_mean          | -26.7       |
| time/                   |             |
|    fps                  | 112         |
|    iterations           | 675         |
|    time_elapsed         | 30845       |
|    total_timesteps      | 4459520     |
| train/                  |             |
|    approx_kl            | 0.031350683 |
|    clip_fraction        | 0.175       |
|    clip_range           | 0.2         |
|    entropy_loss         | -4.53       |
|    explained_variance   | 0.757       |
|    learning_rate        | 0.0003      |
|    loss                 | 0.441       |
|    n_updates            | 9190        |
|    policy_gradient_loss | -0.00727    |
|    std                  | 0.773       |
|    value_loss           | 11.5        |
-----------------------------------------
-----------------------------------------
| rollout/                |             |
|    ep_len_mean          | 321         |
|    ep_rew_mean          | -26.5       |
| time/                   |             |
|    fps                  | 112         |
|    iterations           | 676         |
|    time_elapsed         | 30884       |
|    total_timesteps      | 4464640     |
| train/                  |             |
|    approx_kl            | 0.024692694 |
|    clip_fraction        | 0.196       |
|    clip_range           | 0.2         |
|    entropy_loss         | -4.53       |
|    explained_variance   | 0.496       |
|    learning_rate        | 0.0003      |
|    loss                 | 0.712       |
|    n_updates            | 9200        |
|    policy_gradient_loss | -0.00901    |
|    std                  | 0.77        |
|    value_loss           | 31.5        |
-----------------------------------------
-----------------------------------------
| rollout/                |             |
|    ep_len_mean          | 331         |
|    ep_rew_mean          | -23.3       |
| time/                   |             |
|    fps                  | 112         |
|    iterations           | 677         |
|    time_elapsed         | 30925       |
|    total_timesteps      | 4469760     |
| train/                  |             |
|    approx_kl            | 0.040004306 |
|    clip_fraction        | 0.238       |
|    clip_range           | 0.2         |
|    entropy_loss         | -4.51       |
|    explained_variance   | 0.323       |
|    learning_rate        | 0.0003      |
|    loss                 | 0.357       |
|    n_updates            | 9210        |
|    policy_gradient_loss | -0.00346    |
|    std                  | 0.765       |
|    value_loss           | 99.4        |
-----------------------------------------
-----------------------------------------
| rollout/                |             |
|    ep_len_mean          | 328         |
|    ep_rew_mean          | -26         |
| time/                   |             |
|    fps                  | 112         |
|    iterations           | 678         |
|    time_elapsed         | 30963       |
|    total_timesteps      | 4474880     |
| train/                  |             |
|    approx_kl            | 0.061220832 |
|    clip_fraction        | 0.321       |
|    clip_range           | 0.2         |
|    entropy_loss         | -4.5        |
|    explained_variance   | 0.733       |
|    learning_rate        | 0.0003      |
|    loss                 | 0.421       |
|    n_updates            | 9220        |
|    policy_gradient_loss | 0.000217    |
|    std                  | 0.767       |
|    value_loss           | 13.3        |
-----------------------------------------
----------------------------------------
| rollout/                |            |
|    ep_len_mean          | 335        |
|    ep_rew_mean          | -22        |
| time/                   |            |
|    fps                  | 112        |
|    iterations           | 679        |
|    time_elapsed         | 31003      |
|    total_timesteps      | 4480000    |
| train/                  |            |
|    approx_kl            | 0.07091523 |
|    clip_fraction        | 0.222      |
|    clip_range           | 0.2        |
|    entropy_loss         | -4.5       |
|    explained_variance   | 0.134      |
|    learning_rate        | 0.0003     |
|    loss                 | 13.1       |
|    n_updates            | 9230       |
|    policy_gradient_loss | -0.00205   |
|    std                  | 0.766      |
|    value_loss           | 122        |
----------------------------------------
----------------------------------------
| rollout/                |            |
|    ep_len_mean          | 345        |
|    ep_rew_mean          | -22.6      |
| time/                   |            |
|    fps                  | 112        |
|    iterations           | 680        |
|    time_elapsed         | 31042      |
|    total_timesteps      | 4485120    |
| train/                  |            |
|    approx_kl            | 0.04981936 |
|    clip_fraction        | 0.277      |
|    clip_range           | 0.2        |
|    entropy_loss         | -4.49      |
|    explained_variance   | 0.257      |
|    learning_rate        | 0.0003     |
|    loss                 | 0.166      |
|    n_updates            | 9240       |
|    policy_gradient_loss | -0.00181   |
|    std                  | 0.763      |
|    value_loss           | 77.3       |
----------------------------------------
----------------------------------------
| rollout/                |            |
|    ep_len_mean          | 357        |
|    ep_rew_mean          | -28.1      |
| time/                   |            |
|    fps                  | 112        |
|    iterations           | 681        |
|    time_elapsed         | 31081      |
|    total_timesteps      | 4490240    |
| train/                  |            |
|    approx_kl            | 0.07822032 |
|    clip_fraction        | 0.326      |
|    clip_range           | 0.2        |
|    entropy_loss         | -4.48      |
|    explained_variance   | 0.539      |
|    learning_rate        | 0.0003     |
|    loss                 | 0.293      |
|    n_updates            | 9250       |
|    policy_gradient_loss | 0.0026     |
|    std                  | 0.763      |
|    value_loss           | 23         |
----------------------------------------
-----------------------------------------
| rollout/                |             |
|    ep_len_mean          | 357         |
|    ep_rew_mean          | -28.7       |
| time/                   |             |
|    fps                  | 112         |
|    iterations           | 682         |
|    time_elapsed         | 31121       |
|    total_timesteps      | 4495360     |
| train/                  |             |
|    approx_kl            | 0.045213304 |
|    clip_fraction        | 0.215       |
|    clip_range           | 0.2         |
|    entropy_loss         | -4.48       |
|    explained_variance   | 0.147       |
|    learning_rate        | 0.0003      |
|    loss                 | 0.782       |
|    n_updates            | 9260        |
|    policy_gradient_loss | -0.000913   |
|    std                  | 0.762       |
|    value_loss           | 223         |
-----------------------------------------
----------------------------------------
| rollout/                |            |
|    ep_len_mean          | 354        |
|    ep_rew_mean          | -26        |
| time/                   |            |
|    fps                  | 112        |
|    iterations           | 683        |
|    time_elapsed         | 31156      |
|    total_timesteps      | 4500480    |
| train/                  |            |
|    approx_kl            | 0.06721227 |
|    clip_fraction        | 0.315      |
|    clip_range           | 0.2        |
|    entropy_loss         | -4.48      |
|    explained_variance   | 0.869      |
|    learning_rate        | 0.0003     |
|    loss                 | -0.0141    |
|    n_updates            | 9270       |
|    policy_gradient_loss | 0.00386    |
|    std                  | 0.764      |
|    value_loss           | 3.37       |
----------------------------------------
Eval num_timesteps=4503520, episode_reward=-27.83 +/- 47.47
Episode length: 267.30 +/- 143.75
-----------------------------------------
| eval/                   |             |
|    mean_ep_length       | 267         |
|    mean_reward          | -27.8       |
| time/                   |             |
|    total_timesteps      | 4503520     |
| train/                  |             |
|    approx_kl            | 0.044215698 |
|    clip_fraction        | 0.305       |
|    clip_range           | 0.2         |
|    entropy_loss         | -4.49       |
|    explained_variance   | 0.868       |
|    learning_rate        | 0.0003      |
|    loss                 | 0.0819      |
|    n_updates            | 9280        |
|    policy_gradient_loss | 0.00168     |
|    std                  | 0.765       |
|    value_loss           | 5.1         |
-----------------------------------------
[progress] timestep 4503530
[episode ends] timestep 4503530: flipped=78 (56%), missed_goal=42 (30%), out_of_bounds=13 (9%), scored=7 (5%)
---------------------------------
| episode_end/       |          |
|    flipped         | 78       |
|    missed_goal     | 42       |
|    out_of_bounds   | 13       |
|    scored          | 7        |
| rollout/           |          |
|    ep_len_mean     | 351      |
|    ep_rew_mean     | -32.1    |
| time/              |          |
|    fps             | 112      |
|    iterations      | 684      |
|    time_elapsed    | 31206    |
|    total_timesteps | 4505600  |
---------------------------------
-----------------------------------------
| rollout/                |             |
|    ep_len_mean          | 353         |
|    ep_rew_mean          | -29.4       |
| time/                   |             |
|    fps                  | 112         |
|    iterations           | 685         |
|    time_elapsed         | 31245       |
|    total_timesteps      | 4510720     |
| train/                  |             |
|    approx_kl            | 0.037501406 |
|    clip_fraction        | 0.214       |
|    clip_range           | 0.2         |
|    entropy_loss         | -4.5        |
|    explained_variance   | 0.15        |
|    learning_rate        | 0.0003      |
|    loss                 | 0.119       |
|    n_updates            | 9290        |
|    policy_gradient_loss | -0.00811    |
|    std                  | 0.766       |
|    value_loss           | 179         |
-----------------------------------------
-----------------------------------------
| rollout/                |             |
|    ep_len_mean          | 355         |
|    ep_rew_mean          | -26.6       |
| time/                   |             |
|    fps                  | 112         |
|    iterations           | 686         |
|    time_elapsed         | 31282       |
|    total_timesteps      | 4515840     |
| train/                  |             |
|    approx_kl            | 0.044791065 |
|    clip_fraction        | 0.289       |
|    clip_range           | 0.2         |
|    entropy_loss         | -4.5        |
|    explained_variance   | 0.368       |
|    learning_rate        | 0.0003      |
|    loss                 | 4.49        |
|    n_updates            | 9300        |
|    policy_gradient_loss | 0.00075     |
|    std                  | 0.764       |
|    value_loss           | 37.1        |
-----------------------------------------
----------------------------------------
| rollout/                |            |
|    ep_len_mean          | 358        |
|    ep_rew_mean          | -26.8      |
| time/                   |            |
|    fps                  | 112        |
|    iterations           | 687        |
|    time_elapsed         | 31317      |
|    total_timesteps      | 4520960    |
| train/                  |            |
|    approx_kl            | 0.05293544 |
|    clip_fraction        | 0.297      |
|    clip_range           | 0.2        |
|    entropy_loss         | -4.51      |
|    explained_variance   | 0.935      |
|    learning_rate        | 0.0003     |
|    loss                 | 0.0843     |
|    n_updates            | 9310       |
|    policy_gradient_loss | -0.00725   |
|    std                  | 0.768      |
|    value_loss           | 1.5        |
----------------------------------------
-----------------------------------------
| rollout/                |             |
|    ep_len_mean          | 351         |
|    ep_rew_mean          | -25.8       |
| time/                   |             |
|    fps                  | 112         |
|    iterations           | 688         |
|    time_elapsed         | 31357       |
|    total_timesteps      | 4526080     |
| train/                  |             |
|    approx_kl            | 0.035181146 |
|    clip_fraction        | 0.229       |
|    clip_range           | 0.2         |
|    entropy_loss         | -4.51       |
|    explained_variance   | 0.532       |
|    learning_rate        | 0.0003      |
|    loss                 | 0.271       |
|    n_updates            | 9320        |
|    policy_gradient_loss | -0.00331    |
|    std                  | 0.766       |
|    value_loss           | 32.4        |
-----------------------------------------
-----------------------------------------
| rollout/                |             |
|    ep_len_mean          | 339         |
|    ep_rew_mean          | -27.8       |
| time/                   |             |
|    fps                  | 112         |
|    iterations           | 689         |
|    time_elapsed         | 31394       |
|    total_timesteps      | 4531200     |
| train/                  |             |
|    approx_kl            | 0.038060617 |
|    clip_fraction        | 0.158       |
|    clip_range           | 0.2         |
|    entropy_loss         | -4.5        |
|    explained_variance   | 0.395       |
|    learning_rate        | 0.0003      |
|    loss                 | 3.7         |
|    n_updates            | 9330        |
|    policy_gradient_loss | -0.0026     |
|    std                  | 0.764       |
|    value_loss           | 51.7        |
-----------------------------------------
-----------------------------------------
| rollout/                |             |
|    ep_len_mean          | 347         |
|    ep_rew_mean          | -28.4       |
| time/                   |             |
|    fps                  | 112         |
|    iterations           | 690         |
|    time_elapsed         | 31433       |
|    total_timesteps      | 4536320     |
| train/                  |             |
|    approx_kl            | 0.024524143 |
|    clip_fraction        | 0.154       |
|    clip_range           | 0.2         |
|    entropy_loss         | -4.49       |
|    explained_variance   | 0.448       |
|    learning_rate        | 0.0003      |
|    loss                 | 0.0873      |
|    n_updates            | 9340        |
|    policy_gradient_loss | -0.0103     |
|    std                  | 0.762       |
|    value_loss           | 43.1        |
-----------------------------------------
-----------------------------------------
| rollout/                |             |
|    ep_len_mean          | 342         |
|    ep_rew_mean          | -26.3       |
| time/                   |             |
|    fps                  | 112         |
|    iterations           | 691         |
|    time_elapsed         | 31471       |
|    total_timesteps      | 4541440     |
| train/                  |             |
|    approx_kl            | 0.038402274 |
|    clip_fraction        | 0.247       |
|    clip_range           | 0.2         |
|    entropy_loss         | -4.48       |
|    explained_variance   | 0.208       |
|    learning_rate        | 0.0003      |
|    loss                 | 0.438       |
|    n_updates            | 9350        |
|    policy_gradient_loss | -0.00558    |
|    std                  | 0.762       |
|    value_loss           | 147         |
-----------------------------------------
----------------------------------------
| rollout/                |            |
|    ep_len_mean          | 351        |
|    ep_rew_mean          | -25.4      |
| time/                   |            |
|    fps                  | 112        |
|    iterations           | 692        |
|    time_elapsed         | 31511      |
|    total_timesteps      | 4546560    |
| train/                  |            |
|    approx_kl            | 0.06462698 |
|    clip_fraction        | 0.203      |
|    clip_range           | 0.2        |
|    entropy_loss         | -4.49      |
|    explained_variance   | 0.585      |
|    learning_rate        | 0.0003     |
|    loss                 | 1.67       |
|    n_updates            | 9360       |
|    policy_gradient_loss | 0.000259   |
|    std                  | 0.762      |
|    value_loss           | 27.3       |
----------------------------------------
----------------------------------------
| rollout/                |            |
|    ep_len_mean          | 341        |
|    ep_rew_mean          | -26.7      |
| time/                   |            |
|    fps                  | 112        |
|    iterations           | 693        |
|    time_elapsed         | 31551      |
|    total_timesteps      | 4551680    |
| train/                  |            |
|    approx_kl            | 0.03998676 |
|    clip_fraction        | 0.221      |
|    clip_range           | 0.2        |
|    entropy_loss         | -4.49      |
|    explained_variance   | 0.468      |
|    learning_rate        | 0.0003     |
|    loss                 | 0.144      |
|    n_updates            | 9370       |
|    policy_gradient_loss | -0.00933   |
|    std                  | 0.763      |
|    value_loss           | 23.5       |
----------------------------------------
Eval num_timesteps=4553520, episode_reward=-9.43 +/- 47.22
Episode length: 355.50 +/- 67.83
----------------------------------------
| eval/                   |            |
|    mean_ep_length       | 356        |
|    mean_reward          | -9.43      |
| time/                   |            |
|    total_timesteps      | 4553520    |
| train/                  |            |
|    approx_kl            | 0.02334652 |
|    clip_fraction        | 0.165      |
|    clip_range           | 0.2        |
|    entropy_loss         | -4.5       |
|    explained_variance   | 0.446      |
|    learning_rate        | 0.0003     |
|    loss                 | 0.434      |
|    n_updates            | 9380       |
|    policy_gradient_loss | -0.00525   |
|    std                  | 0.765      |
|    value_loss           | 42.5       |
----------------------------------------
[episode ends] timestep 4553530: flipped=78 (53%), missed_goal=51 (35%), out_of_bounds=12 (8%), scored=6 (4%)
---------------------------------
| episode_end/       |          |
|    flipped         | 78       |
|    missed_goal     | 51       |
|    out_of_bounds   | 12       |
|    scored          | 6        |
| rollout/           |          |
|    ep_len_mean     | 333      |
|    ep_rew_mean     | -24.4    |
| time/              |          |
|    fps             | 112      |
|    iterations      | 694      |
|    time_elapsed    | 31604    |
|    total_timesteps | 4556800  |
---------------------------------
-----------------------------------------
| rollout/                |             |
|    ep_len_mean          | 344         |
|    ep_rew_mean          | -25.5       |
| time/                   |             |
|    fps                  | 112         |
|    iterations           | 695         |
|    time_elapsed         | 31638       |
|    total_timesteps      | 4561920     |
| train/                  |             |
|    approx_kl            | 0.048287343 |
|    clip_fraction        | 0.288       |
|    clip_range           | 0.2         |
|    entropy_loss         | -4.5        |
|    explained_variance   | 0.366       |
|    learning_rate        | 0.0003      |
|    loss                 | 0.262       |
|    n_updates            | 9390        |
|    policy_gradient_loss | -0.00939    |
|    std                  | 0.762       |
|    value_loss           | 36.7        |
-----------------------------------------
-----------------------------------------
| rollout/                |             |
|    ep_len_mean          | 340         |
|    ep_rew_mean          | -24.6       |
| time/                   |             |
|    fps                  | 112         |
|    iterations           | 696         |
|    time_elapsed         | 31680       |
|    total_timesteps      | 4567040     |
| train/                  |             |
|    approx_kl            | 0.033461284 |
|    clip_fraction        | 0.233       |
|    clip_range           | 0.2         |
|    entropy_loss         | -4.49       |
|    explained_variance   | 0.197       |
|    learning_rate        | 0.0003      |
|    loss                 | 0.524       |
|    n_updates            | 9400        |
|    policy_gradient_loss | -0.00353    |
|    std                  | 0.762       |
|    value_loss           | 131         |
-----------------------------------------
----------------------------------------
| rollout/                |            |
|    ep_len_mean          | 328        |
|    ep_rew_mean          | -22.1      |
| time/                   |            |
|    fps                  | 112        |
|    iterations           | 697        |
|    time_elapsed         | 31719      |
|    total_timesteps      | 4572160    |
| train/                  |            |
|    approx_kl            | 0.03130387 |
|    clip_fraction        | 0.218      |
|    clip_range           | 0.2        |
|    entropy_loss         | -4.49      |
|    explained_variance   | 0.17       |
|    learning_rate        | 0.0003     |
|    loss                 | 127        |
|    n_updates            | 9410       |
|    policy_gradient_loss | -0.00322   |
|    std                  | 0.761      |
|    value_loss           | 58.5       |
----------------------------------------
-----------------------------------------
| rollout/                |             |
|    ep_len_mean          | 318         |
|    ep_rew_mean          | -19.7       |
| time/                   |             |
|    fps                  | 112         |
|    iterations           | 698         |
|    time_elapsed         | 31761       |
|    total_timesteps      | 4577280     |
| train/                  |             |
|    approx_kl            | 0.027323525 |
|    clip_fraction        | 0.186       |
|    clip_range           | 0.2         |
|    entropy_loss         | -4.48       |
|    explained_variance   | 0.563       |
|    learning_rate        | 0.0003      |
|    loss                 | 0.666       |
|    n_updates            | 9420        |
|    policy_gradient_loss | -0.0078     |
|    std                  | 0.759       |
|    value_loss           | 11.4        |
-----------------------------------------
-----------------------------------------
| rollout/                |             |
|    ep_len_mean          | 318         |
|    ep_rew_mean          | -23.6       |
| time/                   |             |
|    fps                  | 112         |
|    iterations           | 699         |
|    time_elapsed         | 31803       |
|    total_timesteps      | 4582400     |
| train/                  |             |
|    approx_kl            | 0.059647076 |
|    clip_fraction        | 0.311       |
|    clip_range           | 0.2         |
|    entropy_loss         | -4.48       |
|    explained_variance   | 0.508       |
|    learning_rate        | 0.0003      |
|    loss                 | 0.751       |
|    n_updates            | 9430        |
|    policy_gradient_loss | 0.00924     |
|    std                  | 0.76        |
|    value_loss           | 30.6        |
-----------------------------------------
----------------------------------------
| rollout/                |            |
|    ep_len_mean          | 313        |
|    ep_rew_mean          | -20.7      |
| time/                   |            |
|    fps                  | 112        |
|    iterations           | 700        |
|    time_elapsed         | 31849      |
|    total_timesteps      | 4587520    |
| train/                  |            |
|    approx_kl            | 0.07531306 |
|    clip_fraction        | 0.266      |
|    clip_range           | 0.2        |
|    entropy_loss         | -4.48      |
|    explained_variance   | 0.406      |
|    learning_rate        | 0.0003     |
|    loss                 | 1.37       |
|    n_updates            | 9440       |
|    policy_gradient_loss | 0.00424    |
|    std                  | 0.761      |
|    value_loss           | 51.1       |
----------------------------------------
-----------------------------------------
| rollout/                |             |
|    ep_len_mean          | 317         |
|    ep_rew_mean          | -19.1       |
| time/                   |             |
|    fps                  | 112         |
|    iterations           | 701         |
|    time_elapsed         | 31890       |
|    total_timesteps      | 4592640     |
| train/                  |             |
|    approx_kl            | 0.041591506 |
|    clip_fraction        | 0.258       |
|    clip_range           | 0.2         |
|    entropy_loss         | -4.49       |
|    explained_variance   | 0.299       |
|    learning_rate        | 0.0003      |
|    loss                 | 0.0869      |
|    n_updates            | 9450        |
|    policy_gradient_loss | -0.000913   |
|    std                  | 0.76        |
|    value_loss           | 50.7        |
-----------------------------------------
----------------------------------------
| rollout/                |            |
|    ep_len_mean          | 321        |
|    ep_rew_mean          | -20.5      |
| time/                   |            |
|    fps                  | 112        |
|    iterations           | 702        |
|    time_elapsed         | 31930      |
|    total_timesteps      | 4597760    |
| train/                  |            |
|    approx_kl            | 0.03806854 |
|    clip_fraction        | 0.25       |
|    clip_range           | 0.2        |
|    entropy_loss         | -4.48      |
|    explained_variance   | 0.13       |
|    learning_rate        | 0.0003     |
|    loss                 | 3.61       |
|    n_updates            | 9460       |
|    policy_gradient_loss | 0.00084    |
|    std                  | 0.759      |
|    value_loss           | 188        |
----------------------------------------
----------------------------------------
| rollout/                |            |
|    ep_len_mean          | 328        |
|    ep_rew_mean          | -25.4      |
| time/                   |            |
|    fps                  | 112        |
|    iterations           | 703        |
|    time_elapsed         | 31973      |
|    total_timesteps      | 4602880    |
| train/                  |            |
|    approx_kl            | 0.04124996 |
|    clip_fraction        | 0.263      |
|    clip_range           | 0.2        |
|    entropy_loss         | -4.47      |
|    explained_variance   | 0.242      |
|    learning_rate        | 0.0003     |
|    loss                 | 1.37       |
|    n_updates            | 9470       |
|    policy_gradient_loss | -0.00155   |
|    std                  | 0.757      |
|    value_loss           | 78         |
----------------------------------------
Eval num_timesteps=4603520, episode_reward=-11.26 +/- 22.85
Episode length: 355.80 +/- 103.02
----------------------------------------
| eval/                   |            |
|    mean_ep_length       | 356        |
|    mean_reward          | -11.3      |
| time/                   |            |
|    total_timesteps      | 4603520    |
| train/                  |            |
|    approx_kl            | 0.09709889 |
|    clip_fraction        | 0.215      |
|    clip_range           | 0.2        |
|    entropy_loss         | -4.46      |
|    explained_variance   | 0.172      |
|    learning_rate        | 0.0003     |
|    loss                 | 3.23       |
|    n_updates            | 9480       |
|    policy_gradient_loss | -0.00245   |
|    std                  | 0.758      |
|    value_loss           | 127        |
----------------------------------------
[progress] timestep 4603530
[episode ends] timestep 4603530: crashed=3 (2%), flipped=61 (40%), missed_goal=69 (45%), out_of_bounds=13 (8%), scored=7 (5%)
---------------------------------
| episode_end/       |          |
|    crashed         | 3        |
|    flipped         | 61       |
|    missed_goal     | 69       |
|    out_of_bounds   | 13       |
|    scored          | 7        |
| rollout/           |          |
|    ep_len_mean     | 333      |
|    ep_rew_mean     | -30.8    |
| time/              |          |
|    fps             | 112      |
|    iterations      | 704      |
|    time_elapsed    | 32022    |
|    total_timesteps | 4608000  |
---------------------------------
----------------------------------------
| rollout/                |            |
|    ep_len_mean          | 325        |
|    ep_rew_mean          | -29.8      |
| time/                   |            |
|    fps                  | 112        |
|    iterations           | 705        |
|    time_elapsed         | 32068      |
|    total_timesteps      | 4613120    |
| train/                  |            |
|    approx_kl            | 0.07350437 |
|    clip_fraction        | 0.306      |
|    clip_range           | 0.2        |
|    entropy_loss         | -4.47      |
|    explained_variance   | 0.337      |
|    learning_rate        | 0.0003     |
|    loss                 | 0.155      |
|    n_updates            | 9490       |
|    policy_gradient_loss | 0.0012     |
|    std                  | 0.762      |
|    value_loss           | 35.9       |
----------------------------------------
----------------------------------------
| rollout/                |            |
|    ep_len_mean          | 324        |
|    ep_rew_mean          | -29.9      |
| time/                   |            |
|    fps                  | 112        |
|    iterations           | 706        |
|    time_elapsed         | 32111      |
|    total_timesteps      | 4618240    |
| train/                  |            |
|    approx_kl            | 0.03708124 |
|    clip_fraction        | 0.192      |
|    clip_range           | 0.2        |
|    entropy_loss         | -4.48      |
|    explained_variance   | 0.337      |
|    learning_rate        | 0.0003     |
|    loss                 | 0.435      |
|    n_updates            | 9500       |
|    policy_gradient_loss | -0.00327   |
|    std                  | 0.76       |
|    value_loss           | 13.9       |
----------------------------------------
-----------------------------------------
| rollout/                |             |
|    ep_len_mean          | 322         |
|    ep_rew_mean          | -31.4       |
| time/                   |             |
|    fps                  | 112         |
|    iterations           | 707         |
|    time_elapsed         | 32152       |
|    total_timesteps      | 4623360     |
| train/                  |             |
|    approx_kl            | 0.040484924 |
|    clip_fraction        | 0.232       |
|    clip_range           | 0.2         |
|    entropy_loss         | -4.47       |
|    explained_variance   | 0.175       |
|    learning_rate        | 0.0003      |
|    loss                 | 3.28        |
|    n_updates            | 9510        |
|    policy_gradient_loss | -0.00354    |
|    std                  | 0.759       |
|    value_loss           | 117         |
-----------------------------------------
----------------------------------------
| rollout/                |            |
|    ep_len_mean          | 321        |
|    ep_rew_mean          | -27.1      |
| time/                   |            |
|    fps                  | 112        |
|    iterations           | 708        |
|    time_elapsed         | 32191      |
|    total_timesteps      | 4628480    |
| train/                  |            |
|    approx_kl            | 0.06998634 |
|    clip_fraction        | 0.288      |
|    clip_range           | 0.2        |
|    entropy_loss         | -4.46      |
|    explained_variance   | 0.512      |
|    learning_rate        | 0.0003     |
|    loss                 | 0.313      |
|    n_updates            | 9520       |
|    policy_gradient_loss | 0.00589    |
|    std                  | 0.759      |
|    value_loss           | 30.6       |
----------------------------------------
----------------------------------------
| rollout/                |            |
|    ep_len_mean          | 323        |
|    ep_rew_mean          | -23.9      |
| time/                   |            |
|    fps                  | 112        |
|    iterations           | 709        |
|    time_elapsed         | 32233      |
|    total_timesteps      | 4633600    |
| train/                  |            |
|    approx_kl            | 0.03853194 |
|    clip_fraction        | 0.19       |
|    clip_range           | 0.2        |
|    entropy_loss         | -4.46      |
|    explained_variance   | 0.627      |
|    learning_rate        | 0.0003     |
|    loss                 | 0.0492     |
|    n_updates            | 9530       |
|    policy_gradient_loss | -0.0107    |
|    std                  | 0.755      |
|    value_loss           | 7.42       |
----------------------------------------
-----------------------------------------
| rollout/                |             |
|    ep_len_mean          | 299         |
|    ep_rew_mean          | -20.7       |
| time/                   |             |
|    fps                  | 112         |
|    iterations           | 710         |
|    time_elapsed         | 32270       |
|    total_timesteps      | 4638720     |
| train/                  |             |
|    approx_kl            | 0.090263925 |
|    clip_fraction        | 0.324       |
|    clip_range           | 0.2         |
|    entropy_loss         | -4.45       |
|    explained_variance   | 0.491       |
|    learning_rate        | 0.0003      |
|    loss                 | 0.453       |
|    n_updates            | 9540        |
|    policy_gradient_loss | 0.0105      |
|    std                  | 0.759       |
|    value_loss           | 17.4        |
-----------------------------------------
-----------------------------------------
| rollout/                |             |
|    ep_len_mean          | 303         |
|    ep_rew_mean          | -19.4       |
| time/                   |             |
|    fps                  | 112         |
|    iterations           | 711         |
|    time_elapsed         | 32312       |
|    total_timesteps      | 4643840     |
| train/                  |             |
|    approx_kl            | 0.036313754 |
|    clip_fraction        | 0.221       |
|    clip_range           | 0.2         |
|    entropy_loss         | -4.45       |
|    explained_variance   | 0.371       |
|    learning_rate        | 0.0003      |
|    loss                 | 167         |
|    n_updates            | 9550        |
|    policy_gradient_loss | -0.00383    |
|    std                  | 0.757       |
|    value_loss           | 43.5        |
-----------------------------------------
----------------------------------------
| rollout/                |            |
|    ep_len_mean          | 297        |
|    ep_rew_mean          | -17.2      |
| time/                   |            |
|    fps                  | 112        |
|    iterations           | 712        |
|    time_elapsed         | 32347      |
|    total_timesteps      | 4648960    |
| train/                  |            |
|    approx_kl            | 0.06166494 |
|    clip_fraction        | 0.384      |
|    clip_range           | 0.2        |
|    entropy_loss         | -4.45      |
|    explained_variance   | 0.762      |
|    learning_rate        | 0.0003     |
|    loss                 | 1.79       |
|    n_updates            | 9560       |
|    policy_gradient_loss | 0.00922    |
|    std                  | 0.757      |
|    value_loss           | 4.06       |
----------------------------------------
Eval num_timesteps=4653520, episode_reward=-3.88 +/- 23.39
Episode length: 366.00 +/- 46.85
----------------------------------------
| eval/                   |            |
|    mean_ep_length       | 366        |
|    mean_reward          | -3.88      |
| time/                   |            |
|    total_timesteps      | 4653520    |
| train/                  |            |
|    approx_kl            | 0.07077931 |
|    clip_fraction        | 0.286      |
|    clip_range           | 0.2        |
|    entropy_loss         | -4.45      |
|    explained_variance   | 0.494      |
|    learning_rate        | 0.0003     |
|    loss                 | 1.55       |
|    n_updates            | 9570       |
|    policy_gradient_loss | 0.00278    |
|    std                  | 0.757      |
|    value_loss           | 13.8       |
----------------------------------------
[episode ends] timestep 4653530: flipped=81 (48%), missed_goal=65 (39%), out_of_bounds=19 (11%), scored=3 (2%)
---------------------------------
| episode_end/       |          |
|    flipped         | 81       |
|    missed_goal     | 65       |
|    out_of_bounds   | 19       |
|    scored          | 3        |
| rollout/           |          |
|    ep_len_mean     | 297      |
|    ep_rew_mean     | -16.6    |
| time/              |          |
|    fps             | 112      |
|    iterations      | 713      |
|    time_elapsed    | 32398    |
|    total_timesteps | 4654080  |
---------------------------------
-----------------------------------------
| rollout/                |             |
|    ep_len_mean          | 292         |
|    ep_rew_mean          | -17         |
| time/                   |             |
|    fps                  | 112         |
|    iterations           | 714         |
|    time_elapsed         | 32445       |
|    total_timesteps      | 4659200     |
| train/                  |             |
|    approx_kl            | 0.050506067 |
|    clip_fraction        | 0.289       |
|    clip_range           | 0.2         |
|    entropy_loss         | -4.45       |
|    explained_variance   | 0.414       |
|    learning_rate        | 0.0003      |
|    loss                 | 3.21        |
|    n_updates            | 9580        |
|    policy_gradient_loss | -0.000565   |
|    std                  | 0.757       |
|    value_loss           | 41          |
-----------------------------------------
----------------------------------------
| rollout/                |            |
|    ep_len_mean          | 291        |
|    ep_rew_mean          | -19.1      |
| time/                   |            |
|    fps                  | 112        |
|    iterations           | 715        |
|    time_elapsed         | 32483      |
|    total_timesteps      | 4664320    |
| train/                  |            |
|    approx_kl            | 0.07572238 |
|    clip_fraction        | 0.359      |
|    clip_range           | 0.2        |
|    entropy_loss         | -4.46      |
|    explained_variance   | 0.484      |
|    learning_rate        | 0.0003     |
|    loss                 | 1.65       |
|    n_updates            | 9590       |
|    policy_gradient_loss | 0.00345    |
|    std                  | 0.758      |
|    value_loss           | 34.4       |
----------------------------------------
----------------------------------------
| rollout/                |            |
|    ep_len_mean          | 280        |
|    ep_rew_mean          | -18.9      |
| time/                   |            |
|    fps                  | 112        |
|    iterations           | 716        |
|    time_elapsed         | 32524      |
|    total_timesteps      | 4669440    |
| train/                  |            |
|    approx_kl            | 0.06316359 |
|    clip_fraction        | 0.298      |
|    clip_range           | 0.2        |
|    entropy_loss         | -4.46      |
|    explained_variance   | 0.205      |
|    learning_rate        | 0.0003     |
|    loss                 | -0.00791   |
|    n_updates            | 9600       |
|    policy_gradient_loss | 0.00118    |
|    std                  | 0.758      |
|    value_loss           | 123        |
----------------------------------------
-----------------------------------------
| rollout/                |             |
|    ep_len_mean          | 279         |
|    ep_rew_mean          | -23.3       |
| time/                   |             |
|    fps                  | 112         |
|    iterations           | 717         |
|    time_elapsed         | 32569       |
|    total_timesteps      | 4674560     |
| train/                  |             |
|    approx_kl            | 0.021568436 |
|    clip_fraction        | 0.218       |
|    clip_range           | 0.2         |
|    entropy_loss         | -4.45       |
|    explained_variance   | 0.436       |
|    learning_rate        | 0.0003      |
|    loss                 | 0.464       |
|    n_updates            | 9610        |
|    policy_gradient_loss | -0.000521   |
|    std                  | 0.755       |
|    value_loss           | 39.1        |
-----------------------------------------
-----------------------------------------
| rollout/                |             |
|    ep_len_mean          | 296         |
|    ep_rew_mean          | -19         |
| time/                   |             |
|    fps                  | 112         |
|    iterations           | 718         |
|    time_elapsed         | 32610       |
|    total_timesteps      | 4679680     |
| train/                  |             |
|    approx_kl            | 0.042124204 |
|    clip_fraction        | 0.226       |
|    clip_range           | 0.2         |
|    entropy_loss         | -4.45       |
|    explained_variance   | 0.228       |
|    learning_rate        | 0.0003      |
|    loss                 | 1.31        |
|    n_updates            | 9620        |
|    policy_gradient_loss | -0.00283    |
|    std                  | 0.757       |
|    value_loss           | 89.3        |
-----------------------------------------
----------------------------------------
| rollout/                |            |
|    ep_len_mean          | 303        |
|    ep_rew_mean          | -20.6      |
| time/                   |            |
|    fps                  | 112        |
|    iterations           | 719        |
|    time_elapsed         | 32649      |
|    total_timesteps      | 4684800    |
| train/                  |            |
|    approx_kl            | 0.07742183 |
|    clip_fraction        | 0.225      |
|    clip_range           | 0.2        |
|    entropy_loss         | -4.45      |
|    explained_variance   | 0.233      |
|    learning_rate        | 0.0003     |
|    loss                 | 664        |
|    n_updates            | 9630       |
|    policy_gradient_loss | 0.000976   |
|    std                  | 0.756      |
|    value_loss           | 91.9       |
----------------------------------------
-----------------------------------------
| rollout/                |             |
|    ep_len_mean          | 299         |
|    ep_rew_mean          | -18.4       |
| time/                   |             |
|    fps                  | 112         |
|    iterations           | 720         |
|    time_elapsed         | 32685       |
|    total_timesteps      | 4689920     |
| train/                  |             |
|    approx_kl            | 0.050840877 |
|    clip_fraction        | 0.265       |
|    clip_range           | 0.2         |
|    entropy_loss         | -4.45       |
|    explained_variance   | 0.55        |
|    learning_rate        | 0.0003      |
|    loss                 | 0.135       |
|    n_updates            | 9640        |
|    policy_gradient_loss | -0.00214    |
|    std                  | 0.757       |
|    value_loss           | 20.8        |
-----------------------------------------
----------------------------------------
| rollout/                |            |
|    ep_len_mean          | 308        |
|    ep_rew_mean          | -12.6      |
| time/                   |            |
|    fps                  | 112        |
|    iterations           | 721        |
|    time_elapsed         | 32730      |
|    total_timesteps      | 4695040    |
| train/                  |            |
|    approx_kl            | 0.03550129 |
|    clip_fraction        | 0.252      |
|    clip_range           | 0.2        |
|    entropy_loss         | -4.46      |
|    explained_variance   | 0.715      |
|    learning_rate        | 0.0003     |
|    loss                 | 0.0196     |
|    n_updates            | 9650       |
|    policy_gradient_loss | -0.00635   |
|    std                  | 0.758      |
|    value_loss           | 7.07       |
----------------------------------------
---------------------------------------
| rollout/                |           |
|    ep_len_mean          | 328       |
|    ep_rew_mean          | -11.1     |
| time/                   |           |
|    fps                  | 112       |
|    iterations           | 722       |
|    time_elapsed         | 32768     |
|    total_timesteps      | 4700160   |
| train/                  |           |
|    approx_kl            | 0.0580182 |
|    clip_fraction        | 0.327     |
|    clip_range           | 0.2       |
|    entropy_loss         | -4.46     |
|    explained_variance   | 0.945     |
|    learning_rate        | 0.0003    |
|    loss                 | -0.00619  |
|    n_updates            | 9660      |
|    policy_gradient_loss | -0.011    |
|    std                  | 0.756     |
|    value_loss           | 0.452     |
---------------------------------------
Eval num_timesteps=4703520, episode_reward=-13.72 +/- 22.44
Episode length: 394.50 +/- 138.15
-----------------------------------------
| eval/                   |             |
|    mean_ep_length       | 394         |
|    mean_reward          | -13.7       |
| time/                   |             |
|    total_timesteps      | 4703520     |
| train/                  |             |
|    approx_kl            | 0.051391553 |
|    clip_fraction        | 0.325       |
|    clip_range           | 0.2         |
|    entropy_loss         | -4.45       |
|    explained_variance   | 0.707       |
|    learning_rate        | 0.0003      |
|    loss                 | 56.4        |
|    n_updates            | 9670        |
|    policy_gradient_loss | -0.000755   |
|    std                  | 0.754       |
|    value_loss           | 9.29        |
-----------------------------------------
[progress] timestep 4703530
[episode ends] timestep 4703530: flipped=59 (37%), missed_goal=66 (42%), out_of_bounds=24 (15%), scored=9 (6%)
---------------------------------
| episode_end/       |          |
|    flipped         | 59       |
|    missed_goal     | 66       |
|    out_of_bounds   | 24       |
|    scored          | 9        |
| rollout/           |          |
|    ep_len_mean     | 344      |
|    ep_rew_mean     | -7.34    |
| time/              |          |
|    fps             | 112      |
|    iterations      | 723      |
|    time_elapsed    | 32820    |
|    total_timesteps | 4705280  |
---------------------------------
----------------------------------------
| rollout/                |            |
|    ep_len_mean          | 344        |
|    ep_rew_mean          | -6.74      |
| time/                   |            |
|    fps                  | 112        |
|    iterations           | 724        |
|    time_elapsed         | 32860      |
|    total_timesteps      | 4710400    |
| train/                  |            |
|    approx_kl            | 0.03742579 |
|    clip_fraction        | 0.316      |
|    clip_range           | 0.2        |
|    entropy_loss         | -4.46      |
|    explained_variance   | 0.35       |
|    learning_rate        | 0.0003     |
|    loss                 | 0.152      |
|    n_updates            | 9680       |
|    policy_gradient_loss | -0.00075   |
|    std                  | 0.76       |
|    value_loss           | 59         |
----------------------------------------
----------------------------------------
| rollout/                |            |
|    ep_len_mean          | 340        |
|    ep_rew_mean          | -12        |
| time/                   |            |
|    fps                  | 112        |
|    iterations           | 725        |
|    time_elapsed         | 32903      |
|    total_timesteps      | 4715520    |
| train/                  |            |
|    approx_kl            | 0.03576573 |
|    clip_fraction        | 0.237      |
|    clip_range           | 0.2        |
|    entropy_loss         | -4.49      |
|    explained_variance   | 0.307      |
|    learning_rate        | 0.0003     |
|    loss                 | 22.4       |
|    n_updates            | 9690       |
|    policy_gradient_loss | -0.00751   |
|    std                  | 0.763      |
|    value_loss           | 75.8       |
----------------------------------------
----------------------------------------
| rollout/                |            |
|    ep_len_mean          | 338        |
|    ep_rew_mean          | -9.32      |
| time/                   |            |
|    fps                  | 112        |
|    iterations           | 726        |
|    time_elapsed         | 32949      |
|    total_timesteps      | 4720640    |
| train/                  |            |
|    approx_kl            | 0.04718995 |
|    clip_fraction        | 0.264      |
|    clip_range           | 0.2        |
|    entropy_loss         | -4.48      |
|    explained_variance   | 0.414      |
|    learning_rate        | 0.0003     |
|    loss                 | 1.42       |
|    n_updates            | 9700       |
|    policy_gradient_loss | 0.00152    |
|    std                  | 0.76       |
|    value_loss           | 31.1       |
----------------------------------------
---------------------------------------
| rollout/                |           |
|    ep_len_mean          | 332       |
|    ep_rew_mean          | -12.5     |
| time/                   |           |
|    fps                  | 112       |
|    iterations           | 727       |
|    time_elapsed         | 32996     |
|    total_timesteps      | 4725760   |
| train/                  |           |
|    approx_kl            | 0.0518551 |
|    clip_fraction        | 0.244     |
|    clip_range           | 0.2       |
|    entropy_loss         | -4.47     |
|    explained_variance   | 0.594     |
|    learning_rate        | 0.0003    |
|    loss                 | 0.139     |
|    n_updates            | 9710      |
|    policy_gradient_loss | -0.00645  |
|    std                  | 0.757     |
|    value_loss           | 17.2      |
---------------------------------------
-----------------------------------------
| rollout/                |             |
|    ep_len_mean          | 323         |
|    ep_rew_mean          | -24.6       |
| time/                   |             |
|    fps                  | 112         |
|    iterations           | 728         |
|    time_elapsed         | 33035       |
|    total_timesteps      | 4730880     |
| train/                  |             |
|    approx_kl            | 0.035131946 |
|    clip_fraction        | 0.224       |
|    clip_range           | 0.2         |
|    entropy_loss         | -4.45       |
|    explained_variance   | 0.52        |
|    learning_rate        | 0.0003      |
|    loss                 | 0.0177      |
|    n_updates            | 9720        |
|    policy_gradient_loss | -0.00753    |
|    std                  | 0.753       |
|    value_loss           | 49.4        |
-----------------------------------------
-----------------------------------------
| rollout/                |             |
|    ep_len_mean          | 316         |
|    ep_rew_mean          | -26.9       |
| time/                   |             |
|    fps                  | 112         |
|    iterations           | 729         |
|    time_elapsed         | 33080       |
|    total_timesteps      | 4736000     |
| train/                  |             |
|    approx_kl            | 0.021116165 |
|    clip_fraction        | 0.199       |
|    clip_range           | 0.2         |
|    entropy_loss         | -4.44       |
|    explained_variance   | 0.0958      |
|    learning_rate        | 0.0003      |
|    loss                 | 157         |
|    n_updates            | 9730        |
|    policy_gradient_loss | -0.0034     |
|    std                  | 0.753       |
|    value_loss           | 363         |
-----------------------------------------
-----------------------------------------
| rollout/                |             |
|    ep_len_mean          | 310         |
|    ep_rew_mean          | -32.5       |
| time/                   |             |
|    fps                  | 112         |
|    iterations           | 730         |
|    time_elapsed         | 33122       |
|    total_timesteps      | 4741120     |
| train/                  |             |
|    approx_kl            | 0.042885832 |
|    clip_fraction        | 0.214       |
|    clip_range           | 0.2         |
|    entropy_loss         | -4.44       |
|    explained_variance   | 0.211       |
|    learning_rate        | 0.0003      |
|    loss                 | 15.1        |
|    n_updates            | 9740        |
|    policy_gradient_loss | -0.00442    |
|    std                  | 0.755       |
|    value_loss           | 86          |
-----------------------------------------
----------------------------------------
| rollout/                |            |
|    ep_len_mean          | 307        |
|    ep_rew_mean          | -31        |
| time/                   |            |
|    fps                  | 112        |
|    iterations           | 731        |
|    time_elapsed         | 33170      |
|    total_timesteps      | 4746240    |
| train/                  |            |
|    approx_kl            | 0.02298506 |
|    clip_fraction        | 0.147      |
|    clip_range           | 0.2        |
|    entropy_loss         | -4.44      |
|    explained_variance   | 0.173      |
|    learning_rate        | 0.0003     |
|    loss                 | 0.75       |
|    n_updates            | 9750       |
|    policy_gradient_loss | -0.00719   |
|    std                  | 0.754      |
|    value_loss           | 185        |
----------------------------------------
-----------------------------------------
| rollout/                |             |
|    ep_len_mean          | 307         |
|    ep_rew_mean          | -32.7       |
| time/                   |             |
|    fps                  | 112         |
|    iterations           | 732         |
|    time_elapsed         | 33214       |
|    total_timesteps      | 4751360     |
| train/                  |             |
|    approx_kl            | 0.013975775 |
|    clip_fraction        | 0.151       |
|    clip_range           | 0.2         |
|    entropy_loss         | -4.44       |
|    explained_variance   | 0.338       |
|    learning_rate        | 0.0003      |
|    loss                 | 0.542       |
|    n_updates            | 9760        |
|    policy_gradient_loss | -0.00377    |
|    std                  | 0.754       |
|    value_loss           | 116         |
-----------------------------------------
Eval num_timesteps=4753520, episode_reward=-4.60 +/- 20.75
Episode length: 363.30 +/- 46.89
-----------------------------------------
| eval/                   |             |
|    mean_ep_length       | 363         |
|    mean_reward          | -4.6        |
| time/                   |             |
|    total_timesteps      | 4753520     |
| train/                  |             |
|    approx_kl            | 0.042841867 |
|    clip_fraction        | 0.279       |
|    clip_range           | 0.2         |
|    entropy_loss         | -4.44       |
|    explained_variance   | 0.537       |
|    learning_rate        | 0.0003      |
|    loss                 | 0.973       |
|    n_updates            | 9770        |
|    policy_gradient_loss | 0.00308     |
|    std                  | 0.753       |
|    value_loss           | 52.3        |
-----------------------------------------
[episode ends] timestep 4753530: flipped=44 (28%), missed_goal=88 (56%), out_of_bounds=16 (10%), scored=9 (6%)
---------------------------------
| episode_end/       |          |
|    flipped         | 44       |
|    missed_goal     | 88       |
|    out_of_bounds   | 16       |
|    scored          | 9        |
| rollout/           |          |
|    ep_len_mean     | 315      |
|    ep_rew_mean     | -31.7    |
| time/              |          |
|    fps             | 112      |
|    iterations      | 733      |
|    time_elapsed    | 33264    |
|    total_timesteps | 4756480  |
---------------------------------
-----------------------------------------
| rollout/                |             |
|    ep_len_mean          | 321         |
|    ep_rew_mean          | -25         |
| time/                   |             |
|    fps                  | 112         |
|    iterations           | 734         |
|    time_elapsed         | 33305       |
|    total_timesteps      | 4761600     |
| train/                  |             |
|    approx_kl            | 0.045883633 |
|    clip_fraction        | 0.275       |
|    clip_range           | 0.2         |
|    entropy_loss         | -4.44       |
|    explained_variance   | 0.825       |
|    learning_rate        | 0.0003      |
|    loss                 | 1.26        |
|    n_updates            | 9780        |
|    policy_gradient_loss | -0.00492    |
|    std                  | 0.755       |
|    value_loss           | 3.87        |
-----------------------------------------
----------------------------------------
| rollout/                |            |
|    ep_len_mean          | 320        |
|    ep_rew_mean          | -17        |
| time/                   |            |
|    fps                  | 112        |
|    iterations           | 735        |
|    time_elapsed         | 33349      |
|    total_timesteps      | 4766720    |
| train/                  |            |
|    approx_kl            | 0.03444207 |
|    clip_fraction        | 0.226      |
|    clip_range           | 0.2        |
|    entropy_loss         | -4.44      |
|    explained_variance   | 0.534      |
|    learning_rate        | 0.0003     |
|    loss                 | 0.251      |
|    n_updates            | 9790       |
|    policy_gradient_loss | -0.0093    |
|    std                  | 0.754      |
|    value_loss           | 17.7       |
----------------------------------------
----------------------------------------
| rollout/                |            |
|    ep_len_mean          | 322        |
|    ep_rew_mean          | -23.7      |
| time/                   |            |
|    fps                  | 112        |
|    iterations           | 736        |
|    time_elapsed         | 33396      |
|    total_timesteps      | 4771840    |
| train/                  |            |
|    approx_kl            | 0.04084324 |
|    clip_fraction        | 0.224      |
|    clip_range           | 0.2        |
|    entropy_loss         | -4.44      |
|    explained_variance   | 0.466      |
|    learning_rate        | 0.0003     |
|    loss                 | 0.384      |
|    n_updates            | 9800       |
|    policy_gradient_loss | -0.00786   |
|    std                  | 0.754      |
|    value_loss           | 47.4       |
----------------------------------------
-----------------------------------------
| rollout/                |             |
|    ep_len_mean          | 325         |
|    ep_rew_mean          | -21         |
| time/                   |             |
|    fps                  | 112         |
|    iterations           | 737         |
|    time_elapsed         | 33439       |
|    total_timesteps      | 4776960     |
| train/                  |             |
|    approx_kl            | 0.048180852 |
|    clip_fraction        | 0.287       |
|    clip_range           | 0.2         |
|    entropy_loss         | -4.43       |
|    explained_variance   | 0.183       |
|    learning_rate        | 0.0003      |
|    loss                 | 0.172       |
|    n_updates            | 9810        |
|    policy_gradient_loss | -0.00417    |
|    std                  | 0.75        |
|    value_loss           | 221         |
-----------------------------------------
-----------------------------------------
| rollout/                |             |
|    ep_len_mean          | 316         |
|    ep_rew_mean          | -18.9       |
| time/                   |             |
|    fps                  | 112         |
|    iterations           | 738         |
|    time_elapsed         | 33484       |
|    total_timesteps      | 4782080     |
| train/                  |             |
|    approx_kl            | 0.054698937 |
|    clip_fraction        | 0.271       |
|    clip_range           | 0.2         |
|    entropy_loss         | -4.41       |
|    explained_variance   | 0.233       |
|    learning_rate        | 0.0003      |
|    loss                 | 0.0099      |
|    n_updates            | 9820        |
|    policy_gradient_loss | -0.000635   |
|    std                  | 0.749       |
|    value_loss           | 146         |
-----------------------------------------
-----------------------------------------
| rollout/                |             |
|    ep_len_mean          | 301         |
|    ep_rew_mean          | -19.8       |
| time/                   |             |
|    fps                  | 112         |
|    iterations           | 739         |
|    time_elapsed         | 33531       |
|    total_timesteps      | 4787200     |
| train/                  |             |
|    approx_kl            | 0.046192504 |
|    clip_fraction        | 0.268       |
|    clip_range           | 0.2         |
|    entropy_loss         | -4.41       |
|    explained_variance   | 0.366       |
|    learning_rate        | 0.0003      |
|    loss                 | 1.23        |
|    n_updates            | 9830        |
|    policy_gradient_loss | -0.00412    |
|    std                  | 0.748       |
|    value_loss           | 59.5        |
-----------------------------------------
----------------------------------------
| rollout/                |            |
|    ep_len_mean          | 298        |
|    ep_rew_mean          | -19.1      |
| time/                   |            |
|    fps                  | 112        |
|    iterations           | 740        |
|    time_elapsed         | 33577      |
|    total_timesteps      | 4792320    |
| train/                  |            |
|    approx_kl            | 0.03345665 |
|    clip_fraction        | 0.235      |
|    clip_range           | 0.2        |
|    entropy_loss         | -4.42      |
|    explained_variance   | 0.511      |
|    learning_rate        | 0.0003     |
|    loss                 | 0.12       |
|    n_updates            | 9840       |
|    policy_gradient_loss | -0.00366   |
|    std                  | 0.749      |
|    value_loss           | 19.3       |
----------------------------------------
-----------------------------------------
| rollout/                |             |
|    ep_len_mean          | 302         |
|    ep_rew_mean          | -19.9       |
| time/                   |             |
|    fps                  | 112         |
|    iterations           | 741         |
|    time_elapsed         | 33624       |
|    total_timesteps      | 4797440     |
| train/                  |             |
|    approx_kl            | 0.026157126 |
|    clip_fraction        | 0.221       |
|    clip_range           | 0.2         |
|    entropy_loss         | -4.42       |
|    explained_variance   | 0.506       |
|    learning_rate        | 0.0003      |
|    loss                 | 0.118       |
|    n_updates            | 9850        |
|    policy_gradient_loss | -0.00562    |
|    std                  | 0.748       |
|    value_loss           | 42.1        |
-----------------------------------------
-----------------------------------------
| rollout/                |             |
|    ep_len_mean          | 299         |
|    ep_rew_mean          | -12.2       |
| time/                   |             |
|    fps                  | 112         |
|    iterations           | 742         |
|    time_elapsed         | 33667       |
|    total_timesteps      | 4802560     |
| train/                  |             |
|    approx_kl            | 0.095428206 |
|    clip_fraction        | 0.265       |
|    clip_range           | 0.2         |
|    entropy_loss         | -4.41       |
|    explained_variance   | 0.507       |
|    learning_rate        | 0.0003      |
|    loss                 | 41.4        |
|    n_updates            | 9860        |
|    policy_gradient_loss | -0.00454    |
|    std                  | 0.745       |
|    value_loss           | 27.2        |
-----------------------------------------
Eval num_timesteps=4803520, episode_reward=-18.09 +/- 54.66
Episode length: 355.20 +/- 93.38
-----------------------------------------
| eval/                   |             |
|    mean_ep_length       | 355         |
|    mean_reward          | -18.1       |
| time/                   |             |
|    total_timesteps      | 4803520     |
| train/                  |             |
|    approx_kl            | 0.037222873 |
|    clip_fraction        | 0.261       |
|    clip_range           | 0.2         |
|    entropy_loss         | -4.39       |
|    explained_variance   | 0.663       |
|    learning_rate        | 0.0003      |
|    loss                 | 29.4        |
|    n_updates            | 9870        |
|    policy_gradient_loss | -0.00382    |
|    std                  | 0.739       |
|    value_loss           | 13.2        |
-----------------------------------------
[progress] timestep 4803530
[episode ends] timestep 4803530: flipped=51 (31%), missed_goal=96 (59%), out_of_bounds=6 (4%), scored=9 (6%)
---------------------------------
| episode_end/       |          |
|    flipped         | 51       |
|    missed_goal     | 96       |
|    out_of_bounds   | 6        |
|    scored          | 9        |
| rollout/           |          |
|    ep_len_mean     | 299      |
|    ep_rew_mean     | -8.12    |
| time/              |          |
|    fps             | 112      |
|    iterations      | 743      |
|    time_elapsed    | 33718    |
|    total_timesteps | 4807680  |
---------------------------------
----------------------------------------
| rollout/                |            |
|    ep_len_mean          | 304        |
|    ep_rew_mean          | -4.25      |
| time/                   |            |
|    fps                  | 112        |
|    iterations           | 744        |
|    time_elapsed         | 33763      |
|    total_timesteps      | 4812800    |
| train/                  |            |
|    approx_kl            | 0.05160436 |
|    clip_fraction        | 0.305      |
|    clip_range           | 0.2        |
|    entropy_loss         | -4.38      |
|    explained_variance   | 0.429      |
|    learning_rate        | 0.0003     |
|    loss                 | 0.0773     |
|    n_updates            | 9880       |
|    policy_gradient_loss | -0.00376   |
|    std                  | 0.74       |
|    value_loss           | 36.9       |
----------------------------------------
-----------------------------------------
| rollout/                |             |
|    ep_len_mean          | 310         |
|    ep_rew_mean          | -4.46       |
| time/                   |             |
|    fps                  | 112         |
|    iterations           | 745         |
|    time_elapsed         | 33809       |
|    total_timesteps      | 4817920     |
| train/                  |             |
|    approx_kl            | 0.049756214 |
|    clip_fraction        | 0.301       |
|    clip_range           | 0.2         |
|    entropy_loss         | -4.38       |
|    explained_variance   | 0.65        |
|    learning_rate        | 0.0003      |
|    loss                 | 0.00656     |
|    n_updates            | 9890        |
|    policy_gradient_loss | -0.00481    |
|    std                  | 0.74        |
|    value_loss           | 14.2        |
-----------------------------------------
-----------------------------------------
| rollout/                |             |
|    ep_len_mean          | 313         |
|    ep_rew_mean          | -5.46       |
| time/                   |             |
|    fps                  | 112         |
|    iterations           | 746         |
|    time_elapsed         | 33855       |
|    total_timesteps      | 4823040     |
| train/                  |             |
|    approx_kl            | 0.058223475 |
|    clip_fraction        | 0.297       |
|    clip_range           | 0.2         |
|    entropy_loss         | -4.37       |
|    explained_variance   | 0.616       |
|    learning_rate        | 0.0003      |
|    loss                 | 0.135       |
|    n_updates            | 9900        |
|    policy_gradient_loss | 0.0019      |
|    std                  | 0.737       |
|    value_loss           | 12.1        |
-----------------------------------------
-----------------------------------------
| rollout/                |             |
|    ep_len_mean          | 308         |
|    ep_rew_mean          | -4.99       |
| time/                   |             |
|    fps                  | 112         |
|    iterations           | 747         |
|    time_elapsed         | 33899       |
|    total_timesteps      | 4828160     |
| train/                  |             |
|    approx_kl            | 0.039142888 |
|    clip_fraction        | 0.263       |
|    clip_range           | 0.2         |
|    entropy_loss         | -4.36       |
|    explained_variance   | 0.512       |
|    learning_rate        | 0.0003      |
|    loss                 | -0.000829   |
|    n_updates            | 9910        |
|    policy_gradient_loss | -0.0128     |
|    std                  | 0.735       |
|    value_loss           | 32.5        |
-----------------------------------------
----------------------------------------
| rollout/                |            |
|    ep_len_mean          | 314        |
|    ep_rew_mean          | -4.1       |
| time/                   |            |
|    fps                  | 112        |
|    iterations           | 748        |
|    time_elapsed         | 33941      |
|    total_timesteps      | 4833280    |
| train/                  |            |
|    approx_kl            | 0.02037468 |
|    clip_fraction        | 0.171      |
|    clip_range           | 0.2        |
|    entropy_loss         | -4.36      |
|    explained_variance   | 0.487      |
|    learning_rate        | 0.0003     |
|    loss                 | 0.0692     |
|    n_updates            | 9920       |
|    policy_gradient_loss | -0.0081    |
|    std                  | 0.735      |
|    value_loss           | 32.3       |
----------------------------------------
-----------------------------------------
| rollout/                |             |
|    ep_len_mean          | 310         |
|    ep_rew_mean          | -3.07       |
| time/                   |             |
|    fps                  | 112         |
|    iterations           | 749         |
|    time_elapsed         | 33990       |
|    total_timesteps      | 4838400     |
| train/                  |             |
|    approx_kl            | 0.031159759 |
|    clip_fraction        | 0.244       |
|    clip_range           | 0.2         |
|    entropy_loss         | -4.35       |
|    explained_variance   | 0.454       |
|    learning_rate        | 0.0003      |
|    loss                 | 0.247       |
|    n_updates            | 9930        |
|    policy_gradient_loss | -0.00753    |
|    std                  | 0.73        |
|    value_loss           | 65.7        |
-----------------------------------------
-----------------------------------------
| rollout/                |             |
|    ep_len_mean          | 310         |
|    ep_rew_mean          | -11.8       |
| time/                   |             |
|    fps                  | 112         |
|    iterations           | 750         |
|    time_elapsed         | 34036       |
|    total_timesteps      | 4843520     |
| train/                  |             |
|    approx_kl            | 0.026349586 |
|    clip_fraction        | 0.197       |
|    clip_range           | 0.2         |
|    entropy_loss         | -4.33       |
|    explained_variance   | 0.326       |
|    learning_rate        | 0.0003      |
|    loss                 | 0.395       |
|    n_updates            | 9940        |
|    policy_gradient_loss | -0.00506    |
|    std                  | 0.727       |
|    value_loss           | 73          |
-----------------------------------------
-----------------------------------------
| rollout/                |             |
|    ep_len_mean          | 306         |
|    ep_rew_mean          | -14.5       |
| time/                   |             |
|    fps                  | 112         |
|    iterations           | 751         |
|    time_elapsed         | 34085       |
|    total_timesteps      | 4848640     |
| train/                  |             |
|    approx_kl            | 0.060093302 |
|    clip_fraction        | 0.196       |
|    clip_range           | 0.2         |
|    entropy_loss         | -4.32       |
|    explained_variance   | 0.268       |
|    learning_rate        | 0.0003      |
|    loss                 | 1.81        |
|    n_updates            | 9950        |
|    policy_gradient_loss | -0.000647   |
|    std                  | 0.725       |
|    value_loss           | 100         |
-----------------------------------------
Eval num_timesteps=4853520, episode_reward=21.72 +/- 44.88
Episode length: 313.40 +/- 108.09
-----------------------------------------
| eval/                   |             |
|    mean_ep_length       | 313         |
|    mean_reward          | 21.7        |
| time/                   |             |
|    total_timesteps      | 4853520     |
| train/                  |             |
|    approx_kl            | 0.032887086 |
|    clip_fraction        | 0.256       |
|    clip_range           | 0.2         |
|    entropy_loss         | -4.3        |
|    explained_variance   | 0.206       |
|    learning_rate        | 0.0003      |
|    loss                 | 0.147       |
|    n_updates            | 9960        |
|    policy_gradient_loss | -0.00322    |
|    std                  | 0.722       |
|    value_loss           | 133         |
-----------------------------------------
New best mean reward!
[episode ends] timestep 4853530: flipped=38 (23%), missed_goal=99 (60%), out_of_bounds=12 (7%), scored=17 (10%)
---------------------------------
| episode_end/       |          |
|    flipped         | 38       |
|    missed_goal     | 99       |
|    out_of_bounds   | 12       |
|    scored          | 17       |
| rollout/           |          |
|    ep_len_mean     | 303      |
|    ep_rew_mean     | -11.1    |
| time/              |          |
|    fps             | 112      |
|    iterations      | 752      |
|    time_elapsed    | 34138    |
|    total_timesteps | 4853760  |
---------------------------------
-----------------------------------------
| rollout/                |             |
|    ep_len_mean          | 304         |
|    ep_rew_mean          | -11.4       |
| time/                   |             |
|    fps                  | 112         |
|    iterations           | 753         |
|    time_elapsed         | 34181       |
|    total_timesteps      | 4858880     |
| train/                  |             |
|    approx_kl            | 0.044383895 |
|    clip_fraction        | 0.267       |
|    clip_range           | 0.2         |
|    entropy_loss         | -4.3        |
|    explained_variance   | 0.629       |
|    learning_rate        | 0.0003      |
|    loss                 | 0.191       |
|    n_updates            | 9970        |
|    policy_gradient_loss | 0.00304     |
|    std                  | 0.725       |
|    value_loss           | 10.6        |
-----------------------------------------
-----------------------------------------
| rollout/                |             |
|    ep_len_mean          | 299         |
|    ep_rew_mean          | -13.4       |
| time/                   |             |
|    fps                  | 112         |
|    iterations           | 754         |
|    time_elapsed         | 34225       |
|    total_timesteps      | 4864000     |
| train/                  |             |
|    approx_kl            | 0.069805995 |
|    clip_fraction        | 0.272       |
|    clip_range           | 0.2         |
|    entropy_loss         | -4.31       |
|    explained_variance   | 0.481       |
|    learning_rate        | 0.0003      |
|    loss                 | 21.6        |
|    n_updates            | 9980        |
|    policy_gradient_loss | -0.00389    |
|    std                  | 0.723       |
|    value_loss           | 39.3        |
-----------------------------------------
----------------------------------------
| rollout/                |            |
|    ep_len_mean          | 292        |
|    ep_rew_mean          | -15.2      |
| time/                   |            |
|    fps                  | 112        |
|    iterations           | 755        |
|    time_elapsed         | 34271      |
|    total_timesteps      | 4869120    |
| train/                  |            |
|    approx_kl            | 0.08480428 |
|    clip_fraction        | 0.19       |
|    clip_range           | 0.2        |
|    entropy_loss         | -4.3       |
|    explained_variance   | 0.21       |
|    learning_rate        | 0.0003     |
|    loss                 | 4.34       |
|    n_updates            | 9990       |
|    policy_gradient_loss | 0.00305    |
|    std                  | 0.724      |
|    value_loss           | 66.3       |
----------------------------------------
-----------------------------------------
| rollout/                |             |
|    ep_len_mean          | 300         |
|    ep_rew_mean          | -11.2       |
| time/                   |             |
|    fps                  | 112         |
|    iterations           | 756         |
|    time_elapsed         | 34316       |
|    total_timesteps      | 4874240     |
| train/                  |             |
|    approx_kl            | 0.029796895 |
|    clip_fraction        | 0.177       |
|    clip_range           | 0.2         |
|    entropy_loss         | -4.31       |
|    explained_variance   | 0.242       |
|    learning_rate        | 0.0003      |
|    loss                 | 6.95        |
|    n_updates            | 10000       |
|    policy_gradient_loss | -0.000837   |
|    std                  | 0.724       |
|    value_loss           | 115         |
-----------------------------------------
----------------------------------------
| rollout/                |            |
|    ep_len_mean          | 295        |
|    ep_rew_mean          | -9.15      |
| time/                   |            |
|    fps                  | 112        |
|    iterations           | 757        |
|    time_elapsed         | 34362      |
|    total_timesteps      | 4879360    |
| train/                  |            |
|    approx_kl            | 0.02502136 |
|    clip_fraction        | 0.167      |
|    clip_range           | 0.2        |
|    entropy_loss         | -4.3       |
|    explained_variance   | 0.634      |
|    learning_rate        | 0.0003     |
|    loss                 | 0.814      |
|    n_updates            | 10010      |
|    policy_gradient_loss | -0.00562   |
|    std                  | 0.723      |
|    value_loss           | 9.76       |
----------------------------------------
-----------------------------------------
| rollout/                |             |
|    ep_len_mean          | 290         |
|    ep_rew_mean          | -12.9       |
| time/                   |             |
|    fps                  | 112         |
|    iterations           | 758         |
|    time_elapsed         | 34414       |
|    total_timesteps      | 4884480     |
| train/                  |             |
|    approx_kl            | 0.029035544 |
|    clip_fraction        | 0.219       |
|    clip_range           | 0.2         |
|    entropy_loss         | -4.29       |
|    explained_variance   | 0.369       |
|    learning_rate        | 0.0003      |
|    loss                 | 4.06        |
|    n_updates            | 10020       |
|    policy_gradient_loss | -0.000476   |
|    std                  | 0.721       |
|    value_loss           | 71.2        |
-----------------------------------------
-----------------------------------------
| rollout/                |             |
|    ep_len_mean          | 284         |
|    ep_rew_mean          | -11.8       |
| time/                   |             |
|    fps                  | 112         |
|    iterations           | 759         |
|    time_elapsed         | 34466       |
|    total_timesteps      | 4889600     |
| train/                  |             |
|    approx_kl            | 0.023202008 |
|    clip_fraction        | 0.175       |
|    clip_range           | 0.2         |
|    entropy_loss         | -4.3        |
|    explained_variance   | 0.553       |
|    learning_rate        | 0.0003      |
|    loss                 | 1.14        |
|    n_updates            | 10030       |
|    policy_gradient_loss | -0.00618    |
|    std                  | 0.724       |
|    value_loss           | 15.6        |
-----------------------------------------
-----------------------------------------
| rollout/                |             |
|    ep_len_mean          | 285         |
|    ep_rew_mean          | -12.6       |
| time/                   |             |
|    fps                  | 112         |
|    iterations           | 760         |
|    time_elapsed         | 34507       |
|    total_timesteps      | 4894720     |
| train/                  |             |
|    approx_kl            | 0.038026713 |
|    clip_fraction        | 0.286       |
|    clip_range           | 0.2         |
|    entropy_loss         | -4.3        |
|    explained_variance   | 0.162       |
|    learning_rate        | 0.0003      |
|    loss                 | 0.0396      |
|    n_updates            | 10040       |
|    policy_gradient_loss | -0.00499    |
|    std                  | 0.721       |
|    value_loss           | 92.1        |
-----------------------------------------
-----------------------------------------
| rollout/                |             |
|    ep_len_mean          | 283         |
|    ep_rew_mean          | -7.69       |
| time/                   |             |
|    fps                  | 112         |
|    iterations           | 761         |
|    time_elapsed         | 34552       |
|    total_timesteps      | 4899840     |
| train/                  |             |
|    approx_kl            | 0.031306792 |
|    clip_fraction        | 0.2         |
|    clip_range           | 0.2         |
|    entropy_loss         | -4.28       |
|    explained_variance   | 0.33        |
|    learning_rate        | 0.0003      |
|    loss                 | 0.102       |
|    n_updates            | 10050       |
|    policy_gradient_loss | -0.00201    |
|    std                  | 0.719       |
|    value_loss           | 42.1        |
-----------------------------------------
Eval num_timesteps=4903520, episode_reward=6.45 +/- 30.88
Episode length: 278.00 +/- 55.12
-----------------------------------------
| eval/                   |             |
|    mean_ep_length       | 278         |
|    mean_reward          | 6.45        |
| time/                   |             |
|    total_timesteps      | 4903520     |
| train/                  |             |
|    approx_kl            | 0.046694733 |
|    clip_fraction        | 0.214       |
|    clip_range           | 0.2         |
|    entropy_loss         | -4.28       |
|    explained_variance   | 0.525       |
|    learning_rate        | 0.0003      |
|    loss                 | 22.9        |
|    n_updates            | 10060       |
|    policy_gradient_loss | -0.006      |
|    std                  | 0.72        |
|    value_loss           | 56.4        |
-----------------------------------------
[progress] timestep 4903530
[episode ends] timestep 4903530: flipped=60 (35%), missed_goal=79 (46%), out_of_bounds=10 (6%), scored=21 (12%)
---------------------------------
| episode_end/       |          |
|    flipped         | 60       |
|    missed_goal     | 79       |
|    out_of_bounds   | 10       |
|    scored          | 21       |
| rollout/           |          |
|    ep_len_mean     | 283      |
|    ep_rew_mean     | -6.76    |
| time/              |          |
|    fps             | 112      |
|    iterations      | 762      |
|    time_elapsed    | 34606    |
|    total_timesteps | 4904960  |
---------------------------------
----------------------------------------
| rollout/                |            |
|    ep_len_mean          | 294        |
|    ep_rew_mean          | -7.19      |
| time/                   |            |
|    fps                  | 112        |
|    iterations           | 763        |
|    time_elapsed         | 34651      |
|    total_timesteps      | 4910080    |
| train/                  |            |
|    approx_kl            | 0.04683659 |
|    clip_fraction        | 0.228      |
|    clip_range           | 0.2        |
|    entropy_loss         | -4.28      |
|    explained_variance   | 0.72       |
|    learning_rate        | 0.0003     |
|    loss                 | 0.0735     |
|    n_updates            | 10070      |
|    policy_gradient_loss | -0.00879   |
|    std                  | 0.717      |
|    value_loss           | 3.98       |
----------------------------------------
----------------------------------------
| rollout/                |            |
|    ep_len_mean          | 302        |
|    ep_rew_mean          | -8.05      |
| time/                   |            |
|    fps                  | 112        |
|    iterations           | 764        |
|    time_elapsed         | 34694      |
|    total_timesteps      | 4915200    |
| train/                  |            |
|    approx_kl            | 0.06329111 |
|    clip_fraction        | 0.346      |
|    clip_range           | 0.2        |
|    entropy_loss         | -4.25      |
|    explained_variance   | 0.504      |
|    learning_rate        | 0.0003     |
|    loss                 | 0.0147     |
|    n_updates            | 10080      |
|    policy_gradient_loss | 0.00372    |
|    std                  | 0.714      |
|    value_loss           | 28.6       |
----------------------------------------
-----------------------------------------
| rollout/                |             |
|    ep_len_mean          | 301         |
|    ep_rew_mean          | -9.5        |
| time/                   |             |
|    fps                  | 112         |
|    iterations           | 765         |
|    time_elapsed         | 34745       |
|    total_timesteps      | 4920320     |
| train/                  |             |
|    approx_kl            | 0.056409813 |
|    clip_fraction        | 0.312       |
|    clip_range           | 0.2         |
|    entropy_loss         | -4.23       |
|    explained_variance   | 0.148       |
|    learning_rate        | 0.0003      |
|    loss                 | 0.0669      |
|    n_updates            | 10090       |
|    policy_gradient_loss | 0.00205     |
|    std                  | 0.708       |
|    value_loss           | 90.1        |
-----------------------------------------
-----------------------------------------
| rollout/                |             |
|    ep_len_mean          | 306         |
|    ep_rew_mean          | -11.1       |
| time/                   |             |
|    fps                  | 112         |
|    iterations           | 766         |
|    time_elapsed         | 34798       |
|    total_timesteps      | 4925440     |
| train/                  |             |
|    approx_kl            | 0.048545197 |
|    clip_fraction        | 0.304       |
|    clip_range           | 0.2         |
|    entropy_loss         | -4.21       |
|    explained_variance   | 0.478       |
|    learning_rate        | 0.0003      |
|    loss                 | 0.0266      |
|    n_updates            | 10100       |
|    policy_gradient_loss | 0.00228     |
|    std                  | 0.707       |
|    value_loss           | 50.5        |
-----------------------------------------
----------------------------------------
| rollout/                |            |
|    ep_len_mean          | 306        |
|    ep_rew_mean          | -14.6      |
| time/                   |            |
|    fps                  | 112        |
|    iterations           | 767        |
|    time_elapsed         | 34843      |
|    total_timesteps      | 4930560    |
| train/                  |            |
|    approx_kl            | 0.04409976 |
|    clip_fraction        | 0.274      |
|    clip_range           | 0.2        |
|    entropy_loss         | -4.21      |
|    explained_variance   | 0.276      |
|    learning_rate        | 0.0003     |
|    loss                 | 0.421      |
|    n_updates            | 10110      |
|    policy_gradient_loss | -0.000739  |
|    std                  | 0.709      |
|    value_loss           | 110        |
----------------------------------------
----------------------------------------
| rollout/                |            |
|    ep_len_mean          | 302        |
|    ep_rew_mean          | -17.4      |
| time/                   |            |
|    fps                  | 112        |
|    iterations           | 768        |
|    time_elapsed         | 34889      |
|    total_timesteps      | 4935680    |
| train/                  |            |
|    approx_kl            | 0.04262038 |
|    clip_fraction        | 0.3        |
|    clip_range           | 0.2        |
|    entropy_loss         | -4.22      |
|    explained_variance   | 0.45       |
|    learning_rate        | 0.0003     |
|    loss                 | 0.454      |
|    n_updates            | 10120      |
|    policy_gradient_loss | -0.00134   |
|    std                  | 0.708      |
|    value_loss           | 59.8       |
----------------------------------------
----------------------------------------
| rollout/                |            |
|    ep_len_mean          | 299        |
|    ep_rew_mean          | -15.9      |
| time/                   |            |
|    fps                  | 112        |
|    iterations           | 769        |
|    time_elapsed         | 34935      |
|    total_timesteps      | 4940800    |
| train/                  |            |
|    approx_kl            | 0.10708644 |
|    clip_fraction        | 0.288      |
|    clip_range           | 0.2        |
|    entropy_loss         | -4.21      |
|    explained_variance   | 0.37       |
|    learning_rate        | 0.0003     |
|    loss                 | 95.9       |
|    n_updates            | 10130      |
|    policy_gradient_loss | -0.00432   |
|    std                  | 0.708      |
|    value_loss           | 37.7       |
----------------------------------------
-----------------------------------------
| rollout/                |             |
|    ep_len_mean          | 307         |
|    ep_rew_mean          | -16.2       |
| time/                   |             |
|    fps                  | 112         |
|    iterations           | 770         |
|    time_elapsed         | 34976       |
|    total_timesteps      | 4945920     |
| train/                  |             |
|    approx_kl            | 0.022131762 |
|    clip_fraction        | 0.205       |
|    clip_range           | 0.2         |
|    entropy_loss         | -4.22       |
|    explained_variance   | 0.457       |
|    learning_rate        | 0.0003      |
|    loss                 | 101         |
|    n_updates            | 10140       |
|    policy_gradient_loss | 0.00381     |
|    std                  | 0.708       |
|    value_loss           | 62.7        |
-----------------------------------------
-----------------------------------------
| rollout/                |             |
|    ep_len_mean          | 311         |
|    ep_rew_mean          | -12         |
| time/                   |             |
|    fps                  | 112         |
|    iterations           | 771         |
|    time_elapsed         | 35017       |
|    total_timesteps      | 4951040     |
| train/                  |             |
|    approx_kl            | 0.055603705 |
|    clip_fraction        | 0.322       |
|    clip_range           | 0.2         |
|    entropy_loss         | -4.23       |
|    explained_variance   | 0.532       |
|    learning_rate        | 0.0003      |
|    loss                 | 2.68        |
|    n_updates            | 10150       |
|    policy_gradient_loss | 0.00502     |
|    std                  | 0.71        |
|    value_loss           | 41.6        |
-----------------------------------------
Eval num_timesteps=4953520, episode_reward=-16.49 +/- 45.32
Episode length: 323.40 +/- 60.75
-----------------------------------------
| eval/                   |             |
|    mean_ep_length       | 323         |
|    mean_reward          | -16.5       |
| time/                   |             |
|    total_timesteps      | 4953520     |
| train/                  |             |
|    approx_kl            | 0.050393205 |
|    clip_fraction        | 0.293       |
|    clip_range           | 0.2         |
|    entropy_loss         | -4.22       |
|    explained_variance   | 0.922       |
|    learning_rate        | 0.0003      |
|    loss                 | -0.0105     |
|    n_updates            | 10160       |
|    policy_gradient_loss | -0.00411    |
|    std                  | 0.707       |
|    value_loss           | 2.33        |
-----------------------------------------
[episode ends] timestep 4953530: crashed=1 (1%), flipped=41 (25%), missed_goal=95 (59%), out_of_bounds=8 (5%), scored=16 (10%)
---------------------------------
| episode_end/       |          |
|    crashed         | 1        |
|    flipped         | 41       |
|    missed_goal     | 95       |
|    out_of_bounds   | 8        |
|    scored          | 16       |
| rollout/           |          |
|    ep_len_mean     | 314      |
|    ep_rew_mean     | -8.52    |
| time/              |          |
|    fps             | 112      |
|    iterations      | 772      |
|    time_elapsed    | 35067    |
|    total_timesteps | 4956160  |
---------------------------------
----------------------------------------
| rollout/                |            |
|    ep_len_mean          | 312        |
|    ep_rew_mean          | -4.95      |
| time/                   |            |
|    fps                  | 112        |
|    iterations           | 773        |
|    time_elapsed         | 35111      |
|    total_timesteps      | 4961280    |
| train/                  |            |
|    approx_kl            | 0.06155557 |
|    clip_fraction        | 0.302      |
|    clip_range           | 0.2        |
|    entropy_loss         | -4.22      |
|    explained_variance   | 0.635      |
|    learning_rate        | 0.0003     |
|    loss                 | 0.0428     |
|    n_updates            | 10170      |
|    policy_gradient_loss | -0.00272   |
|    std                  | 0.708      |
|    value_loss           | 16         |
----------------------------------------
-----------------------------------------
| rollout/                |             |
|    ep_len_mean          | 322         |
|    ep_rew_mean          | -7.6        |
| time/                   |             |
|    fps                  | 112         |
|    iterations           | 774         |
|    time_elapsed         | 35150       |
|    total_timesteps      | 4966400     |
| train/                  |             |
|    approx_kl            | 0.057185054 |
|    clip_fraction        | 0.264       |
|    clip_range           | 0.2         |
|    entropy_loss         | -4.21       |
|    explained_variance   | 0.336       |
|    learning_rate        | 0.0003      |
|    loss                 | 1.8         |
|    n_updates            | 10180       |
|    policy_gradient_loss | -0.00276    |
|    std                  | 0.708       |
|    value_loss           | 75.5        |
-----------------------------------------
-----------------------------------------
| rollout/                |             |
|    ep_len_mean          | 323         |
|    ep_rew_mean          | -14.3       |
| time/                   |             |
|    fps                  | 112         |
|    iterations           | 775         |
|    time_elapsed         | 35201       |
|    total_timesteps      | 4971520     |
| train/                  |             |
|    approx_kl            | 0.039545525 |
|    clip_fraction        | 0.267       |
|    clip_range           | 0.2         |
|    entropy_loss         | -4.2        |
|    explained_variance   | 0.507       |
|    learning_rate        | 0.0003      |
|    loss                 | 50.2        |
|    n_updates            | 10190       |
|    policy_gradient_loss | -0.00123    |
|    std                  | 0.701       |
|    value_loss           | 40          |
-----------------------------------------
-----------------------------------------
| rollout/                |             |
|    ep_len_mean          | 323         |
|    ep_rew_mean          | -18         |
| time/                   |             |
|    fps                  | 112         |
|    iterations           | 776         |
|    time_elapsed         | 35238       |
|    total_timesteps      | 4976640     |
| train/                  |             |
|    approx_kl            | 0.018266676 |
|    clip_fraction        | 0.197       |
|    clip_range           | 0.2         |
|    entropy_loss         | -4.17       |
|    explained_variance   | 0.28        |
|    learning_rate        | 0.0003      |
|    loss                 | 4.08        |
|    n_updates            | 10200       |
|    policy_gradient_loss | -0.00604    |
|    std                  | 0.699       |
|    value_loss           | 129         |
-----------------------------------------
-----------------------------------------
| rollout/                |             |
|    ep_len_mean          | 320         |
|    ep_rew_mean          | -17.4       |
| time/                   |             |
|    fps                  | 112         |
|    iterations           | 777         |
|    time_elapsed         | 35273       |
|    total_timesteps      | 4981760     |
| train/                  |             |
|    approx_kl            | 0.031626474 |
|    clip_fraction        | 0.253       |
|    clip_range           | 0.2         |
|    entropy_loss         | -4.17       |
|    explained_variance   | 0.127       |
|    learning_rate        | 0.0003      |
|    loss                 | 0.0833      |
|    n_updates            | 10210       |
|    policy_gradient_loss | -0.00493    |
|    std                  | 0.699       |
|    value_loss           | 268         |
-----------------------------------------
----------------------------------------
| rollout/                |            |
|    ep_len_mean          | 314        |
|    ep_rew_mean          | -29.3      |
| time/                   |            |
|    fps                  | 112        |
|    iterations           | 778        |
|    time_elapsed         | 35316      |
|    total_timesteps      | 4986880    |
| train/                  |            |
|    approx_kl            | 0.04708536 |
|    clip_fraction        | 0.286      |
|    clip_range           | 0.2        |
|    entropy_loss         | -4.17      |
|    explained_variance   | 0.68       |
|    learning_rate        | 0.0003     |
|    loss                 | 0.0373     |
|    n_updates            | 10220      |
|    policy_gradient_loss | 0.0042     |
|    std                  | 0.698      |
|    value_loss           | 17.7       |
----------------------------------------
-----------------------------------------
| rollout/                |             |
|    ep_len_mean          | 313         |
|    ep_rew_mean          | -32.6       |
| time/                   |             |
|    fps                  | 112         |
|    iterations           | 779         |
|    time_elapsed         | 35359       |
|    total_timesteps      | 4992000     |
| train/                  |             |
|    approx_kl            | 0.028467324 |
|    clip_fraction        | 0.158       |
|    clip_range           | 0.2         |
|    entropy_loss         | -4.16       |
|    explained_variance   | 0.242       |
|    learning_rate        | 0.0003      |
|    loss                 | 0.624       |
|    n_updates            | 10230       |
|    policy_gradient_loss | -0.00224    |
|    std                  | 0.696       |
|    value_loss           | 252         |
-----------------------------------------
-----------------------------------------
| rollout/                |             |
|    ep_len_mean          | 302         |
|    ep_rew_mean          | -33.6       |
| time/                   |             |
|    fps                  | 112         |
|    iterations           | 780         |
|    time_elapsed         | 35394       |
|    total_timesteps      | 4997120     |
| train/                  |             |
|    approx_kl            | 0.010585683 |
|    clip_fraction        | 0.0648      |
|    clip_range           | 0.2         |
|    entropy_loss         | -4.15       |
|    explained_variance   | 0.637       |
|    learning_rate        | 0.0003      |
|    loss                 | 0.374       |
|    n_updates            | 10240       |
|    policy_gradient_loss | -0.0102     |
|    std                  | 0.695       |
|    value_loss           | 37.5        |
-----------------------------------------
-----------------------------------------
| rollout/                |             |
|    ep_len_mean          | 295         |
|    ep_rew_mean          | -31.3       |
| time/                   |             |
|    fps                  | 112         |
|    iterations           | 781         |
|    time_elapsed         | 35430       |
|    total_timesteps      | 5002240     |
| train/                  |             |
|    approx_kl            | 0.011181233 |
|    clip_fraction        | 0.108       |
|    clip_range           | 0.2         |
|    entropy_loss         | -4.14       |
|    explained_variance   | 0.641       |
|    learning_rate        | 0.0003      |
|    loss                 | 3.22        |
|    n_updates            | 10250       |
|    policy_gradient_loss | -0.00716    |
|    std                  | 0.693       |
|    value_loss           | 51.9        |
-----------------------------------------
Eval num_timesteps=5003520, episode_reward=-32.70 +/- 59.11
Episode length: 389.10 +/- 185.30
------------------------------------------
| eval/                   |              |
|    mean_ep_length       | 389          |
|    mean_reward          | -32.7        |
| time/                   |              |
|    total_timesteps      | 5003520      |
| train/                  |              |
|    approx_kl            | 0.0110088615 |
|    clip_fraction        | 0.0806       |
|    clip_range           | 0.2          |
|    entropy_loss         | -4.13        |
|    explained_variance   | 0.737        |
|    learning_rate        | 0.0003       |
|    loss                 | 4.63         |
|    n_updates            | 10260        |
|    policy_gradient_loss | -0.0129      |
|    std                  | 0.692        |
|    value_loss           | 20.6         |
------------------------------------------
[progress] timestep 5003530
[episode ends] timestep 5003530: crashed=3 (2%), flipped=74 (45%), missed_goal=62 (38%), out_of_bounds=14 (9%), scored=10 (6%)
---------------------------------
| episode_end/       |          |
|    crashed         | 3        |
|    flipped         | 74       |
|    missed_goal     | 62       |
|    out_of_bounds   | 14       |
|    scored          | 10       |
| rollout/           |          |
|    ep_len_mean     | 293      |
|    ep_rew_mean     | -27.3    |
| time/              |          |
|    fps             | 112      |
|    iterations      | 782      |
|    time_elapsed    | 35476    |
|    total_timesteps | 5007360  |
---------------------------------
Continuation training complete. Model saved to drone_soccer_ppo_v4.zip
