pybullet build time: Sep 16 2026 22:14:57
pybullet build time: Sep 16 2026 22:14:57
pybullet build time: Sep 16 2026 22:14:57
pybullet build time: Sep 16 2026 22:14:57
pybullet build time: Sep 16 2026 22:14:57
pybullet build time: Sep 16 2026 22:14:57
pybullet build time: Sep 16 2026 22:14:57
pybullet build time: Sep 16 2026 22:14:57
pybullet build time: Sep 16 2026 22:14:57
pybullet build time: Sep 16 2026 22:14:57
pybullet build time: Sep 16 2026 22:14:57
Logging to ./tb_logs/Stage_4_0
C:\Users\Oat\OneDrive - UTS\Spring 2026\Reinforcement Learning\A3\Precision-Strike\.venv\Lib\site-packages\stable_baselines3\common\callbacks.py:419: UserWarning: Training and eval env are not of the same type<stable_baselines3.common.vec_env.subproc_vec_env.SubprocVecEnv object at 0x000001ED8EF1A190> != <stable_baselines3.common.vec_env.dummy_vec_env.DummyVecEnv object at 0x000001EDB3688910>
  warnings.warn("Training and eval env are not of the same type" f"{self.training_env} != {self.eval_env}")
[progress] timestep 13003210
---------------------------------
| rollout/           |          |
|    ep_len_mean     | 285      |
|    ep_rew_mean     | -2.32    |
| time/              |          |
|    fps             | 2162     |
|    iterations      | 1        |
|    time_elapsed    | 2        |
|    total_timesteps | 13008320 |
---------------------------------
----------------------------------------
| rollout/                |            |
|    ep_len_mean          | 286        |
|    ep_rew_mean          | -1.37      |
| time/                   |            |
|    fps                  | 249        |
|    iterations           | 2          |
|    time_elapsed         | 40         |
|    total_timesteps      | 13013440   |
| train/                  |            |
|    approx_kl            | 0.16558422 |
|    clip_fraction        | 0.501      |
|    clip_range           | 0.2        |
|    entropy_loss         | -2.01      |
|    explained_variance   | 0.25       |
|    learning_rate        | 0.0003     |
|    loss                 | 11.4       |
|    n_updates            | 25890      |
|    policy_gradient_loss | 0.03       |
|    std                  | 0.406      |
|    value_loss           | 106        |
----------------------------------------
-----------------------------------------
| rollout/                |             |
|    ep_len_mean          | 289         |
|    ep_rew_mean          | 3.01        |
| time/                   |             |
|    fps                  | 213         |
|    iterations           | 3           |
|    time_elapsed         | 71          |
|    total_timesteps      | 13018560    |
| train/                  |             |
|    approx_kl            | 0.112086795 |
|    clip_fraction        | 0.424       |
|    clip_range           | 0.2         |
|    entropy_loss         | -2.02       |
|    explained_variance   | 0.82        |
|    learning_rate        | 0.0003      |
|    loss                 | 0.0444      |
|    n_updates            | 25900       |
|    policy_gradient_loss | 0.0102      |
|    std                  | 0.407       |
|    value_loss           | 5.41        |
-----------------------------------------
----------------------------------------
| rollout/                |            |
|    ep_len_mean          | 294        |
|    ep_rew_mean          | 4.4        |
| time/                   |            |
|    fps                  | 199        |
|    iterations           | 4          |
|    time_elapsed         | 102        |
|    total_timesteps      | 13023680   |
| train/                  |            |
|    approx_kl            | 0.09262647 |
|    clip_fraction        | 0.348      |
|    clip_range           | 0.2        |
|    entropy_loss         | -2.02      |
|    explained_variance   | 0.621      |
|    learning_rate        | 0.0003     |
|    loss                 | 0.262      |
|    n_updates            | 25910      |
|    policy_gradient_loss | -0.00442   |
|    std                  | 0.407      |
|    value_loss           | 12.6       |
----------------------------------------
----------------------------------------
| rollout/                |            |
|    ep_len_mean          | 299        |
|    ep_rew_mean          | 3.08       |
| time/                   |            |
|    fps                  | 185        |
|    iterations           | 5          |
|    time_elapsed         | 137        |
|    total_timesteps      | 13028800   |
| train/                  |            |
|    approx_kl            | 0.07845761 |
|    clip_fraction        | 0.35       |
|    clip_range           | 0.2        |
|    entropy_loss         | -2.02      |
|    explained_variance   | 0.281      |
|    learning_rate        | 0.0003     |
|    loss                 | 0.0506     |
|    n_updates            | 25920      |
|    policy_gradient_loss | -0.000453  |
|    std                  | 0.407      |
|    value_loss           | 69.2       |
----------------------------------------
----------------------------------------
| rollout/                |            |
|    ep_len_mean          | 301        |
|    ep_rew_mean          | 6.79       |
| time/                   |            |
|    fps                  | 180        |
|    iterations           | 6          |
|    time_elapsed         | 169        |
|    total_timesteps      | 13033920   |
| train/                  |            |
|    approx_kl            | 0.08547951 |
|    clip_fraction        | 0.366      |
|    clip_range           | 0.2        |
|    entropy_loss         | -2.03      |
|    explained_variance   | 0.507      |
|    learning_rate        | 0.0003     |
|    loss                 | 1.59       |
|    n_updates            | 25930      |
|    policy_gradient_loss | 0.0129     |
|    std                  | 0.408      |
|    value_loss           | 19.4       |
----------------------------------------
----------------------------------------
| rollout/                |            |
|    ep_len_mean          | 301        |
|    ep_rew_mean          | 6.94       |
| time/                   |            |
|    fps                  | 176        |
|    iterations           | 7          |
|    time_elapsed         | 202        |
|    total_timesteps      | 13039040   |
| train/                  |            |
|    approx_kl            | 0.10017773 |
|    clip_fraction        | 0.373      |
|    clip_range           | 0.2        |
|    entropy_loss         | -2.03      |
|    explained_variance   | 0.357      |
|    learning_rate        | 0.0003     |
|    loss                 | 1.68       |
|    n_updates            | 25940      |
|    policy_gradient_loss | 0.00804    |
|    std                  | 0.407      |
|    value_loss           | 19.5       |
----------------------------------------
-----------------------------------------
| rollout/                |             |
|    ep_len_mean          | 298         |
|    ep_rew_mean          | 1.64        |
| time/                   |             |
|    fps                  | 171         |
|    iterations           | 8           |
|    time_elapsed         | 238         |
|    total_timesteps      | 13044160    |
| train/                  |             |
|    approx_kl            | 0.061519355 |
|    clip_fraction        | 0.29        |
|    clip_range           | 0.2         |
|    entropy_loss         | -2.02       |
|    explained_variance   | 0.151       |
|    learning_rate        | 0.0003      |
|    loss                 | 5.01        |
|    n_updates            | 25950       |
|    policy_gradient_loss | 0.000746    |
|    std                  | 0.406       |
|    value_loss           | 207         |
-----------------------------------------
----------------------------------------
| rollout/                |            |
|    ep_len_mean          | 297        |
|    ep_rew_mean          | 5.63       |
| time/                   |            |
|    fps                  | 168        |
|    iterations           | 9          |
|    time_elapsed         | 273        |
|    total_timesteps      | 13049280   |
| train/                  |            |
|    approx_kl            | 0.07766351 |
|    clip_fraction        | 0.335      |
|    clip_range           | 0.2        |
|    entropy_loss         | -2         |
|    explained_variance   | 0.624      |
|    learning_rate        | 0.0003     |
|    loss                 | 1.07       |
|    n_updates            | 25960      |
|    policy_gradient_loss | -0.00265   |
|    std                  | 0.404      |
|    value_loss           | 29.4       |
----------------------------------------
Eval num_timesteps=13053200, episode_reward=-14.22 +/- 24.85
Episode length: 264.70 +/- 65.02
----------------------------------------
| eval/                   |            |
|    mean_ep_length       | 265        |
|    mean_reward          | -14.2      |
| time/                   |            |
|    total_timesteps      | 13053200   |
| train/                  |            |
|    approx_kl            | 0.04801882 |
|    clip_fraction        | 0.324      |
|    clip_range           | 0.2        |
|    entropy_loss         | -1.99      |
|    explained_variance   | 0.606      |
|    learning_rate        | 0.0003     |
|    loss                 | 0.138      |
|    n_updates            | 25970      |
|    policy_gradient_loss | 0.00491    |
|    std                  | 0.405      |
|    value_loss           | 51.5       |
----------------------------------------
New best mean reward!
[episode ends] timestep 13053210: flipped=43 (26%), missed_goal=79 (48%), scored=41 (25%)
---------------------------------
| episode_end/       |          |
|    flipped         | 43       |
|    missed_goal     | 79       |
|    scored          | 41       |
| rollout/           |          |
|    ep_len_mean     | 296      |
|    ep_rew_mean     | 4.08     |
| time/              |          |
|    fps             | 166      |
|    iterations      | 10       |
|    time_elapsed    | 307      |
|    total_timesteps | 13054400 |
---------------------------------
-----------------------------------------
| rollout/                |             |
|    ep_len_mean          | 292         |
|    ep_rew_mean          | 4.2         |
| time/                   |             |
|    fps                  | 165         |
|    iterations           | 11          |
|    time_elapsed         | 339         |
|    total_timesteps      | 13059520    |
| train/                  |             |
|    approx_kl            | 0.105547294 |
|    clip_fraction        | 0.424       |
|    clip_range           | 0.2         |
|    entropy_loss         | -2          |
|    explained_variance   | 0.417       |
|    learning_rate        | 0.0003      |
|    loss                 | 0.0602      |
|    n_updates            | 25980       |
|    policy_gradient_loss | 0.0147      |
|    std                  | 0.405       |
|    value_loss           | 50.8        |
-----------------------------------------
-----------------------------------------
| rollout/                |             |
|    ep_len_mean          | 286         |
|    ep_rew_mean          | -0.569      |
| time/                   |             |
|    fps                  | 164         |
|    iterations           | 12          |
|    time_elapsed         | 374         |
|    total_timesteps      | 13064640    |
| train/                  |             |
|    approx_kl            | 0.072186545 |
|    clip_fraction        | 0.352       |
|    clip_range           | 0.2         |
|    entropy_loss         | -2          |
|    explained_variance   | 0.608       |
|    learning_rate        | 0.0003      |
|    loss                 | 8.06        |
|    n_updates            | 25990       |
|    policy_gradient_loss | 0.00609     |
|    std                  | 0.405       |
|    value_loss           | 17.6        |
-----------------------------------------
-----------------------------------------
| rollout/                |             |
|    ep_len_mean          | 283         |
|    ep_rew_mean          | -0.0273     |
| time/                   |             |
|    fps                  | 165         |
|    iterations           | 13          |
|    time_elapsed         | 403         |
|    total_timesteps      | 13069760    |
| train/                  |             |
|    approx_kl            | 0.038598303 |
|    clip_fraction        | 0.292       |
|    clip_range           | 0.2         |
|    entropy_loss         | -2          |
|    explained_variance   | 0.562       |
|    learning_rate        | 0.0003      |
|    loss                 | 0.0992      |
|    n_updates            | 26000       |
|    policy_gradient_loss | -0.00616    |
|    std                  | 0.405       |
|    value_loss           | 29.8        |
-----------------------------------------
-----------------------------------------
| rollout/                |             |
|    ep_len_mean          | 282         |
|    ep_rew_mean          | -1.75       |
| time/                   |             |
|    fps                  | 165         |
|    iterations           | 14          |
|    time_elapsed         | 433         |
|    total_timesteps      | 13074880    |
| train/                  |             |
|    approx_kl            | 0.087951854 |
|    clip_fraction        | 0.366       |
|    clip_range           | 0.2         |
|    entropy_loss         | -1.98       |
|    explained_variance   | 0.202       |
|    learning_rate        | 0.0003      |
|    loss                 | 0.455       |
|    n_updates            | 26010       |
|    policy_gradient_loss | 0.0169      |
|    std                  | 0.403       |
|    value_loss           | 277         |
-----------------------------------------
----------------------------------------
| rollout/                |            |
|    ep_len_mean          | 281        |
|    ep_rew_mean          | -4.72      |
| time/                   |            |
|    fps                  | 165        |
|    iterations           | 15         |
|    time_elapsed         | 463        |
|    total_timesteps      | 13080000   |
| train/                  |            |
|    approx_kl            | 0.07059523 |
|    clip_fraction        | 0.311      |
|    clip_range           | 0.2        |
|    entropy_loss         | -1.97      |
|    explained_variance   | 0.588      |
|    learning_rate        | 0.0003     |
|    loss                 | 0.301      |
|    n_updates            | 26020      |
|    policy_gradient_loss | 0.00672    |
|    std                  | 0.402      |
|    value_loss           | 55.1       |
----------------------------------------
----------------------------------------
| rollout/                |            |
|    ep_len_mean          | 280        |
|    ep_rew_mean          | 0.18       |
| time/                   |            |
|    fps                  | 165        |
|    iterations           | 16         |
|    time_elapsed         | 495        |
|    total_timesteps      | 13085120   |
| train/                  |            |
|    approx_kl            | 0.04012405 |
|    clip_fraction        | 0.244      |
|    clip_range           | 0.2        |
|    entropy_loss         | -1.97      |
|    explained_variance   | 0.48       |
|    learning_rate        | 0.0003     |
|    loss                 | 0.826      |
|    n_updates            | 26030      |
|    policy_gradient_loss | -0.0021    |
|    std                  | 0.403      |
|    value_loss           | 90.4       |
----------------------------------------
---------------------------------------
| rollout/                |           |
|    ep_len_mean          | 283       |
|    ep_rew_mean          | 1.53      |
| time/                   |           |
|    fps                  | 164       |
|    iterations           | 17        |
|    time_elapsed         | 529       |
|    total_timesteps      | 13090240  |
| train/                  |           |
|    approx_kl            | 0.0634999 |
|    clip_fraction        | 0.298     |
|    clip_range           | 0.2       |
|    entropy_loss         | -1.98     |
|    explained_variance   | 0.645     |
|    learning_rate        | 0.0003    |
|    loss                 | 0.0746    |
|    n_updates            | 26040     |
|    policy_gradient_loss | 0.00128   |
|    std                  | 0.403     |
|    value_loss           | 25.4      |
---------------------------------------
----------------------------------------
| rollout/                |            |
|    ep_len_mean          | 287        |
|    ep_rew_mean          | -4.84      |
| time/                   |            |
|    fps                  | 165        |
|    iterations           | 18         |
|    time_elapsed         | 557        |
|    total_timesteps      | 13095360   |
| train/                  |            |
|    approx_kl            | 0.04186434 |
|    clip_fraction        | 0.304      |
|    clip_range           | 0.2        |
|    entropy_loss         | -1.98      |
|    explained_variance   | 0.225      |
|    learning_rate        | 0.0003     |
|    loss                 | 806        |
|    n_updates            | 26050      |
|    policy_gradient_loss | -0.000997  |
|    std                  | 0.403      |
|    value_loss           | 258        |
----------------------------------------
----------------------------------------
| rollout/                |            |
|    ep_len_mean          | 288        |
|    ep_rew_mean          | -3.72      |
| time/                   |            |
|    fps                  | 164        |
|    iterations           | 19         |
|    time_elapsed         | 590        |
|    total_timesteps      | 13100480   |
| train/                  |            |
|    approx_kl            | 0.13813755 |
|    clip_fraction        | 0.249      |
|    clip_range           | 0.2        |
|    entropy_loss         | -1.98      |
|    explained_variance   | 0.353      |
|    learning_rate        | 0.0003     |
|    loss                 | 56.7       |
|    n_updates            | 26060      |
|    policy_gradient_loss | 0.00521    |
|    std                  | 0.404      |
|    value_loss           | 92.7       |
----------------------------------------
Eval num_timesteps=13103200, episode_reward=-16.04 +/- 88.49
Episode length: 293.70 +/- 39.66
----------------------------------------
| eval/                   |            |
|    mean_ep_length       | 294        |
|    mean_reward          | -16        |
| time/                   |            |
|    total_timesteps      | 13103200   |
| train/                  |            |
|    approx_kl            | 0.06496703 |
|    clip_fraction        | 0.374      |
|    clip_range           | 0.2        |
|    entropy_loss         | -1.99      |
|    explained_variance   | 0.481      |
|    learning_rate        | 0.0003     |
|    loss                 | 130        |
|    n_updates            | 26070      |
|    policy_gradient_loss | 0.0125     |
|    std                  | 0.405      |
|    value_loss           | 87.5       |
----------------------------------------
[progress] timestep 13103210
[episode ends] timestep 13103210: flipped=57 (32%), missed_goal=74 (42%), scored=45 (26%)
---------------------------------
| episode_end/       |          |
|    flipped         | 57       |
|    missed_goal     | 74       |
|    scored          | 45       |
| rollout/           |          |
|    ep_len_mean     | 283      |
|    ep_rew_mean     | -1.12    |
| time/              |          |
|    fps             | 163      |
|    iterations      | 20       |
|    time_elapsed    | 626      |
|    total_timesteps | 13105600 |
---------------------------------
-----------------------------------------
| rollout/                |             |
|    ep_len_mean          | 280         |
|    ep_rew_mean          | -6.53       |
| time/                   |             |
|    fps                  | 163         |
|    iterations           | 21          |
|    time_elapsed         | 659         |
|    total_timesteps      | 13110720    |
| train/                  |             |
|    approx_kl            | 0.021413986 |
|    clip_fraction        | 0.178       |
|    clip_range           | 0.2         |
|    entropy_loss         | -2          |
|    explained_variance   | 0.165       |
|    learning_rate        | 0.0003      |
|    loss                 | 1.49        |
|    n_updates            | 26080       |
|    policy_gradient_loss | -0.0108     |
|    std                  | 0.405       |
|    value_loss           | 158         |
-----------------------------------------
-----------------------------------------
| rollout/                |             |
|    ep_len_mean          | 279         |
|    ep_rew_mean          | -13.9       |
| time/                   |             |
|    fps                  | 162         |
|    iterations           | 22          |
|    time_elapsed         | 691         |
|    total_timesteps      | 13115840    |
| train/                  |             |
|    approx_kl            | 0.029531121 |
|    clip_fraction        | 0.173       |
|    clip_range           | 0.2         |
|    entropy_loss         | -2          |
|    explained_variance   | 0.518       |
|    learning_rate        | 0.0003      |
|    loss                 | 441         |
|    n_updates            | 26090       |
|    policy_gradient_loss | -0.0146     |
|    std                  | 0.406       |
|    value_loss           | 92          |
-----------------------------------------
-----------------------------------------
| rollout/                |             |
|    ep_len_mean          | 274         |
|    ep_rew_mean          | -10.5       |
| time/                   |             |
|    fps                  | 162         |
|    iterations           | 23          |
|    time_elapsed         | 722         |
|    total_timesteps      | 13120960    |
| train/                  |             |
|    approx_kl            | 0.056561846 |
|    clip_fraction        | 0.265       |
|    clip_range           | 0.2         |
|    entropy_loss         | -2.01       |
|    explained_variance   | 0.436       |
|    learning_rate        | 0.0003      |
|    loss                 | 2.21        |
|    n_updates            | 26100       |
|    policy_gradient_loss | -0.00515    |
|    std                  | 0.407       |
|    value_loss           | 110         |
-----------------------------------------
-----------------------------------------
| rollout/                |             |
|    ep_len_mean          | 271         |
|    ep_rew_mean          | -11.9       |
| time/                   |             |
|    fps                  | 162         |
|    iterations           | 24          |
|    time_elapsed         | 756         |
|    total_timesteps      | 13126080    |
| train/                  |             |
|    approx_kl            | 0.023306252 |
|    clip_fraction        | 0.195       |
|    clip_range           | 0.2         |
|    entropy_loss         | -2.01       |
|    explained_variance   | 0.35        |
|    learning_rate        | 0.0003      |
|    loss                 | 4.49        |
|    n_updates            | 26110       |
|    policy_gradient_loss | -0.0081     |
|    std                  | 0.407       |
|    value_loss           | 151         |
-----------------------------------------
-----------------------------------------
| rollout/                |             |
|    ep_len_mean          | 273         |
|    ep_rew_mean          | -15         |
| time/                   |             |
|    fps                  | 162         |
|    iterations           | 25          |
|    time_elapsed         | 785         |
|    total_timesteps      | 13131200    |
| train/                  |             |
|    approx_kl            | 0.016965244 |
|    clip_fraction        | 0.132       |
|    clip_range           | 0.2         |
|    entropy_loss         | -2.01       |
|    explained_variance   | 0.384       |
|    learning_rate        | 0.0003      |
|    loss                 | 10.9        |
|    n_updates            | 26120       |
|    policy_gradient_loss | -0.0163     |
|    std                  | 0.406       |
|    value_loss           | 108         |
-----------------------------------------
-----------------------------------------
| rollout/                |             |
|    ep_len_mean          | 275         |
|    ep_rew_mean          | -10.9       |
| time/                   |             |
|    fps                  | 162         |
|    iterations           | 26          |
|    time_elapsed         | 816         |
|    total_timesteps      | 13136320    |
| train/                  |             |
|    approx_kl            | 0.030885056 |
|    clip_fraction        | 0.179       |
|    clip_range           | 0.2         |
|    entropy_loss         | -2.01       |
|    explained_variance   | 0.136       |
|    learning_rate        | 0.0003      |
|    loss                 | 2.48        |
|    n_updates            | 26130       |
|    policy_gradient_loss | -0.00479    |
|    std                  | 0.406       |
|    value_loss           | 122         |
-----------------------------------------
----------------------------------------
| rollout/                |            |
|    ep_len_mean          | 275        |
|    ep_rew_mean          | -11.7      |
| time/                   |            |
|    fps                  | 162        |
|    iterations           | 27         |
|    time_elapsed         | 849        |
|    total_timesteps      | 13141440   |
| train/                  |            |
|    approx_kl            | 0.16001168 |
|    clip_fraction        | 0.418      |
|    clip_range           | 0.2        |
|    entropy_loss         | -2.01      |
|    explained_variance   | 0.347      |
|    learning_rate        | 0.0003     |
|    loss                 | 2.43       |
|    n_updates            | 26140      |
|    policy_gradient_loss | 0.013      |
|    std                  | 0.407      |
|    value_loss           | 95.8       |
----------------------------------------
-----------------------------------------
| rollout/                |             |
|    ep_len_mean          | 279         |
|    ep_rew_mean          | -8.53       |
| time/                   |             |
|    fps                  | 162         |
|    iterations           | 28          |
|    time_elapsed         | 880         |
|    total_timesteps      | 13146560    |
| train/                  |             |
|    approx_kl            | 0.032576393 |
|    clip_fraction        | 0.212       |
|    clip_range           | 0.2         |
|    entropy_loss         | -2.02       |
|    explained_variance   | 0.439       |
|    learning_rate        | 0.0003      |
|    loss                 | 0.906       |
|    n_updates            | 26150       |
|    policy_gradient_loss | -0.00967    |
|    std                  | 0.407       |
|    value_loss           | 89.5        |
-----------------------------------------
---------------------------------------
| rollout/                |           |
|    ep_len_mean          | 283       |
|    ep_rew_mean          | -12.5     |
| time/                   |           |
|    fps                  | 163       |
|    iterations           | 29        |
|    time_elapsed         | 909       |
|    total_timesteps      | 13151680  |
| train/                  |           |
|    approx_kl            | 0.1714693 |
|    clip_fraction        | 0.287     |
|    clip_range           | 0.2       |
|    entropy_loss         | -2.02     |
|    explained_variance   | 0.688     |
|    learning_rate        | 0.0003    |
|    loss                 | 0.388     |
|    n_updates            | 26160     |
|    policy_gradient_loss | 0.0032    |
|    std                  | 0.406     |
|    value_loss           | 22.1      |
---------------------------------------
Eval num_timesteps=13153200, episode_reward=-12.92 +/- 88.19
Episode length: 307.40 +/- 60.68
----------------------------------------
| eval/                   |            |
|    mean_ep_length       | 307        |
|    mean_reward          | -12.9      |
| time/                   |            |
|    total_timesteps      | 13153200   |
| train/                  |            |
|    approx_kl            | 0.08076629 |
|    clip_fraction        | 0.275      |
|    clip_range           | 0.2        |
|    entropy_loss         | -2.01      |
|    explained_variance   | 0.529      |
|    learning_rate        | 0.0003     |
|    loss                 | 0.806      |
|    n_updates            | 26170      |
|    policy_gradient_loss | -0.00687   |
|    std                  | 0.406      |
|    value_loss           | 76.7       |
----------------------------------------
New best mean reward!
[episode ends] timestep 13153210: flipped=75 (42%), missed_goal=56 (31%), scored=49 (27%)
---------------------------------
| episode_end/       |          |
|    flipped         | 75       |
|    missed_goal     | 56       |
|    scored          | 49       |
| rollout/           |          |
|    ep_len_mean     | 284      |
|    ep_rew_mean     | -15.3    |
| time/              |          |
|    fps             | 162      |
|    iterations      | 30       |
|    time_elapsed    | 945      |
|    total_timesteps | 13156800 |
---------------------------------
-----------------------------------------
| rollout/                |             |
|    ep_len_mean          | 285         |
|    ep_rew_mean          | -19         |
| time/                   |             |
|    fps                  | 162         |
|    iterations           | 31          |
|    time_elapsed         | 977         |
|    total_timesteps      | 13161920    |
| train/                  |             |
|    approx_kl            | 0.099923916 |
|    clip_fraction        | 0.196       |
|    clip_range           | 0.2         |
|    entropy_loss         | -2.01       |
|    explained_variance   | 0.383       |
|    learning_rate        | 0.0003      |
|    loss                 | 2.4         |
|    n_updates            | 26180       |
|    policy_gradient_loss | 0.00178     |
|    std                  | 0.406       |
|    value_loss           | 196         |
-----------------------------------------
----------------------------------------
| rollout/                |            |
|    ep_len_mean          | 286        |
|    ep_rew_mean          | -17.3      |
| time/                   |            |
|    fps                  | 162        |
|    iterations           | 32         |
|    time_elapsed         | 1006       |
|    total_timesteps      | 13167040   |
| train/                  |            |
|    approx_kl            | 0.22496577 |
|    clip_fraction        | 0.445      |
|    clip_range           | 0.2        |
|    entropy_loss         | -2.02      |
|    explained_variance   | 0.417      |
|    learning_rate        | 0.0003     |
|    loss                 | 0.727      |
|    n_updates            | 26190      |
|    policy_gradient_loss | 0.0347     |
|    std                  | 0.408      |
|    value_loss           | 113        |
----------------------------------------
----------------------------------------
| rollout/                |            |
|    ep_len_mean          | 282        |
|    ep_rew_mean          | -14.9      |
| time/                   |            |
|    fps                  | 162        |
|    iterations           | 33         |
|    time_elapsed         | 1038       |
|    total_timesteps      | 13172160   |
| train/                  |            |
|    approx_kl            | 0.07990865 |
|    clip_fraction        | 0.329      |
|    clip_range           | 0.2        |
|    entropy_loss         | -2.04      |
|    explained_variance   | 0.218      |
|    learning_rate        | 0.0003     |
|    loss                 | 1.95       |
|    n_updates            | 26200      |
|    policy_gradient_loss | 0.00607    |
|    std                  | 0.409      |
|    value_loss           | 193        |
----------------------------------------
-----------------------------------------
| rollout/                |             |
|    ep_len_mean          | 282         |
|    ep_rew_mean          | -10.3       |
| time/                   |             |
|    fps                  | 162         |
|    iterations           | 34          |
|    time_elapsed         | 1069        |
|    total_timesteps      | 13177280    |
| train/                  |             |
|    approx_kl            | 0.041726045 |
|    clip_fraction        | 0.232       |
|    clip_range           | 0.2         |
|    entropy_loss         | -2.04       |
|    explained_variance   | 0.616       |
|    learning_rate        | 0.0003      |
|    loss                 | 8.95        |
|    n_updates            | 26210       |
|    policy_gradient_loss | -0.000606   |
|    std                  | 0.409       |
|    value_loss           | 27.1        |
-----------------------------------------
---------------------------------------
| rollout/                |           |
|    ep_len_mean          | 283       |
|    ep_rew_mean          | -9.47     |
| time/                   |           |
|    fps                  | 163       |
|    iterations           | 35        |
|    time_elapsed         | 1097      |
|    total_timesteps      | 13182400  |
| train/                  |           |
|    approx_kl            | 0.2079184 |
|    clip_fraction        | 0.406     |
|    clip_range           | 0.2       |
|    entropy_loss         | -2.03     |
|    explained_variance   | 0.804     |
|    learning_rate        | 0.0003    |
|    loss                 | 1.49      |
|    n_updates            | 26220     |
|    policy_gradient_loss | 0.0161    |
|    std                  | 0.407     |
|    value_loss           | 20.8      |
---------------------------------------
----------------------------------------
| rollout/                |            |
|    ep_len_mean          | 279        |
|    ep_rew_mean          | -2.71      |
| time/                   |            |
|    fps                  | 163        |
|    iterations           | 36         |
|    time_elapsed         | 1130       |
|    total_timesteps      | 13187520   |
| train/                  |            |
|    approx_kl            | 0.05706657 |
|    clip_fraction        | 0.266      |
|    clip_range           | 0.2        |
|    entropy_loss         | -2.01      |
|    explained_variance   | 0.528      |
|    learning_rate        | 0.0003     |
|    loss                 | 0.399      |
|    n_updates            | 26230      |
|    policy_gradient_loss | -0.00293   |
|    std                  | 0.405      |
|    value_loss           | 75.3       |
----------------------------------------
----------------------------------------
| rollout/                |            |
|    ep_len_mean          | 280        |
|    ep_rew_mean          | -5.1       |
| time/                   |            |
|    fps                  | 163        |
|    iterations           | 37         |
|    time_elapsed         | 1161       |
|    total_timesteps      | 13192640   |
| train/                  |            |
|    approx_kl            | 0.04504261 |
|    clip_fraction        | 0.194      |
|    clip_range           | 0.2        |
|    entropy_loss         | -2.01      |
|    explained_variance   | 0.505      |
|    learning_rate        | 0.0003     |
|    loss                 | 1.7        |
|    n_updates            | 26240      |
|    policy_gradient_loss | -0.00946   |
|    std                  | 0.405      |
|    value_loss           | 91.7       |
----------------------------------------
---------------------------------------
| rollout/                |           |
|    ep_len_mean          | 270       |
|    ep_rew_mean          | -5.13     |
| time/                   |           |
|    fps                  | 163       |
|    iterations           | 38        |
|    time_elapsed         | 1192      |
|    total_timesteps      | 13197760  |
| train/                  |           |
|    approx_kl            | 0.1279919 |
|    clip_fraction        | 0.427     |
|    clip_range           | 0.2       |
|    entropy_loss         | -2.01     |
|    explained_variance   | 0.196     |
|    learning_rate        | 0.0003    |
|    loss                 | 0.823     |
|    n_updates            | 26250     |
|    policy_gradient_loss | 0.0119    |
|    std                  | 0.405     |
|    value_loss           | 107       |
---------------------------------------
----------------------------------------
| rollout/                |            |
|    ep_len_mean          | 271        |
|    ep_rew_mean          | -15        |
| time/                   |            |
|    fps                  | 163        |
|    iterations           | 39         |
|    time_elapsed         | 1223       |
|    total_timesteps      | 13202880   |
| train/                  |            |
|    approx_kl            | 0.08826412 |
|    clip_fraction        | 0.349      |
|    clip_range           | 0.2        |
|    entropy_loss         | -2.01      |
|    explained_variance   | 0.183      |
|    learning_rate        | 0.0003     |
|    loss                 | 2.51       |
|    n_updates            | 26260      |
|    policy_gradient_loss | 0.000609   |
|    std                  | 0.406      |
|    value_loss           | 104        |
----------------------------------------
Eval num_timesteps=13203200, episode_reward=0.39 +/- 26.37
Episode length: 319.80 +/- 56.68
----------------------------------------
| eval/                   |            |
|    mean_ep_length       | 320        |
|    mean_reward          | 0.387      |
| time/                   |            |
|    total_timesteps      | 13203200   |
| train/                  |            |
|    approx_kl            | 0.11154636 |
|    clip_fraction        | 0.265      |
|    clip_range           | 0.2        |
|    entropy_loss         | -2.02      |
|    explained_variance   | 0.293      |
|    learning_rate        | 0.0003     |
|    loss                 | 1.68       |
|    n_updates            | 26270      |
|    policy_gradient_loss | -0.0048    |
|    std                  | 0.406      |
|    value_loss           | 118        |
----------------------------------------
New best mean reward!
[progress] timestep 13203210
[episode ends] timestep 13203210: flipped=78 (43%), missed_goal=58 (32%), out_of_bounds=1 (1%), scored=45 (25%)
---------------------------------
| episode_end/       |          |
|    flipped         | 78       |
|    missed_goal     | 58       |
|    out_of_bounds   | 1        |
|    scored          | 45       |
| rollout/           |          |
|    ep_len_mean     | 270      |
|    ep_rew_mean     | -12.1    |
| time/              |          |
|    fps             | 163      |
|    iterations      | 40       |
|    time_elapsed    | 1255     |
|    total_timesteps | 13208000 |
---------------------------------
--------------------------------------
| rollout/                |          |
|    ep_len_mean          | 260      |
|    ep_rew_mean          | -14.1    |
| time/                   |          |
|    fps                  | 162      |
|    iterations           | 41       |
|    time_elapsed         | 1288     |
|    total_timesteps      | 13213120 |
| train/                  |          |
|    approx_kl            | 0.188281 |
|    clip_fraction        | 0.467    |
|    clip_range           | 0.2      |
|    entropy_loss         | -2.02    |
|    explained_variance   | 0.55     |
|    learning_rate        | 0.0003   |
|    loss                 | 129      |
|    n_updates            | 26280    |
|    policy_gradient_loss | 0.0218   |
|    std                  | 0.409    |
|    value_loss           | 29.4     |
--------------------------------------
----------------------------------------
| rollout/                |            |
|    ep_len_mean          | 253        |
|    ep_rew_mean          | -16.2      |
| time/                   |            |
|    fps                  | 163        |
|    iterations           | 42         |
|    time_elapsed         | 1319       |
|    total_timesteps      | 13218240   |
| train/                  |            |
|    approx_kl            | 0.13422707 |
|    clip_fraction        | 0.354      |
|    clip_range           | 0.2        |
|    entropy_loss         | -2.03      |
|    explained_variance   | 0.279      |
|    learning_rate        | 0.0003     |
|    loss                 | 5.37       |
|    n_updates            | 26290      |
|    policy_gradient_loss | 0.00643    |
|    std                  | 0.407      |
|    value_loss           | 99         |
----------------------------------------
-----------------------------------------
| rollout/                |             |
|    ep_len_mean          | 248         |
|    ep_rew_mean          | -9.23       |
| time/                   |             |
|    fps                  | 163         |
|    iterations           | 43          |
|    time_elapsed         | 1350        |
|    total_timesteps      | 13223360    |
| train/                  |             |
|    approx_kl            | 0.046291284 |
|    clip_fraction        | 0.273       |
|    clip_range           | 0.2         |
|    entropy_loss         | -2.02       |
|    explained_variance   | 0.434       |
|    learning_rate        | 0.0003      |
|    loss                 | 1.96        |
|    n_updates            | 26300       |
|    policy_gradient_loss | -0.0044     |
|    std                  | 0.407       |
|    value_loss           | 65.7        |
-----------------------------------------
----------------------------------------
| rollout/                |            |
|    ep_len_mean          | 248        |
|    ep_rew_mean          | -2.6       |
| time/                   |            |
|    fps                  | 162        |
|    iterations           | 44         |
|    time_elapsed         | 1383       |
|    total_timesteps      | 13228480   |
| train/                  |            |
|    approx_kl            | 0.04405371 |
|    clip_fraction        | 0.194      |
|    clip_range           | 0.2        |
|    entropy_loss         | -2.01      |
|    explained_variance   | 0.658      |
|    learning_rate        | 0.0003     |
|    loss                 | 5.97       |
|    n_updates            | 26310      |
|    policy_gradient_loss | -0.0115    |
|    std                  | 0.405      |
|    value_loss           | 22.5       |
----------------------------------------
----------------------------------------
| rollout/                |            |
|    ep_len_mean          | 248        |
|    ep_rew_mean          | -8.38      |
| time/                   |            |
|    fps                  | 163        |
|    iterations           | 45         |
|    time_elapsed         | 1412       |
|    total_timesteps      | 13233600   |
| train/                  |            |
|    approx_kl            | 0.12170671 |
|    clip_fraction        | 0.369      |
|    clip_range           | 0.2        |
|    entropy_loss         | -2         |
|    explained_variance   | 0.232      |
|    learning_rate        | 0.0003     |
|    loss                 | 1.06       |
|    n_updates            | 26320      |
|    policy_gradient_loss | 0.014      |
|    std                  | 0.406      |
|    value_loss           | 187        |
----------------------------------------
----------------------------------------
| rollout/                |            |
|    ep_len_mean          | 256        |
|    ep_rew_mean          | 0.0406     |
| time/                   |            |
|    fps                  | 163        |
|    iterations           | 46         |
|    time_elapsed         | 1441       |
|    total_timesteps      | 13238720   |
| train/                  |            |
|    approx_kl            | 0.08650837 |
|    clip_fraction        | 0.254      |
|    clip_range           | 0.2        |
|    entropy_loss         | -2.01      |
|    explained_variance   | 0.349      |
|    learning_rate        | 0.0003     |
|    loss                 | 6.04       |
|    n_updates            | 26330      |
|    policy_gradient_loss | -0.00168   |
|    std                  | 0.406      |
|    value_loss           | 34.9       |
----------------------------------------
----------------------------------------
| rollout/                |            |
|    ep_len_mean          | 258        |
|    ep_rew_mean          | 4.25       |
| time/                   |            |
|    fps                  | 162        |
|    iterations           | 47         |
|    time_elapsed         | 1477       |
|    total_timesteps      | 13243840   |
| train/                  |            |
|    approx_kl            | 0.09285016 |
|    clip_fraction        | 0.334      |
|    clip_range           | 0.2        |
|    entropy_loss         | -2.01      |
|    explained_variance   | 0.51       |
|    learning_rate        | 0.0003     |
|    loss                 | 3.13       |
|    n_updates            | 26340      |
|    policy_gradient_loss | 0.00242    |
|    std                  | 0.408      |
|    value_loss           | 57.1       |
----------------------------------------
----------------------------------------
| rollout/                |            |
|    ep_len_mean          | 265        |
|    ep_rew_mean          | 1.64       |
| time/                   |            |
|    fps                  | 162        |
|    iterations           | 48         |
|    time_elapsed         | 1510       |
|    total_timesteps      | 13248960   |
| train/                  |            |
|    approx_kl            | 0.18621995 |
|    clip_fraction        | 0.457      |
|    clip_range           | 0.2        |
|    entropy_loss         | -2.03      |
|    explained_variance   | 0.267      |
|    learning_rate        | 0.0003     |
|    loss                 | 240        |
|    n_updates            | 26350      |
|    policy_gradient_loss | 0.0262     |
|    std                  | 0.41       |
|    value_loss           | 113        |
----------------------------------------
Eval num_timesteps=13253200, episode_reward=1.13 +/- 54.47
Episode length: 243.90 +/- 93.09
----------------------------------------
| eval/                   |            |
|    mean_ep_length       | 244        |
|    mean_reward          | 1.13       |
| time/                   |            |
|    total_timesteps      | 13253200   |
| train/                  |            |
|    approx_kl            | 0.14281392 |
|    clip_fraction        | 0.386      |
|    clip_range           | 0.2        |
|    entropy_loss         | -2.03      |
|    explained_variance   | 0.683      |
|    learning_rate        | 0.0003     |
|    loss                 | 2.28       |
|    n_updates            | 26360      |
|    policy_gradient_loss | 0.00461    |
|    std                  | 0.408      |
|    value_loss           | 17.3       |
----------------------------------------
New best mean reward!
[episode ends] timestep 13253210: crashed=1 (1%), flipped=61 (32%), missed_goal=77 (40%), out_of_bounds=2 (1%), scored=51 (27%)
---------------------------------
| episode_end/       |          |
|    crashed         | 1        |
|    flipped         | 61       |
|    missed_goal     | 77       |
|    out_of_bounds   | 2        |
|    scored          | 51       |
| rollout/           |          |
|    ep_len_mean     | 276      |
|    ep_rew_mean     | -5.88    |
| time/              |          |
|    fps             | 162      |
|    iterations      | 49       |
|    time_elapsed    | 1545     |
|    total_timesteps | 13254080 |
---------------------------------
----------------------------------------
| rollout/                |            |
|    ep_len_mean          | 271        |
|    ep_rew_mean          | -4.84      |
| time/                   |            |
|    fps                  | 162        |
|    iterations           | 50         |
|    time_elapsed         | 1577       |
|    total_timesteps      | 13259200   |
| train/                  |            |
|    approx_kl            | 0.12841503 |
|    clip_fraction        | 0.47       |
|    clip_range           | 0.2        |
|    entropy_loss         | -2.03      |
|    explained_variance   | 0.2        |
|    learning_rate        | 0.0003     |
|    loss                 | 311        |
|    n_updates            | 26370      |
|    policy_gradient_loss | 0.0238     |
|    std                  | 0.408      |
|    value_loss           | 160        |
----------------------------------------
---------------------------------------
| rollout/                |           |
|    ep_len_mean          | 276       |
|    ep_rew_mean          | -6.61     |
| time/                   |           |
|    fps                  | 162       |
|    iterations           | 51        |
|    time_elapsed         | 1607      |
|    total_timesteps      | 13264320  |
| train/                  |           |
|    approx_kl            | 0.1339566 |
|    clip_fraction        | 0.392     |
|    clip_range           | 0.2       |
|    entropy_loss         | -2.03     |
|    explained_variance   | 0.0647    |
|    learning_rate        | 0.0003    |
|    loss                 | 0.452     |
|    n_updates            | 26380     |
|    policy_gradient_loss | 0.00616   |
|    std                  | 0.41      |
|    value_loss           | 147       |
---------------------------------------
----------------------------------------
| rollout/                |            |
|    ep_len_mean          | 279        |
|    ep_rew_mean          | -6.01      |
| time/                   |            |
|    fps                  | 162        |
|    iterations           | 52         |
|    time_elapsed         | 1640       |
|    total_timesteps      | 13269440   |
| train/                  |            |
|    approx_kl            | 0.17407325 |
|    clip_fraction        | 0.5        |
|    clip_range           | 0.2        |
|    entropy_loss         | -2.06      |
|    explained_variance   | 0.345      |
|    learning_rate        | 0.0003     |
|    loss                 | 65.3       |
|    n_updates            | 26390      |
|    policy_gradient_loss | 0.0224     |
|    std                  | 0.414      |
|    value_loss           | 58.7       |
----------------------------------------
----------------------------------------
| rollout/                |            |
|    ep_len_mean          | 278        |
|    ep_rew_mean          | -5.02      |
| time/                   |            |
|    fps                  | 162        |
|    iterations           | 53         |
|    time_elapsed         | 1671       |
|    total_timesteps      | 13274560   |
| train/                  |            |
|    approx_kl            | 0.08397126 |
|    clip_fraction        | 0.279      |
|    clip_range           | 0.2        |
|    entropy_loss         | -2.08      |
|    explained_variance   | 0.489      |
|    learning_rate        | 0.0003     |
|    loss                 | 3.02       |
|    n_updates            | 26400      |
|    policy_gradient_loss | 0.0011     |
|    std                  | 0.413      |
|    value_loss           | 67.8       |
----------------------------------------
-----------------------------------------
| rollout/                |             |
|    ep_len_mean          | 281         |
|    ep_rew_mean          | -11.3       |
| time/                   |             |
|    fps                  | 162         |
|    iterations           | 54          |
|    time_elapsed         | 1705        |
|    total_timesteps      | 13279680    |
| train/                  |             |
|    approx_kl            | 0.059352826 |
|    clip_fraction        | 0.333       |
|    clip_range           | 0.2         |
|    entropy_loss         | -2.07       |
|    explained_variance   | 0.221       |
|    learning_rate        | 0.0003      |
|    loss                 | 143         |
|    n_updates            | 26410       |
|    policy_gradient_loss | 0.0035      |
|    std                  | 0.413       |
|    value_loss           | 90.2        |
-----------------------------------------
----------------------------------------
| rollout/                |            |
|    ep_len_mean          | 285        |
|    ep_rew_mean          | -4.67      |
| time/                   |            |
|    fps                  | 162        |
|    iterations           | 55         |
|    time_elapsed         | 1736       |
|    total_timesteps      | 13284800   |
| train/                  |            |
|    approx_kl            | 0.06863519 |
|    clip_fraction        | 0.334      |
|    clip_range           | 0.2        |
|    entropy_loss         | -2.08      |
|    explained_variance   | 0.305      |
|    learning_rate        | 0.0003     |
|    loss                 | 0.31       |
|    n_updates            | 26420      |
|    policy_gradient_loss | 0.00247    |
|    std                  | 0.414      |
|    value_loss           | 87.8       |
----------------------------------------
---------------------------------------
| rollout/                |           |
|    ep_len_mean          | 284       |
|    ep_rew_mean          | 0.459     |
| time/                   |           |
|    fps                  | 162       |
|    iterations           | 56        |
|    time_elapsed         | 1767      |
|    total_timesteps      | 13289920  |
| train/                  |           |
|    approx_kl            | 0.2051166 |
|    clip_fraction        | 0.454     |
|    clip_range           | 0.2       |
|    entropy_loss         | -2.09     |
|    explained_variance   | 0.566     |
|    learning_rate        | 0.0003    |
|    loss                 | 1.52      |
|    n_updates            | 26430     |
|    policy_gradient_loss | 0.0288    |
|    std                  | 0.417     |
|    value_loss           | 24.4      |
---------------------------------------
----------------------------------------
| rollout/                |            |
|    ep_len_mean          | 291        |
|    ep_rew_mean          | -4.57      |
| time/                   |            |
|    fps                  | 162        |
|    iterations           | 57         |
|    time_elapsed         | 1798       |
|    total_timesteps      | 13295040   |
| train/                  |            |
|    approx_kl            | 0.22855134 |
|    clip_fraction        | 0.442      |
|    clip_range           | 0.2        |
|    entropy_loss         | -2.11      |
|    explained_variance   | 0.689      |
|    learning_rate        | 0.0003     |
|    loss                 | 0.477      |
|    n_updates            | 26440      |
|    policy_gradient_loss | 0.015      |
|    std                  | 0.417      |
|    value_loss           | 11         |
----------------------------------------
----------------------------------------
| rollout/                |            |
|    ep_len_mean          | 292        |
|    ep_rew_mean          | -6.16      |
| time/                   |            |
|    fps                  | 162        |
|    iterations           | 58         |
|    time_elapsed         | 1827       |
|    total_timesteps      | 13300160   |
| train/                  |            |
|    approx_kl            | 0.20223013 |
|    clip_fraction        | 0.388      |
|    clip_range           | 0.2        |
|    entropy_loss         | -2.12      |
|    explained_variance   | 0.656      |
|    learning_rate        | 0.0003     |
|    loss                 | 0.0134     |
|    n_updates            | 26450      |
|    policy_gradient_loss | -0.00119   |
|    std                  | 0.419      |
|    value_loss           | 38.3       |
----------------------------------------
Eval num_timesteps=13303200, episode_reward=13.67 +/- 29.95
Episode length: 298.40 +/- 19.40
----------------------------------------
| eval/                   |            |
|    mean_ep_length       | 298        |
|    mean_reward          | 13.7       |
| time/                   |            |
|    total_timesteps      | 13303200   |
| train/                  |            |
|    approx_kl            | 0.07628755 |
|    clip_fraction        | 0.362      |
|    clip_range           | 0.2        |
|    entropy_loss         | -2.13      |
|    explained_variance   | 0.309      |
|    learning_rate        | 0.0003     |
|    loss                 | 77         |
|    n_updates            | 26460      |
|    policy_gradient_loss | 0.0109     |
|    std                  | 0.42       |
|    value_loss           | 64.4       |
----------------------------------------
New best mean reward!
[progress] timestep 13303210
[episode ends] timestep 13303210: flipped=58 (34%), missed_goal=75 (44%), scored=39 (23%)
---------------------------------
| episode_end/       |          |
|    flipped         | 58       |
|    missed_goal     | 75       |
|    scored          | 39       |
| rollout/           |          |
|    ep_len_mean     | 295      |
|    ep_rew_mean     | -8.43    |
| time/              |          |
|    fps             | 162      |
|    iterations      | 59       |
|    time_elapsed    | 1861     |
|    total_timesteps | 13305280 |
---------------------------------
----------------------------------------
| rollout/                |            |
|    ep_len_mean          | 299        |
|    ep_rew_mean          | -8.39      |
| time/                   |            |
|    fps                  | 162        |
|    iterations           | 60         |
|    time_elapsed         | 1889       |
|    total_timesteps      | 13310400   |
| train/                  |            |
|    approx_kl            | 0.09861319 |
|    clip_fraction        | 0.345      |
|    clip_range           | 0.2        |
|    entropy_loss         | -2.13      |
|    explained_variance   | 0.493      |
|    learning_rate        | 0.0003     |
|    loss                 | 45.7       |
|    n_updates            | 26470      |
|    policy_gradient_loss | 0.000163   |
|    std                  | 0.419      |
|    value_loss           | 72.3       |
----------------------------------------
---------------------------------------
| rollout/                |           |
|    ep_len_mean          | 300       |
|    ep_rew_mean          | -8.78     |
| time/                   |           |
|    fps                  | 162       |
|    iterations           | 61        |
|    time_elapsed         | 1922      |
|    total_timesteps      | 13315520  |
| train/                  |           |
|    approx_kl            | 0.1246326 |
|    clip_fraction        | 0.37      |
|    clip_range           | 0.2       |
|    entropy_loss         | -2.13     |
|    explained_variance   | 0.534     |
|    learning_rate        | 0.0003    |
|    loss                 | 153       |
|    n_updates            | 26480     |
|    policy_gradient_loss | -0.00277  |
|    std                  | 0.419     |
|    value_loss           | 44.7      |
---------------------------------------
-----------------------------------------
| rollout/                |             |
|    ep_len_mean          | 301         |
|    ep_rew_mean          | -9.68       |
| time/                   |             |
|    fps                  | 162         |
|    iterations           | 62          |
|    time_elapsed         | 1950        |
|    total_timesteps      | 13320640    |
| train/                  |             |
|    approx_kl            | 0.052559823 |
|    clip_fraction        | 0.243       |
|    clip_range           | 0.2         |
|    entropy_loss         | -2.12       |
|    explained_variance   | 0.462       |
|    learning_rate        | 0.0003      |
|    loss                 | 1.91        |
|    n_updates            | 26490       |
|    policy_gradient_loss | -0.00614    |
|    std                  | 0.417       |
|    value_loss           | 41.2        |
-----------------------------------------
----------------------------------------
| rollout/                |            |
|    ep_len_mean          | 296        |
|    ep_rew_mean          | -5.8       |
| time/                   |            |
|    fps                  | 162        |
|    iterations           | 63         |
|    time_elapsed         | 1981       |
|    total_timesteps      | 13325760   |
| train/                  |            |
|    approx_kl            | 0.08061028 |
|    clip_fraction        | 0.332      |
|    clip_range           | 0.2        |
|    entropy_loss         | -2.11      |
|    explained_variance   | 0.491      |
|    learning_rate        | 0.0003     |
|    loss                 | 0.182      |
|    n_updates            | 26500      |
|    policy_gradient_loss | 0.00344    |
|    std                  | 0.417      |
|    value_loss           | 71.2       |
----------------------------------------
---------------------------------------
| rollout/                |           |
|    ep_len_mean          | 293       |
|    ep_rew_mean          | -8.87     |
| time/                   |           |
|    fps                  | 162       |
|    iterations           | 64        |
|    time_elapsed         | 2010      |
|    total_timesteps      | 13330880  |
| train/                  |           |
|    approx_kl            | 0.0642226 |
|    clip_fraction        | 0.305     |
|    clip_range           | 0.2       |
|    entropy_loss         | -2.11     |
|    explained_variance   | 0.138     |
|    learning_rate        | 0.0003    |
|    loss                 | 158       |
|    n_updates            | 26510     |
|    policy_gradient_loss | 0.00739   |
|    std                  | 0.416     |
|    value_loss           | 82.1      |
---------------------------------------
---------------------------------------
| rollout/                |           |
|    ep_len_mean          | 294       |
|    ep_rew_mean          | -4.63     |
| time/                   |           |
|    fps                  | 162       |
|    iterations           | 65        |
|    time_elapsed         | 2042      |
|    total_timesteps      | 13336000  |
| train/                  |           |
|    approx_kl            | 0.1378266 |
|    clip_fraction        | 0.271     |
|    clip_range           | 0.2       |
|    entropy_loss         | -2.1      |
|    explained_variance   | 0.548     |
|    learning_rate        | 0.0003    |
|    loss                 | 98.8      |
|    n_updates            | 26520     |
|    policy_gradient_loss | -0.0057   |
|    std                  | 0.417     |
|    value_loss           | 42.1      |
---------------------------------------
-----------------------------------------
| rollout/                |             |
|    ep_len_mean          | 289         |
|    ep_rew_mean          | -12.9       |
| time/                   |             |
|    fps                  | 162         |
|    iterations           | 66          |
|    time_elapsed         | 2073        |
|    total_timesteps      | 13341120    |
| train/                  |             |
|    approx_kl            | 0.066802636 |
|    clip_fraction        | 0.367       |
|    clip_range           | 0.2         |
|    entropy_loss         | -2.1        |
|    explained_variance   | 0.397       |
|    learning_rate        | 0.0003      |
|    loss                 | 3.63        |
|    n_updates            | 26530       |
|    policy_gradient_loss | 0.00146     |
|    std                  | 0.417       |
|    value_loss           | 79.1        |
-----------------------------------------
----------------------------------------
| rollout/                |            |
|    ep_len_mean          | 288        |
|    ep_rew_mean          | -20.6      |
| time/                   |            |
|    fps                  | 162        |
|    iterations           | 67         |
|    time_elapsed         | 2104       |
|    total_timesteps      | 13346240   |
| train/                  |            |
|    approx_kl            | 0.05903999 |
|    clip_fraction        | 0.26       |
|    clip_range           | 0.2        |
|    entropy_loss         | -2.11      |
|    explained_variance   | 0.218      |
|    learning_rate        | 0.0003     |
|    loss                 | 1.4        |
|    n_updates            | 26540      |
|    policy_gradient_loss | -0.00566   |
|    std                  | 0.418      |
|    value_loss           | 191        |
----------------------------------------
----------------------------------------
| rollout/                |            |
|    ep_len_mean          | 289        |
|    ep_rew_mean          | -22.5      |
| time/                   |            |
|    fps                  | 163        |
|    iterations           | 68         |
|    time_elapsed         | 2135       |
|    total_timesteps      | 13351360   |
| train/                  |            |
|    approx_kl            | 0.15881191 |
|    clip_fraction        | 0.393      |
|    clip_range           | 0.2        |
|    entropy_loss         | -2.12      |
|    explained_variance   | 0.224      |
|    learning_rate        | 0.0003     |
|    loss                 | 2.71       |
|    n_updates            | 26550      |
|    policy_gradient_loss | 0.0106     |
|    std                  | 0.419      |
|    value_loss           | 162        |
----------------------------------------
Eval num_timesteps=13353200, episode_reward=-27.17 +/- 57.73
Episode length: 296.90 +/- 52.29
---------------------------------------
| eval/                   |           |
|    mean_ep_length       | 297       |
|    mean_reward          | -27.2     |
| time/                   |           |
|    total_timesteps      | 13353200  |
| train/                  |           |
|    approx_kl            | 0.0430538 |
|    clip_fraction        | 0.281     |
|    clip_range           | 0.2       |
|    entropy_loss         | -2.12     |
|    explained_variance   | 0.504     |
|    learning_rate        | 0.0003    |
|    loss                 | 6.14      |
|    n_updates            | 26560     |
|    policy_gradient_loss | 0.00107   |
|    std                  | 0.418     |
|    value_loss           | 62.9      |
---------------------------------------
[episode ends] timestep 13353210: flipped=70 (41%), missed_goal=56 (33%), scored=45 (26%)
---------------------------------
| episode_end/       |          |
|    flipped         | 70       |
|    missed_goal     | 56       |
|    scored          | 45       |
| rollout/           |          |
|    ep_len_mean     | 292      |
|    ep_rew_mean     | -21.7    |
| time/              |          |
|    fps             | 162      |
|    iterations      | 69       |
|    time_elapsed    | 2171     |
|    total_timesteps | 13356480 |
---------------------------------
-----------------------------------------
| rollout/                |             |
|    ep_len_mean          | 291         |
|    ep_rew_mean          | -17.6       |
| time/                   |             |
|    fps                  | 162         |
|    iterations           | 70          |
|    time_elapsed         | 2201        |
|    total_timesteps      | 13361600    |
| train/                  |             |
|    approx_kl            | 0.063540325 |
|    clip_fraction        | 0.266       |
|    clip_range           | 0.2         |
|    entropy_loss         | -2.11       |
|    explained_variance   | 0.632       |
|    learning_rate        | 0.0003      |
|    loss                 | 1.02        |
|    n_updates            | 26570       |
|    policy_gradient_loss | 0.00197     |
|    std                  | 0.418       |
|    value_loss           | 42.2        |
-----------------------------------------
----------------------------------------
| rollout/                |            |
|    ep_len_mean          | 286        |
|    ep_rew_mean          | -17.2      |
| time/                   |            |
|    fps                  | 162        |
|    iterations           | 71         |
|    time_elapsed         | 2233       |
|    total_timesteps      | 13366720   |
| train/                  |            |
|    approx_kl            | 0.07830326 |
|    clip_fraction        | 0.385      |
|    clip_range           | 0.2        |
|    entropy_loss         | -2.11      |
|    explained_variance   | 0.283      |
|    learning_rate        | 0.0003     |
|    loss                 | 42.4       |
|    n_updates            | 26580      |
|    policy_gradient_loss | 0.0148     |
|    std                  | 0.419      |
|    value_loss           | 48.9       |
----------------------------------------
----------------------------------------
| rollout/                |            |
|    ep_len_mean          | 288        |
|    ep_rew_mean          | -15.1      |
| time/                   |            |
|    fps                  | 162        |
|    iterations           | 72         |
|    time_elapsed         | 2264       |
|    total_timesteps      | 13371840   |
| train/                  |            |
|    approx_kl            | 0.12004249 |
|    clip_fraction        | 0.358      |
|    clip_range           | 0.2        |
|    entropy_loss         | -2.11      |
|    explained_variance   | 0.199      |
|    learning_rate        | 0.0003     |
|    loss                 | 0.477      |
|    n_updates            | 26590      |
|    policy_gradient_loss | 0.00565    |
|    std                  | 0.418      |
|    value_loss           | 184        |
----------------------------------------
----------------------------------------
| rollout/                |            |
|    ep_len_mean          | 291        |
|    ep_rew_mean          | -10.3      |
| time/                   |            |
|    fps                  | 162        |
|    iterations           | 73         |
|    time_elapsed         | 2295       |
|    total_timesteps      | 13376960   |
| train/                  |            |
|    approx_kl            | 0.13835958 |
|    clip_fraction        | 0.395      |
|    clip_range           | 0.2        |
|    entropy_loss         | -2.1       |
|    explained_variance   | 0.267      |
|    learning_rate        | 0.0003     |
|    loss                 | 0.173      |
|    n_updates            | 26600      |
|    policy_gradient_loss | 0.00135    |
|    std                  | 0.417      |
|    value_loss           | 82.9       |
----------------------------------------
-----------------------------------------
| rollout/                |             |
|    ep_len_mean          | 284         |
|    ep_rew_mean          | -18.3       |
| time/                   |             |
|    fps                  | 162         |
|    iterations           | 74          |
|    time_elapsed         | 2326        |
|    total_timesteps      | 13382080    |
| train/                  |             |
|    approx_kl            | 0.088334225 |
|    clip_fraction        | 0.366       |
|    clip_range           | 0.2         |
|    entropy_loss         | -2.11       |
|    explained_variance   | 0.505       |
|    learning_rate        | 0.0003      |
|    loss                 | 35.1        |
|    n_updates            | 26610       |
|    policy_gradient_loss | 0.00336     |
|    std                  | 0.419       |
|    value_loss           | 65.7        |
-----------------------------------------
-----------------------------------------
| rollout/                |             |
|    ep_len_mean          | 287         |
|    ep_rew_mean          | -19.2       |
| time/                   |             |
|    fps                  | 162         |
|    iterations           | 75          |
|    time_elapsed         | 2358        |
|    total_timesteps      | 13387200    |
| train/                  |             |
|    approx_kl            | 0.069936045 |
|    clip_fraction        | 0.353       |
|    clip_range           | 0.2         |
|    entropy_loss         | -2.11       |
|    explained_variance   | 0.389       |
|    learning_rate        | 0.0003      |
|    loss                 | 0.823       |
|    n_updates            | 26620       |
|    policy_gradient_loss | 0.00203     |
|    std                  | 0.418       |
|    value_loss           | 152         |
-----------------------------------------
----------------------------------------
| rollout/                |            |
|    ep_len_mean          | 287        |
|    ep_rew_mean          | -19.7      |
| time/                   |            |
|    fps                  | 162        |
|    iterations           | 76         |
|    time_elapsed         | 2390       |
|    total_timesteps      | 13392320   |
| train/                  |            |
|    approx_kl            | 0.13787845 |
|    clip_fraction        | 0.366      |
|    clip_range           | 0.2        |
|    entropy_loss         | -2.11      |
|    explained_variance   | 0.434      |
|    learning_rate        | 0.0003     |
|    loss                 | 9.7        |
|    n_updates            | 26630      |
|    policy_gradient_loss | 0.00682    |
|    std                  | 0.417      |
|    value_loss           | 76.2       |
----------------------------------------
----------------------------------------
| rollout/                |            |
|    ep_len_mean          | 288        |
|    ep_rew_mean          | -18.6      |
| time/                   |            |
|    fps                  | 162        |
|    iterations           | 77         |
|    time_elapsed         | 2423       |
|    total_timesteps      | 13397440   |
| train/                  |            |
|    approx_kl            | 0.09659283 |
|    clip_fraction        | 0.371      |
|    clip_range           | 0.2        |
|    entropy_loss         | -2.1       |
|    explained_variance   | 0.314      |
|    learning_rate        | 0.0003     |
|    loss                 | 95.2       |
|    n_updates            | 26640      |
|    policy_gradient_loss | 0.0103     |
|    std                  | 0.417      |
|    value_loss           | 129        |
----------------------------------------
-----------------------------------------
| rollout/                |             |
|    ep_len_mean          | 287         |
|    ep_rew_mean          | -17.3       |
| time/                   |             |
|    fps                  | 162         |
|    iterations           | 78          |
|    time_elapsed         | 2454        |
|    total_timesteps      | 13402560    |
| train/                  |             |
|    approx_kl            | 0.030295992 |
|    clip_fraction        | 0.193       |
|    clip_range           | 0.2         |
|    entropy_loss         | -2.1        |
|    explained_variance   | 0.459       |
|    learning_rate        | 0.0003      |
|    loss                 | 3.63        |
|    n_updates            | 26650       |
|    policy_gradient_loss | -0.00262    |
|    std                  | 0.418       |
|    value_loss           | 54.9        |
-----------------------------------------
Eval num_timesteps=13403200, episode_reward=-5.36 +/- 67.50
Episode length: 308.60 +/- 71.23
----------------------------------------
| eval/                   |            |
|    mean_ep_length       | 309        |
|    mean_reward          | -5.36      |
| time/                   |            |
|    total_timesteps      | 13403200   |
| train/                  |            |
|    approx_kl            | 0.10410533 |
|    clip_fraction        | 0.324      |
|    clip_range           | 0.2        |
|    entropy_loss         | -2.1       |
|    explained_variance   | 0.406      |
|    learning_rate        | 0.0003     |
|    loss                 | 0.204      |
|    n_updates            | 26660      |
|    policy_gradient_loss | 0.0119     |
|    std                  | 0.418      |
|    value_loss           | 69.3       |
----------------------------------------
[progress] timestep 13403210
[episode ends] timestep 13403210: flipped=63 (36%), missed_goal=74 (42%), out_of_bounds=1 (1%), scored=38 (22%)
---------------------------------
| episode_end/       |          |
|    flipped         | 63       |
|    missed_goal     | 74       |
|    out_of_bounds   | 1        |
|    scored          | 38       |
| rollout/           |          |
|    ep_len_mean     | 288      |
|    ep_rew_mean     | -15.5    |
| time/              |          |
|    fps             | 162      |
|    iterations      | 79       |
|    time_elapsed    | 2491     |
|    total_timesteps | 13407680 |
---------------------------------
----------------------------------------
| rollout/                |            |
|    ep_len_mean          | 290        |
|    ep_rew_mean          | -10.6      |
| time/                   |            |
|    fps                  | 162        |
|    iterations           | 80         |
|    time_elapsed         | 2521       |
|    total_timesteps      | 13412800   |
| train/                  |            |
|    approx_kl            | 0.13161677 |
|    clip_fraction        | 0.357      |
|    clip_range           | 0.2        |
|    entropy_loss         | -2.11      |
|    explained_variance   | 0.412      |
|    learning_rate        | 0.0003     |
|    loss                 | 49.5       |
|    n_updates            | 26670      |
|    policy_gradient_loss | 0.00902    |
|    std                  | 0.42       |
|    value_loss           | 112        |
----------------------------------------
----------------------------------------
| rollout/                |            |
|    ep_len_mean          | 285        |
|    ep_rew_mean          | -11.5      |
| time/                   |            |
|    fps                  | 162        |
|    iterations           | 81         |
|    time_elapsed         | 2553       |
|    total_timesteps      | 13417920   |
| train/                  |            |
|    approx_kl            | 0.06346466 |
|    clip_fraction        | 0.303      |
|    clip_range           | 0.2        |
|    entropy_loss         | -2.12      |
|    explained_variance   | 0.622      |
|    learning_rate        | 0.0003     |
|    loss                 | 0.399      |
|    n_updates            | 26680      |
|    policy_gradient_loss | -0.00415   |
|    std                  | 0.421      |
|    value_loss           | 30.4       |
----------------------------------------
----------------------------------------
| rollout/                |            |
|    ep_len_mean          | 288        |
|    ep_rew_mean          | -7.26      |
| time/                   |            |
|    fps                  | 162        |
|    iterations           | 82         |
|    time_elapsed         | 2586       |
|    total_timesteps      | 13423040   |
| train/                  |            |
|    approx_kl            | 0.08111106 |
|    clip_fraction        | 0.42       |
|    clip_range           | 0.2        |
|    entropy_loss         | -2.13      |
|    explained_variance   | 0.457      |
|    learning_rate        | 0.0003     |
|    loss                 | 2.08       |
|    n_updates            | 26690      |
|    policy_gradient_loss | 0.0146     |
|    std                  | 0.421      |
|    value_loss           | 92.3       |
----------------------------------------
----------------------------------------
| rollout/                |            |
|    ep_len_mean          | 286        |
|    ep_rew_mean          | -6.97      |
| time/                   |            |
|    fps                  | 162        |
|    iterations           | 83         |
|    time_elapsed         | 2616       |
|    total_timesteps      | 13428160   |
| train/                  |            |
|    approx_kl            | 0.13899499 |
|    clip_fraction        | 0.402      |
|    clip_range           | 0.2        |
|    entropy_loss         | -2.13      |
|    explained_variance   | 0.538      |
|    learning_rate        | 0.0003     |
|    loss                 | 0.358      |
|    n_updates            | 26700      |
|    policy_gradient_loss | 0.00395    |
|    std                  | 0.421      |
|    value_loss           | 35.2       |
----------------------------------------
----------------------------------------
| rollout/                |            |
|    ep_len_mean          | 289        |
|    ep_rew_mean          | -5.01      |
| time/                   |            |
|    fps                  | 162        |
|    iterations           | 84         |
|    time_elapsed         | 2648       |
|    total_timesteps      | 13433280   |
| train/                  |            |
|    approx_kl            | 0.22642381 |
|    clip_fraction        | 0.496      |
|    clip_range           | 0.2        |
|    entropy_loss         | -2.14      |
|    explained_variance   | 0.82       |
|    learning_rate        | 0.0003     |
|    loss                 | 0.219      |
|    n_updates            | 26710      |
|    policy_gradient_loss | 0.0103     |
|    std                  | 0.422      |
|    value_loss           | 4.14       |
----------------------------------------
----------------------------------------
| rollout/                |            |
|    ep_len_mean          | 288        |
|    ep_rew_mean          | -10.8      |
| time/                   |            |
|    fps                  | 162        |
|    iterations           | 85         |
|    time_elapsed         | 2678       |
|    total_timesteps      | 13438400   |
| train/                  |            |
|    approx_kl            | 0.13962272 |
|    clip_fraction        | 0.375      |
|    clip_range           | 0.2        |
|    entropy_loss         | -2.13      |
|    explained_variance   | 0.434      |
|    learning_rate        | 0.0003     |
|    loss                 | 2.15       |
|    n_updates            | 26720      |
|    policy_gradient_loss | 0.0039     |
|    std                  | 0.422      |
|    value_loss           | 41.2       |
----------------------------------------
-----------------------------------------
| rollout/                |             |
|    ep_len_mean          | 292         |
|    ep_rew_mean          | -12.2       |
| time/                   |             |
|    fps                  | 162         |
|    iterations           | 86          |
|    time_elapsed         | 2710        |
|    total_timesteps      | 13443520    |
| train/                  |             |
|    approx_kl            | 0.106261194 |
|    clip_fraction        | 0.342       |
|    clip_range           | 0.2         |
|    entropy_loss         | -2.14       |
|    explained_variance   | 0.296       |
|    learning_rate        | 0.0003      |
|    loss                 | 0.254       |
|    n_updates            | 26730       |
|    policy_gradient_loss | 0.0113      |
|    std                  | 0.424       |
|    value_loss           | 215         |
-----------------------------------------
----------------------------------------
| rollout/                |            |
|    ep_len_mean          | 288        |
|    ep_rew_mean          | -14.5      |
| time/                   |            |
|    fps                  | 162        |
|    iterations           | 87         |
|    time_elapsed         | 2740       |
|    total_timesteps      | 13448640   |
| train/                  |            |
|    approx_kl            | 0.09720813 |
|    clip_fraction        | 0.28       |
|    clip_range           | 0.2        |
|    entropy_loss         | -2.15      |
|    explained_variance   | 0.405      |
|    learning_rate        | 0.0003     |
|    loss                 | 16.5       |
|    n_updates            | 26740      |
|    policy_gradient_loss | 0.000608   |
|    std                  | 0.423      |
|    value_loss           | 109        |
----------------------------------------
Eval num_timesteps=13453200, episode_reward=13.06 +/- 81.87
Episode length: 292.70 +/- 21.12
----------------------------------------
| eval/                   |            |
|    mean_ep_length       | 293        |
|    mean_reward          | 13.1       |
| time/                   |            |
|    total_timesteps      | 13453200   |
| train/                  |            |
|    approx_kl            | 0.14299974 |
|    clip_fraction        | 0.304      |
|    clip_range           | 0.2        |
|    entropy_loss         | -2.14      |
|    explained_variance   | 0.324      |
|    learning_rate        | 0.0003     |
|    loss                 | 36.1       |
|    n_updates            | 26750      |
|    policy_gradient_loss | 0.00691    |
|    std                  | 0.424      |
|    value_loss           | 207        |
----------------------------------------
[episode ends] timestep 13453210: flipped=60 (34%), missed_goal=78 (45%), out_of_bounds=1 (1%), scored=35 (20%)
---------------------------------
| episode_end/       |          |
|    flipped         | 60       |
|    missed_goal     | 78       |
|    out_of_bounds   | 1        |
|    scored          | 35       |
| rollout/           |          |
|    ep_len_mean     | 291      |
|    ep_rew_mean     | -11.8    |
| time/              |          |
|    fps             | 162      |
|    iterations      | 88       |
|    time_elapsed    | 2774     |
|    total_timesteps | 13453760 |
---------------------------------
----------------------------------------
| rollout/                |            |
|    ep_len_mean          | 289        |
|    ep_rew_mean          | -13.2      |
| time/                   |            |
|    fps                  | 162        |
|    iterations           | 89         |
|    time_elapsed         | 2804       |
|    total_timesteps      | 13458880   |
| train/                  |            |
|    approx_kl            | 0.08986811 |
|    clip_fraction        | 0.333      |
|    clip_range           | 0.2        |
|    entropy_loss         | -2.15      |
|    explained_variance   | 0.66       |
|    learning_rate        | 0.0003     |
|    loss                 | 0.714      |
|    n_updates            | 26760      |
|    policy_gradient_loss | 0.00562    |
|    std                  | 0.424      |
|    value_loss           | 25         |
----------------------------------------
----------------------------------------
| rollout/                |            |
|    ep_len_mean          | 282        |
|    ep_rew_mean          | -7.05      |
| time/                   |            |
|    fps                  | 162        |
|    iterations           | 90         |
|    time_elapsed         | 2836       |
|    total_timesteps      | 13464000   |
| train/                  |            |
|    approx_kl            | 0.02899621 |
|    clip_fraction        | 0.203      |
|    clip_range           | 0.2        |
|    entropy_loss         | -2.15      |
|    explained_variance   | 0.535      |
|    learning_rate        | 0.0003     |
|    loss                 | 8.09       |
|    n_updates            | 26770      |
|    policy_gradient_loss | -0.00946   |
|    std                  | 0.424      |
|    value_loss           | 37.3       |
----------------------------------------
----------------------------------------
| rollout/                |            |
|    ep_len_mean          | 281        |
|    ep_rew_mean          | -6.38      |
| time/                   |            |
|    fps                  | 162        |
|    iterations           | 91         |
|    time_elapsed         | 2867       |
|    total_timesteps      | 13469120   |
| train/                  |            |
|    approx_kl            | 0.07327307 |
|    clip_fraction        | 0.307      |
|    clip_range           | 0.2        |
|    entropy_loss         | -2.15      |
|    explained_variance   | 0.557      |
|    learning_rate        | 0.0003     |
|    loss                 | 15.3       |
|    n_updates            | 26780      |
|    policy_gradient_loss | 0.00582    |
|    std                  | 0.426      |
|    value_loss           | 29.1       |
----------------------------------------
----------------------------------------
| rollout/                |            |
|    ep_len_mean          | 279        |
|    ep_rew_mean          | -9.06      |
| time/                   |            |
|    fps                  | 162        |
|    iterations           | 92         |
|    time_elapsed         | 2900       |
|    total_timesteps      | 13474240   |
| train/                  |            |
|    approx_kl            | 0.06433768 |
|    clip_fraction        | 0.256      |
|    clip_range           | 0.2        |
|    entropy_loss         | -2.16      |
|    explained_variance   | 0.543      |
|    learning_rate        | 0.0003     |
|    loss                 | 0.13       |
|    n_updates            | 26790      |
|    policy_gradient_loss | -0.00926   |
|    std                  | 0.424      |
|    value_loss           | 34.9       |
----------------------------------------
----------------------------------------
| rollout/                |            |
|    ep_len_mean          | 278        |
|    ep_rew_mean          | -11.5      |
| time/                   |            |
|    fps                  | 162        |
|    iterations           | 93         |
|    time_elapsed         | 2934       |
|    total_timesteps      | 13479360   |
| train/                  |            |
|    approx_kl            | 0.05799654 |
|    clip_fraction        | 0.328      |
|    clip_range           | 0.2        |
|    entropy_loss         | -2.15      |
|    explained_variance   | 0.223      |
|    learning_rate        | 0.0003     |
|    loss                 | 26.7       |
|    n_updates            | 26800      |
|    policy_gradient_loss | 0.000958   |
|    std                  | 0.425      |
|    value_loss           | 200        |
----------------------------------------
----------------------------------------
| rollout/                |            |
|    ep_len_mean          | 278        |
|    ep_rew_mean          | -15.1      |
| time/                   |            |
|    fps                  | 162        |
|    iterations           | 94         |
|    time_elapsed         | 2967       |
|    total_timesteps      | 13484480   |
| train/                  |            |
|    approx_kl            | 0.12493825 |
|    clip_fraction        | 0.393      |
|    clip_range           | 0.2        |
|    entropy_loss         | -2.16      |
|    explained_variance   | 0.366      |
|    learning_rate        | 0.0003     |
|    loss                 | 0.033      |
|    n_updates            | 26810      |
|    policy_gradient_loss | 0.0017     |
|    std                  | 0.426      |
|    value_loss           | 87.6       |
----------------------------------------
----------------------------------------
| rollout/                |            |
|    ep_len_mean          | 278        |
|    ep_rew_mean          | -13.2      |
| time/                   |            |
|    fps                  | 162        |
|    iterations           | 95         |
|    time_elapsed         | 2998       |
|    total_timesteps      | 13489600   |
| train/                  |            |
|    approx_kl            | 0.19696996 |
|    clip_fraction        | 0.397      |
|    clip_range           | 0.2        |
|    entropy_loss         | -2.16      |
|    explained_variance   | 0.538      |
|    learning_rate        | 0.0003     |
|    loss                 | 0.391      |
|    n_updates            | 26820      |
|    policy_gradient_loss | 0.0138     |
|    std                  | 0.426      |
|    value_loss           | 32.4       |
----------------------------------------
----------------------------------------
| rollout/                |            |
|    ep_len_mean          | 276        |
|    ep_rew_mean          | -19.5      |
| time/                   |            |
|    fps                  | 162        |
|    iterations           | 96         |
|    time_elapsed         | 3030       |
|    total_timesteps      | 13494720   |
| train/                  |            |
|    approx_kl            | 0.06283598 |
|    clip_fraction        | 0.288      |
|    clip_range           | 0.2        |
|    entropy_loss         | -2.15      |
|    explained_variance   | 0.29       |
|    learning_rate        | 0.0003     |
|    loss                 | 3.42       |
|    n_updates            | 26830      |
|    policy_gradient_loss | -0.00558   |
|    std                  | 0.423      |
|    value_loss           | 69.1       |
----------------------------------------
----------------------------------------
| rollout/                |            |
|    ep_len_mean          | 276        |
|    ep_rew_mean          | -15.1      |
| time/                   |            |
|    fps                  | 162        |
|    iterations           | 97         |
|    time_elapsed         | 3062       |
|    total_timesteps      | 13499840   |
| train/                  |            |
|    approx_kl            | 0.06111121 |
|    clip_fraction        | 0.225      |
|    clip_range           | 0.2        |
|    entropy_loss         | -2.13      |
|    explained_variance   | 0.454      |
|    learning_rate        | 0.0003     |
|    loss                 | 0.576      |
|    n_updates            | 26840      |
|    policy_gradient_loss | -0.00546   |
|    std                  | 0.421      |
|    value_loss           | 104        |
----------------------------------------
Eval num_timesteps=13503200, episode_reward=-27.00 +/- 57.58
Episode length: 253.20 +/- 55.25
----------------------------------------
| eval/                   |            |
|    mean_ep_length       | 253        |
|    mean_reward          | -27        |
| time/                   |            |
|    total_timesteps      | 13503200   |
| train/                  |            |
|    approx_kl            | 0.06481364 |
|    clip_fraction        | 0.292      |
|    clip_range           | 0.2        |
|    entropy_loss         | -2.12      |
|    explained_variance   | 0.625      |
|    learning_rate        | 0.0003     |
|    loss                 | 0.142      |
|    n_updates            | 26850      |
|    policy_gradient_loss | -0.0021    |
|    std                  | 0.42       |
|    value_loss           | 30         |
----------------------------------------
[progress] timestep 13503210
[episode ends] timestep 13503210: flipped=73 (40%), missed_goal=81 (45%), scored=27 (15%)
---------------------------------
| episode_end/       |          |
|    flipped         | 73       |
|    missed_goal     | 81       |
|    scored          | 27       |
| rollout/           |          |
|    ep_len_mean     | 275      |
|    ep_rew_mean     | -10.9    |
| time/              |          |
|    fps             | 161      |
|    iterations      | 98       |
|    time_elapsed    | 3100     |
|    total_timesteps | 13504960 |
---------------------------------
----------------------------------------
| rollout/                |            |
|    ep_len_mean          | 267        |
|    ep_rew_mean          | -6.18      |
| time/                   |            |
|    fps                  | 161        |
|    iterations           | 99         |
|    time_elapsed         | 3130       |
|    total_timesteps      | 13510080   |
| train/                  |            |
|    approx_kl            | 0.06570633 |
|    clip_fraction        | 0.348      |
|    clip_range           | 0.2        |
|    entropy_loss         | -2.11      |
|    explained_variance   | 0.728      |
|    learning_rate        | 0.0003     |
|    loss                 | 0.351      |
|    n_updates            | 26860      |
|    policy_gradient_loss | 0.00749    |
|    std                  | 0.42       |
|    value_loss           | 10.4       |
----------------------------------------
-----------------------------------------
| rollout/                |             |
|    ep_len_mean          | 268         |
|    ep_rew_mean          | -5.63       |
| time/                   |             |
|    fps                  | 161         |
|    iterations           | 100         |
|    time_elapsed         | 3162        |
|    total_timesteps      | 13515200    |
| train/                  |             |
|    approx_kl            | 0.079538144 |
|    clip_fraction        | 0.369       |
|    clip_range           | 0.2         |
|    entropy_loss         | -2.11       |
|    explained_variance   | 0.596       |
|    learning_rate        | 0.0003      |
|    loss                 | 1.95        |
|    n_updates            | 26870       |
|    policy_gradient_loss | -0.00386    |
|    std                  | 0.421       |
|    value_loss           | 35.6        |
-----------------------------------------
----------------------------------------
| rollout/                |            |
|    ep_len_mean          | 269        |
|    ep_rew_mean          | -5.17      |
| time/                   |            |
|    fps                  | 161        |
|    iterations           | 101        |
|    time_elapsed         | 3194       |
|    total_timesteps      | 13520320   |
| train/                  |            |
|    approx_kl            | 0.06518244 |
|    clip_fraction        | 0.278      |
|    clip_range           | 0.2        |
|    entropy_loss         | -2.11      |
|    explained_variance   | 0.666      |
|    learning_rate        | 0.0003     |
|    loss                 | 0.389      |
|    n_updates            | 26880      |
|    policy_gradient_loss | -0.00177   |
|    std                  | 0.42       |
|    value_loss           | 42         |
----------------------------------------
---------------------------------------
| rollout/                |           |
|    ep_len_mean          | 270       |
|    ep_rew_mean          | -3.3      |
| time/                   |           |
|    fps                  | 161       |
|    iterations           | 102       |
|    time_elapsed         | 3224      |
|    total_timesteps      | 13525440  |
| train/                  |           |
|    approx_kl            | 0.1585453 |
|    clip_fraction        | 0.409     |
|    clip_range           | 0.2       |
|    entropy_loss         | -2.11     |
|    explained_variance   | 0.279     |
|    learning_rate        | 0.0003    |
|    loss                 | 0.428     |
|    n_updates            | 26890     |
|    policy_gradient_loss | 0.0132    |
|    std                  | 0.421     |
|    value_loss           | 35.7      |
---------------------------------------
----------------------------------------
| rollout/                |            |
|    ep_len_mean          | 273        |
|    ep_rew_mean          | -2.47      |
| time/                   |            |
|    fps                  | 162        |
|    iterations           | 103        |
|    time_elapsed         | 3255       |
|    total_timesteps      | 13530560   |
| train/                  |            |
|    approx_kl            | 0.09423636 |
|    clip_fraction        | 0.383      |
|    clip_range           | 0.2        |
|    entropy_loss         | -2.1       |
|    explained_variance   | 0.732      |
|    learning_rate        | 0.0003     |
|    loss                 | 0.652      |
|    n_updates            | 26900      |
|    policy_gradient_loss | 0.00129    |
|    std                  | 0.418      |
|    value_loss           | 5.07       |
----------------------------------------
-----------------------------------------
| rollout/                |             |
|    ep_len_mean          | 275         |
|    ep_rew_mean          | -2.83       |
| time/                   |             |
|    fps                  | 161         |
|    iterations           | 104         |
|    time_elapsed         | 3289        |
|    total_timesteps      | 13535680    |
| train/                  |             |
|    approx_kl            | 0.114254855 |
|    clip_fraction        | 0.393       |
|    clip_range           | 0.2         |
|    entropy_loss         | -2.07       |
|    explained_variance   | 0.796       |
|    learning_rate        | 0.0003      |
|    loss                 | 1.91        |
|    n_updates            | 26910       |
|    policy_gradient_loss | -0.000681   |
|    std                  | 0.415       |
|    value_loss           | 3.98        |
-----------------------------------------
----------------------------------------
| rollout/                |            |
|    ep_len_mean          | 278        |
|    ep_rew_mean          | -0.284     |
| time/                   |            |
|    fps                  | 161        |
|    iterations           | 105        |
|    time_elapsed         | 3320       |
|    total_timesteps      | 13540800   |
| train/                  |            |
|    approx_kl            | 0.07882564 |
|    clip_fraction        | 0.386      |
|    clip_range           | 0.2        |
|    entropy_loss         | -2.08      |
|    explained_variance   | 0.834      |
|    learning_rate        | 0.0003     |
|    loss                 | -0.00451   |
|    n_updates            | 26920      |
|    policy_gradient_loss | 0.00362    |
|    std                  | 0.417      |
|    value_loss           | 2.62       |
----------------------------------------
----------------------------------------
| rollout/                |            |
|    ep_len_mean          | 284        |
|    ep_rew_mean          | 3.29       |
| time/                   |            |
|    fps                  | 162        |
|    iterations           | 106        |
|    time_elapsed         | 3349       |
|    total_timesteps      | 13545920   |
| train/                  |            |
|    approx_kl            | 0.13985409 |
|    clip_fraction        | 0.44       |
|    clip_range           | 0.2        |
|    entropy_loss         | -2.09      |
|    explained_variance   | 0.505      |
|    learning_rate        | 0.0003     |
|    loss                 | 0.097      |
|    n_updates            | 26930      |
|    policy_gradient_loss | 0.0109     |
|    std                  | 0.419      |
|    value_loss           | 8.51       |
----------------------------------------
----------------------------------------
| rollout/                |            |
|    ep_len_mean          | 283        |
|    ep_rew_mean          | 4.64       |
| time/                   |            |
|    fps                  | 162        |
|    iterations           | 107        |
|    time_elapsed         | 3380       |
|    total_timesteps      | 13551040   |
| train/                  |            |
|    approx_kl            | 0.06606035 |
|    clip_fraction        | 0.317      |
|    clip_range           | 0.2        |
|    entropy_loss         | -2.1       |
|    explained_variance   | 0.555      |
|    learning_rate        | 0.0003     |
|    loss                 | 3.26       |
|    n_updates            | 26940      |
|    policy_gradient_loss | 0.00498    |
|    std                  | 0.418      |
|    value_loss           | 10.9       |
----------------------------------------
Eval num_timesteps=13553200, episode_reward=-10.08 +/- 14.04
Episode length: 232.60 +/- 60.07
----------------------------------------
| eval/                   |            |
|    mean_ep_length       | 233        |
|    mean_reward          | -10.1      |
| time/                   |            |
|    total_timesteps      | 13553200   |
| train/                  |            |
|    approx_kl            | 0.08099883 |
|    clip_fraction        | 0.284      |
|    clip_range           | 0.2        |
|    entropy_loss         | -2.1       |
|    explained_variance   | 0.644      |
|    learning_rate        | 0.0003     |
|    loss                 | 0.0773     |
|    n_updates            | 26950      |
|    policy_gradient_loss | -0.00654   |
|    std                  | 0.418      |
|    value_loss           | 21.9       |
----------------------------------------
[episode ends] timestep 13553210: flipped=70 (39%), missed_goal=86 (48%), scored=23 (13%)
---------------------------------
| episode_end/       |          |
|    flipped         | 70       |
|    missed_goal     | 86       |
|    scored          | 23       |
| rollout/           |          |
|    ep_len_mean     | 283      |
|    ep_rew_mean     | 5.41     |
| time/              |          |
|    fps             | 161      |
|    iterations      | 108      |
|    time_elapsed    | 3414     |
|    total_timesteps | 13556160 |
---------------------------------
----------------------------------------
| rollout/                |            |
|    ep_len_mean          | 277        |
|    ep_rew_mean          | 6.11       |
| time/                   |            |
|    fps                  | 161        |
|    iterations           | 109        |
|    time_elapsed         | 3446       |
|    total_timesteps      | 13561280   |
| train/                  |            |
|    approx_kl            | 0.08439639 |
|    clip_fraction        | 0.367      |
|    clip_range           | 0.2        |
|    entropy_loss         | -2.08      |
|    explained_variance   | 0.755      |
|    learning_rate        | 0.0003     |
|    loss                 | 0.718      |
|    n_updates            | 26960      |
|    policy_gradient_loss | 0.000345   |
|    std                  | 0.416      |
|    value_loss           | 12.2       |
----------------------------------------
----------------------------------------
| rollout/                |            |
|    ep_len_mean          | 278        |
|    ep_rew_mean          | 5.33       |
| time/                   |            |
|    fps                  | 161        |
|    iterations           | 110        |
|    time_elapsed         | 3476       |
|    total_timesteps      | 13566400   |
| train/                  |            |
|    approx_kl            | 0.11091931 |
|    clip_fraction        | 0.3        |
|    clip_range           | 0.2        |
|    entropy_loss         | -2.07      |
|    explained_variance   | 0.716      |
|    learning_rate        | 0.0003     |
|    loss                 | 0.416      |
|    n_updates            | 26970      |
|    policy_gradient_loss | -0.00232   |
|    std                  | 0.415      |
|    value_loss           | 9.71       |
----------------------------------------
----------------------------------------
| rollout/                |            |
|    ep_len_mean          | 276        |
|    ep_rew_mean          | 2.65       |
| time/                   |            |
|    fps                  | 161        |
|    iterations           | 111        |
|    time_elapsed         | 3508       |
|    total_timesteps      | 13571520   |
| train/                  |            |
|    approx_kl            | 0.07959249 |
|    clip_fraction        | 0.32       |
|    clip_range           | 0.2        |
|    entropy_loss         | -2.05      |
|    explained_variance   | 0.875      |
|    learning_rate        | 0.0003     |
|    loss                 | 0.162      |
|    n_updates            | 26980      |
|    policy_gradient_loss | -0.0152    |
|    std                  | 0.412      |
|    value_loss           | 3.01       |
----------------------------------------
----------------------------------------
| rollout/                |            |
|    ep_len_mean          | 279        |
|    ep_rew_mean          | 1.63       |
| time/                   |            |
|    fps                  | 161        |
|    iterations           | 112        |
|    time_elapsed         | 3540       |
|    total_timesteps      | 13576640   |
| train/                  |            |
|    approx_kl            | 0.10589822 |
|    clip_fraction        | 0.386      |
|    clip_range           | 0.2        |
|    entropy_loss         | -2.03      |
|    explained_variance   | 0.778      |
|    learning_rate        | 0.0003     |
|    loss                 | 3.16       |
|    n_updates            | 26990      |
|    policy_gradient_loss | 0.00545    |
|    std                  | 0.412      |
|    value_loss           | 7.03       |
----------------------------------------
-----------------------------------------
| rollout/                |             |
|    ep_len_mean          | 279         |
|    ep_rew_mean          | -0.541      |
| time/                   |             |
|    fps                  | 162         |
|    iterations           | 113         |
|    time_elapsed         | 3570        |
|    total_timesteps      | 13581760    |
| train/                  |             |
|    approx_kl            | 0.076786295 |
|    clip_fraction        | 0.378       |
|    clip_range           | 0.2         |
|    entropy_loss         | -2.03       |
|    explained_variance   | 0.604       |
|    learning_rate        | 0.0003      |
|    loss                 | 52.6        |
|    n_updates            | 27000       |
|    policy_gradient_loss | 0.00173     |
|    std                  | 0.412       |
|    value_loss           | 16.7        |
-----------------------------------------
----------------------------------------
| rollout/                |            |
|    ep_len_mean          | 281        |
|    ep_rew_mean          | -6.15      |
| time/                   |            |
|    fps                  | 162        |
|    iterations           | 114        |
|    time_elapsed         | 3599       |
|    total_timesteps      | 13586880   |
| train/                  |            |
|    approx_kl            | 0.08464162 |
|    clip_fraction        | 0.33       |
|    clip_range           | 0.2        |
|    entropy_loss         | -2.03      |
|    explained_variance   | 0.471      |
|    learning_rate        | 0.0003     |
|    loss                 | 155        |
|    n_updates            | 27010      |
|    policy_gradient_loss | -0.00134   |
|    std                  | 0.412      |
|    value_loss           | 43.8       |
----------------------------------------
----------------------------------------
| rollout/                |            |
|    ep_len_mean          | 289        |
|    ep_rew_mean          | -6.53      |
| time/                   |            |
|    fps                  | 162        |
|    iterations           | 115        |
|    time_elapsed         | 3631       |
|    total_timesteps      | 13592000   |
| train/                  |            |
|    approx_kl            | 0.08399047 |
|    clip_fraction        | 0.306      |
|    clip_range           | 0.2        |
|    entropy_loss         | -2.03      |
|    explained_variance   | 0.229      |
|    learning_rate        | 0.0003     |
|    loss                 | 0.183      |
|    n_updates            | 27020      |
|    policy_gradient_loss | 0.00415    |
|    std                  | 0.412      |
|    value_loss           | 140        |
----------------------------------------
-----------------------------------------
| rollout/                |             |
|    ep_len_mean          | 290         |
|    ep_rew_mean          | -10.4       |
| time/                   |             |
|    fps                  | 162         |
|    iterations           | 116         |
|    time_elapsed         | 3661        |
|    total_timesteps      | 13597120    |
| train/                  |             |
|    approx_kl            | 0.060283877 |
|    clip_fraction        | 0.275       |
|    clip_range           | 0.2         |
|    entropy_loss         | -2.04       |
|    explained_variance   | 0.409       |
|    learning_rate        | 0.0003      |
|    loss                 | 5.7         |
|    n_updates            | 27030       |
|    policy_gradient_loss | -0.00324    |
|    std                  | 0.412       |
|    value_loss           | 49.6        |
-----------------------------------------
----------------------------------------
| rollout/                |            |
|    ep_len_mean          | 290        |
|    ep_rew_mean          | -12.2      |
| time/                   |            |
|    fps                  | 162        |
|    iterations           | 117        |
|    time_elapsed         | 3694       |
|    total_timesteps      | 13602240   |
| train/                  |            |
|    approx_kl            | 0.04639805 |
|    clip_fraction        | 0.266      |
|    clip_range           | 0.2        |
|    entropy_loss         | -2.03      |
|    explained_variance   | 0.404      |
|    learning_rate        | 0.0003     |
|    loss                 | 0.0867     |
|    n_updates            | 27040      |
|    policy_gradient_loss | -0.00257   |
|    std                  | 0.411      |
|    value_loss           | 95.3       |
----------------------------------------
Eval num_timesteps=13603200, episode_reward=15.07 +/- 39.28
Episode length: 298.60 +/- 43.28
-----------------------------------------
| eval/                   |             |
|    mean_ep_length       | 299         |
|    mean_reward          | 15.1        |
| time/                   |             |
|    total_timesteps      | 13603200    |
| train/                  |             |
|    approx_kl            | 0.043522056 |
|    clip_fraction        | 0.233       |
|    clip_range           | 0.2         |
|    entropy_loss         | -2.02       |
|    explained_variance   | 0.407       |
|    learning_rate        | 0.0003      |
|    loss                 | 0.282       |
|    n_updates            | 27050       |
|    policy_gradient_loss | 0.00102     |
|    std                  | 0.41        |
|    value_loss           | 74.5        |
-----------------------------------------
New best mean reward!
[progress] timestep 13603210
[episode ends] timestep 13603210: flipped=76 (43%), missed_goal=76 (43%), scored=26 (15%)
---------------------------------
| episode_end/       |          |
|    flipped         | 76       |
|    missed_goal     | 76       |
|    scored          | 26       |
| rollout/           |          |
|    ep_len_mean     | 286      |
|    ep_rew_mean     | -13      |
| time/              |          |
|    fps             | 162      |
|    iterations      | 118      |
|    time_elapsed    | 3728     |
|    total_timesteps | 13607360 |
---------------------------------
----------------------------------------
| rollout/                |            |
|    ep_len_mean          | 281        |
|    ep_rew_mean          | -13.5      |
| time/                   |            |
|    fps                  | 162        |
|    iterations           | 119        |
|    time_elapsed         | 3760       |
|    total_timesteps      | 13612480   |
| train/                  |            |
|    approx_kl            | 0.04798192 |
|    clip_fraction        | 0.249      |
|    clip_range           | 0.2        |
|    entropy_loss         | -2.01      |
|    explained_variance   | 0.413      |
|    learning_rate        | 0.0003     |
|    loss                 | 3.06       |
|    n_updates            | 27060      |
|    policy_gradient_loss | -0.00483   |
|    std                  | 0.41       |
|    value_loss           | 106        |
----------------------------------------
----------------------------------------
| rollout/                |            |
|    ep_len_mean          | 279        |
|    ep_rew_mean          | -14.1      |
| time/                   |            |
|    fps                  | 161        |
|    iterations           | 120        |
|    time_elapsed         | 3795       |
|    total_timesteps      | 13617600   |
| train/                  |            |
|    approx_kl            | 0.07672215 |
|    clip_fraction        | 0.233      |
|    clip_range           | 0.2        |
|    entropy_loss         | -2.02      |
|    explained_variance   | 0.395      |
|    learning_rate        | 0.0003     |
|    loss                 | 1.07       |
|    n_updates            | 27070      |
|    policy_gradient_loss | 0.00295    |
|    std                  | 0.411      |
|    value_loss           | 104        |
----------------------------------------
----------------------------------------
| rollout/                |            |
|    ep_len_mean          | 269        |
|    ep_rew_mean          | -11.5      |
| time/                   |            |
|    fps                  | 161        |
|    iterations           | 121        |
|    time_elapsed         | 3828       |
|    total_timesteps      | 13622720   |
| train/                  |            |
|    approx_kl            | 0.06731279 |
|    clip_fraction        | 0.239      |
|    clip_range           | 0.2        |
|    entropy_loss         | -2.02      |
|    explained_variance   | 0.327      |
|    learning_rate        | 0.0003     |
|    loss                 | 0.602      |
|    n_updates            | 27080      |
|    policy_gradient_loss | -0.00537   |
|    std                  | 0.411      |
|    value_loss           | 94.9       |
----------------------------------------
----------------------------------------
| rollout/                |            |
|    ep_len_mean          | 266        |
|    ep_rew_mean          | -13.1      |
| time/                   |            |
|    fps                  | 161        |
|    iterations           | 122        |
|    time_elapsed         | 3858       |
|    total_timesteps      | 13627840   |
| train/                  |            |
|    approx_kl            | 0.05413589 |
|    clip_fraction        | 0.226      |
|    clip_range           | 0.2        |
|    entropy_loss         | -2.01      |
|    explained_variance   | 0.498      |
|    learning_rate        | 0.0003     |
|    loss                 | 1.38       |
|    n_updates            | 27090      |
|    policy_gradient_loss | -0.0136    |
|    std                  | 0.409      |
|    value_loss           | 32.6       |
----------------------------------------
----------------------------------------
| rollout/                |            |
|    ep_len_mean          | 269        |
|    ep_rew_mean          | -15.2      |
| time/                   |            |
|    fps                  | 161        |
|    iterations           | 123        |
|    time_elapsed         | 3891       |
|    total_timesteps      | 13632960   |
| train/                  |            |
|    approx_kl            | 0.08179792 |
|    clip_fraction        | 0.303      |
|    clip_range           | 0.2        |
|    entropy_loss         | -2.01      |
|    explained_variance   | 0.643      |
|    learning_rate        | 0.0003     |
|    loss                 | 0.0906     |
|    n_updates            | 27100      |
|    policy_gradient_loss | -0.00412   |
|    std                  | 0.409      |
|    value_loss           | 20.1       |
----------------------------------------
-----------------------------------------
| rollout/                |             |
|    ep_len_mean          | 268         |
|    ep_rew_mean          | -9.11       |
| time/                   |             |
|    fps                  | 161         |
|    iterations           | 124         |
|    time_elapsed         | 3922        |
|    total_timesteps      | 13638080    |
| train/                  |             |
|    approx_kl            | 0.079699844 |
|    clip_fraction        | 0.325       |
|    clip_range           | 0.2         |
|    entropy_loss         | -2.01       |
|    explained_variance   | 0.556       |
|    learning_rate        | 0.0003      |
|    loss                 | 0.76        |
|    n_updates            | 27110       |
|    policy_gradient_loss | -0.00229    |
|    std                  | 0.409       |
|    value_loss           | 41.3        |
-----------------------------------------
-----------------------------------------
| rollout/                |             |
|    ep_len_mean          | 276         |
|    ep_rew_mean          | -5.06       |
| time/                   |             |
|    fps                  | 161         |
|    iterations           | 125         |
|    time_elapsed         | 3952        |
|    total_timesteps      | 13643200    |
| train/                  |             |
|    approx_kl            | 0.106097475 |
|    clip_fraction        | 0.395       |
|    clip_range           | 0.2         |
|    entropy_loss         | -2.01       |
|    explained_variance   | 0.442       |
|    learning_rate        | 0.0003      |
|    loss                 | 0.392       |
|    n_updates            | 27120       |
|    policy_gradient_loss | 0.008       |
|    std                  | 0.41        |
|    value_loss           | 31.2        |
-----------------------------------------
----------------------------------------
| rollout/                |            |
|    ep_len_mean          | 279        |
|    ep_rew_mean          | -9.14      |
| time/                   |            |
|    fps                  | 162        |
|    iterations           | 126        |
|    time_elapsed         | 3980       |
|    total_timesteps      | 13648320   |
| train/                  |            |
|    approx_kl            | 0.15460554 |
|    clip_fraction        | 0.407      |
|    clip_range           | 0.2        |
|    entropy_loss         | -2.01      |
|    explained_variance   | 0.259      |
|    learning_rate        | 0.0003     |
|    loss                 | 0.21       |
|    n_updates            | 27130      |
|    policy_gradient_loss | 0.018      |
|    std                  | 0.409      |
|    value_loss           | 119        |
----------------------------------------
Eval num_timesteps=13653200, episode_reward=-64.79 +/- 92.03
Episode length: 288.90 +/- 60.70
----------------------------------------
| eval/                   |            |
|    mean_ep_length       | 289        |
|    mean_reward          | -64.8      |
| time/                   |            |
|    total_timesteps      | 13653200   |
| train/                  |            |
|    approx_kl            | 0.08402513 |
|    clip_fraction        | 0.265      |
|    clip_range           | 0.2        |
|    entropy_loss         | -2.01      |
|    explained_variance   | 0.691      |
|    learning_rate        | 0.0003     |
|    loss                 | 0.18       |
|    n_updates            | 27140      |
|    policy_gradient_loss | -0.00289   |
|    std                  | 0.409      |
|    value_loss           | 24.4       |
----------------------------------------
[episode ends] timestep 13653210: flipped=90 (50%), missed_goal=63 (35%), out_of_bounds=1 (1%), scored=27 (15%)
---------------------------------
| episode_end/       |          |
|    flipped         | 90       |
|    missed_goal     | 63       |
|    out_of_bounds   | 1        |
|    scored          | 27       |
| rollout/           |          |
|    ep_len_mean     | 286      |
|    ep_rew_mean     | -9.45    |
| time/              |          |
|    fps             | 161      |
|    iterations      | 127      |
|    time_elapsed    | 4015     |
|    total_timesteps | 13653440 |
---------------------------------
----------------------------------------
| rollout/                |            |
|    ep_len_mean          | 285        |
|    ep_rew_mean          | -6.78      |
| time/                   |            |
|    fps                  | 162        |
|    iterations           | 128        |
|    time_elapsed         | 4044       |
|    total_timesteps      | 13658560   |
| train/                  |            |
|    approx_kl            | 0.09678756 |
|    clip_fraction        | 0.343      |
|    clip_range           | 0.2        |
|    entropy_loss         | -2.02      |
|    explained_variance   | 0.507      |
|    learning_rate        | 0.0003     |
|    loss                 | 0.882      |
|    n_updates            | 27150      |
|    policy_gradient_loss | -0.00449   |
|    std                  | 0.411      |
|    value_loss           | 47.6       |
----------------------------------------
-----------------------------------------
| rollout/                |             |
|    ep_len_mean          | 285         |
|    ep_rew_mean          | -10.8       |
| time/                   |             |
|    fps                  | 162         |
|    iterations           | 129         |
|    time_elapsed         | 4075        |
|    total_timesteps      | 13663680    |
| train/                  |             |
|    approx_kl            | 0.106160425 |
|    clip_fraction        | 0.308       |
|    clip_range           | 0.2         |
|    entropy_loss         | -2.03       |
|    explained_variance   | 0.199       |
|    learning_rate        | 0.0003      |
|    loss                 | 0.311       |
|    n_updates            | 27160       |
|    policy_gradient_loss | 0.00917     |
|    std                  | 0.413       |
|    value_loss           | 187         |
-----------------------------------------
----------------------------------------
| rollout/                |            |
|    ep_len_mean          | 289        |
|    ep_rew_mean          | -14.2      |
| time/                   |            |
|    fps                  | 162        |
|    iterations           | 130        |
|    time_elapsed         | 4107       |
|    total_timesteps      | 13668800   |
| train/                  |            |
|    approx_kl            | 0.09555225 |
|    clip_fraction        | 0.314      |
|    clip_range           | 0.2        |
|    entropy_loss         | -2.04      |
|    explained_variance   | 0.392      |
|    learning_rate        | 0.0003     |
|    loss                 | 0.386      |
|    n_updates            | 27170      |
|    policy_gradient_loss | -0.00144   |
|    std                  | 0.413      |
|    value_loss           | 101        |
----------------------------------------
-----------------------------------------
| rollout/                |             |
|    ep_len_mean          | 287         |
|    ep_rew_mean          | -13.6       |
| time/                   |             |
|    fps                  | 162         |
|    iterations           | 131         |
|    time_elapsed         | 4136        |
|    total_timesteps      | 13673920    |
| train/                  |             |
|    approx_kl            | 0.117626965 |
|    clip_fraction        | 0.369       |
|    clip_range           | 0.2         |
|    entropy_loss         | -2.05       |
|    explained_variance   | 0.74        |
|    learning_rate        | 0.0003      |
|    loss                 | 1.17        |
|    n_updates            | 27180       |
|    policy_gradient_loss | 0.00562     |
|    std                  | 0.414       |
|    value_loss           | 14.4        |
-----------------------------------------
----------------------------------------
| rollout/                |            |
|    ep_len_mean          | 283        |
|    ep_rew_mean          | -16.3      |
| time/                   |            |
|    fps                  | 162        |
|    iterations           | 132        |
|    time_elapsed         | 4169       |
|    total_timesteps      | 13679040   |
| train/                  |            |
|    approx_kl            | 0.09741113 |
|    clip_fraction        | 0.338      |
|    clip_range           | 0.2        |
|    entropy_loss         | -2.04      |
|    explained_variance   | 0.479      |
|    learning_rate        | 0.0003     |
|    loss                 | 0.412      |
|    n_updates            | 27190      |
|    policy_gradient_loss | 0.00519    |
|    std                  | 0.411      |
|    value_loss           | 47.8       |
----------------------------------------
-----------------------------------------
| rollout/                |             |
|    ep_len_mean          | 284         |
|    ep_rew_mean          | -14.7       |
| time/                   |             |
|    fps                  | 162         |
|    iterations           | 133         |
|    time_elapsed         | 4202        |
|    total_timesteps      | 13684160    |
| train/                  |             |
|    approx_kl            | 0.081074305 |
|    clip_fraction        | 0.281       |
|    clip_range           | 0.2         |
|    entropy_loss         | -2.04       |
|    explained_variance   | 0.526       |
|    learning_rate        | 0.0003      |
|    loss                 | 0.642       |
|    n_updates            | 27200       |
|    policy_gradient_loss | 0.00487     |
|    std                  | 0.413       |
|    value_loss           | 38.8        |
-----------------------------------------
----------------------------------------
| rollout/                |            |
|    ep_len_mean          | 281        |
|    ep_rew_mean          | -13.9      |
| time/                   |            |
|    fps                  | 162        |
|    iterations           | 134        |
|    time_elapsed         | 4233       |
|    total_timesteps      | 13689280   |
| train/                  |            |
|    approx_kl            | 0.06352343 |
|    clip_fraction        | 0.293      |
|    clip_range           | 0.2        |
|    entropy_loss         | -2.04      |
|    explained_variance   | 0.753      |
|    learning_rate        | 0.0003     |
|    loss                 | 2.56       |
|    n_updates            | 27210      |
|    policy_gradient_loss | -0.0076    |
|    std                  | 0.411      |
|    value_loss           | 5.16       |
----------------------------------------
----------------------------------------
| rollout/                |            |
|    ep_len_mean          | 282        |
|    ep_rew_mean          | -13.6      |
| time/                   |            |
|    fps                  | 162        |
|    iterations           | 135        |
|    time_elapsed         | 4265       |
|    total_timesteps      | 13694400   |
| train/                  |            |
|    approx_kl            | 0.09249707 |
|    clip_fraction        | 0.372      |
|    clip_range           | 0.2        |
|    entropy_loss         | -2.02      |
|    explained_variance   | 0.665      |
|    learning_rate        | 0.0003     |
|    loss                 | 0.0553     |
|    n_updates            | 27220      |
|    policy_gradient_loss | -0.00442   |
|    std                  | 0.41       |
|    value_loss           | 14         |
----------------------------------------
-----------------------------------------
| rollout/                |             |
|    ep_len_mean          | 283         |
|    ep_rew_mean          | -13.5       |
| time/                   |             |
|    fps                  | 161         |
|    iterations           | 136         |
|    time_elapsed         | 4299        |
|    total_timesteps      | 13699520    |
| train/                  |             |
|    approx_kl            | 0.068718255 |
|    clip_fraction        | 0.342       |
|    clip_range           | 0.2         |
|    entropy_loss         | -2.01       |
|    explained_variance   | 0.466       |
|    learning_rate        | 0.0003      |
|    loss                 | 0.365       |
|    n_updates            | 27230       |
|    policy_gradient_loss | -0.00325    |
|    std                  | 0.408       |
|    value_loss           | 54.5        |
-----------------------------------------
Eval num_timesteps=13703200, episode_reward=-14.01 +/- 40.68
Episode length: 279.30 +/- 28.54
----------------------------------------
| eval/                   |            |
|    mean_ep_length       | 279        |
|    mean_reward          | -14        |
| time/                   |            |
|    total_timesteps      | 13703200   |
| train/                  |            |
|    approx_kl            | 0.09690539 |
|    clip_fraction        | 0.357      |
|    clip_range           | 0.2        |
|    entropy_loss         | -2.01      |
|    explained_variance   | 0.448      |
|    learning_rate        | 0.0003     |
|    loss                 | 0.336      |
|    n_updates            | 27240      |
|    policy_gradient_loss | 0.00306    |
|    std                  | 0.41       |
|    value_loss           | 97.8       |
----------------------------------------
[progress] timestep 13703210
[episode ends] timestep 13703210: flipped=106 (61%), missed_goal=50 (29%), out_of_bounds=2 (1%), scored=16 (9%)
---------------------------------
| episode_end/       |          |
|    flipped         | 106      |
|    missed_goal     | 50       |
|    out_of_bounds   | 2        |
|    scored          | 16       |
| rollout/           |          |
|    ep_len_mean     | 287      |
|    ep_rew_mean     | -16.5    |
| time/              |          |
|    fps             | 161      |
|    iterations      | 137      |
|    time_elapsed    | 4330     |
|    total_timesteps | 13704640 |
---------------------------------
-----------------------------------------
| rollout/                |             |
|    ep_len_mean          | 290         |
|    ep_rew_mean          | -18.8       |
| time/                   |             |
|    fps                  | 161         |
|    iterations           | 138         |
|    time_elapsed         | 4361        |
|    total_timesteps      | 13709760    |
| train/                  |             |
|    approx_kl            | 0.117573604 |
|    clip_fraction        | 0.365       |
|    clip_range           | 0.2         |
|    entropy_loss         | -2.02       |
|    explained_variance   | 0.416       |
|    learning_rate        | 0.0003      |
|    loss                 | 0.189       |
|    n_updates            | 27250       |
|    policy_gradient_loss | 0.000637    |
|    std                  | 0.409       |
|    value_loss           | 82.4        |
-----------------------------------------
-----------------------------------------
| rollout/                |             |
|    ep_len_mean          | 286         |
|    ep_rew_mean          | -24.5       |
| time/                   |             |
|    fps                  | 161         |
|    iterations           | 139         |
|    time_elapsed         | 4397        |
|    total_timesteps      | 13714880    |
| train/                  |             |
|    approx_kl            | 0.110424206 |
|    clip_fraction        | 0.353       |
|    clip_range           | 0.2         |
|    entropy_loss         | -2.01       |
|    explained_variance   | 0.399       |
|    learning_rate        | 0.0003      |
|    loss                 | 0.0352      |
|    n_updates            | 27260       |
|    policy_gradient_loss | 0.000366    |
|    std                  | 0.408       |
|    value_loss           | 60.5        |
-----------------------------------------
----------------------------------------
| rollout/                |            |
|    ep_len_mean          | 284        |
|    ep_rew_mean          | -25.2      |
| time/                   |            |
|    fps                  | 161        |
|    iterations           | 140        |
|    time_elapsed         | 4429       |
|    total_timesteps      | 13720000   |
| train/                  |            |
|    approx_kl            | 0.14361478 |
|    clip_fraction        | 0.332      |
|    clip_range           | 0.2        |
|    entropy_loss         | -2         |
|    explained_variance   | 0.422      |
|    learning_rate        | 0.0003     |
|    loss                 | 358        |
|    n_updates            | 27270      |
|    policy_gradient_loss | 0.00612    |
|    std                  | 0.408      |
|    value_loss           | 58.7       |
----------------------------------------
----------------------------------------
| rollout/                |            |
|    ep_len_mean          | 284        |
|    ep_rew_mean          | -23.7      |
| time/                   |            |
|    fps                  | 161        |
|    iterations           | 141        |
|    time_elapsed         | 4461       |
|    total_timesteps      | 13725120   |
| train/                  |            |
|    approx_kl            | 0.08995906 |
|    clip_fraction        | 0.35       |
|    clip_range           | 0.2        |
|    entropy_loss         | -2         |
|    explained_variance   | 0.407      |
|    learning_rate        | 0.0003     |
|    loss                 | 28.5       |
|    n_updates            | 27280      |
|    policy_gradient_loss | -5.56e-05  |
|    std                  | 0.409      |
|    value_loss           | 24.7       |
----------------------------------------
----------------------------------------
| rollout/                |            |
|    ep_len_mean          | 279        |
|    ep_rew_mean          | -25.8      |
| time/                   |            |
|    fps                  | 161        |
|    iterations           | 142        |
|    time_elapsed         | 4492       |
|    total_timesteps      | 13730240   |
| train/                  |            |
|    approx_kl            | 0.09306033 |
|    clip_fraction        | 0.396      |
|    clip_range           | 0.2        |
|    entropy_loss         | -2.02      |
|    explained_variance   | 0.636      |
|    learning_rate        | 0.0003     |
|    loss                 | 60         |
|    n_updates            | 27290      |
|    policy_gradient_loss | 0.00221    |
|    std                  | 0.412      |
|    value_loss           | 30.5       |
----------------------------------------
-----------------------------------------
| rollout/                |             |
|    ep_len_mean          | 277         |
|    ep_rew_mean          | -22.9       |
| time/                   |             |
|    fps                  | 161         |
|    iterations           | 143         |
|    time_elapsed         | 4523        |
|    total_timesteps      | 13735360    |
| train/                  |             |
|    approx_kl            | 0.103729025 |
|    clip_fraction        | 0.345       |
|    clip_range           | 0.2         |
|    entropy_loss         | -2.03       |
|    explained_variance   | 0.283       |
|    learning_rate        | 0.0003      |
|    loss                 | 1.88        |
|    n_updates            | 27300       |
|    policy_gradient_loss | 0.00591     |
|    std                  | 0.41        |
|    value_loss           | 164         |
-----------------------------------------
-----------------------------------------
| rollout/                |             |
|    ep_len_mean          | 280         |
|    ep_rew_mean          | -22.8       |
| time/                   |             |
|    fps                  | 161         |
|    iterations           | 144         |
|    time_elapsed         | 4556        |
|    total_timesteps      | 13740480    |
| train/                  |             |
|    approx_kl            | 0.104701675 |
|    clip_fraction        | 0.364       |
|    clip_range           | 0.2         |
|    entropy_loss         | -2.02       |
|    explained_variance   | 0.637       |
|    learning_rate        | 0.0003      |
|    loss                 | 0.576       |
|    n_updates            | 27310       |
|    policy_gradient_loss | 0.00132     |
|    std                  | 0.411       |
|    value_loss           | 12          |
-----------------------------------------
----------------------------------------
| rollout/                |            |
|    ep_len_mean          | 284        |
|    ep_rew_mean          | -21.5      |
| time/                   |            |
|    fps                  | 161        |
|    iterations           | 145        |
|    time_elapsed         | 4586       |
|    total_timesteps      | 13745600   |
| train/                  |            |
|    approx_kl            | 0.13698791 |
|    clip_fraction        | 0.376      |
|    clip_range           | 0.2        |
|    entropy_loss         | -2.03      |
|    explained_variance   | 0.566      |
|    learning_rate        | 0.0003     |
|    loss                 | 2.18       |
|    n_updates            | 27320      |
|    policy_gradient_loss | 0.00908    |
|    std                  | 0.412      |
|    value_loss           | 54.4       |
----------------------------------------
----------------------------------------
| rollout/                |            |
|    ep_len_mean          | 286        |
|    ep_rew_mean          | -24.8      |
| time/                   |            |
|    fps                  | 161        |
|    iterations           | 146        |
|    time_elapsed         | 4616       |
|    total_timesteps      | 13750720   |
| train/                  |            |
|    approx_kl            | 0.07280105 |
|    clip_fraction        | 0.326      |
|    clip_range           | 0.2        |
|    entropy_loss         | -2.04      |
|    explained_variance   | 0.536      |
|    learning_rate        | 0.0003     |
|    loss                 | 7.94       |
|    n_updates            | 27330      |
|    policy_gradient_loss | -0.00324   |
|    std                  | 0.413      |
|    value_loss           | 55.9       |
----------------------------------------
Eval num_timesteps=13753200, episode_reward=-23.84 +/- 46.90
Episode length: 281.60 +/- 70.33
----------------------------------------
| eval/                   |            |
|    mean_ep_length       | 282        |
|    mean_reward          | -23.8      |
| time/                   |            |
|    total_timesteps      | 13753200   |
| train/                  |            |
|    approx_kl            | 0.09451285 |
|    clip_fraction        | 0.316      |
|    clip_range           | 0.2        |
|    entropy_loss         | -2.05      |
|    explained_variance   | 0.847      |
|    learning_rate        | 0.0003     |
|    loss                 | 0.934      |
|    n_updates            | 27340      |
|    policy_gradient_loss | -0.00611   |
|    std                  | 0.414      |
|    value_loss           | 8.37       |
----------------------------------------
[episode ends] timestep 13753210: flipped=119 (68%), missed_goal=45 (26%), out_of_bounds=1 (1%), scored=11 (6%)
---------------------------------
| episode_end/       |          |
|    flipped         | 119      |
|    missed_goal     | 45       |
|    out_of_bounds   | 1        |
|    scored          | 11       |
| rollout/           |          |
|    ep_len_mean     | 291      |
|    ep_rew_mean     | -19.4    |
| time/              |          |
|    fps             | 161      |
|    iterations      | 147      |
|    time_elapsed    | 4653     |
|    total_timesteps | 13755840 |
---------------------------------
---------------------------------------
| rollout/                |           |
|    ep_len_mean          | 291       |
|    ep_rew_mean          | -17.7     |
| time/                   |           |
|    fps                  | 161       |
|    iterations           | 148       |
|    time_elapsed         | 4684      |
|    total_timesteps      | 13760960  |
| train/                  |           |
|    approx_kl            | 0.0753277 |
|    clip_fraction        | 0.299     |
|    clip_range           | 0.2       |
|    entropy_loss         | -2.06     |
|    explained_variance   | 0.497     |
|    learning_rate        | 0.0003    |
|    loss                 | 0.198     |
|    n_updates            | 27350     |
|    policy_gradient_loss | -0.002    |
|    std                  | 0.415     |
|    value_loss           | 42.2      |
---------------------------------------
----------------------------------------
| rollout/                |            |
|    ep_len_mean          | 296        |
|    ep_rew_mean          | -17.6      |
| time/                   |            |
|    fps                  | 161        |
|    iterations           | 149        |
|    time_elapsed         | 4713       |
|    total_timesteps      | 13766080   |
| train/                  |            |
|    approx_kl            | 0.10586467 |
|    clip_fraction        | 0.354      |
|    clip_range           | 0.2        |
|    entropy_loss         | -2.07      |
|    explained_variance   | 0.733      |
|    learning_rate        | 0.0003     |
|    loss                 | 9.53       |
|    n_updates            | 27360      |
|    policy_gradient_loss | 0.00225    |
|    std                  | 0.416      |
|    value_loss           | 8.75       |
----------------------------------------
-----------------------------------------
| rollout/                |             |
|    ep_len_mean          | 296         |
|    ep_rew_mean          | -16.8       |
| time/                   |             |
|    fps                  | 161         |
|    iterations           | 150         |
|    time_elapsed         | 4744        |
|    total_timesteps      | 13771200    |
| train/                  |             |
|    approx_kl            | 0.055782907 |
|    clip_fraction        | 0.305       |
|    clip_range           | 0.2         |
|    entropy_loss         | -2.07       |
|    explained_variance   | 0.449       |
|    learning_rate        | 0.0003      |
|    loss                 | 2.33        |
|    n_updates            | 27370       |
|    policy_gradient_loss | -0.00776    |
|    std                  | 0.417       |
|    value_loss           | 35.8        |
-----------------------------------------
----------------------------------------
| rollout/                |            |
|    ep_len_mean          | 292        |
|    ep_rew_mean          | -11.9      |
| time/                   |            |
|    fps                  | 161        |
|    iterations           | 151        |
|    time_elapsed         | 4777       |
|    total_timesteps      | 13776320   |
| train/                  |            |
|    approx_kl            | 0.11282637 |
|    clip_fraction        | 0.312      |
|    clip_range           | 0.2        |
|    entropy_loss         | -2.08      |
|    explained_variance   | 0.657      |
|    learning_rate        | 0.0003     |
|    loss                 | 0.606      |
|    n_updates            | 27380      |
|    policy_gradient_loss | -0.00349   |
|    std                  | 0.416      |
|    value_loss           | 14.8       |
----------------------------------------
----------------------------------------
| rollout/                |            |
|    ep_len_mean          | 289        |
|    ep_rew_mean          | -11.9      |
| time/                   |            |
|    fps                  | 161        |
|    iterations           | 152        |
|    time_elapsed         | 4809       |
|    total_timesteps      | 13781440   |
| train/                  |            |
|    approx_kl            | 0.09197847 |
|    clip_fraction        | 0.33       |
|    clip_range           | 0.2        |
|    entropy_loss         | -2.06      |
|    explained_variance   | 0.406      |
|    learning_rate        | 0.0003     |
|    loss                 | 0.119      |
|    n_updates            | 27390      |
|    policy_gradient_loss | -0.00138   |
|    std                  | 0.414      |
|    value_loss           | 39.1       |
----------------------------------------
----------------------------------------
| rollout/                |            |
|    ep_len_mean          | 291        |
|    ep_rew_mean          | -11.5      |
| time/                   |            |
|    fps                  | 161        |
|    iterations           | 153        |
|    time_elapsed         | 4842       |
|    total_timesteps      | 13786560   |
| train/                  |            |
|    approx_kl            | 0.07511649 |
|    clip_fraction        | 0.289      |
|    clip_range           | 0.2        |
|    entropy_loss         | -2.05      |
|    explained_variance   | 0.677      |
|    learning_rate        | 0.0003     |
|    loss                 | 0.108      |
|    n_updates            | 27400      |
|    policy_gradient_loss | -0.0065    |
|    std                  | 0.414      |
|    value_loss           | 22.5       |
----------------------------------------
---------------------------------------
| rollout/                |           |
|    ep_len_mean          | 295       |
|    ep_rew_mean          | -18.3     |
| time/                   |           |
|    fps                  | 161       |
|    iterations           | 154       |
|    time_elapsed         | 4872      |
|    total_timesteps      | 13791680  |
| train/                  |           |
|    approx_kl            | 0.0754497 |
|    clip_fraction        | 0.354     |
|    clip_range           | 0.2       |
|    entropy_loss         | -2.05     |
|    explained_variance   | 0.461     |
|    learning_rate        | 0.0003    |
|    loss                 | 1.83      |
|    n_updates            | 27410     |
|    policy_gradient_loss | -0.00266  |
|    std                  | 0.413     |
|    value_loss           | 68.6      |
---------------------------------------
----------------------------------------
| rollout/                |            |
|    ep_len_mean          | 291        |
|    ep_rew_mean          | -18.5      |
| time/                   |            |
|    fps                  | 161        |
|    iterations           | 155        |
|    time_elapsed         | 4902       |
|    total_timesteps      | 13796800   |
| train/                  |            |
|    approx_kl            | 0.19782692 |
|    clip_fraction        | 0.382      |
|    clip_range           | 0.2        |
|    entropy_loss         | -2.05      |
|    explained_variance   | 0.41       |
|    learning_rate        | 0.0003     |
|    loss                 | 0.17       |
|    n_updates            | 27420      |
|    policy_gradient_loss | -0.00167   |
|    std                  | 0.414      |
|    value_loss           | 82.1       |
----------------------------------------
-----------------------------------------
| rollout/                |             |
|    ep_len_mean          | 288         |
|    ep_rew_mean          | -18.8       |
| time/                   |             |
|    fps                  | 161         |
|    iterations           | 156         |
|    time_elapsed         | 4933        |
|    total_timesteps      | 13801920    |
| train/                  |             |
|    approx_kl            | 0.103232846 |
|    clip_fraction        | 0.358       |
|    clip_range           | 0.2         |
|    entropy_loss         | -2.05       |
|    explained_variance   | 0.578       |
|    learning_rate        | 0.0003      |
|    loss                 | 0.176       |
|    n_updates            | 27430       |
|    policy_gradient_loss | 0.00269     |
|    std                  | 0.416       |
|    value_loss           | 28.3        |
-----------------------------------------
Eval num_timesteps=13803200, episode_reward=-17.81 +/- 33.46
Episode length: 340.70 +/- 36.07
---------------------------------------
| eval/                   |           |
|    mean_ep_length       | 341       |
|    mean_reward          | -17.8     |
| time/                   |           |
|    total_timesteps      | 13803200  |
| train/                  |           |
|    approx_kl            | 0.0855159 |
|    clip_fraction        | 0.379     |
|    clip_range           | 0.2       |
|    entropy_loss         | -2.05     |
|    explained_variance   | 0.51      |
|    learning_rate        | 0.0003    |
|    loss                 | 161       |
|    n_updates            | 27440     |
|    policy_gradient_loss | -0.00433  |
|    std                  | 0.414     |
|    value_loss           | 40.9      |
---------------------------------------
[progress] timestep 13803210
[episode ends] timestep 13803210: flipped=110 (64%), missed_goal=42 (25%), out_of_bounds=8 (5%), scored=11 (6%)
---------------------------------
| episode_end/       |          |
|    flipped         | 110      |
|    missed_goal     | 42       |
|    out_of_bounds   | 8        |
|    scored          | 11       |
| rollout/           |          |
|    ep_len_mean     | 292      |
|    ep_rew_mean     | -19.2    |
| time/              |          |
|    fps             | 161      |
|    iterations      | 157      |
|    time_elapsed    | 4967     |
|    total_timesteps | 13807040 |
---------------------------------
----------------------------------------
| rollout/                |            |
|    ep_len_mean          | 295        |
|    ep_rew_mean          | -22.3      |
| time/                   |            |
|    fps                  | 161        |
|    iterations           | 158        |
|    time_elapsed         | 4997       |
|    total_timesteps      | 13812160   |
| train/                  |            |
|    approx_kl            | 0.10244707 |
|    clip_fraction        | 0.325      |
|    clip_range           | 0.2        |
|    entropy_loss         | -2.04      |
|    explained_variance   | 0.655      |
|    learning_rate        | 0.0003     |
|    loss                 | 0.445      |
|    n_updates            | 27450      |
|    policy_gradient_loss | -0.00838   |
|    std                  | 0.413      |
|    value_loss           | 20.3       |
----------------------------------------
-----------------------------------------
| rollout/                |             |
|    ep_len_mean          | 290         |
|    ep_rew_mean          | -19.2       |
| time/                   |             |
|    fps                  | 161         |
|    iterations           | 159         |
|    time_elapsed         | 5028        |
|    total_timesteps      | 13817280    |
| train/                  |             |
|    approx_kl            | 0.097911425 |
|    clip_fraction        | 0.337       |
|    clip_range           | 0.2         |
|    entropy_loss         | -2.04       |
|    explained_variance   | 0.324       |
|    learning_rate        | 0.0003      |
|    loss                 | 1.31        |
|    n_updates            | 27460       |
|    policy_gradient_loss | 0.00392     |
|    std                  | 0.414       |
|    value_loss           | 116         |
-----------------------------------------
-----------------------------------------
| rollout/                |             |
|    ep_len_mean          | 287         |
|    ep_rew_mean          | -21.8       |
| time/                   |             |
|    fps                  | 161         |
|    iterations           | 160         |
|    time_elapsed         | 5060        |
|    total_timesteps      | 13822400    |
| train/                  |             |
|    approx_kl            | 0.058974605 |
|    clip_fraction        | 0.256       |
|    clip_range           | 0.2         |
|    entropy_loss         | -2.06       |
|    explained_variance   | 0.56        |
|    learning_rate        | 0.0003      |
|    loss                 | 0.872       |
|    n_updates            | 27470       |
|    policy_gradient_loss | -0.00788    |
|    std                  | 0.416       |
|    value_loss           | 21          |
-----------------------------------------
----------------------------------------
| rollout/                |            |
|    ep_len_mean          | 286        |
|    ep_rew_mean          | -21.6      |
| time/                   |            |
|    fps                  | 161        |
|    iterations           | 161        |
|    time_elapsed         | 5090       |
|    total_timesteps      | 13827520   |
| train/                  |            |
|    approx_kl            | 0.07708095 |
|    clip_fraction        | 0.236      |
|    clip_range           | 0.2        |
|    entropy_loss         | -2.06      |
|    explained_variance   | 0.144      |
|    learning_rate        | 0.0003     |
|    loss                 | 0.134      |
|    n_updates            | 27480      |
|    policy_gradient_loss | -0.00644   |
|    std                  | 0.415      |
|    value_loss           | 160        |
----------------------------------------
----------------------------------------
| rollout/                |            |
|    ep_len_mean          | 282        |
|    ep_rew_mean          | -21.1      |
| time/                   |            |
|    fps                  | 161        |
|    iterations           | 162        |
|    time_elapsed         | 5120       |
|    total_timesteps      | 13832640   |
| train/                  |            |
|    approx_kl            | 0.07198806 |
|    clip_fraction        | 0.329      |
|    clip_range           | 0.2        |
|    entropy_loss         | -2.06      |
|    explained_variance   | 0.562      |
|    learning_rate        | 0.0003     |
|    loss                 | 0.246      |
|    n_updates            | 27490      |
|    policy_gradient_loss | -0.00765   |
|    std                  | 0.414      |
|    value_loss           | 39.2       |
----------------------------------------
-----------------------------------------
| rollout/                |             |
|    ep_len_mean          | 279         |
|    ep_rew_mean          | -26         |
| time/                   |             |
|    fps                  | 161         |
|    iterations           | 163         |
|    time_elapsed         | 5153        |
|    total_timesteps      | 13837760    |
| train/                  |             |
|    approx_kl            | 0.051072817 |
|    clip_fraction        | 0.259       |
|    clip_range           | 0.2         |
|    entropy_loss         | -2.06       |
|    explained_variance   | 0.411       |
|    learning_rate        | 0.0003      |
|    loss                 | 4.37        |
|    n_updates            | 27500       |
|    policy_gradient_loss | -0.013      |
|    std                  | 0.416       |
|    value_loss           | 52.7        |
-----------------------------------------
----------------------------------------
| rollout/                |            |
|    ep_len_mean          | 275        |
|    ep_rew_mean          | -22.4      |
| time/                   |            |
|    fps                  | 161        |
|    iterations           | 164        |
|    time_elapsed         | 5185       |
|    total_timesteps      | 13842880   |
| train/                  |            |
|    approx_kl            | 0.11453493 |
|    clip_fraction        | 0.327      |
|    clip_range           | 0.2        |
|    entropy_loss         | -2.06      |
|    explained_variance   | 0.0599     |
|    learning_rate        | 0.0003     |
|    loss                 | 0.711      |
|    n_updates            | 27510      |
|    policy_gradient_loss | 0.00531    |
|    std                  | 0.414      |
|    value_loss           | 259        |
----------------------------------------
----------------------------------------
| rollout/                |            |
|    ep_len_mean          | 277        |
|    ep_rew_mean          | -23.9      |
| time/                   |            |
|    fps                  | 162        |
|    iterations           | 165        |
|    time_elapsed         | 5214       |
|    total_timesteps      | 13848000   |
| train/                  |            |
|    approx_kl            | 0.05210479 |
|    clip_fraction        | 0.3        |
|    clip_range           | 0.2        |
|    entropy_loss         | -2.06      |
|    explained_variance   | 0.562      |
|    learning_rate        | 0.0003     |
|    loss                 | 0.0722     |
|    n_updates            | 27520      |
|    policy_gradient_loss | -0.0088    |
|    std                  | 0.415      |
|    value_loss           | 45.7       |
----------------------------------------
----------------------------------------
| rollout/                |            |
|    ep_len_mean          | 275        |
|    ep_rew_mean          | -22.2      |
| time/                   |            |
|    fps                  | 161        |
|    iterations           | 166        |
|    time_elapsed         | 5248       |
|    total_timesteps      | 13853120   |
| train/                  |            |
|    approx_kl            | 0.05836185 |
|    clip_fraction        | 0.342      |
|    clip_range           | 0.2        |
|    entropy_loss         | -2.06      |
|    explained_variance   | 0.21       |
|    learning_rate        | 0.0003     |
|    loss                 | 0.274      |
|    n_updates            | 27530      |
|    policy_gradient_loss | 0.00486    |
|    std                  | 0.415      |
|    value_loss           | 140        |
----------------------------------------
Eval num_timesteps=13853200, episode_reward=-37.45 +/- 80.65
Episode length: 282.60 +/- 44.65
-----------------------------------------
| eval/                   |             |
|    mean_ep_length       | 283         |
|    mean_reward          | -37.4       |
| time/                   |             |
|    total_timesteps      | 13853200    |
| train/                  |             |
|    approx_kl            | 0.068741135 |
|    clip_fraction        | 0.289       |
|    clip_range           | 0.2         |
|    entropy_loss         | -2.07       |
|    explained_variance   | 0.459       |
|    learning_rate        | 0.0003      |
|    loss                 | 2.08        |
|    n_updates            | 27540       |
|    policy_gradient_loss | -0.00804    |
|    std                  | 0.417       |
|    value_loss           | 45.1        |
-----------------------------------------
[episode ends] timestep 13853210: flipped=90 (51%), missed_goal=65 (37%), out_of_bounds=1 (1%), scored=21 (12%)
---------------------------------
| episode_end/       |          |
|    flipped         | 90       |
|    missed_goal     | 65       |
|    out_of_bounds   | 1        |
|    scored          | 21       |
| rollout/           |          |
|    ep_len_mean     | 279      |
|    ep_rew_mean     | -24.5    |
| time/              |          |
|    fps             | 161      |
|    iterations      | 167      |
|    time_elapsed    | 5283     |
|    total_timesteps | 13858240 |
---------------------------------
----------------------------------------
| rollout/                |            |
|    ep_len_mean          | 280        |
|    ep_rew_mean          | -23.3      |
| time/                   |            |
|    fps                  | 161        |
|    iterations           | 168        |
|    time_elapsed         | 5313       |
|    total_timesteps      | 13863360   |
| train/                  |            |
|    approx_kl            | 0.09106262 |
|    clip_fraction        | 0.293      |
|    clip_range           | 0.2        |
|    entropy_loss         | -2.07      |
|    explained_variance   | 0.242      |
|    learning_rate        | 0.0003     |
|    loss                 | 0.351      |
|    n_updates            | 27550      |
|    policy_gradient_loss | 0.000348   |
|    std                  | 0.417      |
|    value_loss           | 84.3       |
----------------------------------------
----------------------------------------
| rollout/                |            |
|    ep_len_mean          | 279        |
|    ep_rew_mean          | -19.6      |
| time/                   |            |
|    fps                  | 161        |
|    iterations           | 169        |
|    time_elapsed         | 5346       |
|    total_timesteps      | 13868480   |
| train/                  |            |
|    approx_kl            | 0.07098387 |
|    clip_fraction        | 0.283      |
|    clip_range           | 0.2        |
|    entropy_loss         | -2.08      |
|    explained_variance   | 0.496      |
|    learning_rate        | 0.0003     |
|    loss                 | 3.06       |
|    n_updates            | 27560      |
|    policy_gradient_loss | 0.00257    |
|    std                  | 0.417      |
|    value_loss           | 45.1       |
----------------------------------------
----------------------------------------
| rollout/                |            |
|    ep_len_mean          | 276        |
|    ep_rew_mean          | -28.1      |
| time/                   |            |
|    fps                  | 161        |
|    iterations           | 170        |
|    time_elapsed         | 5377       |
|    total_timesteps      | 13873600   |
| train/                  |            |
|    approx_kl            | 0.03153226 |
|    clip_fraction        | 0.2        |
|    clip_range           | 0.2        |
|    entropy_loss         | -2.07      |
|    explained_variance   | 0.463      |
|    learning_rate        | 0.0003     |
|    loss                 | 0.288      |
|    n_updates            | 27570      |
|    policy_gradient_loss | -0.0108    |
|    std                  | 0.416      |
|    value_loss           | 95.1       |
----------------------------------------
----------------------------------------
| rollout/                |            |
|    ep_len_mean          | 277        |
|    ep_rew_mean          | -27.6      |
| time/                   |            |
|    fps                  | 161        |
|    iterations           | 171        |
|    time_elapsed         | 5408       |
|    total_timesteps      | 13878720   |
| train/                  |            |
|    approx_kl            | 0.13449807 |
|    clip_fraction        | 0.298      |
|    clip_range           | 0.2        |
|    entropy_loss         | -2.07      |
|    explained_variance   | 0.235      |
|    learning_rate        | 0.0003     |
|    loss                 | 7.08       |
|    n_updates            | 27580      |
|    policy_gradient_loss | 0.00657    |
|    std                  | 0.416      |
|    value_loss           | 233        |
----------------------------------------
-----------------------------------------
| rollout/                |             |
|    ep_len_mean          | 282         |
|    ep_rew_mean          | -22.2       |
| time/                   |             |
|    fps                  | 161         |
|    iterations           | 172         |
|    time_elapsed         | 5442        |
|    total_timesteps      | 13883840    |
| train/                  |             |
|    approx_kl            | 0.031569034 |
|    clip_fraction        | 0.171       |
|    clip_range           | 0.2         |
|    entropy_loss         | -2.07       |
|    explained_variance   | 0.306       |
|    learning_rate        | 0.0003      |
|    loss                 | 0.717       |
|    n_updates            | 27590       |
|    policy_gradient_loss | -0.0107     |
|    std                  | 0.417       |
|    value_loss           | 103         |
-----------------------------------------
-----------------------------------------
| rollout/                |             |
|    ep_len_mean          | 285         |
|    ep_rew_mean          | -27.9       |
| time/                   |             |
|    fps                  | 161         |
|    iterations           | 173         |
|    time_elapsed         | 5471        |
|    total_timesteps      | 13888960    |
| train/                  |             |
|    approx_kl            | 0.043199368 |
|    clip_fraction        | 0.227       |
|    clip_range           | 0.2         |
|    entropy_loss         | -2.07       |
|    explained_variance   | 0.202       |
|    learning_rate        | 0.0003      |
|    loss                 | 1.4         |
|    n_updates            | 27600       |
|    policy_gradient_loss | -0.000352   |
|    std                  | 0.416       |
|    value_loss           | 250         |
-----------------------------------------
----------------------------------------
| rollout/                |            |
|    ep_len_mean          | 291        |
|    ep_rew_mean          | -30.1      |
| time/                   |            |
|    fps                  | 161        |
|    iterations           | 174        |
|    time_elapsed         | 5504       |
|    total_timesteps      | 13894080   |
| train/                  |            |
|    approx_kl            | 0.16112827 |
|    clip_fraction        | 0.379      |
|    clip_range           | 0.2        |
|    entropy_loss         | -2.08      |
|    explained_variance   | 0.531      |
|    learning_rate        | 0.0003     |
|    loss                 | 208        |
|    n_updates            | 27610      |
|    policy_gradient_loss | 0.0134     |
|    std                  | 0.418      |
|    value_loss           | 49.2       |
----------------------------------------
----------------------------------------
| rollout/                |            |
|    ep_len_mean          | 294        |
|    ep_rew_mean          | -25.8      |
| time/                   |            |
|    fps                  | 161        |
|    iterations           | 175        |
|    time_elapsed         | 5538       |
|    total_timesteps      | 13899200   |
| train/                  |            |
|    approx_kl            | 0.11231589 |
|    clip_fraction        | 0.376      |
|    clip_range           | 0.2        |
|    entropy_loss         | -2.1       |
|    explained_variance   | 0.504      |
|    learning_rate        | 0.0003     |
|    loss                 | 0.672      |
|    n_updates            | 27620      |
|    policy_gradient_loss | 0.00119    |
|    std                  | 0.419      |
|    value_loss           | 39.2       |
----------------------------------------
Eval num_timesteps=13903200, episode_reward=-6.17 +/- 24.23
Episode length: 290.60 +/- 42.99
---------------------------------------
| eval/                   |           |
|    mean_ep_length       | 291       |
|    mean_reward          | -6.17     |
| time/                   |           |
|    total_timesteps      | 13903200  |
| train/                  |           |
|    approx_kl            | 0.0765854 |
|    clip_fraction        | 0.339     |
|    clip_range           | 0.2       |
|    entropy_loss         | -2.09     |
|    explained_variance   | 0.452     |
|    learning_rate        | 0.0003    |
|    loss                 | 0.554     |
|    n_updates            | 27630     |
|    policy_gradient_loss | 0.00554   |
|    std                  | 0.417     |
|    value_loss           | 47.6      |
---------------------------------------
[progress] timestep 13903210
[episode ends] timestep 13903210: flipped=89 (50%), missed_goal=56 (32%), out_of_bounds=2 (1%), scored=30 (17%)
---------------------------------
| episode_end/       |          |
|    flipped         | 89       |
|    missed_goal     | 56       |
|    out_of_bounds   | 2        |
|    scored          | 30       |
| rollout/           |          |
|    ep_len_mean     | 293      |
|    ep_rew_mean     | -18.3    |
| time/              |          |
|    fps             | 161      |
|    iterations      | 176      |
|    time_elapsed    | 5574     |
|    total_timesteps | 13904320 |
---------------------------------
----------------------------------------
| rollout/                |            |
|    ep_len_mean          | 296        |
|    ep_rew_mean          | -11.4      |
| time/                   |            |
|    fps                  | 161        |
|    iterations           | 177        |
|    time_elapsed         | 5603       |
|    total_timesteps      | 13909440   |
| train/                  |            |
|    approx_kl            | 0.11608902 |
|    clip_fraction        | 0.361      |
|    clip_range           | 0.2        |
|    entropy_loss         | -2.09      |
|    explained_variance   | 0.532      |
|    learning_rate        | 0.0003     |
|    loss                 | 0.581      |
|    n_updates            | 27640      |
|    policy_gradient_loss | 0.00294    |
|    std                  | 0.42       |
|    value_loss           | 6.44       |
----------------------------------------
---------------------------------------
| rollout/                |           |
|    ep_len_mean          | 291       |
|    ep_rew_mean          | -11.1     |
| time/                   |           |
|    fps                  | 161       |
|    iterations           | 178       |
|    time_elapsed         | 5631      |
|    total_timesteps      | 13914560  |
| train/                  |           |
|    approx_kl            | 0.0903687 |
|    clip_fraction        | 0.37      |
|    clip_range           | 0.2       |
|    entropy_loss         | -2.1      |
|    explained_variance   | 0.274     |
|    learning_rate        | 0.0003    |
|    loss                 | 0.684     |
|    n_updates            | 27650     |
|    policy_gradient_loss | 0.00471   |
|    std                  | 0.418     |
|    value_loss           | 47.5      |
---------------------------------------
----------------------------------------
| rollout/                |            |
|    ep_len_mean          | 288        |
|    ep_rew_mean          | -10.2      |
| time/                   |            |
|    fps                  | 161        |
|    iterations           | 179        |
|    time_elapsed         | 5662       |
|    total_timesteps      | 13919680   |
| train/                  |            |
|    approx_kl            | 0.16611637 |
|    clip_fraction        | 0.365      |
|    clip_range           | 0.2        |
|    entropy_loss         | -2.1       |
|    explained_variance   | 0.328      |
|    learning_rate        | 0.0003     |
|    loss                 | 0.0998     |
|    n_updates            | 27660      |
|    policy_gradient_loss | 0.0102     |
|    std                  | 0.419      |
|    value_loss           | 89.2       |
----------------------------------------
----------------------------------------
| rollout/                |            |
|    ep_len_mean          | 285        |
|    ep_rew_mean          | -6.94      |
| time/                   |            |
|    fps                  | 161        |
|    iterations           | 180        |
|    time_elapsed         | 5695       |
|    total_timesteps      | 13924800   |
| train/                  |            |
|    approx_kl            | 0.13274881 |
|    clip_fraction        | 0.406      |
|    clip_range           | 0.2        |
|    entropy_loss         | -2.11      |
|    explained_variance   | 0.751      |
|    learning_rate        | 0.0003     |
|    loss                 | 0.0902     |
|    n_updates            | 27670      |
|    policy_gradient_loss | 0.00122    |
|    std                  | 0.42       |
|    value_loss           | 7.42       |
----------------------------------------
----------------------------------------
| rollout/                |            |
|    ep_len_mean          | 282        |
|    ep_rew_mean          | -8.22      |
| time/                   |            |
|    fps                  | 161        |
|    iterations           | 181        |
|    time_elapsed         | 5727       |
|    total_timesteps      | 13929920   |
| train/                  |            |
|    approx_kl            | 0.08581193 |
|    clip_fraction        | 0.371      |
|    clip_range           | 0.2        |
|    entropy_loss         | -2.1       |
|    explained_variance   | 0.856      |
|    learning_rate        | 0.0003     |
|    loss                 | 0.122      |
|    n_updates            | 27680      |
|    policy_gradient_loss | -0.000916  |
|    std                  | 0.418      |
|    value_loss           | 2.53       |
----------------------------------------
-----------------------------------------
| rollout/                |             |
|    ep_len_mean          | 279         |
|    ep_rew_mean          | -14.7       |
| time/                   |             |
|    fps                  | 161         |
|    iterations           | 182         |
|    time_elapsed         | 5757        |
|    total_timesteps      | 13935040    |
| train/                  |             |
|    approx_kl            | 0.069880635 |
|    clip_fraction        | 0.35        |
|    clip_range           | 0.2         |
|    entropy_loss         | -2.11       |
|    explained_variance   | 0.416       |
|    learning_rate        | 0.0003      |
|    loss                 | 0.209       |
|    n_updates            | 27690       |
|    policy_gradient_loss | 0.00319     |
|    std                  | 0.421       |
|    value_loss           | 91.1        |
-----------------------------------------
-----------------------------------------
| rollout/                |             |
|    ep_len_mean          | 276         |
|    ep_rew_mean          | -14.6       |
| time/                   |             |
|    fps                  | 161         |
|    iterations           | 183         |
|    time_elapsed         | 5790        |
|    total_timesteps      | 13940160    |
| train/                  |             |
|    approx_kl            | 0.042821802 |
|    clip_fraction        | 0.285       |
|    clip_range           | 0.2         |
|    entropy_loss         | -2.13       |
|    explained_variance   | 0.213       |
|    learning_rate        | 0.0003      |
|    loss                 | 1.18        |
|    n_updates            | 27700       |
|    policy_gradient_loss | 0.00306     |
|    std                  | 0.422       |
|    value_loss           | 157         |
-----------------------------------------
----------------------------------------
| rollout/                |            |
|    ep_len_mean          | 274        |
|    ep_rew_mean          | -14.3      |
| time/                   |            |
|    fps                  | 161        |
|    iterations           | 184        |
|    time_elapsed         | 5822       |
|    total_timesteps      | 13945280   |
| train/                  |            |
|    approx_kl            | 0.08240445 |
|    clip_fraction        | 0.306      |
|    clip_range           | 0.2        |
|    entropy_loss         | -2.12      |
|    explained_variance   | 0.365      |
|    learning_rate        | 0.0003     |
|    loss                 | 1.74       |
|    n_updates            | 27710      |
|    policy_gradient_loss | 0.000467   |
|    std                  | 0.42       |
|    value_loss           | 83.1       |
----------------------------------------
----------------------------------------
| rollout/                |            |
|    ep_len_mean          | 277        |
|    ep_rew_mean          | -15.7      |
| time/                   |            |
|    fps                  | 161        |
|    iterations           | 185        |
|    time_elapsed         | 5851       |
|    total_timesteps      | 13950400   |
| train/                  |            |
|    approx_kl            | 0.09789814 |
|    clip_fraction        | 0.38       |
|    clip_range           | 0.2        |
|    entropy_loss         | -2.1       |
|    explained_variance   | 0.471      |
|    learning_rate        | 0.0003     |
|    loss                 | 0.871      |
|    n_updates            | 27720      |
|    policy_gradient_loss | 0.00284    |
|    std                  | 0.42       |
|    value_loss           | 21.7       |
----------------------------------------
Eval num_timesteps=13953200, episode_reward=11.51 +/- 23.99
Episode length: 287.60 +/- 16.31
----------------------------------------
| eval/                   |            |
|    mean_ep_length       | 288        |
|    mean_reward          | 11.5       |
| time/                   |            |
|    total_timesteps      | 13953200   |
| train/                  |            |
|    approx_kl            | 0.08737618 |
|    clip_fraction        | 0.367      |
|    clip_range           | 0.2        |
|    entropy_loss         | -2.12      |
|    explained_variance   | 0.689      |
|    learning_rate        | 0.0003     |
|    loss                 | 0.0646     |
|    n_updates            | 27730      |
|    policy_gradient_loss | 0.00105    |
|    std                  | 0.422      |
|    value_loss           | 11.5       |
----------------------------------------
[episode ends] timestep 13953210: flipped=84 (47%), missed_goal=71 (40%), scored=24 (13%)
---------------------------------
| episode_end/       |          |
|    flipped         | 84       |
|    missed_goal     | 71       |
|    scored          | 24       |
| rollout/           |          |
|    ep_len_mean     | 275      |
|    ep_rew_mean     | -12.6    |
| time/              |          |
|    fps             | 161      |
|    iterations      | 186      |
|    time_elapsed    | 5888     |
|    total_timesteps | 13955520 |
---------------------------------
-----------------------------------------
| rollout/                |             |
|    ep_len_mean          | 282         |
|    ep_rew_mean          | -15.6       |
| time/                   |             |
|    fps                  | 161         |
|    iterations           | 187         |
|    time_elapsed         | 5919        |
|    total_timesteps      | 13960640    |
| train/                  |             |
|    approx_kl            | 0.056358777 |
|    clip_fraction        | 0.257       |
|    clip_range           | 0.2         |
|    entropy_loss         | -2.12       |
|    explained_variance   | 0.3         |
|    learning_rate        | 0.0003      |
|    loss                 | 2.67        |
|    n_updates            | 27740       |
|    policy_gradient_loss | -0.0065     |
|    std                  | 0.421       |
|    value_loss           | 63.8        |
-----------------------------------------
-----------------------------------------
| rollout/                |             |
|    ep_len_mean          | 288         |
|    ep_rew_mean          | -6.81       |
| time/                   |             |
|    fps                  | 161         |
|    iterations           | 188         |
|    time_elapsed         | 5948        |
|    total_timesteps      | 13965760    |
| train/                  |             |
|    approx_kl            | 0.105564214 |
|    clip_fraction        | 0.354       |
|    clip_range           | 0.2         |
|    entropy_loss         | -2.12       |
|    explained_variance   | 0.875       |
|    learning_rate        | 0.0003      |
|    loss                 | 0.0211      |
|    n_updates            | 27750       |
|    policy_gradient_loss | 0.00104     |
|    std                  | 0.421       |
|    value_loss           | 2.37        |
-----------------------------------------
---------------------------------------
| rollout/                |           |
|    ep_len_mean          | 286       |
|    ep_rew_mean          | -8.51     |
| time/                   |           |
|    fps                  | 161       |
|    iterations           | 189       |
|    time_elapsed         | 5981      |
|    total_timesteps      | 13970880  |
| train/                  |           |
|    approx_kl            | 0.2582194 |
|    clip_fraction        | 0.39      |
|    clip_range           | 0.2       |
|    entropy_loss         | -2.12     |
|    explained_variance   | 0.378     |
|    learning_rate        | 0.0003    |
|    loss                 | 0.083     |
|    n_updates            | 27760     |
|    policy_gradient_loss | 0.0141    |
|    std                  | 0.42      |
|    value_loss           | 72.2      |
---------------------------------------
-----------------------------------------
| rollout/                |             |
|    ep_len_mean          | 285         |
|    ep_rew_mean          | -8.69       |
| time/                   |             |
|    fps                  | 161         |
|    iterations           | 190         |
|    time_elapsed         | 6011        |
|    total_timesteps      | 13976000    |
| train/                  |             |
|    approx_kl            | 0.063050404 |
|    clip_fraction        | 0.279       |
|    clip_range           | 0.2         |
|    entropy_loss         | -2.11       |
|    explained_variance   | 0.456       |
|    learning_rate        | 0.0003      |
|    loss                 | 0.217       |
|    n_updates            | 27770       |
|    policy_gradient_loss | -0.00807    |
|    std                  | 0.419       |
|    value_loss           | 22.3        |
-----------------------------------------
-----------------------------------------
| rollout/                |             |
|    ep_len_mean          | 286         |
|    ep_rew_mean          | -9.61       |
| time/                   |             |
|    fps                  | 161         |
|    iterations           | 191         |
|    time_elapsed         | 6040        |
|    total_timesteps      | 13981120    |
| train/                  |             |
|    approx_kl            | 0.055272143 |
|    clip_fraction        | 0.274       |
|    clip_range           | 0.2         |
|    entropy_loss         | -2.1        |
|    explained_variance   | 0.349       |
|    learning_rate        | 0.0003      |
|    loss                 | 3.7         |
|    n_updates            | 27780       |
|    policy_gradient_loss | -0.00228    |
|    std                  | 0.418       |
|    value_loss           | 53.4        |
-----------------------------------------
----------------------------------------
| rollout/                |            |
|    ep_len_mean          | 286        |
|    ep_rew_mean          | -6.08      |
| time/                   |            |
|    fps                  | 161        |
|    iterations           | 192        |
|    time_elapsed         | 6073       |
|    total_timesteps      | 13986240   |
| train/                  |            |
|    approx_kl            | 0.15007511 |
|    clip_fraction        | 0.32       |
|    clip_range           | 0.2        |
|    entropy_loss         | -2.1       |
|    explained_variance   | 0.545      |
|    learning_rate        | 0.0003     |
|    loss                 | 0.552      |
|    n_updates            | 27790      |
|    policy_gradient_loss | -0.00353   |
|    std                  | 0.417      |
|    value_loss           | 20.2       |
----------------------------------------
----------------------------------------
| rollout/                |            |
|    ep_len_mean          | 284        |
|    ep_rew_mean          | -7.31      |
| time/                   |            |
|    fps                  | 161        |
|    iterations           | 193        |
|    time_elapsed         | 6100       |
|    total_timesteps      | 13991360   |
| train/                  |            |
|    approx_kl            | 0.07230746 |
|    clip_fraction        | 0.368      |
|    clip_range           | 0.2        |
|    entropy_loss         | -2.1       |
|    explained_variance   | 0.813      |
|    learning_rate        | 0.0003     |
|    loss                 | 5.11       |
|    n_updates            | 27800      |
|    policy_gradient_loss | -0.00335   |
|    std                  | 0.418      |
|    value_loss           | 5.07       |
----------------------------------------
----------------------------------------
| rollout/                |            |
|    ep_len_mean          | 291        |
|    ep_rew_mean          | -9.47      |
| time/                   |            |
|    fps                  | 162        |
|    iterations           | 194        |
|    time_elapsed         | 6129       |
|    total_timesteps      | 13996480   |
| train/                  |            |
|    approx_kl            | 0.08705334 |
|    clip_fraction        | 0.373      |
|    clip_range           | 0.2        |
|    entropy_loss         | -2.11      |
|    explained_variance   | 0.83       |
|    learning_rate        | 0.0003     |
|    loss                 | 0.133      |
|    n_updates            | 27810      |
|    policy_gradient_loss | -0.00181   |
|    std                  | 0.421      |
|    value_loss           | 5.03       |
----------------------------------------
---------------------------------------
| rollout/                |           |
|    ep_len_mean          | 295       |
|    ep_rew_mean          | -4.65     |
| time/                   |           |
|    fps                  | 162       |
|    iterations           | 195       |
|    time_elapsed         | 6161      |
|    total_timesteps      | 14001600  |
| train/                  |           |
|    approx_kl            | 0.1037637 |
|    clip_fraction        | 0.37      |
|    clip_range           | 0.2       |
|    entropy_loss         | -2.12     |
|    explained_variance   | 0.711     |
|    learning_rate        | 0.0003    |
|    loss                 | 0.182     |
|    n_updates            | 27820     |
|    policy_gradient_loss | -0.00407  |
|    std                  | 0.422     |
|    value_loss           | 5.44      |
---------------------------------------
Eval num_timesteps=14003200, episode_reward=-15.57 +/- 33.79
Episode length: 275.10 +/- 44.38
----------------------------------------
| eval/                   |            |
|    mean_ep_length       | 275        |
|    mean_reward          | -15.6      |
| time/                   |            |
|    total_timesteps      | 14003200   |
| train/                  |            |
|    approx_kl            | 0.11419363 |
|    clip_fraction        | 0.393      |
|    clip_range           | 0.2        |
|    entropy_loss         | -2.15      |
|    explained_variance   | 0.721      |
|    learning_rate        | 0.0003     |
|    loss                 | 0.0787     |
|    n_updates            | 27830      |
|    policy_gradient_loss | -0.00337   |
|    std                  | 0.425      |
|    value_loss           | 5.19       |
----------------------------------------
[progress] timestep 14003210
[episode ends] timestep 14003210: flipped=70 (41%), missed_goal=80 (47%), out_of_bounds=3 (2%), scored=17 (10%)
---------------------------------
| episode_end/       |          |
|    flipped         | 70       |
|    missed_goal     | 80       |
|    out_of_bounds   | 3        |
|    scored          | 17       |
| rollout/           |          |
|    ep_len_mean     | 299      |
|    ep_rew_mean     | -2.54    |
| time/              |          |
|    fps             | 162      |
|    iterations      | 196      |
|    time_elapsed    | 6193     |
|    total_timesteps | 14006720 |
---------------------------------
---------------------------------------
| rollout/                |           |
|    ep_len_mean          | 298       |
|    ep_rew_mean          | -2.95     |
| time/                   |           |
|    fps                  | 162       |
|    iterations           | 197       |
|    time_elapsed         | 6223      |
|    total_timesteps      | 14011840  |
| train/                  |           |
|    approx_kl            | 0.1203174 |
|    clip_fraction        | 0.425     |
|    clip_range           | 0.2       |
|    entropy_loss         | -2.16     |
|    explained_variance   | 0.641     |
|    learning_rate        | 0.0003    |
|    loss                 | 35.2      |
|    n_updates            | 27840     |
|    policy_gradient_loss | 0.00899   |
|    std                  | 0.425     |
|    value_loss           | 9.12      |
---------------------------------------
----------------------------------------
| rollout/                |            |
|    ep_len_mean          | 287        |
|    ep_rew_mean          | -8.36      |
| time/                   |            |
|    fps                  | 162        |
|    iterations           | 198        |
|    time_elapsed         | 6254       |
|    total_timesteps      | 14016960   |
| train/                  |            |
|    approx_kl            | 0.09803723 |
|    clip_fraction        | 0.346      |
|    clip_range           | 0.2        |
|    entropy_loss         | -2.17      |
|    explained_variance   | 0.494      |
|    learning_rate        | 0.0003     |
|    loss                 | 1.33       |
|    n_updates            | 27850      |
|    policy_gradient_loss | -0.00439   |
|    std                  | 0.426      |
|    value_loss           | 58.5       |
----------------------------------------
----------------------------------------
| rollout/                |            |
|    ep_len_mean          | 276        |
|    ep_rew_mean          | -10.9      |
| time/                   |            |
|    fps                  | 162        |
|    iterations           | 199        |
|    time_elapsed         | 6286       |
|    total_timesteps      | 14022080   |
| train/                  |            |
|    approx_kl            | 0.06480637 |
|    clip_fraction        | 0.24       |
|    clip_range           | 0.2        |
|    entropy_loss         | -2.17      |
|    explained_variance   | 0.305      |
|    learning_rate        | 0.0003     |
|    loss                 | 13.4       |
|    n_updates            | 27860      |
|    policy_gradient_loss | -0.0107    |
|    std                  | 0.425      |
|    value_loss           | 102        |
----------------------------------------
-----------------------------------------
| rollout/                |             |
|    ep_len_mean          | 265         |
|    ep_rew_mean          | -12.8       |
| time/                   |             |
|    fps                  | 162         |
|    iterations           | 200         |
|    time_elapsed         | 6317        |
|    total_timesteps      | 14027200    |
| train/                  |             |
|    approx_kl            | 0.097746536 |
|    clip_fraction        | 0.357       |
|    clip_range           | 0.2         |
|    entropy_loss         | -2.16       |
|    explained_variance   | 0.376       |
|    learning_rate        | 0.0003      |
|    loss                 | 1.88        |
|    n_updates            | 27870       |
|    policy_gradient_loss | 0.00347     |
|    std                  | 0.424       |
|    value_loss           | 92.3        |
-----------------------------------------
----------------------------------------
| rollout/                |            |
|    ep_len_mean          | 252        |
|    ep_rew_mean          | -15.4      |
| time/                   |            |
|    fps                  | 162        |
|    iterations           | 201        |
|    time_elapsed         | 6350       |
|    total_timesteps      | 14032320   |
| train/                  |            |
|    approx_kl            | 0.12857714 |
|    clip_fraction        | 0.356      |
|    clip_range           | 0.2        |
|    entropy_loss         | -2.15      |
|    explained_variance   | 0.841      |
|    learning_rate        | 0.0003     |
|    loss                 | 0.224      |
|    n_updates            | 27880      |
|    policy_gradient_loss | 0.00436    |
|    std                  | 0.422      |
|    value_loss           | 5.55       |
----------------------------------------
-----------------------------------------
| rollout/                |             |
|    ep_len_mean          | 250         |
|    ep_rew_mean          | -13.4       |
| time/                   |             |
|    fps                  | 162         |
|    iterations           | 202         |
|    time_elapsed         | 6384        |
|    total_timesteps      | 14037440    |
| train/                  |             |
|    approx_kl            | 0.046292968 |
|    clip_fraction        | 0.244       |
|    clip_range           | 0.2         |
|    entropy_loss         | -2.14       |
|    explained_variance   | 0.456       |
|    learning_rate        | 0.0003      |
|    loss                 | 0.924       |
|    n_updates            | 27890       |
|    policy_gradient_loss | -0.00559    |
|    std                  | 0.422       |
|    value_loss           | 53.7        |
-----------------------------------------
----------------------------------------
| rollout/                |            |
|    ep_len_mean          | 254        |
|    ep_rew_mean          | -18        |
| time/                   |            |
|    fps                  | 161        |
|    iterations           | 203        |
|    time_elapsed         | 6416       |
|    total_timesteps      | 14042560   |
| train/                  |            |
|    approx_kl            | 0.07313339 |
|    clip_fraction        | 0.288      |
|    clip_range           | 0.2        |
|    entropy_loss         | -2.13      |
|    explained_variance   | 0.288      |
|    learning_rate        | 0.0003     |
|    loss                 | 1.91       |
|    n_updates            | 27900      |
|    policy_gradient_loss | -0.00916   |
|    std                  | 0.421      |
|    value_loss           | 25.8       |
----------------------------------------
----------------------------------------
| rollout/                |            |
|    ep_len_mean          | 258        |
|    ep_rew_mean          | -16.4      |
| time/                   |            |
|    fps                  | 161        |
|    iterations           | 204        |
|    time_elapsed         | 6449       |
|    total_timesteps      | 14047680   |
| train/                  |            |
|    approx_kl            | 0.06909071 |
|    clip_fraction        | 0.275      |
|    clip_range           | 0.2        |
|    entropy_loss         | -2.14      |
|    explained_variance   | 0.139      |
|    learning_rate        | 0.0003     |
|    loss                 | 0.3        |
|    n_updates            | 27910      |
|    policy_gradient_loss | -0.0123    |
|    std                  | 0.422      |
|    value_loss           | 226        |
----------------------------------------
----------------------------------------
| rollout/                |            |
|    ep_len_mean          | 258        |
|    ep_rew_mean          | -21.8      |
| time/                   |            |
|    fps                  | 161        |
|    iterations           | 205        |
|    time_elapsed         | 6480       |
|    total_timesteps      | 14052800   |
| train/                  |            |
|    approx_kl            | 0.05085805 |
|    clip_fraction        | 0.303      |
|    clip_range           | 0.2        |
|    entropy_loss         | -2.15      |
|    explained_variance   | 0.375      |
|    learning_rate        | 0.0003     |
|    loss                 | 0.127      |
|    n_updates            | 27920      |
|    policy_gradient_loss | -0.00559   |
|    std                  | 0.424      |
|    value_loss           | 62.4       |
----------------------------------------
Eval num_timesteps=14053200, episode_reward=-33.46 +/- 57.92
Episode length: 284.60 +/- 71.80
-----------------------------------------
| eval/                   |             |
|    mean_ep_length       | 285         |
|    mean_reward          | -33.5       |
| time/                   |             |
|    total_timesteps      | 14053200    |
| train/                  |             |
|    approx_kl            | 0.056734275 |
|    clip_fraction        | 0.27        |
|    clip_range           | 0.2         |
|    entropy_loss         | -2.16       |
|    explained_variance   | 0.292       |
|    learning_rate        | 0.0003      |
|    loss                 | 24.6        |
|    n_updates            | 27930       |
|    policy_gradient_loss | -0.0133     |
|    std                  | 0.424       |
|    value_loss           | 130         |
-----------------------------------------
[episode ends] timestep 14053210: flipped=112 (58%), missed_goal=64 (33%), out_of_bounds=2 (1%), scored=15 (8%)
---------------------------------
| episode_end/       |          |
|    flipped         | 112      |
|    missed_goal     | 64       |
|    out_of_bounds   | 2        |
|    scored          | 15       |
| rollout/           |          |
|    ep_len_mean     | 267      |
|    ep_rew_mean     | -21.4    |
| time/              |          |
|    fps             | 161      |
|    iterations      | 206      |
|    time_elapsed    | 6515     |
|    total_timesteps | 14057920 |
---------------------------------
----------------------------------------
| rollout/                |            |
|    ep_len_mean          | 273        |
|    ep_rew_mean          | -24.4      |
| time/                   |            |
|    fps                  | 161        |
|    iterations           | 207        |
|    time_elapsed         | 6546       |
|    total_timesteps      | 14063040   |
| train/                  |            |
|    approx_kl            | 0.08877264 |
|    clip_fraction        | 0.352      |
|    clip_range           | 0.2        |
|    entropy_loss         | -2.15      |
|    explained_variance   | 0.298      |
|    learning_rate        | 0.0003     |
|    loss                 | 0.101      |
|    n_updates            | 27940      |
|    policy_gradient_loss | -0.00486   |
|    std                  | 0.423      |
|    value_loss           | 152        |
----------------------------------------
----------------------------------------
| rollout/                |            |
|    ep_len_mean          | 279        |
|    ep_rew_mean          | -21.8      |
| time/                   |            |
|    fps                  | 161        |
|    iterations           | 208        |
|    time_elapsed         | 6574       |
|    total_timesteps      | 14068160   |
| train/                  |            |
|    approx_kl            | 0.10441355 |
|    clip_fraction        | 0.289      |
|    clip_range           | 0.2        |
|    entropy_loss         | -2.14      |
|    explained_variance   | 0.506      |
|    learning_rate        | 0.0003     |
|    loss                 | 0.191      |
|    n_updates            | 27950      |
|    policy_gradient_loss | -0.00569   |
|    std                  | 0.422      |
|    value_loss           | 54.1       |
----------------------------------------
----------------------------------------
| rollout/                |            |
|    ep_len_mean          | 286        |
|    ep_rew_mean          | -18.3      |
| time/                   |            |
|    fps                  | 161        |
|    iterations           | 209        |
|    time_elapsed         | 6607       |
|    total_timesteps      | 14073280   |
| train/                  |            |
|    approx_kl            | 0.09531198 |
|    clip_fraction        | 0.323      |
|    clip_range           | 0.2        |
|    entropy_loss         | -2.13      |
|    explained_variance   | 0.92       |
|    learning_rate        | 0.0003     |
|    loss                 | 1.92       |
|    n_updates            | 27960      |
|    policy_gradient_loss | -0.00993   |
|    std                  | 0.421      |
|    value_loss           | 2.05       |
----------------------------------------
----------------------------------------
| rollout/                |            |
|    ep_len_mean          | 292        |
|    ep_rew_mean          | -19.6      |
| time/                   |            |
|    fps                  | 162        |
|    iterations           | 210        |
|    time_elapsed         | 6636       |
|    total_timesteps      | 14078400   |
| train/                  |            |
|    approx_kl            | 0.09221419 |
|    clip_fraction        | 0.328      |
|    clip_range           | 0.2        |
|    entropy_loss         | -2.13      |
|    explained_variance   | 0.778      |
|    learning_rate        | 0.0003     |
|    loss                 | 0.336      |
|    n_updates            | 27970      |
|    policy_gradient_loss | -0.00786   |
|    std                  | 0.42       |
|    value_loss           | 5.01       |
----------------------------------------
-----------------------------------------
| rollout/                |             |
|    ep_len_mean          | 292         |
|    ep_rew_mean          | -20.3       |
| time/                   |             |
|    fps                  | 162         |
|    iterations           | 211         |
|    time_elapsed         | 6668        |
|    total_timesteps      | 14083520    |
| train/                  |             |
|    approx_kl            | 0.063208826 |
|    clip_fraction        | 0.301       |
|    clip_range           | 0.2         |
|    entropy_loss         | -2.13       |
|    explained_variance   | 0.425       |
|    learning_rate        | 0.0003      |
|    loss                 | 0.00896     |
|    n_updates            | 27980       |
|    policy_gradient_loss | -0.00434    |
|    std                  | 0.421       |
|    value_loss           | 75.5        |
-----------------------------------------
-----------------------------------------
| rollout/                |             |
|    ep_len_mean          | 289         |
|    ep_rew_mean          | -19.8       |
| time/                   |             |
|    fps                  | 161         |
|    iterations           | 212         |
|    time_elapsed         | 6700        |
|    total_timesteps      | 14088640    |
| train/                  |             |
|    approx_kl            | 0.044613443 |
|    clip_fraction        | 0.258       |
|    clip_range           | 0.2         |
|    entropy_loss         | -2.13       |
|    explained_variance   | 0.297       |
|    learning_rate        | 0.0003      |
|    loss                 | 0.83        |
|    n_updates            | 27990       |
|    policy_gradient_loss | -0.0151     |
|    std                  | 0.42        |
|    value_loss           | 103         |
-----------------------------------------
----------------------------------------
| rollout/                |            |
|    ep_len_mean          | 279        |
|    ep_rew_mean          | -24.6      |
| time/                   |            |
|    fps                  | 162        |
|    iterations           | 213        |
|    time_elapsed         | 6730       |
|    total_timesteps      | 14093760   |
| train/                  |            |
|    approx_kl            | 0.06403188 |
|    clip_fraction        | 0.3        |
|    clip_range           | 0.2        |
|    entropy_loss         | -2.13      |
|    explained_variance   | 0.285      |
|    learning_rate        | 0.0003     |
|    loss                 | 0.344      |
|    n_updates            | 28000      |
|    policy_gradient_loss | -0.00959   |
|    std                  | 0.42       |
|    value_loss           | 90.7       |
----------------------------------------
----------------------------------------
| rollout/                |            |
|    ep_len_mean          | 274        |
|    ep_rew_mean          | -27.5      |
| time/                   |            |
|    fps                  | 161        |
|    iterations           | 214        |
|    time_elapsed         | 6764       |
|    total_timesteps      | 14098880   |
| train/                  |            |
|    approx_kl            | 0.13400877 |
|    clip_fraction        | 0.297      |
|    clip_range           | 0.2        |
|    entropy_loss         | -2.13      |
|    explained_variance   | 0.434      |
|    learning_rate        | 0.0003     |
|    loss                 | 15.9       |
|    n_updates            | 28010      |
|    policy_gradient_loss | 8.26e-05   |
|    std                  | 0.422      |
|    value_loss           | 43.7       |
----------------------------------------
Eval num_timesteps=14103200, episode_reward=-43.63 +/- 90.30
Episode length: 259.50 +/- 32.51
----------------------------------------
| eval/                   |            |
|    mean_ep_length       | 260        |
|    mean_reward          | -43.6      |
| time/                   |            |
|    total_timesteps      | 14103200   |
| train/                  |            |
|    approx_kl            | 0.14031021 |
|    clip_fraction        | 0.333      |
|    clip_range           | 0.2        |
|    entropy_loss         | -2.15      |
|    explained_variance   | 0.603      |
|    learning_rate        | 0.0003     |
|    loss                 | 0.511      |
|    n_updates            | 28020      |
|    policy_gradient_loss | 0.000254   |
|    std                  | 0.422      |
|    value_loss           | 29         |
----------------------------------------
[progress] timestep 14103210
[episode ends] timestep 14103210: flipped=104 (59%), missed_goal=60 (34%), out_of_bounds=4 (2%), scored=7 (4%)
---------------------------------
| episode_end/       |          |
|    flipped         | 104      |
|    missed_goal     | 60       |
|    out_of_bounds   | 4        |
|    scored          | 7        |
| rollout/           |          |
|    ep_len_mean     | 270      |
|    ep_rew_mean     | -25.7    |
| time/              |          |
|    fps             | 161      |
|    iterations      | 215      |
|    time_elapsed    | 6799     |
|    total_timesteps | 14104000 |
---------------------------------
----------------------------------------
| rollout/                |            |
|    ep_len_mean          | 269        |
|    ep_rew_mean          | -24.7      |
| time/                   |            |
|    fps                  | 161        |
|    iterations           | 216        |
|    time_elapsed         | 6832       |
|    total_timesteps      | 14109120   |
| train/                  |            |
|    approx_kl            | 0.09296198 |
|    clip_fraction        | 0.343      |
|    clip_range           | 0.2        |
|    entropy_loss         | -2.15      |
|    explained_variance   | 0.597      |
|    learning_rate        | 0.0003     |
|    loss                 | 1.16       |
|    n_updates            | 28030      |
|    policy_gradient_loss | -0.00169   |
|    std                  | 0.423      |
|    value_loss           | 17.3       |
----------------------------------------
-----------------------------------------
| rollout/                |             |
|    ep_len_mean          | 270         |
|    ep_rew_mean          | -22         |
| time/                   |             |
|    fps                  | 161         |
|    iterations           | 217         |
|    time_elapsed         | 6866        |
|    total_timesteps      | 14114240    |
| train/                  |             |
|    approx_kl            | 0.056093115 |
|    clip_fraction        | 0.287       |
|    clip_range           | 0.2         |
|    entropy_loss         | -2.16       |
|    explained_variance   | 0.766       |
|    learning_rate        | 0.0003      |
|    loss                 | 0.286       |
|    n_updates            | 28040       |
|    policy_gradient_loss | -0.00345    |
|    std                  | 0.424       |
|    value_loss           | 9.64        |
-----------------------------------------
-----------------------------------------
| rollout/                |             |
|    ep_len_mean          | 268         |
|    ep_rew_mean          | -18.9       |
| time/                   |             |
|    fps                  | 161         |
|    iterations           | 218         |
|    time_elapsed         | 6899        |
|    total_timesteps      | 14119360    |
| train/                  |             |
|    approx_kl            | 0.071627095 |
|    clip_fraction        | 0.27        |
|    clip_range           | 0.2         |
|    entropy_loss         | -2.16       |
|    explained_variance   | 0.386       |
|    learning_rate        | 0.0003      |
|    loss                 | 0.202       |
|    n_updates            | 28050       |
|    policy_gradient_loss | -0.00562    |
|    std                  | 0.422       |
|    value_loss           | 99.5        |
-----------------------------------------
-----------------------------------------
| rollout/                |             |
|    ep_len_mean          | 263         |
|    ep_rew_mean          | -18.7       |
| time/                   |             |
|    fps                  | 161         |
|    iterations           | 219         |
|    time_elapsed         | 6932        |
|    total_timesteps      | 14124480    |
| train/                  |             |
|    approx_kl            | 0.053819865 |
|    clip_fraction        | 0.246       |
|    clip_range           | 0.2         |
|    entropy_loss         | -2.15       |
|    explained_variance   | 0.268       |
|    learning_rate        | 0.0003      |
|    loss                 | 7.58        |
|    n_updates            | 28060       |
|    policy_gradient_loss | -0.00434    |
|    std                  | 0.421       |
|    value_loss           | 123         |
-----------------------------------------
-----------------------------------------
| rollout/                |             |
|    ep_len_mean          | 262         |
|    ep_rew_mean          | -18.6       |
| time/                   |             |
|    fps                  | 161         |
|    iterations           | 220         |
|    time_elapsed         | 6965        |
|    total_timesteps      | 14129600    |
| train/                  |             |
|    approx_kl            | 0.032334823 |
|    clip_fraction        | 0.234       |
|    clip_range           | 0.2         |
|    entropy_loss         | -2.14       |
|    explained_variance   | 0.331       |
|    learning_rate        | 0.0003      |
|    loss                 | 19.2        |
|    n_updates            | 28070       |
|    policy_gradient_loss | -0.00552    |
|    std                  | 0.421       |
|    value_loss           | 148         |
-----------------------------------------
-----------------------------------------
| rollout/                |             |
|    ep_len_mean          | 266         |
|    ep_rew_mean          | -24.2       |
| time/                   |             |
|    fps                  | 161         |
|    iterations           | 221         |
|    time_elapsed         | 6996        |
|    total_timesteps      | 14134720    |
| train/                  |             |
|    approx_kl            | 0.072741374 |
|    clip_fraction        | 0.26        |
|    clip_range           | 0.2         |
|    entropy_loss         | -2.14       |
|    explained_variance   | 0.772       |
|    learning_rate        | 0.0003      |
|    loss                 | 3.56        |
|    n_updates            | 28080       |
|    policy_gradient_loss | -0.00961    |
|    std                  | 0.421       |
|    value_loss           | 7.34        |
-----------------------------------------
----------------------------------------
| rollout/                |            |
|    ep_len_mean          | 268        |
|    ep_rew_mean          | -19.7      |
| time/                   |            |
|    fps                  | 161        |
|    iterations           | 222        |
|    time_elapsed         | 7028       |
|    total_timesteps      | 14139840   |
| train/                  |            |
|    approx_kl            | 0.07959805 |
|    clip_fraction        | 0.383      |
|    clip_range           | 0.2        |
|    entropy_loss         | -2.14      |
|    explained_variance   | 0.345      |
|    learning_rate        | 0.0003     |
|    loss                 | 0.346      |
|    n_updates            | 28090      |
|    policy_gradient_loss | 0.00641    |
|    std                  | 0.422      |
|    value_loss           | 89.7       |
----------------------------------------
-----------------------------------------
| rollout/                |             |
|    ep_len_mean          | 268         |
|    ep_rew_mean          | -10.8       |
| time/                   |             |
|    fps                  | 161         |
|    iterations           | 223         |
|    time_elapsed         | 7059        |
|    total_timesteps      | 14144960    |
| train/                  |             |
|    approx_kl            | 0.024823742 |
|    clip_fraction        | 0.155       |
|    clip_range           | 0.2         |
|    entropy_loss         | -2.14       |
|    explained_variance   | 0.399       |
|    learning_rate        | 0.0003      |
|    loss                 | 2.63        |
|    n_updates            | 28100       |
|    policy_gradient_loss | -0.0109     |
|    std                  | 0.421       |
|    value_loss           | 36.2        |
-----------------------------------------
-----------------------------------------
| rollout/                |             |
|    ep_len_mean          | 274         |
|    ep_rew_mean          | -11.1       |
| time/                   |             |
|    fps                  | 161         |
|    iterations           | 224         |
|    time_elapsed         | 7089        |
|    total_timesteps      | 14150080    |
| train/                  |             |
|    approx_kl            | 0.048858315 |
|    clip_fraction        | 0.281       |
|    clip_range           | 0.2         |
|    entropy_loss         | -2.14       |
|    explained_variance   | 0.649       |
|    learning_rate        | 0.0003      |
|    loss                 | 4.72        |
|    n_updates            | 28110       |
|    policy_gradient_loss | -0.00376    |
|    std                  | 0.423       |
|    value_loss           | 8.78        |
-----------------------------------------
Eval num_timesteps=14153200, episode_reward=19.61 +/- 35.93
Episode length: 273.80 +/- 35.35
-----------------------------------------
| eval/                   |             |
|    mean_ep_length       | 274         |
|    mean_reward          | 19.6        |
| time/                   |             |
|    total_timesteps      | 14153200    |
| train/                  |             |
|    approx_kl            | 0.081726015 |
|    clip_fraction        | 0.356       |
|    clip_range           | 0.2         |
|    entropy_loss         | -2.14       |
|    explained_variance   | 0.568       |
|    learning_rate        | 0.0003      |
|    loss                 | 1.07        |
|    n_updates            | 28120       |
|    policy_gradient_loss | -0.00321    |
|    std                  | 0.421       |
|    value_loss           | 19.3        |
-----------------------------------------
New best mean reward!
[episode ends] timestep 14153210: flipped=109 (58%), missed_goal=55 (29%), out_of_bounds=2 (1%), scored=21 (11%)
---------------------------------
| episode_end/       |          |
|    flipped         | 109      |
|    missed_goal     | 55       |
|    out_of_bounds   | 2        |
|    scored          | 21       |
| rollout/           |          |
|    ep_len_mean     | 277      |
|    ep_rew_mean     | -8.23    |
| time/              |          |
|    fps             | 161      |
|    iterations      | 225      |
|    time_elapsed    | 7124     |
|    total_timesteps | 14155200 |
---------------------------------
----------------------------------------
| rollout/                |            |
|    ep_len_mean          | 281        |
|    ep_rew_mean          | -1.81      |
| time/                   |            |
|    fps                  | 161        |
|    iterations           | 226        |
|    time_elapsed         | 7153       |
|    total_timesteps      | 14160320   |
| train/                  |            |
|    approx_kl            | 0.08036691 |
|    clip_fraction        | 0.345      |
|    clip_range           | 0.2        |
|    entropy_loss         | -2.12      |
|    explained_variance   | 0.327      |
|    learning_rate        | 0.0003     |
|    loss                 | 2.53       |
|    n_updates            | 28130      |
|    policy_gradient_loss | -0.00244   |
|    std                  | 0.42       |
|    value_loss           | 25.7       |
----------------------------------------
----------------------------------------
| rollout/                |            |
|    ep_len_mean          | 280        |
|    ep_rew_mean          | -2.27      |
| time/                   |            |
|    fps                  | 161        |
|    iterations           | 227        |
|    time_elapsed         | 7183       |
|    total_timesteps      | 14165440   |
| train/                  |            |
|    approx_kl            | 0.18739626 |
|    clip_fraction        | 0.493      |
|    clip_range           | 0.2        |
|    entropy_loss         | -2.13      |
|    explained_variance   | 0.879      |
|    learning_rate        | 0.0003     |
|    loss                 | 0.204      |
|    n_updates            | 28140      |
|    policy_gradient_loss | 0.00984    |
|    std                  | 0.424      |
|    value_loss           | 1.21       |
----------------------------------------
----------------------------------------
| rollout/                |            |
|    ep_len_mean          | 281        |
|    ep_rew_mean          | -6.46      |
| time/                   |            |
|    fps                  | 161        |
|    iterations           | 228        |
|    time_elapsed         | 7216       |
|    total_timesteps      | 14170560   |
| train/                  |            |
|    approx_kl            | 0.10954869 |
|    clip_fraction        | 0.405      |
|    clip_range           | 0.2        |
|    entropy_loss         | -2.16      |
|    explained_variance   | 0.677      |
|    learning_rate        | 0.0003     |
|    loss                 | 0.181      |
|    n_updates            | 28150      |
|    policy_gradient_loss | 0.00351    |
|    std                  | 0.426      |
|    value_loss           | 10.7       |
----------------------------------------
---------------------------------------
| rollout/                |           |
|    ep_len_mean          | 287       |
|    ep_rew_mean          | -5.75     |
| time/                   |           |
|    fps                  | 161       |
|    iterations           | 229       |
|    time_elapsed         | 7246      |
|    total_timesteps      | 14175680  |
| train/                  |           |
|    approx_kl            | 0.0954401 |
|    clip_fraction        | 0.377     |
|    clip_range           | 0.2       |
|    entropy_loss         | -2.16     |
|    explained_variance   | 0.424     |
|    learning_rate        | 0.0003    |
|    loss                 | 0.402     |
|    n_updates            | 28160     |
|    policy_gradient_loss | -0.00144  |
|    std                  | 0.425     |
|    value_loss           | 36.9      |
---------------------------------------
----------------------------------------
| rollout/                |            |
|    ep_len_mean          | 290        |
|    ep_rew_mean          | 0.258      |
| time/                   |            |
|    fps                  | 161        |
|    iterations           | 230        |
|    time_elapsed         | 7278       |
|    total_timesteps      | 14180800   |
| train/                  |            |
|    approx_kl            | 0.14757673 |
|    clip_fraction        | 0.419      |
|    clip_range           | 0.2        |
|    entropy_loss         | -2.15      |
|    explained_variance   | 0.758      |
|    learning_rate        | 0.0003     |
|    loss                 | 0.162      |
|    n_updates            | 28170      |
|    policy_gradient_loss | -0.00171   |
|    std                  | 0.424      |
|    value_loss           | 8.08       |
----------------------------------------
----------------------------------------
| rollout/                |            |
|    ep_len_mean          | 289        |
|    ep_rew_mean          | -3.94      |
| time/                   |            |
|    fps                  | 161        |
|    iterations           | 231        |
|    time_elapsed         | 7309       |
|    total_timesteps      | 14185920   |
| train/                  |            |
|    approx_kl            | 0.13220748 |
|    clip_fraction        | 0.386      |
|    clip_range           | 0.2        |
|    entropy_loss         | -2.15      |
|    explained_variance   | 0.469      |
|    learning_rate        | 0.0003     |
|    loss                 | 0.809      |
|    n_updates            | 28180      |
|    policy_gradient_loss | -0.00282   |
|    std                  | 0.422      |
|    value_loss           | 11.7       |
----------------------------------------
----------------------------------------
| rollout/                |            |
|    ep_len_mean          | 284        |
|    ep_rew_mean          | -7.29      |
| time/                   |            |
|    fps                  | 161        |
|    iterations           | 232        |
|    time_elapsed         | 7340       |
|    total_timesteps      | 14191040   |
| train/                  |            |
|    approx_kl            | 0.07837744 |
|    clip_fraction        | 0.341      |
|    clip_range           | 0.2        |
|    entropy_loss         | -2.15      |
|    explained_variance   | 0.259      |
|    learning_rate        | 0.0003     |
|    loss                 | 0.32       |
|    n_updates            | 28190      |
|    policy_gradient_loss | -0.000603  |
|    std                  | 0.425      |
|    value_loss           | 86.2       |
----------------------------------------
-----------------------------------------
| rollout/                |             |
|    ep_len_mean          | 286         |
|    ep_rew_mean          | -4.98       |
| time/                   |             |
|    fps                  | 161         |
|    iterations           | 233         |
|    time_elapsed         | 7368        |
|    total_timesteps      | 14196160    |
| train/                  |             |
|    approx_kl            | 0.091708325 |
|    clip_fraction        | 0.35        |
|    clip_range           | 0.2         |
|    entropy_loss         | -2.16       |
|    explained_variance   | 0.285       |
|    learning_rate        | 0.0003      |
|    loss                 | 295         |
|    n_updates            | 28200       |
|    policy_gradient_loss | -0.0134     |
|    std                  | 0.425       |
|    value_loss           | 85          |
-----------------------------------------
----------------------------------------
| rollout/                |            |
|    ep_len_mean          | 289        |
|    ep_rew_mean          | -4.43      |
| time/                   |            |
|    fps                  | 161        |
|    iterations           | 234        |
|    time_elapsed         | 7402       |
|    total_timesteps      | 14201280   |
| train/                  |            |
|    approx_kl            | 0.09088032 |
|    clip_fraction        | 0.358      |
|    clip_range           | 0.2        |
|    entropy_loss         | -2.17      |
|    explained_variance   | 0.388      |
|    learning_rate        | 0.0003     |
|    loss                 | 1.74       |
|    n_updates            | 28210      |
|    policy_gradient_loss | -0.00517   |
|    std                  | 0.426      |
|    value_loss           | 23.8       |
----------------------------------------
Eval num_timesteps=14203200, episode_reward=-20.18 +/- 57.90
Episode length: 265.90 +/- 48.11
-----------------------------------------
| eval/                   |             |
|    mean_ep_length       | 266         |
|    mean_reward          | -20.2       |
| time/                   |             |
|    total_timesteps      | 14203200    |
| train/                  |             |
|    approx_kl            | 0.114851475 |
|    clip_fraction        | 0.384       |
|    clip_range           | 0.2         |
|    entropy_loss         | -2.16       |
|    explained_variance   | 0.661       |
|    learning_rate        | 0.0003      |
|    loss                 | 0.0365      |
|    n_updates            | 28220       |
|    policy_gradient_loss | 0.00171     |
|    std                  | 0.423       |
|    value_loss           | 8.83        |
-----------------------------------------
[progress] timestep 14203210
[episode ends] timestep 14203210: flipped=73 (42%), missed_goal=86 (49%), out_of_bounds=1 (1%), scored=14 (8%)
---------------------------------
| episode_end/       |          |
|    flipped         | 73       |
|    missed_goal     | 86       |
|    out_of_bounds   | 1        |
|    scored          | 14       |
| rollout/           |          |
|    ep_len_mean     | 286      |
|    ep_rew_mean     | -13.2    |
| time/              |          |
|    fps             | 161      |
|    iterations      | 235      |
|    time_elapsed    | 7437     |
|    total_timesteps | 14206400 |
---------------------------------
-----------------------------------------
| rollout/                |             |
|    ep_len_mean          | 280         |
|    ep_rew_mean          | -16         |
| time/                   |             |
|    fps                  | 161         |
|    iterations           | 236         |
|    time_elapsed         | 7468        |
|    total_timesteps      | 14211520    |
| train/                  |             |
|    approx_kl            | 0.053717397 |
|    clip_fraction        | 0.242       |
|    clip_range           | 0.2         |
|    entropy_loss         | -2.14       |
|    explained_variance   | 0.187       |
|    learning_rate        | 0.0003      |
|    loss                 | 0.356       |
|    n_updates            | 28230       |
|    policy_gradient_loss | -0.00683    |
|    std                  | 0.423       |
|    value_loss           | 142         |
-----------------------------------------
----------------------------------------
| rollout/                |            |
|    ep_len_mean          | 286        |
|    ep_rew_mean          | -7.48      |
| time/                   |            |
|    fps                  | 161        |
|    iterations           | 237        |
|    time_elapsed         | 7496       |
|    total_timesteps      | 14216640   |
| train/                  |            |
|    approx_kl            | 0.03753174 |
|    clip_fraction        | 0.235      |
|    clip_range           | 0.2        |
|    entropy_loss         | -2.14      |
|    explained_variance   | 0.638      |
|    learning_rate        | 0.0003     |
|    loss                 | 0.861      |
|    n_updates            | 28240      |
|    policy_gradient_loss | 0.00659    |
|    std                  | 0.423      |
|    value_loss           | 26.5       |
----------------------------------------
----------------------------------------
| rollout/                |            |
|    ep_len_mean          | 288        |
|    ep_rew_mean          | -7.16      |
| time/                   |            |
|    fps                  | 161        |
|    iterations           | 238        |
|    time_elapsed         | 7532       |
|    total_timesteps      | 14221760   |
| train/                  |            |
|    approx_kl            | 0.09823538 |
|    clip_fraction        | 0.309      |
|    clip_range           | 0.2        |
|    entropy_loss         | -2.14      |
|    explained_variance   | 0.424      |
|    learning_rate        | 0.0003     |
|    loss                 | 4.49       |
|    n_updates            | 28250      |
|    policy_gradient_loss | 0.00715    |
|    std                  | 0.423      |
|    value_loss           | 41         |
----------------------------------------
----------------------------------------
| rollout/                |            |
|    ep_len_mean          | 290        |
|    ep_rew_mean          | -14.2      |
| time/                   |            |
|    fps                  | 161        |
|    iterations           | 239        |
|    time_elapsed         | 7563       |
|    total_timesteps      | 14226880   |
| train/                  |            |
|    approx_kl            | 0.06895979 |
|    clip_fraction        | 0.243      |
|    clip_range           | 0.2        |
|    entropy_loss         | -2.14      |
|    explained_variance   | 0.169      |
|    learning_rate        | 0.0003     |
|    loss                 | 139        |
|    n_updates            | 28260      |
|    policy_gradient_loss | -0.00456   |
|    std                  | 0.423      |
|    value_loss           | 134        |
----------------------------------------
---------------------------------------
| rollout/                |           |
|    ep_len_mean          | 290       |
|    ep_rew_mean          | -17.2     |
| time/                   |           |
|    fps                  | 161       |
|    iterations           | 240       |
|    time_elapsed         | 7594      |
|    total_timesteps      | 14232000  |
| train/                  |           |
|    approx_kl            | 0.1378127 |
|    clip_fraction        | 0.333     |
|    clip_range           | 0.2       |
|    entropy_loss         | -2.13     |
|    explained_variance   | 0.582     |
|    learning_rate        | 0.0003    |
|    loss                 | 0.0967    |
|    n_updates            | 28270     |
|    policy_gradient_loss | 0.00199   |
|    std                  | 0.421     |
|    value_loss           | 19.8      |
---------------------------------------
----------------------------------------
| rollout/                |            |
|    ep_len_mean          | 290        |
|    ep_rew_mean          | -13.9      |
| time/                   |            |
|    fps                  | 161        |
|    iterations           | 241        |
|    time_elapsed         | 7628       |
|    total_timesteps      | 14237120   |
| train/                  |            |
|    approx_kl            | 0.10646067 |
|    clip_fraction        | 0.353      |
|    clip_range           | 0.2        |
|    entropy_loss         | -2.13      |
|    explained_variance   | 0.507      |
|    learning_rate        | 0.0003     |
|    loss                 | 0.135      |
|    n_updates            | 28280      |
|    policy_gradient_loss | 0.00447    |
|    std                  | 0.422      |
|    value_loss           | 42.1       |
----------------------------------------
-----------------------------------------
| rollout/                |             |
|    ep_len_mean          | 294         |
|    ep_rew_mean          | -15.1       |
| time/                   |             |
|    fps                  | 161         |
|    iterations           | 242         |
|    time_elapsed         | 7661        |
|    total_timesteps      | 14242240    |
| train/                  |             |
|    approx_kl            | 0.084613554 |
|    clip_fraction        | 0.239       |
|    clip_range           | 0.2         |
|    entropy_loss         | -2.13       |
|    explained_variance   | 0.353       |
|    learning_rate        | 0.0003      |
|    loss                 | 0.364       |
|    n_updates            | 28290       |
|    policy_gradient_loss | -0.00526    |
|    std                  | 0.423       |
|    value_loss           | 32.6        |
-----------------------------------------
----------------------------------------
| rollout/                |            |
|    ep_len_mean          | 294        |
|    ep_rew_mean          | -18.5      |
| time/                   |            |
|    fps                  | 161        |
|    iterations           | 243        |
|    time_elapsed         | 7686       |
|    total_timesteps      | 14247360   |
| train/                  |            |
|    approx_kl            | 0.06183237 |
|    clip_fraction        | 0.294      |
|    clip_range           | 0.2        |
|    entropy_loss         | -2.14      |
|    explained_variance   | 0.29       |
|    learning_rate        | 0.0003     |
|    loss                 | 190        |
|    n_updates            | 28300      |
|    policy_gradient_loss | 0.00097    |
|    std                  | 0.424      |
|    value_loss           | 85.9       |
----------------------------------------
-----------------------------------------
| rollout/                |             |
|    ep_len_mean          | 297         |
|    ep_rew_mean          | -14.2       |
| time/                   |             |
|    fps                  | 161         |
|    iterations           | 244         |
|    time_elapsed         | 7720        |
|    total_timesteps      | 14252480    |
| train/                  |             |
|    approx_kl            | 0.120249465 |
|    clip_fraction        | 0.353       |
|    clip_range           | 0.2         |
|    entropy_loss         | -2.14       |
|    explained_variance   | 0.627       |
|    learning_rate        | 0.0003      |
|    loss                 | 0.319       |
|    n_updates            | 28310       |
|    policy_gradient_loss | 0.000202    |
|    std                  | 0.423       |
|    value_loss           | 10.5        |
-----------------------------------------
Eval num_timesteps=14253200, episode_reward=-15.46 +/- 54.79
Episode length: 288.00 +/- 21.94
----------------------------------------
| eval/                   |            |
|    mean_ep_length       | 288        |
|    mean_reward          | -15.5      |
| time/                   |            |
|    total_timesteps      | 14253200   |
| train/                  |            |
|    approx_kl            | 0.11623187 |
|    clip_fraction        | 0.354      |
|    clip_range           | 0.2        |
|    entropy_loss         | -2.14      |
|    explained_variance   | 0.705      |
|    learning_rate        | 0.0003     |
|    loss                 | 0.44       |
|    n_updates            | 28320      |
|    policy_gradient_loss | 0.00384    |
|    std                  | 0.424      |
|    value_loss           | 15.3       |
----------------------------------------
[episode ends] timestep 14253210: flipped=85 (50%), missed_goal=59 (35%), out_of_bounds=3 (2%), scored=22 (13%)
---------------------------------
| episode_end/       |          |
|    flipped         | 85       |
|    missed_goal     | 59       |
|    out_of_bounds   | 3        |
|    scored          | 22       |
| rollout/           |          |
|    ep_len_mean     | 296      |
|    ep_rew_mean     | -16.6    |
| time/              |          |
|    fps             | 161      |
|    iterations      | 245      |
|    time_elapsed    | 7756     |
|    total_timesteps | 14257600 |
---------------------------------
----------------------------------------
| rollout/                |            |
|    ep_len_mean          | 296        |
|    ep_rew_mean          | -13        |
| time/                   |            |
|    fps                  | 161        |
|    iterations           | 246        |
|    time_elapsed         | 7784       |
|    total_timesteps      | 14262720   |
| train/                  |            |
|    approx_kl            | 0.14305265 |
|    clip_fraction        | 0.386      |
|    clip_range           | 0.2        |
|    entropy_loss         | -2.15      |
|    explained_variance   | 0.434      |
|    learning_rate        | 0.0003     |
|    loss                 | 0.136      |
|    n_updates            | 28330      |
|    policy_gradient_loss | 0.00648    |
|    std                  | 0.424      |
|    value_loss           | 66.4       |
----------------------------------------
----------------------------------------
| rollout/                |            |
|    ep_len_mean          | 301        |
|    ep_rew_mean          | -11        |
| time/                   |            |
|    fps                  | 161        |
|    iterations           | 247        |
|    time_elapsed         | 7815       |
|    total_timesteps      | 14267840   |
| train/                  |            |
|    approx_kl            | 0.09240752 |
|    clip_fraction        | 0.319      |
|    clip_range           | 0.2        |
|    entropy_loss         | -2.15      |
|    explained_variance   | 0.376      |
|    learning_rate        | 0.0003     |
|    loss                 | 27.7       |
|    n_updates            | 28340      |
|    policy_gradient_loss | 0.00634    |
|    std                  | 0.424      |
|    value_loss           | 37.8       |
----------------------------------------
----------------------------------------
| rollout/                |            |
|    ep_len_mean          | 299        |
|    ep_rew_mean          | -10.9      |
| time/                   |            |
|    fps                  | 161        |
|    iterations           | 248        |
|    time_elapsed         | 7847       |
|    total_timesteps      | 14272960   |
| train/                  |            |
|    approx_kl            | 0.13976508 |
|    clip_fraction        | 0.342      |
|    clip_range           | 0.2        |
|    entropy_loss         | -2.14      |
|    explained_variance   | 0.781      |
|    learning_rate        | 0.0003     |
|    loss                 | 0.427      |
|    n_updates            | 28350      |
|    policy_gradient_loss | -0.00078   |
|    std                  | 0.422      |
|    value_loss           | 5.31       |
----------------------------------------
----------------------------------------
| rollout/                |            |
|    ep_len_mean          | 302        |
|    ep_rew_mean          | -14.9      |
| time/                   |            |
|    fps                  | 161        |
|    iterations           | 249        |
|    time_elapsed         | 7876       |
|    total_timesteps      | 14278080   |
| train/                  |            |
|    approx_kl            | 0.12856488 |
|    clip_fraction        | 0.407      |
|    clip_range           | 0.2        |
|    entropy_loss         | -2.13      |
|    explained_variance   | 0.526      |
|    learning_rate        | 0.0003     |
|    loss                 | 0.268      |
|    n_updates            | 28360      |
|    policy_gradient_loss | 0.000606   |
|    std                  | 0.42       |
|    value_loss           | 24.1       |
----------------------------------------
----------------------------------------
| rollout/                |            |
|    ep_len_mean          | 302        |
|    ep_rew_mean          | -14.3      |
| time/                   |            |
|    fps                  | 161        |
|    iterations           | 250        |
|    time_elapsed         | 7905       |
|    total_timesteps      | 14283200   |
| train/                  |            |
|    approx_kl            | 0.12484081 |
|    clip_fraction        | 0.339      |
|    clip_range           | 0.2        |
|    entropy_loss         | -2.12      |
|    explained_variance   | 0.527      |
|    learning_rate        | 0.0003     |
|    loss                 | 25         |
|    n_updates            | 28370      |
|    policy_gradient_loss | 0.00312    |
|    std                  | 0.42       |
|    value_loss           | 73.8       |
----------------------------------------
----------------------------------------
| rollout/                |            |
|    ep_len_mean          | 305        |
|    ep_rew_mean          | -11.8      |
| time/                   |            |
|    fps                  | 161        |
|    iterations           | 251        |
|    time_elapsed         | 7935       |
|    total_timesteps      | 14288320   |
| train/                  |            |
|    approx_kl            | 0.09626527 |
|    clip_fraction        | 0.264      |
|    clip_range           | 0.2        |
|    entropy_loss         | -2.12      |
|    explained_variance   | 0.385      |
|    learning_rate        | 0.0003     |
|    loss                 | 197        |
|    n_updates            | 28380      |
|    policy_gradient_loss | -0.003     |
|    std                  | 0.421      |
|    value_loss           | 71.1       |
----------------------------------------
----------------------------------------
| rollout/                |            |
|    ep_len_mean          | 308        |
|    ep_rew_mean          | -13.6      |
| time/                   |            |
|    fps                  | 161        |
|    iterations           | 252        |
|    time_elapsed         | 7964       |
|    total_timesteps      | 14293440   |
| train/                  |            |
|    approx_kl            | 0.10817468 |
|    clip_fraction        | 0.301      |
|    clip_range           | 0.2        |
|    entropy_loss         | -2.12      |
|    explained_variance   | 0.422      |
|    learning_rate        | 0.0003     |
|    loss                 | 6.04       |
|    n_updates            | 28390      |
|    policy_gradient_loss | -0.00502   |
|    std                  | 0.421      |
|    value_loss           | 40.3       |
----------------------------------------
-----------------------------------------
| rollout/                |             |
|    ep_len_mean          | 304         |
|    ep_rew_mean          | -12         |
| time/                   |             |
|    fps                  | 161         |
|    iterations           | 253         |
|    time_elapsed         | 7996        |
|    total_timesteps      | 14298560    |
| train/                  |             |
|    approx_kl            | 0.121385574 |
|    clip_fraction        | 0.324       |
|    clip_range           | 0.2         |
|    entropy_loss         | -2.15       |
|    explained_variance   | 0.892       |
|    learning_rate        | 0.0003      |
|    loss                 | 0.33        |
|    n_updates            | 28400       |
|    policy_gradient_loss | -0.0122     |
|    std                  | 0.425       |
|    value_loss           | 2.54        |
-----------------------------------------
Eval num_timesteps=14303200, episode_reward=-75.85 +/- 102.89
Episode length: 311.40 +/- 47.86
----------------------------------------
| eval/                   |            |
|    mean_ep_length       | 311        |
|    mean_reward          | -75.9      |
| time/                   |            |
|    total_timesteps      | 14303200   |
| train/                  |            |
|    approx_kl            | 0.06362849 |
|    clip_fraction        | 0.334      |
|    clip_range           | 0.2        |
|    entropy_loss         | -2.18      |
|    explained_variance   | 0.604      |
|    learning_rate        | 0.0003     |
|    loss                 | 0.222      |
|    n_updates            | 28410      |
|    policy_gradient_loss | -0.000534  |
|    std                  | 0.427      |
|    value_loss           | 17         |
----------------------------------------
[progress] timestep 14303210
[episode ends] timestep 14303210: flipped=72 (43%), missed_goal=81 (48%), out_of_bounds=1 (1%), scored=14 (8%)
---------------------------------
| episode_end/       |          |
|    flipped         | 72       |
|    missed_goal     | 81       |
|    out_of_bounds   | 1        |
|    scored          | 14       |
| rollout/           |          |
|    ep_len_mean     | 302      |
|    ep_rew_mean     | -14.8    |
| time/              |          |
|    fps             | 161      |
|    iterations      | 254      |
|    time_elapsed    | 8030     |
|    total_timesteps | 14303680 |
---------------------------------
-----------------------------------------
| rollout/                |             |
|    ep_len_mean          | 291         |
|    ep_rew_mean          | -19.2       |
| time/                   |             |
|    fps                  | 161         |
|    iterations           | 255         |
|    time_elapsed         | 8061        |
|    total_timesteps      | 14308800    |
| train/                  |             |
|    approx_kl            | 0.071673475 |
|    clip_fraction        | 0.302       |
|    clip_range           | 0.2         |
|    entropy_loss         | -2.17       |
|    explained_variance   | 0.167       |
|    learning_rate        | 0.0003      |
|    loss                 | 15.4        |
|    n_updates            | 28420       |
|    policy_gradient_loss | -0.00433    |
|    std                  | 0.425       |
|    value_loss           | 174         |
-----------------------------------------
-----------------------------------------
| rollout/                |             |
|    ep_len_mean          | 293         |
|    ep_rew_mean          | -19.6       |
| time/                   |             |
|    fps                  | 161         |
|    iterations           | 256         |
|    time_elapsed         | 8093        |
|    total_timesteps      | 14313920    |
| train/                  |             |
|    approx_kl            | 0.029727766 |
|    clip_fraction        | 0.206       |
|    clip_range           | 0.2         |
|    entropy_loss         | -2.16       |
|    explained_variance   | 0.399       |
|    learning_rate        | 0.0003      |
|    loss                 | 1.77        |
|    n_updates            | 28430       |
|    policy_gradient_loss | -0.00211    |
|    std                  | 0.425       |
|    value_loss           | 79.6        |
-----------------------------------------
-----------------------------------------
| rollout/                |             |
|    ep_len_mean          | 290         |
|    ep_rew_mean          | -17.1       |
| time/                   |             |
|    fps                  | 161         |
|    iterations           | 257         |
|    time_elapsed         | 8124        |
|    total_timesteps      | 14319040    |
| train/                  |             |
|    approx_kl            | 0.024709022 |
|    clip_fraction        | 0.121       |
|    clip_range           | 0.2         |
|    entropy_loss         | -2.16       |
|    explained_variance   | 0.555       |
|    learning_rate        | 0.0003      |
|    loss                 | 0.825       |
|    n_updates            | 28440       |
|    policy_gradient_loss | -0.011      |
|    std                  | 0.424       |
|    value_loss           | 39.8        |
-----------------------------------------
----------------------------------------
| rollout/                |            |
|    ep_len_mean          | 289        |
|    ep_rew_mean          | -17.4      |
| time/                   |            |
|    fps                  | 161        |
|    iterations           | 258        |
|    time_elapsed         | 8156       |
|    total_timesteps      | 14324160   |
| train/                  |            |
|    approx_kl            | 0.08417775 |
|    clip_fraction        | 0.261      |
|    clip_range           | 0.2        |
|    entropy_loss         | -2.16      |
|    explained_variance   | 0.632      |
|    learning_rate        | 0.0003     |
|    loss                 | 131        |
|    n_updates            | 28450      |
|    policy_gradient_loss | -0.0085    |
|    std                  | 0.426      |
|    value_loss           | 26.5       |
----------------------------------------
----------------------------------------
| rollout/                |            |
|    ep_len_mean          | 293        |
|    ep_rew_mean          | -21.1      |
| time/                   |            |
|    fps                  | 162        |
|    iterations           | 259        |
|    time_elapsed         | 8184       |
|    total_timesteps      | 14329280   |
| train/                  |            |
|    approx_kl            | 0.08815117 |
|    clip_fraction        | 0.339      |
|    clip_range           | 0.2        |
|    entropy_loss         | -2.17      |
|    explained_variance   | 0.851      |
|    learning_rate        | 0.0003     |
|    loss                 | 0.335      |
|    n_updates            | 28460      |
|    policy_gradient_loss | -0.00888   |
|    std                  | 0.426      |
|    value_loss           | 3.09       |
----------------------------------------
-----------------------------------------
| rollout/                |             |
|    ep_len_mean          | 293         |
|    ep_rew_mean          | -15.8       |
| time/                   |             |
|    fps                  | 162         |
|    iterations           | 260         |
|    time_elapsed         | 8216        |
|    total_timesteps      | 14334400    |
| train/                  |             |
|    approx_kl            | 0.068182155 |
|    clip_fraction        | 0.297       |
|    clip_range           | 0.2         |
|    entropy_loss         | -2.16       |
|    explained_variance   | 0.337       |
|    learning_rate        | 0.0003      |
|    loss                 | 2.27        |
|    n_updates            | 28470       |
|    policy_gradient_loss | -0.00399    |
|    std                  | 0.425       |
|    value_loss           | 127         |
-----------------------------------------
----------------------------------------
| rollout/                |            |
|    ep_len_mean          | 295        |
|    ep_rew_mean          | -14.7      |
| time/                   |            |
|    fps                  | 162        |
|    iterations           | 261        |
|    time_elapsed         | 8246       |
|    total_timesteps      | 14339520   |
| train/                  |            |
|    approx_kl            | 0.15762787 |
|    clip_fraction        | 0.377      |
|    clip_range           | 0.2        |
|    entropy_loss         | -2.16      |
|    explained_variance   | 0.405      |
|    learning_rate        | 0.0003     |
|    loss                 | 0.263      |
|    n_updates            | 28480      |
|    policy_gradient_loss | 0.0169     |
|    std                  | 0.426      |
|    value_loss           | 99         |
----------------------------------------
----------------------------------------
| rollout/                |            |
|    ep_len_mean          | 292        |
|    ep_rew_mean          | -13.7      |
| time/                   |            |
|    fps                  | 162        |
|    iterations           | 262        |
|    time_elapsed         | 8277       |
|    total_timesteps      | 14344640   |
| train/                  |            |
|    approx_kl            | 0.10909686 |
|    clip_fraction        | 0.342      |
|    clip_range           | 0.2        |
|    entropy_loss         | -2.17      |
|    explained_variance   | 0.405      |
|    learning_rate        | 0.0003     |
|    loss                 | 0.039      |
|    n_updates            | 28490      |
|    policy_gradient_loss | 0.00554    |
|    std                  | 0.425      |
|    value_loss           | 75         |
----------------------------------------
----------------------------------------
| rollout/                |            |
|    ep_len_mean          | 291        |
|    ep_rew_mean          | -12.4      |
| time/                   |            |
|    fps                  | 162        |
|    iterations           | 263        |
|    time_elapsed         | 8312       |
|    total_timesteps      | 14349760   |
| train/                  |            |
|    approx_kl            | 0.13949871 |
|    clip_fraction        | 0.448      |
|    clip_range           | 0.2        |
|    entropy_loss         | -2.17      |
|    explained_variance   | 0.862      |
|    learning_rate        | 0.0003     |
|    loss                 | 0.468      |
|    n_updates            | 28500      |
|    policy_gradient_loss | 0.00253    |
|    std                  | 0.425      |
|    value_loss           | 1.94       |
----------------------------------------
Eval num_timesteps=14353200, episode_reward=-5.22 +/- 30.47
Episode length: 342.20 +/- 103.12
----------------------------------------
| eval/                   |            |
|    mean_ep_length       | 342        |
|    mean_reward          | -5.22      |
| time/                   |            |
|    total_timesteps      | 14353200   |
| train/                  |            |
|    approx_kl            | 0.15814699 |
|    clip_fraction        | 0.429      |
|    clip_range           | 0.2        |
|    entropy_loss         | -2.16      |
|    explained_variance   | 0.295      |
|    learning_rate        | 0.0003     |
|    loss                 | 0.668      |
|    n_updates            | 28510      |
|    policy_gradient_loss | 0.0114     |
|    std                  | 0.425      |
|    value_loss           | 71.3       |
----------------------------------------
[episode ends] timestep 14353210: flipped=69 (41%), missed_goal=76 (45%), out_of_bounds=1 (1%), scored=22 (13%)
---------------------------------
| episode_end/       |          |
|    flipped         | 69       |
|    missed_goal     | 76       |
|    out_of_bounds   | 1        |
|    scored          | 22       |
| rollout/           |          |
|    ep_len_mean     | 292      |
|    ep_rew_mean     | -15.5    |
| time/              |          |
|    fps             | 161      |
|    iterations      | 264      |
|    time_elapsed    | 8346     |
|    total_timesteps | 14354880 |
---------------------------------
----------------------------------------
| rollout/                |            |
|    ep_len_mean          | 295        |
|    ep_rew_mean          | -13.2      |
| time/                   |            |
|    fps                  | 161        |
|    iterations           | 265        |
|    time_elapsed         | 8375       |
|    total_timesteps      | 14360000   |
| train/                  |            |
|    approx_kl            | 0.12632395 |
|    clip_fraction        | 0.426      |
|    clip_range           | 0.2        |
|    entropy_loss         | -2.17      |
|    explained_variance   | 0.35       |
|    learning_rate        | 0.0003     |
|    loss                 | 38.7       |
|    n_updates            | 28520      |
|    policy_gradient_loss | 0.015      |
|    std                  | 0.426      |
|    value_loss           | 84         |
----------------------------------------
---------------------------------------
| rollout/                |           |
|    ep_len_mean          | 297       |
|    ep_rew_mean          | -15.4     |
| time/                   |           |
|    fps                  | 162       |
|    iterations           | 266       |
|    time_elapsed         | 8406      |
|    total_timesteps      | 14365120  |
| train/                  |           |
|    approx_kl            | 0.1270625 |
|    clip_fraction        | 0.357     |
|    clip_range           | 0.2       |
|    entropy_loss         | -2.19     |
|    explained_variance   | 0.328     |
|    learning_rate        | 0.0003    |
|    loss                 | 0.0533    |
|    n_updates            | 28530     |
|    policy_gradient_loss | 0.00537   |
|    std                  | 0.43      |
|    value_loss           | 118       |
---------------------------------------
----------------------------------------
| rollout/                |            |
|    ep_len_mean          | 299        |
|    ep_rew_mean          | -17.3      |
| time/                   |            |
|    fps                  | 162        |
|    iterations           | 267        |
|    time_elapsed         | 8435       |
|    total_timesteps      | 14370240   |
| train/                  |            |
|    approx_kl            | 0.12593052 |
|    clip_fraction        | 0.405      |
|    clip_range           | 0.2        |
|    entropy_loss         | -2.21      |
|    explained_variance   | 0.492      |
|    learning_rate        | 0.0003     |
|    loss                 | 0.0735     |
|    n_updates            | 28540      |
|    policy_gradient_loss | 0.00946    |
|    std                  | 0.431      |
|    value_loss           | 46.2       |
----------------------------------------
----------------------------------------
| rollout/                |            |
|    ep_len_mean          | 301        |
|    ep_rew_mean          | -22.6      |
| time/                   |            |
|    fps                  | 162        |
|    iterations           | 268        |
|    time_elapsed         | 8465       |
|    total_timesteps      | 14375360   |
| train/                  |            |
|    approx_kl            | 0.08193536 |
|    clip_fraction        | 0.293      |
|    clip_range           | 0.2        |
|    entropy_loss         | -2.22      |
|    explained_variance   | 0.403      |
|    learning_rate        | 0.0003     |
|    loss                 | 0.444      |
|    n_updates            | 28550      |
|    policy_gradient_loss | -0.00376   |
|    std                  | 0.431      |
|    value_loss           | 85.3       |
----------------------------------------
----------------------------------------
| rollout/                |            |
|    ep_len_mean          | 304        |
|    ep_rew_mean          | -22.9      |
| time/                   |            |
|    fps                  | 162        |
|    iterations           | 269        |
|    time_elapsed         | 8493       |
|    total_timesteps      | 14380480   |
| train/                  |            |
|    approx_kl            | 0.07064799 |
|    clip_fraction        | 0.335      |
|    clip_range           | 0.2        |
|    entropy_loss         | -2.22      |
|    explained_variance   | 0.471      |
|    learning_rate        | 0.0003     |
|    loss                 | 0.39       |
|    n_updates            | 28560      |
|    policy_gradient_loss | -0.00784   |
|    std                  | 0.431      |
|    value_loss           | 98.2       |
----------------------------------------
----------------------------------------
| rollout/                |            |
|    ep_len_mean          | 300        |
|    ep_rew_mean          | -25.1      |
| time/                   |            |
|    fps                  | 162        |
|    iterations           | 270        |
|    time_elapsed         | 8524       |
|    total_timesteps      | 14385600   |
| train/                  |            |
|    approx_kl            | 0.06699981 |
|    clip_fraction        | 0.308      |
|    clip_range           | 0.2        |
|    entropy_loss         | -2.21      |
|    explained_variance   | 0.605      |
|    learning_rate        | 0.0003     |
|    loss                 | 0.235      |
|    n_updates            | 28570      |
|    policy_gradient_loss | 0.00166    |
|    std                  | 0.429      |
|    value_loss           | 33.2       |
----------------------------------------
-----------------------------------------
| rollout/                |             |
|    ep_len_mean          | 294         |
|    ep_rew_mean          | -31         |
| time/                   |             |
|    fps                  | 162         |
|    iterations           | 271         |
|    time_elapsed         | 8554        |
|    total_timesteps      | 14390720    |
| train/                  |             |
|    approx_kl            | 0.119876824 |
|    clip_fraction        | 0.371       |
|    clip_range           | 0.2         |
|    entropy_loss         | -2.2        |
|    explained_variance   | 0.152       |
|    learning_rate        | 0.0003      |
|    loss                 | 899         |
|    n_updates            | 28580       |
|    policy_gradient_loss | 0.00409     |
|    std                  | 0.429       |
|    value_loss           | 331         |
-----------------------------------------
----------------------------------------
| rollout/                |            |
|    ep_len_mean          | 299        |
|    ep_rew_mean          | -31        |
| time/                   |            |
|    fps                  | 162        |
|    iterations           | 272        |
|    time_elapsed         | 8583       |
|    total_timesteps      | 14395840   |
| train/                  |            |
|    approx_kl            | 0.06122282 |
|    clip_fraction        | 0.284      |
|    clip_range           | 0.2        |
|    entropy_loss         | -2.21      |
|    explained_variance   | 0.292      |
|    learning_rate        | 0.0003     |
|    loss                 | 67.7       |
|    n_updates            | 28590      |
|    policy_gradient_loss | -0.00464   |
|    std                  | 0.431      |
|    value_loss           | 105        |
----------------------------------------
-----------------------------------------
| rollout/                |             |
|    ep_len_mean          | 298         |
|    ep_rew_mean          | -29.1       |
| time/                   |             |
|    fps                  | 162         |
|    iterations           | 273         |
|    time_elapsed         | 8612        |
|    total_timesteps      | 14400960    |
| train/                  |             |
|    approx_kl            | 0.058245398 |
|    clip_fraction        | 0.281       |
|    clip_range           | 0.2         |
|    entropy_loss         | -2.22       |
|    explained_variance   | 0.456       |
|    learning_rate        | 0.0003      |
|    loss                 | 10.3        |
|    n_updates            | 28600       |
|    policy_gradient_loss | -0.0025     |
|    std                  | 0.431       |
|    value_loss           | 65.8        |
-----------------------------------------
Eval num_timesteps=14403200, episode_reward=-27.32 +/- 63.53
Episode length: 304.10 +/- 57.30
----------------------------------------
| eval/                   |            |
|    mean_ep_length       | 304        |
|    mean_reward          | -27.3      |
| time/                   |            |
|    total_timesteps      | 14403200   |
| train/                  |            |
|    approx_kl            | 0.13165364 |
|    clip_fraction        | 0.411      |
|    clip_range           | 0.2        |
|    entropy_loss         | -2.22      |
|    explained_variance   | 0.566      |
|    learning_rate        | 0.0003     |
|    loss                 | 0.43       |
|    n_updates            | 28610      |
|    policy_gradient_loss | 0.00884    |
|    std                  | 0.43       |
|    value_loss           | 26.8       |
----------------------------------------
[progress] timestep 14403210
[episode ends] timestep 14403210: flipped=64 (38%), missed_goal=93 (55%), out_of_bounds=3 (2%), scored=8 (5%)
---------------------------------
| episode_end/       |          |
|    flipped         | 64       |
|    missed_goal     | 93       |
|    out_of_bounds   | 3        |
|    scored          | 8        |
| rollout/           |          |
|    ep_len_mean     | 298      |
|    ep_rew_mean     | -26      |
| time/              |          |
|    fps             | 162      |
|    iterations      | 274      |
|    time_elapsed    | 8647     |
|    total_timesteps | 14406080 |
---------------------------------
----------------------------------------
| rollout/                |            |
|    ep_len_mean          | 301        |
|    ep_rew_mean          | -23.6      |
| time/                   |            |
|    fps                  | 162        |
|    iterations           | 275        |
|    time_elapsed         | 8677       |
|    total_timesteps      | 14411200   |
| train/                  |            |
|    approx_kl            | 0.35436046 |
|    clip_fraction        | 0.401      |
|    clip_range           | 0.2        |
|    entropy_loss         | -2.22      |
|    explained_variance   | 0.139      |
|    learning_rate        | 0.0003     |
|    loss                 | 0.567      |
|    n_updates            | 28620      |
|    policy_gradient_loss | 0.0148     |
|    std                  | 0.429      |
|    value_loss           | 103        |
----------------------------------------
---------------------------------------
| rollout/                |           |
|    ep_len_mean          | 303       |
|    ep_rew_mean          | -18.8     |
| time/                   |           |
|    fps                  | 162       |
|    iterations           | 276       |
|    time_elapsed         | 8710      |
|    total_timesteps      | 14416320  |
| train/                  |           |
|    approx_kl            | 0.0604855 |
|    clip_fraction        | 0.281     |
|    clip_range           | 0.2       |
|    entropy_loss         | -2.22     |
|    explained_variance   | 0.601     |
|    learning_rate        | 0.0003    |
|    loss                 | 0.222     |
|    n_updates            | 28630     |
|    policy_gradient_loss | -0.00491  |
|    std                  | 0.431     |
|    value_loss           | 10.2      |
---------------------------------------
-----------------------------------------
| rollout/                |             |
|    ep_len_mean          | 309         |
|    ep_rew_mean          | -11.6       |
| time/                   |             |
|    fps                  | 162         |
|    iterations           | 277         |
|    time_elapsed         | 8737        |
|    total_timesteps      | 14421440    |
| train/                  |             |
|    approx_kl            | 0.083047494 |
|    clip_fraction        | 0.321       |
|    clip_range           | 0.2         |
|    entropy_loss         | -2.23       |
|    explained_variance   | 0.645       |
|    learning_rate        | 0.0003      |
|    loss                 | 51.3        |
|    n_updates            | 28640       |
|    policy_gradient_loss | -0.00456    |
|    std                  | 0.431       |
|    value_loss           | 11.7        |
-----------------------------------------
-----------------------------------------
| rollout/                |             |
|    ep_len_mean          | 313         |
|    ep_rew_mean          | -11.1       |
| time/                   |             |
|    fps                  | 162         |
|    iterations           | 278         |
|    time_elapsed         | 8766        |
|    total_timesteps      | 14426560    |
| train/                  |             |
|    approx_kl            | 0.097892106 |
|    clip_fraction        | 0.389       |
|    clip_range           | 0.2         |
|    entropy_loss         | -2.23       |
|    explained_variance   | 0.836       |
|    learning_rate        | 0.0003      |
|    loss                 | 0.297       |
|    n_updates            | 28650       |
|    policy_gradient_loss | -0.00588    |
|    std                  | 0.431       |
|    value_loss           | 2.83        |
-----------------------------------------
----------------------------------------
| rollout/                |            |
|    ep_len_mean          | 315        |
|    ep_rew_mean          | -9.56      |
| time/                   |            |
|    fps                  | 162        |
|    iterations           | 279        |
|    time_elapsed         | 8793       |
|    total_timesteps      | 14431680   |
| train/                  |            |
|    approx_kl            | 0.27666277 |
|    clip_fraction        | 0.393      |
|    clip_range           | 0.2        |
|    entropy_loss         | -2.23      |
|    explained_variance   | 0.559      |
|    learning_rate        | 0.0003     |
|    loss                 | 1.78       |
|    n_updates            | 28660      |
|    policy_gradient_loss | 0.0074     |
|    std                  | 0.431      |
|    value_loss           | 26.8       |
----------------------------------------
----------------------------------------
| rollout/                |            |
|    ep_len_mean          | 314        |
|    ep_rew_mean          | -11.6      |
| time/                   |            |
|    fps                  | 162        |
|    iterations           | 280        |
|    time_elapsed         | 8823       |
|    total_timesteps      | 14436800   |
| train/                  |            |
|    approx_kl            | 0.15371433 |
|    clip_fraction        | 0.38       |
|    clip_range           | 0.2        |
|    entropy_loss         | -2.23      |
|    explained_variance   | 0.913      |
|    learning_rate        | 0.0003     |
|    loss                 | 0.0974     |
|    n_updates            | 28670      |
|    policy_gradient_loss | -0.00347   |
|    std                  | 0.431      |
|    value_loss           | 1.54       |
----------------------------------------
-----------------------------------------
| rollout/                |             |
|    ep_len_mean          | 318         |
|    ep_rew_mean          | -11.8       |
| time/                   |             |
|    fps                  | 162         |
|    iterations           | 281         |
|    time_elapsed         | 8852        |
|    total_timesteps      | 14441920    |
| train/                  |             |
|    approx_kl            | 0.087353975 |
|    clip_fraction        | 0.307       |
|    clip_range           | 0.2         |
|    entropy_loss         | -2.24       |
|    explained_variance   | 0.872       |
|    learning_rate        | 0.0003      |
|    loss                 | 3.47        |
|    n_updates            | 28680       |
|    policy_gradient_loss | -0.00939    |
|    std                  | 0.433       |
|    value_loss           | 2.59        |
-----------------------------------------
----------------------------------------
| rollout/                |            |
|    ep_len_mean          | 320        |
|    ep_rew_mean          | -11.6      |
| time/                   |            |
|    fps                  | 162        |
|    iterations           | 282        |
|    time_elapsed         | 8881       |
|    total_timesteps      | 14447040   |
| train/                  |            |
|    approx_kl            | 0.09807312 |
|    clip_fraction        | 0.339      |
|    clip_range           | 0.2        |
|    entropy_loss         | -2.24      |
|    explained_variance   | 0.73       |
|    learning_rate        | 0.0003     |
|    loss                 | 0.733      |
|    n_updates            | 28690      |
|    policy_gradient_loss | -0.0056    |
|    std                  | 0.432      |
|    value_loss           | 7.59       |
----------------------------------------
-----------------------------------------
| rollout/                |             |
|    ep_len_mean          | 325         |
|    ep_rew_mean          | -10.5       |
| time/                   |             |
|    fps                  | 162         |
|    iterations           | 283         |
|    time_elapsed         | 8907        |
|    total_timesteps      | 14452160    |
| train/                  |             |
|    approx_kl            | 0.114475764 |
|    clip_fraction        | 0.376       |
|    clip_range           | 0.2         |
|    entropy_loss         | -2.22       |
|    explained_variance   | 0.914       |
|    learning_rate        | 0.0003      |
|    loss                 | -0.00846    |
|    n_updates            | 28700       |
|    policy_gradient_loss | -0.00235    |
|    std                  | 0.429       |
|    value_loss           | 1.83        |
-----------------------------------------
Eval num_timesteps=14453200, episode_reward=5.79 +/- 24.35
Episode length: 323.60 +/- 27.07
----------------------------------------
| eval/                   |            |
|    mean_ep_length       | 324        |
|    mean_reward          | 5.79       |
| time/                   |            |
|    total_timesteps      | 14453200   |
| train/                  |            |
|    approx_kl            | 0.13173474 |
|    clip_fraction        | 0.395      |
|    clip_range           | 0.2        |
|    entropy_loss         | -2.2       |
|    explained_variance   | 0.787      |
|    learning_rate        | 0.0003     |
|    loss                 | -0.0208    |
|    n_updates            | 28710      |
|    policy_gradient_loss | -0.00772   |
|    std                  | 0.429      |
|    value_loss           | 8.01       |
----------------------------------------
[episode ends] timestep 14453210: flipped=68 (43%), missed_goal=79 (50%), out_of_bounds=5 (3%), scored=5 (3%)
---------------------------------
| episode_end/       |          |
|    flipped         | 68       |
|    missed_goal     | 79       |
|    out_of_bounds   | 5        |
|    scored          | 5        |
| rollout/           |          |
|    ep_len_mean     | 323      |
|    ep_rew_mean     | -16.1    |
| time/              |          |
|    fps             | 162      |
|    iterations      | 284      |
|    time_elapsed    | 8942     |
|    total_timesteps | 14457280 |
---------------------------------
----------------------------------------
| rollout/                |            |
|    ep_len_mean          | 324        |
|    ep_rew_mean          | -17.8      |
| time/                   |            |
|    fps                  | 162        |
|    iterations           | 285        |
|    time_elapsed         | 8972       |
|    total_timesteps      | 14462400   |
| train/                  |            |
|    approx_kl            | 0.07389129 |
|    clip_fraction        | 0.354      |
|    clip_range           | 0.2        |
|    entropy_loss         | -2.2       |
|    explained_variance   | 0.257      |
|    learning_rate        | 0.0003     |
|    loss                 | 106        |
|    n_updates            | 28720      |
|    policy_gradient_loss | -5.47e-05  |
|    std                  | 0.428      |
|    value_loss           | 137        |
----------------------------------------
---------------------------------------
| rollout/                |           |
|    ep_len_mean          | 325       |
|    ep_rew_mean          | -20.3     |
| time/                   |           |
|    fps                  | 162       |
|    iterations           | 286       |
|    time_elapsed         | 9000      |
|    total_timesteps      | 14467520  |
| train/                  |           |
|    approx_kl            | 0.0873677 |
|    clip_fraction        | 0.362     |
|    clip_range           | 0.2       |
|    entropy_loss         | -2.2      |
|    explained_variance   | 0.764     |
|    learning_rate        | 0.0003    |
|    loss                 | -0.00371  |
|    n_updates            | 28730     |
|    policy_gradient_loss | -0.00661  |
|    std                  | 0.429     |
|    value_loss           | 5.28      |
---------------------------------------
-----------------------------------------
| rollout/                |             |
|    ep_len_mean          | 324         |
|    ep_rew_mean          | -19.3       |
| time/                   |             |
|    fps                  | 162         |
|    iterations           | 287         |
|    time_elapsed         | 9029        |
|    total_timesteps      | 14472640    |
| train/                  |             |
|    approx_kl            | 0.061114002 |
|    clip_fraction        | 0.33        |
|    clip_range           | 0.2         |
|    entropy_loss         | -2.2        |
|    explained_variance   | 0.414       |
|    learning_rate        | 0.0003      |
|    loss                 | 0.472       |
|    n_updates            | 28740       |
|    policy_gradient_loss | -0.00977    |
|    std                  | 0.428       |
|    value_loss           | 67.1        |
-----------------------------------------
----------------------------------------
| rollout/                |            |
|    ep_len_mean          | 322        |
|    ep_rew_mean          | -19.8      |
| time/                   |            |
|    fps                  | 162        |
|    iterations           | 288        |
|    time_elapsed         | 9056       |
|    total_timesteps      | 14477760   |
| train/                  |            |
|    approx_kl            | 0.10859692 |
|    clip_fraction        | 0.333      |
|    clip_range           | 0.2        |
|    entropy_loss         | -2.18      |
|    explained_variance   | 0.709      |
|    learning_rate        | 0.0003     |
|    loss                 | 0.0444     |
|    n_updates            | 28750      |
|    policy_gradient_loss | -0.00534   |
|    std                  | 0.425      |
|    value_loss           | 11.1       |
----------------------------------------
----------------------------------------
| rollout/                |            |
|    ep_len_mean          | 322        |
|    ep_rew_mean          | -28.3      |
| time/                   |            |
|    fps                  | 162        |
|    iterations           | 289        |
|    time_elapsed         | 9083       |
|    total_timesteps      | 14482880   |
| train/                  |            |
|    approx_kl            | 0.09806561 |
|    clip_fraction        | 0.364      |
|    clip_range           | 0.2        |
|    entropy_loss         | -2.16      |
|    explained_variance   | 0.25       |
|    learning_rate        | 0.0003     |
|    loss                 | -0.00236   |
|    n_updates            | 28760      |
|    policy_gradient_loss | 0.000966   |
|    std                  | 0.423      |
|    value_loss           | 136        |
----------------------------------------
----------------------------------------
| rollout/                |            |
|    ep_len_mean          | 324        |
|    ep_rew_mean          | -27.1      |
| time/                   |            |
|    fps                  | 162        |
|    iterations           | 290        |
|    time_elapsed         | 9114       |
|    total_timesteps      | 14488000   |
| train/                  |            |
|    approx_kl            | 0.07303257 |
|    clip_fraction        | 0.315      |
|    clip_range           | 0.2        |
|    entropy_loss         | -2.16      |
|    explained_variance   | 0.382      |
|    learning_rate        | 0.0003     |
|    loss                 | 0.257      |
|    n_updates            | 28770      |
|    policy_gradient_loss | -0.00816   |
|    std                  | 0.424      |
|    value_loss           | 139        |
----------------------------------------
-----------------------------------------
| rollout/                |             |
|    ep_len_mean          | 322         |
|    ep_rew_mean          | -21.6       |
| time/                   |             |
|    fps                  | 162         |
|    iterations           | 291         |
|    time_elapsed         | 9143        |
|    total_timesteps      | 14493120    |
| train/                  |             |
|    approx_kl            | 0.089079045 |
|    clip_fraction        | 0.326       |
|    clip_range           | 0.2         |
|    entropy_loss         | -2.17       |
|    explained_variance   | 0.466       |
|    learning_rate        | 0.0003      |
|    loss                 | 0.0119      |
|    n_updates            | 28780       |
|    policy_gradient_loss | -0.0063     |
|    std                  | 0.423       |
|    value_loss           | 48          |
-----------------------------------------
----------------------------------------
| rollout/                |            |
|    ep_len_mean          | 318        |
|    ep_rew_mean          | -22.4      |
| time/                   |            |
|    fps                  | 162        |
|    iterations           | 292        |
|    time_elapsed         | 9174       |
|    total_timesteps      | 14498240   |
| train/                  |            |
|    approx_kl            | 0.11882136 |
|    clip_fraction        | 0.392      |
|    clip_range           | 0.2        |
|    entropy_loss         | -2.15      |
|    explained_variance   | 0.918      |
|    learning_rate        | 0.0003     |
|    loss                 | 0.00104    |
|    n_updates            | 28790      |
|    policy_gradient_loss | -0.00184   |
|    std                  | 0.423      |
|    value_loss           | 2.35       |
----------------------------------------
Eval num_timesteps=14503200, episode_reward=-14.07 +/- 40.73
Episode length: 302.50 +/- 35.54
-----------------------------------------
| eval/                   |             |
|    mean_ep_length       | 302         |
|    mean_reward          | -14.1       |
| time/                   |             |
|    total_timesteps      | 14503200    |
| train/                  |             |
|    approx_kl            | 0.096245915 |
|    clip_fraction        | 0.353       |
|    clip_range           | 0.2         |
|    entropy_loss         | -2.16       |
|    explained_variance   | 0.137       |
|    learning_rate        | 0.0003      |
|    loss                 | 1.03        |
|    n_updates            | 28800       |
|    policy_gradient_loss | -0.00229    |
|    std                  | 0.426       |
|    value_loss           | 91          |
-----------------------------------------
[progress] timestep 14503210
[episode ends] timestep 14503210: flipped=61 (39%), missed_goal=93 (59%), out_of_bounds=2 (1%), scored=2 (1%)
---------------------------------
| episode_end/       |          |
|    flipped         | 61       |
|    missed_goal     | 93       |
|    out_of_bounds   | 2        |
|    scored          | 2        |
| rollout/           |          |
|    ep_len_mean     | 317      |
|    ep_rew_mean     | -21.4    |
| time/              |          |
|    fps             | 162      |
|    iterations      | 293      |
|    time_elapsed    | 9211     |
|    total_timesteps | 14503360 |
---------------------------------
-----------------------------------------
| rollout/                |             |
|    ep_len_mean          | 314         |
|    ep_rew_mean          | -22.5       |
| time/                   |             |
|    fps                  | 162         |
|    iterations           | 294         |
|    time_elapsed         | 9243        |
|    total_timesteps      | 14508480    |
| train/                  |             |
|    approx_kl            | 0.073962405 |
|    clip_fraction        | 0.321       |
|    clip_range           | 0.2         |
|    entropy_loss         | -2.17       |
|    explained_variance   | 0.401       |
|    learning_rate        | 0.0003      |
|    loss                 | 0.373       |
|    n_updates            | 28810       |
|    policy_gradient_loss | -0.00185    |
|    std                  | 0.425       |
|    value_loss           | 63.9        |
-----------------------------------------
---------------------------------------
| rollout/                |           |
|    ep_len_mean          | 308       |
|    ep_rew_mean          | -14.3     |
| time/                   |           |
|    fps                  | 162       |
|    iterations           | 295       |
|    time_elapsed         | 9273      |
|    total_timesteps      | 14513600  |
| train/                  |           |
|    approx_kl            | 0.0905558 |
|    clip_fraction        | 0.351     |
|    clip_range           | 0.2       |
|    entropy_loss         | -2.16     |
|    explained_variance   | 0.701     |
|    learning_rate        | 0.0003    |
|    loss                 | 0.0358    |
|    n_updates            | 28820     |
|    policy_gradient_loss | -0.00526  |
|    std                  | 0.424     |
|    value_loss           | 8.32      |
---------------------------------------
---------------------------------------
| rollout/                |           |
|    ep_len_mean          | 301       |
|    ep_rew_mean          | -12.2     |
| time/                   |           |
|    fps                  | 162       |
|    iterations           | 296       |
|    time_elapsed         | 9304      |
|    total_timesteps      | 14518720  |
| train/                  |           |
|    approx_kl            | 0.0730768 |
|    clip_fraction        | 0.292     |
|    clip_range           | 0.2       |
|    entropy_loss         | -2.16     |
|    explained_variance   | 0.563     |
|    learning_rate        | 0.0003    |
|    loss                 | 0.577     |
|    n_updates            | 28830     |
|    policy_gradient_loss | -0.0087   |
|    std                  | 0.424     |
|    value_loss           | 17.5      |
---------------------------------------
-----------------------------------------
| rollout/                |             |
|    ep_len_mean          | 301         |
|    ep_rew_mean          | -9.14       |
| time/                   |             |
|    fps                  | 162         |
|    iterations           | 297         |
|    time_elapsed         | 9333        |
|    total_timesteps      | 14523840    |
| train/                  |             |
|    approx_kl            | 0.050956346 |
|    clip_fraction        | 0.244       |
|    clip_range           | 0.2         |
|    entropy_loss         | -2.16       |
|    explained_variance   | 0.519       |
|    learning_rate        | 0.0003      |
|    loss                 | 2.59        |
|    n_updates            | 28840       |
|    policy_gradient_loss | -0.0117     |
|    std                  | 0.423       |
|    value_loss           | 31.4        |
-----------------------------------------
-----------------------------------------
| rollout/                |             |
|    ep_len_mean          | 308         |
|    ep_rew_mean          | -10.3       |
| time/                   |             |
|    fps                  | 162         |
|    iterations           | 298         |
|    time_elapsed         | 9365        |
|    total_timesteps      | 14528960    |
| train/                  |             |
|    approx_kl            | 0.079727076 |
|    clip_fraction        | 0.322       |
|    clip_range           | 0.2         |
|    entropy_loss         | -2.14       |
|    explained_variance   | 0.882       |
|    learning_rate        | 0.0003      |
|    loss                 | 0.0993      |
|    n_updates            | 28850       |
|    policy_gradient_loss | -0.0138     |
|    std                  | 0.422       |
|    value_loss           | 1.27        |
-----------------------------------------
----------------------------------------
| rollout/                |            |
|    ep_len_mean          | 306        |
|    ep_rew_mean          | -10.8      |
| time/                   |            |
|    fps                  | 162        |
|    iterations           | 299        |
|    time_elapsed         | 9393       |
|    total_timesteps      | 14534080   |
| train/                  |            |
|    approx_kl            | 0.07858348 |
|    clip_fraction        | 0.311      |
|    clip_range           | 0.2        |
|    entropy_loss         | -2.14      |
|    explained_variance   | 0.8        |
|    learning_rate        | 0.0003     |
|    loss                 | 0.015      |
|    n_updates            | 28860      |
|    policy_gradient_loss | -0.00965   |
|    std                  | 0.423      |
|    value_loss           | 10.8       |
----------------------------------------
----------------------------------------
| rollout/                |            |
|    ep_len_mean          | 307        |
|    ep_rew_mean          | -8.01      |
| time/                   |            |
|    fps                  | 162        |
|    iterations           | 300        |
|    time_elapsed         | 9426       |
|    total_timesteps      | 14539200   |
| train/                  |            |
|    approx_kl            | 0.07116636 |
|    clip_fraction        | 0.339      |
|    clip_range           | 0.2        |
|    entropy_loss         | -2.14      |
|    explained_variance   | 0.367      |
|    learning_rate        | 0.0003     |
|    loss                 | 0.554      |
|    n_updates            | 28870      |
|    policy_gradient_loss | -0.0103    |
|    std                  | 0.423      |
|    value_loss           | 65.9       |
----------------------------------------
----------------------------------------
| rollout/                |            |
|    ep_len_mean          | 303        |
|    ep_rew_mean          | -7.67      |
| time/                   |            |
|    fps                  | 162        |
|    iterations           | 301        |
|    time_elapsed         | 9455       |
|    total_timesteps      | 14544320   |
| train/                  |            |
|    approx_kl            | 0.08277061 |
|    clip_fraction        | 0.326      |
|    clip_range           | 0.2        |
|    entropy_loss         | -2.15      |
|    explained_variance   | 0.86       |
|    learning_rate        | 0.0003     |
|    loss                 | -0.00203   |
|    n_updates            | 28880      |
|    policy_gradient_loss | -0.0115    |
|    std                  | 0.424      |
|    value_loss           | 3.18       |
----------------------------------------
-----------------------------------------
| rollout/                |             |
|    ep_len_mean          | 307         |
|    ep_rew_mean          | -14.7       |
| time/                   |             |
|    fps                  | 163         |
|    iterations           | 302         |
|    time_elapsed         | 9484        |
|    total_timesteps      | 14549440    |
| train/                  |             |
|    approx_kl            | 0.082556635 |
|    clip_fraction        | 0.363       |
|    clip_range           | 0.2         |
|    entropy_loss         | -2.15       |
|    explained_variance   | 0.145       |
|    learning_rate        | 0.0003      |
|    loss                 | 0.139       |
|    n_updates            | 28890       |
|    policy_gradient_loss | -0.00604    |
|    std                  | 0.422       |
|    value_loss           | 151         |
-----------------------------------------
Eval num_timesteps=14553200, episode_reward=-31.36 +/- 63.15
Episode length: 259.10 +/- 54.12
---------------------------------------
| eval/                   |           |
|    mean_ep_length       | 259       |
|    mean_reward          | -31.4     |
| time/                   |           |
|    total_timesteps      | 14553200  |
| train/                  |           |
|    approx_kl            | 0.0734905 |
|    clip_fraction        | 0.32      |
|    clip_range           | 0.2       |
|    entropy_loss         | -2.14     |
|    explained_variance   | 0.367     |
|    learning_rate        | 0.0003    |
|    loss                 | 0.118     |
|    n_updates            | 28900     |
|    policy_gradient_loss | -0.00329  |
|    std                  | 0.424     |
|    value_loss           | 67.1      |
---------------------------------------
[episode ends] timestep 14553210: flipped=56 (34%), missed_goal=95 (57%), out_of_bounds=4 (2%), scored=11 (7%)
---------------------------------
| episode_end/       |          |
|    flipped         | 56       |
|    missed_goal     | 95       |
|    out_of_bounds   | 4        |
|    scored          | 11       |
| rollout/           |          |
|    ep_len_mean     | 304      |
|    ep_rew_mean     | -16.7    |
| time/              |          |
|    fps             | 162      |
|    iterations      | 303      |
|    time_elapsed    | 9522     |
|    total_timesteps | 14554560 |
---------------------------------
---------------------------------------
| rollout/                |           |
|    ep_len_mean          | 297       |
|    ep_rew_mean          | -19.2     |
| time/                   |           |
|    fps                  | 162       |
|    iterations           | 304       |
|    time_elapsed         | 9552      |
|    total_timesteps      | 14559680  |
| train/                  |           |
|    approx_kl            | 0.0854406 |
|    clip_fraction        | 0.357     |
|    clip_range           | 0.2       |
|    entropy_loss         | -2.15     |
|    explained_variance   | 0.475     |
|    learning_rate        | 0.0003    |
|    loss                 | 0.477     |
|    n_updates            | 28910     |
|    policy_gradient_loss | -0.00844  |
|    std                  | 0.423     |
|    value_loss           | 45.9      |
---------------------------------------
-----------------------------------------
| rollout/                |             |
|    ep_len_mean          | 292         |
|    ep_rew_mean          | -19.1       |
| time/                   |             |
|    fps                  | 162         |
|    iterations           | 305         |
|    time_elapsed         | 9582        |
|    total_timesteps      | 14564800    |
| train/                  |             |
|    approx_kl            | 0.060281236 |
|    clip_fraction        | 0.29        |
|    clip_range           | 0.2         |
|    entropy_loss         | -2.14       |
|    explained_variance   | 0.356       |
|    learning_rate        | 0.0003      |
|    loss                 | 0.745       |
|    n_updates            | 28920       |
|    policy_gradient_loss | -0.0088     |
|    std                  | 0.423       |
|    value_loss           | 111         |
-----------------------------------------
----------------------------------------
| rollout/                |            |
|    ep_len_mean          | 290        |
|    ep_rew_mean          | -20.8      |
| time/                   |            |
|    fps                  | 162        |
|    iterations           | 306        |
|    time_elapsed         | 9613       |
|    total_timesteps      | 14569920   |
| train/                  |            |
|    approx_kl            | 0.09919424 |
|    clip_fraction        | 0.333      |
|    clip_range           | 0.2        |
|    entropy_loss         | -2.14      |
|    explained_variance   | 0.782      |
|    learning_rate        | 0.0003     |
|    loss                 | 0.465      |
|    n_updates            | 28930      |
|    policy_gradient_loss | -0.00526   |
|    std                  | 0.422      |
|    value_loss           | 9.65       |
----------------------------------------
----------------------------------------
| rollout/                |            |
|    ep_len_mean          | 289        |
|    ep_rew_mean          | -23.3      |
| time/                   |            |
|    fps                  | 162        |
|    iterations           | 307        |
|    time_elapsed         | 9644       |
|    total_timesteps      | 14575040   |
| train/                  |            |
|    approx_kl            | 0.06783965 |
|    clip_fraction        | 0.297      |
|    clip_range           | 0.2        |
|    entropy_loss         | -2.13      |
|    explained_variance   | 0.471      |
|    learning_rate        | 0.0003     |
|    loss                 | 0.71       |
|    n_updates            | 28940      |
|    policy_gradient_loss | -0.00158   |
|    std                  | 0.42       |
|    value_loss           | 47.8       |
----------------------------------------
-----------------------------------------
| rollout/                |             |
|    ep_len_mean          | 286         |
|    ep_rew_mean          | -19.6       |
| time/                   |             |
|    fps                  | 162         |
|    iterations           | 308         |
|    time_elapsed         | 9674        |
|    total_timesteps      | 14580160    |
| train/                  |             |
|    approx_kl            | 0.061782844 |
|    clip_fraction        | 0.241       |
|    clip_range           | 0.2         |
|    entropy_loss         | -2.12       |
|    explained_variance   | 0.344       |
|    learning_rate        | 0.0003      |
|    loss                 | 0.0776      |
|    n_updates            | 28950       |
|    policy_gradient_loss | -0.00167    |
|    std                  | 0.42        |
|    value_loss           | 83.5        |
-----------------------------------------
----------------------------------------
| rollout/                |            |
|    ep_len_mean          | 289        |
|    ep_rew_mean          | -16.8      |
| time/                   |            |
|    fps                  | 162        |
|    iterations           | 309        |
|    time_elapsed         | 9707       |
|    total_timesteps      | 14585280   |
| train/                  |            |
|    approx_kl            | 0.12613636 |
|    clip_fraction        | 0.356      |
|    clip_range           | 0.2        |
|    entropy_loss         | -2.12      |
|    explained_variance   | 0.336      |
|    learning_rate        | 0.0003     |
|    loss                 | 53.2       |
|    n_updates            | 28960      |
|    policy_gradient_loss | 0.00995    |
|    std                  | 0.42       |
|    value_loss           | 129        |
----------------------------------------
-----------------------------------------
| rollout/                |             |
|    ep_len_mean          | 287         |
|    ep_rew_mean          | -11.3       |
| time/                   |             |
|    fps                  | 162         |
|    iterations           | 310         |
|    time_elapsed         | 9740        |
|    total_timesteps      | 14590400    |
| train/                  |             |
|    approx_kl            | 0.097922355 |
|    clip_fraction        | 0.359       |
|    clip_range           | 0.2         |
|    entropy_loss         | -2.1        |
|    explained_variance   | 0.411       |
|    learning_rate        | 0.0003      |
|    loss                 | 164         |
|    n_updates            | 28970       |
|    policy_gradient_loss | 0.0101      |
|    std                  | 0.416       |
|    value_loss           | 36.6        |
-----------------------------------------
----------------------------------------
| rollout/                |            |
|    ep_len_mean          | 285        |
|    ep_rew_mean          | -10.7      |
| time/                   |            |
|    fps                  | 162        |
|    iterations           | 311        |
|    time_elapsed         | 9771       |
|    total_timesteps      | 14595520   |
| train/                  |            |
|    approx_kl            | 0.08776826 |
|    clip_fraction        | 0.326      |
|    clip_range           | 0.2        |
|    entropy_loss         | -2.08      |
|    explained_variance   | 0.473      |
|    learning_rate        | 0.0003     |
|    loss                 | 18.3       |
|    n_updates            | 28980      |
|    policy_gradient_loss | -0.00684   |
|    std                  | 0.414      |
|    value_loss           | 57         |
----------------------------------------
----------------------------------------
| rollout/                |            |
|    ep_len_mean          | 286        |
|    ep_rew_mean          | -10.1      |
| time/                   |            |
|    fps                  | 162        |
|    iterations           | 312        |
|    time_elapsed         | 9803       |
|    total_timesteps      | 14600640   |
| train/                  |            |
|    approx_kl            | 0.07775946 |
|    clip_fraction        | 0.343      |
|    clip_range           | 0.2        |
|    entropy_loss         | -2.07      |
|    explained_variance   | 0.665      |
|    learning_rate        | 0.0003     |
|    loss                 | 0.306      |
|    n_updates            | 28990      |
|    policy_gradient_loss | -0.00177   |
|    std                  | 0.415      |
|    value_loss           | 25.4       |
----------------------------------------
Eval num_timesteps=14603200, episode_reward=-5.71 +/- 34.33
Episode length: 267.60 +/- 55.68
---------------------------------------
| eval/                   |           |
|    mean_ep_length       | 268       |
|    mean_reward          | -5.71     |
| time/                   |           |
|    total_timesteps      | 14603200  |
| train/                  |           |
|    approx_kl            | 0.0717413 |
|    clip_fraction        | 0.358     |
|    clip_range           | 0.2       |
|    entropy_loss         | -2.08     |
|    explained_variance   | 0.531     |
|    learning_rate        | 0.0003    |
|    loss                 | 0.413     |
|    n_updates            | 29000     |
|    policy_gradient_loss | 0.0142    |
|    std                  | 0.416     |
|    value_loss           | 54.3      |
---------------------------------------
[progress] timestep 14603210
[episode ends] timestep 14603210: flipped=66 (38%), missed_goal=84 (49%), out_of_bounds=1 (1%), scored=21 (12%)
---------------------------------
| episode_end/       |          |
|    flipped         | 66       |
|    missed_goal     | 84       |
|    out_of_bounds   | 1        |
|    scored          | 21       |
| rollout/           |          |
|    ep_len_mean     | 288      |
|    ep_rew_mean     | -7.88    |
| time/              |          |
|    fps             | 162      |
|    iterations      | 313      |
|    time_elapsed    | 9839     |
|    total_timesteps | 14605760 |
---------------------------------
-----------------------------------------
| rollout/                |             |
|    ep_len_mean          | 286         |
|    ep_rew_mean          | -2.58       |
| time/                   |             |
|    fps                  | 162         |
|    iterations           | 314         |
|    time_elapsed         | 9869        |
|    total_timesteps      | 14610880    |
| train/                  |             |
|    approx_kl            | 0.073032215 |
|    clip_fraction        | 0.306       |
|    clip_range           | 0.2         |
|    entropy_loss         | -2.09       |
|    explained_variance   | 0.808       |
|    learning_rate        | 0.0003      |
|    loss                 | 0.238       |
|    n_updates            | 29010       |
|    policy_gradient_loss | -0.0013     |
|    std                  | 0.416       |
|    value_loss           | 19.8        |
-----------------------------------------
----------------------------------------
| rollout/                |            |
|    ep_len_mean          | 283        |
|    ep_rew_mean          | -5.33      |
| time/                   |            |
|    fps                  | 162        |
|    iterations           | 315        |
|    time_elapsed         | 9898       |
|    total_timesteps      | 14616000   |
| train/                  |            |
|    approx_kl            | 0.05609552 |
|    clip_fraction        | 0.257      |
|    clip_range           | 0.2        |
|    entropy_loss         | -2.09      |
|    explained_variance   | 0.522      |
|    learning_rate        | 0.0003     |
|    loss                 | 0.968      |
|    n_updates            | 29020      |
|    policy_gradient_loss | -0.00536   |
|    std                  | 0.416      |
|    value_loss           | 41.3       |
----------------------------------------
-----------------------------------------
| rollout/                |             |
|    ep_len_mean          | 285         |
|    ep_rew_mean          | -8.1        |
| time/                   |             |
|    fps                  | 162         |
|    iterations           | 316         |
|    time_elapsed         | 9928        |
|    total_timesteps      | 14621120    |
| train/                  |             |
|    approx_kl            | 0.047089502 |
|    clip_fraction        | 0.185       |
|    clip_range           | 0.2         |
|    entropy_loss         | -2.08       |
|    explained_variance   | 0.386       |
|    learning_rate        | 0.0003      |
|    loss                 | 0.403       |
|    n_updates            | 29030       |
|    policy_gradient_loss | -0.00942    |
|    std                  | 0.416       |
|    value_loss           | 107         |
-----------------------------------------
----------------------------------------
| rollout/                |            |
|    ep_len_mean          | 287        |
|    ep_rew_mean          | -10.9      |
| time/                   |            |
|    fps                  | 162        |
|    iterations           | 317        |
|    time_elapsed         | 9958       |
|    total_timesteps      | 14626240   |
| train/                  |            |
|    approx_kl            | 0.11471225 |
|    clip_fraction        | 0.292      |
|    clip_range           | 0.2        |
|    entropy_loss         | -2.09      |
|    explained_variance   | 0.518      |
|    learning_rate        | 0.0003     |
|    loss                 | 0.365      |
|    n_updates            | 29040      |
|    policy_gradient_loss | 0.00696    |
|    std                  | 0.417      |
|    value_loss           | 42.3       |
----------------------------------------
----------------------------------------
| rollout/                |            |
|    ep_len_mean          | 282        |
|    ep_rew_mean          | -13.6      |
| time/                   |            |
|    fps                  | 162        |
|    iterations           | 318        |
|    time_elapsed         | 9988       |
|    total_timesteps      | 14631360   |
| train/                  |            |
|    approx_kl            | 0.05454554 |
|    clip_fraction        | 0.265      |
|    clip_range           | 0.2        |
|    entropy_loss         | -2.09      |
|    explained_variance   | 0.295      |
|    learning_rate        | 0.0003     |
|    loss                 | 0.582      |
|    n_updates            | 29050      |
|    policy_gradient_loss | -0.00755   |
|    std                  | 0.417      |
|    value_loss           | 84         |
----------------------------------------
-----------------------------------------
| rollout/                |             |
|    ep_len_mean          | 278         |
|    ep_rew_mean          | -18.4       |
| time/                   |             |
|    fps                  | 163         |
|    iterations           | 319         |
|    time_elapsed         | 10017       |
|    total_timesteps      | 14636480    |
| train/                  |             |
|    approx_kl            | 0.049749255 |
|    clip_fraction        | 0.187       |
|    clip_range           | 0.2         |
|    entropy_loss         | -2.09       |
|    explained_variance   | 0.29        |
|    learning_rate        | 0.0003      |
|    loss                 | 0.364       |
|    n_updates            | 29060       |
|    policy_gradient_loss | -0.013      |
|    std                  | 0.416       |
|    value_loss           | 139         |
-----------------------------------------
----------------------------------------
| rollout/                |            |
|    ep_len_mean          | 279        |
|    ep_rew_mean          | -13.1      |
| time/                   |            |
|    fps                  | 163        |
|    iterations           | 320        |
|    time_elapsed         | 10048      |
|    total_timesteps      | 14641600   |
| train/                  |            |
|    approx_kl            | 0.10460327 |
|    clip_fraction        | 0.346      |
|    clip_range           | 0.2        |
|    entropy_loss         | -2.08      |
|    explained_variance   | 0.636      |
|    learning_rate        | 0.0003     |
|    loss                 | 9.83       |
|    n_updates            | 29070      |
|    policy_gradient_loss | 0.00405    |
|    std                  | 0.416      |
|    value_loss           | 32.8       |
----------------------------------------
----------------------------------------
| rollout/                |            |
|    ep_len_mean          | 278        |
|    ep_rew_mean          | -14        |
| time/                   |            |
|    fps                  | 163        |
|    iterations           | 321        |
|    time_elapsed         | 10079      |
|    total_timesteps      | 14646720   |
| train/                  |            |
|    approx_kl            | 0.12994057 |
|    clip_fraction        | 0.357      |
|    clip_range           | 0.2        |
|    entropy_loss         | -2.08      |
|    explained_variance   | 0.66       |
|    learning_rate        | 0.0003     |
|    loss                 | 0.165      |
|    n_updates            | 29080      |
|    policy_gradient_loss | 0.00307    |
|    std                  | 0.416      |
|    value_loss           | 12.3       |
----------------------------------------
-----------------------------------------
| rollout/                |             |
|    ep_len_mean          | 278         |
|    ep_rew_mean          | -15.8       |
| time/                   |             |
|    fps                  | 163         |
|    iterations           | 322         |
|    time_elapsed         | 10109       |
|    total_timesteps      | 14651840    |
| train/                  |             |
|    approx_kl            | 0.068445854 |
|    clip_fraction        | 0.321       |
|    clip_range           | 0.2         |
|    entropy_loss         | -2.08       |
|    explained_variance   | 0.255       |
|    learning_rate        | 0.0003      |
|    loss                 | 1.58        |
|    n_updates            | 29090       |
|    policy_gradient_loss | -0.00148    |
|    std                  | 0.415       |
|    value_loss           | 152         |
-----------------------------------------
Eval num_timesteps=14653200, episode_reward=2.59 +/- 37.16
Episode length: 292.20 +/- 77.90
-----------------------------------------
| eval/                   |             |
|    mean_ep_length       | 292         |
|    mean_reward          | 2.59        |
| time/                   |             |
|    total_timesteps      | 14653200    |
| train/                  |             |
|    approx_kl            | 0.056340236 |
|    clip_fraction        | 0.297       |
|    clip_range           | 0.2         |
|    entropy_loss         | -2.06       |
|    explained_variance   | 0.361       |
|    learning_rate        | 0.0003      |
|    loss                 | 0.388       |
|    n_updates            | 29100       |
|    policy_gradient_loss | 0.00251     |
|    std                  | 0.414       |
|    value_loss           | 78          |
-----------------------------------------
[episode ends] timestep 14653210: flipped=67 (37%), missed_goal=76 (42%), out_of_bounds=4 (2%), scored=32 (18%)
---------------------------------
| episode_end/       |          |
|    flipped         | 67       |
|    missed_goal     | 76       |
|    out_of_bounds   | 4        |
|    scored          | 32       |
| rollout/           |          |
|    ep_len_mean     | 276      |
|    ep_rew_mean     | -16.7    |
| time/              |          |
|    fps             | 163      |
|    iterations      | 323      |
|    time_elapsed    | 10145    |
|    total_timesteps | 14656960 |
---------------------------------
----------------------------------------
| rollout/                |            |
|    ep_len_mean          | 273        |
|    ep_rew_mean          | -9.84      |
| time/                   |            |
|    fps                  | 163        |
|    iterations           | 324        |
|    time_elapsed         | 10176      |
|    total_timesteps      | 14662080   |
| train/                  |            |
|    approx_kl            | 0.10335084 |
|    clip_fraction        | 0.286      |
|    clip_range           | 0.2        |
|    entropy_loss         | -2.05      |
|    explained_variance   | 0.303      |
|    learning_rate        | 0.0003     |
|    loss                 | 0.15       |
|    n_updates            | 29110      |
|    policy_gradient_loss | -0.00326   |
|    std                  | 0.412      |
|    value_loss           | 101        |
----------------------------------------
-----------------------------------------
| rollout/                |             |
|    ep_len_mean          | 274         |
|    ep_rew_mean          | -14.4       |
| time/                   |             |
|    fps                  | 163         |
|    iterations           | 325         |
|    time_elapsed         | 10206       |
|    total_timesteps      | 14667200    |
| train/                  |             |
|    approx_kl            | 0.085329354 |
|    clip_fraction        | 0.325       |
|    clip_range           | 0.2         |
|    entropy_loss         | -2.05       |
|    explained_variance   | 0.681       |
|    learning_rate        | 0.0003      |
|    loss                 | 2.52        |
|    n_updates            | 29120       |
|    policy_gradient_loss | -0.00304    |
|    std                  | 0.413       |
|    value_loss           | 12.4        |
-----------------------------------------
-----------------------------------------
| rollout/                |             |
|    ep_len_mean          | 268         |
|    ep_rew_mean          | -13.5       |
| time/                   |             |
|    fps                  | 163         |
|    iterations           | 326         |
|    time_elapsed         | 10238       |
|    total_timesteps      | 14672320    |
| train/                  |             |
|    approx_kl            | 0.074088946 |
|    clip_fraction        | 0.332       |
|    clip_range           | 0.2         |
|    entropy_loss         | -2.04       |
|    explained_variance   | 0.434       |
|    learning_rate        | 0.0003      |
|    loss                 | 0.691       |
|    n_updates            | 29130       |
|    policy_gradient_loss | -0.00271    |
|    std                  | 0.41        |
|    value_loss           | 59.6        |
-----------------------------------------
----------------------------------------
| rollout/                |            |
|    ep_len_mean          | 265        |
|    ep_rew_mean          | -10.7      |
| time/                   |            |
|    fps                  | 163        |
|    iterations           | 327        |
|    time_elapsed         | 10269      |
|    total_timesteps      | 14677440   |
| train/                  |            |
|    approx_kl            | 0.11599493 |
|    clip_fraction        | 0.322      |
|    clip_range           | 0.2        |
|    entropy_loss         | -2.02      |
|    explained_variance   | 0.399      |
|    learning_rate        | 0.0003     |
|    loss                 | 3.2        |
|    n_updates            | 29140      |
|    policy_gradient_loss | 0.00384    |
|    std                  | 0.409      |
|    value_loss           | 69.6       |
----------------------------------------
----------------------------------------
| rollout/                |            |
|    ep_len_mean          | 266        |
|    ep_rew_mean          | -4.39      |
| time/                   |            |
|    fps                  | 163        |
|    iterations           | 328        |
|    time_elapsed         | 10302      |
|    total_timesteps      | 14682560   |
| train/                  |            |
|    approx_kl            | 0.19411542 |
|    clip_fraction        | 0.419      |
|    clip_range           | 0.2        |
|    entropy_loss         | -2.02      |
|    explained_variance   | 0.47       |
|    learning_rate        | 0.0003     |
|    loss                 | 23.6       |
|    n_updates            | 29150      |
|    policy_gradient_loss | 0.0191     |
|    std                  | 0.409      |
|    value_loss           | 69.1       |
----------------------------------------
----------------------------------------
| rollout/                |            |
|    ep_len_mean          | 265        |
|    ep_rew_mean          | -8.63      |
| time/                   |            |
|    fps                  | 162        |
|    iterations           | 329        |
|    time_elapsed         | 10334      |
|    total_timesteps      | 14687680   |
| train/                  |            |
|    approx_kl            | 0.09552599 |
|    clip_fraction        | 0.374      |
|    clip_range           | 0.2        |
|    entropy_loss         | -2.02      |
|    explained_variance   | 0.468      |
|    learning_rate        | 0.0003     |
|    loss                 | 84.6       |
|    n_updates            | 29160      |
|    policy_gradient_loss | 0.0198     |
|    std                  | 0.411      |
|    value_loss           | 57.6       |
----------------------------------------
----------------------------------------
| rollout/                |            |
|    ep_len_mean          | 257        |
|    ep_rew_mean          | -8.52      |
| time/                   |            |
|    fps                  | 163        |
|    iterations           | 330        |
|    time_elapsed         | 10364      |
|    total_timesteps      | 14692800   |
| train/                  |            |
|    approx_kl            | 0.18782306 |
|    clip_fraction        | 0.282      |
|    clip_range           | 0.2        |
|    entropy_loss         | -2.03      |
|    explained_variance   | 0.386      |
|    learning_rate        | 0.0003     |
|    loss                 | 9.13       |
|    n_updates            | 29170      |
|    policy_gradient_loss | 0.00342    |
|    std                  | 0.409      |
|    value_loss           | 73.8       |
----------------------------------------
----------------------------------------
| rollout/                |            |
|    ep_len_mean          | 264        |
|    ep_rew_mean          | -2.81      |
| time/                   |            |
|    fps                  | 162        |
|    iterations           | 331        |
|    time_elapsed         | 10397      |
|    total_timesteps      | 14697920   |
| train/                  |            |
|    approx_kl            | 0.12162391 |
|    clip_fraction        | 0.262      |
|    clip_range           | 0.2        |
|    entropy_loss         | -2.02      |
|    explained_variance   | 0.371      |
|    learning_rate        | 0.0003     |
|    loss                 | 1.86       |
|    n_updates            | 29180      |
|    policy_gradient_loss | 0.00511    |
|    std                  | 0.409      |
|    value_loss           | 127        |
----------------------------------------
----------------------------------------
| rollout/                |            |
|    ep_len_mean          | 260        |
|    ep_rew_mean          | -5.93      |
| time/                   |            |
|    fps                  | 162        |
|    iterations           | 332        |
|    time_elapsed         | 10428      |
|    total_timesteps      | 14703040   |
| train/                  |            |
|    approx_kl            | 0.19606239 |
|    clip_fraction        | 0.363      |
|    clip_range           | 0.2        |
|    entropy_loss         | -2.02      |
|    explained_variance   | 0.567      |
|    learning_rate        | 0.0003     |
|    loss                 | 2.67       |
|    n_updates            | 29190      |
|    policy_gradient_loss | 0.0177     |
|    std                  | 0.409      |
|    value_loss           | 29.3       |
----------------------------------------
Eval num_timesteps=14703200, episode_reward=-68.15 +/- 76.67
Episode length: 291.70 +/- 16.32
-----------------------------------------
| eval/                   |             |
|    mean_ep_length       | 292         |
|    mean_reward          | -68.2       |
| time/                   |             |
|    total_timesteps      | 14703200    |
| train/                  |             |
|    approx_kl            | 0.031832453 |
|    clip_fraction        | 0.22        |
|    clip_range           | 0.2         |
|    entropy_loss         | -2.02       |
|    explained_variance   | 0.445       |
|    learning_rate        | 0.0003      |
|    loss                 | 1.71        |
|    n_updates            | 29200       |
|    policy_gradient_loss | -0.01       |
|    std                  | 0.409       |
|    value_loss           | 32.1        |
-----------------------------------------
[progress] timestep 14703210
[episode ends] timestep 14703210: flipped=91 (48%), missed_goal=52 (27%), out_of_bounds=3 (2%), scored=44 (23%)
---------------------------------
| episode_end/       |          |
|    flipped         | 91       |
|    missed_goal     | 52       |
|    out_of_bounds   | 3        |
|    scored          | 44       |
| rollout/           |          |
|    ep_len_mean     | 262      |
|    ep_rew_mean     | -3.67    |
| time/              |          |
|    fps             | 162      |
|    iterations      | 333      |
|    time_elapsed    | 10464    |
|    total_timesteps | 14708160 |
---------------------------------
-----------------------------------------
| rollout/                |             |
|    ep_len_mean          | 259         |
|    ep_rew_mean          | -4.97       |
| time/                   |             |
|    fps                  | 162         |
|    iterations           | 334         |
|    time_elapsed         | 10498       |
|    total_timesteps      | 14713280    |
| train/                  |             |
|    approx_kl            | 0.053739704 |
|    clip_fraction        | 0.267       |
|    clip_range           | 0.2         |
|    entropy_loss         | -2.02       |
|    explained_variance   | 0.6         |
|    learning_rate        | 0.0003      |
|    loss                 | 49.7        |
|    n_updates            | 29210       |
|    policy_gradient_loss | 0.00129     |
|    std                  | 0.41        |
|    value_loss           | 31.2        |
-----------------------------------------
-----------------------------------------
| rollout/                |             |
|    ep_len_mean          | 259         |
|    ep_rew_mean          | -5.12       |
| time/                   |             |
|    fps                  | 162         |
|    iterations           | 335         |
|    time_elapsed         | 10533       |
|    total_timesteps      | 14718400    |
| train/                  |             |
|    approx_kl            | 0.087419435 |
|    clip_fraction        | 0.32        |
|    clip_range           | 0.2         |
|    entropy_loss         | -2.02       |
|    explained_variance   | 0.424       |
|    learning_rate        | 0.0003      |
|    loss                 | 1.93        |
|    n_updates            | 29220       |
|    policy_gradient_loss | -0.00431    |
|    std                  | 0.409       |
|    value_loss           | 125         |
-----------------------------------------
----------------------------------------
| rollout/                |            |
|    ep_len_mean          | 250        |
|    ep_rew_mean          | -11.2      |
| time/                   |            |
|    fps                  | 162        |
|    iterations           | 336        |
|    time_elapsed         | 10565      |
|    total_timesteps      | 14723520   |
| train/                  |            |
|    approx_kl            | 0.12588184 |
|    clip_fraction        | 0.394      |
|    clip_range           | 0.2        |
|    entropy_loss         | -2.02      |
|    explained_variance   | 0.668      |
|    learning_rate        | 0.0003     |
|    loss                 | 0.504      |
|    n_updates            | 29230      |
|    policy_gradient_loss | 0.0112     |
|    std                  | 0.408      |
|    value_loss           | 17.7       |
----------------------------------------
----------------------------------------
| rollout/                |            |
|    ep_len_mean          | 241        |
|    ep_rew_mean          | -16.2      |
| time/                   |            |
|    fps                  | 162        |
|    iterations           | 337        |
|    time_elapsed         | 10600      |
|    total_timesteps      | 14728640   |
| train/                  |            |
|    approx_kl            | 0.14845546 |
|    clip_fraction        | 0.447      |
|    clip_range           | 0.2        |
|    entropy_loss         | -2.02      |
|    explained_variance   | 0.316      |
|    learning_rate        | 0.0003     |
|    loss                 | 0.0121     |
|    n_updates            | 29240      |
|    policy_gradient_loss | 0.0152     |
|    std                  | 0.408      |
|    value_loss           | 127        |
----------------------------------------
----------------------------------------
| rollout/                |            |
|    ep_len_mean          | 239        |
|    ep_rew_mean          | -21.2      |
| time/                   |            |
|    fps                  | 162        |
|    iterations           | 338        |
|    time_elapsed         | 10632      |
|    total_timesteps      | 14733760   |
| train/                  |            |
|    approx_kl            | 0.09507661 |
|    clip_fraction        | 0.381      |
|    clip_range           | 0.2        |
|    entropy_loss         | -2.01      |
|    explained_variance   | 0.536      |
|    learning_rate        | 0.0003     |
|    loss                 | 17.3       |
|    n_updates            | 29250      |
|    policy_gradient_loss | 0.00633    |
|    std                  | 0.406      |
|    value_loss           | 29.8       |
----------------------------------------
----------------------------------------
| rollout/                |            |
|    ep_len_mean          | 232        |
|    ep_rew_mean          | -21        |
| time/                   |            |
|    fps                  | 162        |
|    iterations           | 339        |
|    time_elapsed         | 10664      |
|    total_timesteps      | 14738880   |
| train/                  |            |
|    approx_kl            | 0.07728116 |
|    clip_fraction        | 0.286      |
|    clip_range           | 0.2        |
|    entropy_loss         | -1.99      |
|    explained_variance   | 0.248      |
|    learning_rate        | 0.0003     |
|    loss                 | 0.787      |
|    n_updates            | 29260      |
|    policy_gradient_loss | 0.00263    |
|    std                  | 0.406      |
|    value_loss           | 129        |
----------------------------------------
----------------------------------------
| rollout/                |            |
|    ep_len_mean          | 230        |
|    ep_rew_mean          | -18.9      |
| time/                   |            |
|    fps                  | 162        |
|    iterations           | 340        |
|    time_elapsed         | 10698      |
|    total_timesteps      | 14744000   |
| train/                  |            |
|    approx_kl            | 0.07444402 |
|    clip_fraction        | 0.33       |
|    clip_range           | 0.2        |
|    entropy_loss         | -2         |
|    explained_variance   | 0.337      |
|    learning_rate        | 0.0003     |
|    loss                 | 0.499      |
|    n_updates            | 29270      |
|    policy_gradient_loss | -0.000219  |
|    std                  | 0.407      |
|    value_loss           | 139        |
----------------------------------------
----------------------------------------
| rollout/                |            |
|    ep_len_mean          | 237        |
|    ep_rew_mean          | -14.4      |
| time/                   |            |
|    fps                  | 162        |
|    iterations           | 341        |
|    time_elapsed         | 10728      |
|    total_timesteps      | 14749120   |
| train/                  |            |
|    approx_kl            | 0.32295224 |
|    clip_fraction        | 0.459      |
|    clip_range           | 0.2        |
|    entropy_loss         | -2.01      |
|    explained_variance   | 0.641      |
|    learning_rate        | 0.0003     |
|    loss                 | 0.151      |
|    n_updates            | 29280      |
|    policy_gradient_loss | 0.0227     |
|    std                  | 0.408      |
|    value_loss           | 11.3       |
----------------------------------------
Eval num_timesteps=14753200, episode_reward=-8.76 +/- 47.33
Episode length: 274.30 +/- 62.06
----------------------------------------
| eval/                   |            |
|    mean_ep_length       | 274        |
|    mean_reward          | -8.76      |
| time/                   |            |
|    total_timesteps      | 14753200   |
| train/                  |            |
|    approx_kl            | 0.03470192 |
|    clip_fraction        | 0.261      |
|    clip_range           | 0.2        |
|    entropy_loss         | -2.01      |
|    explained_variance   | 0.433      |
|    learning_rate        | 0.0003     |
|    loss                 | 31.6       |
|    n_updates            | 29290      |
|    policy_gradient_loss | -0.00317   |
|    std                  | 0.407      |
|    value_loss           | 45.6       |
----------------------------------------
[episode ends] timestep 14753210: flipped=121 (58%), missed_goal=58 (28%), scored=31 (15%)
---------------------------------
| episode_end/       |          |
|    flipped         | 121      |
|    missed_goal     | 58       |
|    scored          | 31       |
| rollout/           |          |
|    ep_len_mean     | 239      |
|    ep_rew_mean     | -11.7    |
| time/              |          |
|    fps             | 162      |
|    iterations      | 342      |
|    time_elapsed    | 10764    |
|    total_timesteps | 14754240 |
---------------------------------
----------------------------------------
| rollout/                |            |
|    ep_len_mean          | 240        |
|    ep_rew_mean          | -12.6      |
| time/                   |            |
|    fps                  | 162        |
|    iterations           | 343        |
|    time_elapsed         | 10796      |
|    total_timesteps      | 14759360   |
| train/                  |            |
|    approx_kl            | 0.19604404 |
|    clip_fraction        | 0.369      |
|    clip_range           | 0.2        |
|    entropy_loss         | -2.01      |
|    explained_variance   | 0.39       |
|    learning_rate        | 0.0003     |
|    loss                 | 0.343      |
|    n_updates            | 29300      |
|    policy_gradient_loss | 0.00643    |
|    std                  | 0.408      |
|    value_loss           | 71.9       |
----------------------------------------
-----------------------------------------
| rollout/                |             |
|    ep_len_mean          | 249         |
|    ep_rew_mean          | -6.83       |
| time/                   |             |
|    fps                  | 162         |
|    iterations           | 344         |
|    time_elapsed         | 10830       |
|    total_timesteps      | 14764480    |
| train/                  |             |
|    approx_kl            | 0.102998175 |
|    clip_fraction        | 0.321       |
|    clip_range           | 0.2         |
|    entropy_loss         | -2.02       |
|    explained_variance   | 0.536       |
|    learning_rate        | 0.0003      |
|    loss                 | 2.29        |
|    n_updates            | 29310       |
|    policy_gradient_loss | -0.00518    |
|    std                  | 0.409       |
|    value_loss           | 69.7        |
-----------------------------------------
----------------------------------------
| rollout/                |            |
|    ep_len_mean          | 253        |
|    ep_rew_mean          | -13.5      |
| time/                   |            |
|    fps                  | 162        |
|    iterations           | 345        |
|    time_elapsed         | 10865      |
|    total_timesteps      | 14769600   |
| train/                  |            |
|    approx_kl            | 0.11621783 |
|    clip_fraction        | 0.382      |
|    clip_range           | 0.2        |
|    entropy_loss         | -2.02      |
|    explained_variance   | 0.348      |
|    learning_rate        | 0.0003     |
|    loss                 | 0.596      |
|    n_updates            | 29320      |
|    policy_gradient_loss | 0.011      |
|    std                  | 0.408      |
|    value_loss           | 36.3       |
----------------------------------------
----------------------------------------
| rollout/                |            |
|    ep_len_mean          | 259        |
|    ep_rew_mean          | -13        |
| time/                   |            |
|    fps                  | 162        |
|    iterations           | 346        |
|    time_elapsed         | 10895      |
|    total_timesteps      | 14774720   |
| train/                  |            |
|    approx_kl            | 0.19210893 |
|    clip_fraction        | 0.291      |
|    clip_range           | 0.2        |
|    entropy_loss         | -2.02      |
|    explained_variance   | 0.082      |
|    learning_rate        | 0.0003     |
|    loss                 | 3.51       |
|    n_updates            | 29330      |
|    policy_gradient_loss | 0.00233    |
|    std                  | 0.407      |
|    value_loss           | 110        |
----------------------------------------
----------------------------------------
| rollout/                |            |
|    ep_len_mean          | 267        |
|    ep_rew_mean          | -10.5      |
| time/                   |            |
|    fps                  | 162        |
|    iterations           | 347        |
|    time_elapsed         | 10927      |
|    total_timesteps      | 14779840   |
| train/                  |            |
|    approx_kl            | 0.20242274 |
|    clip_fraction        | 0.412      |
|    clip_range           | 0.2        |
|    entropy_loss         | -2.02      |
|    explained_variance   | 0.374      |
|    learning_rate        | 0.0003     |
|    loss                 | 1.04       |
|    n_updates            | 29340      |
|    policy_gradient_loss | 0.00905    |
|    std                  | 0.409      |
|    value_loss           | 38.8       |
----------------------------------------
----------------------------------------
| rollout/                |            |
|    ep_len_mean          | 279        |
|    ep_rew_mean          | -11.8      |
| time/                   |            |
|    fps                  | 162        |
|    iterations           | 348        |
|    time_elapsed         | 10957      |
|    total_timesteps      | 14784960   |
| train/                  |            |
|    approx_kl            | 0.22246306 |
|    clip_fraction        | 0.416      |
|    clip_range           | 0.2        |
|    entropy_loss         | -2.04      |
|    explained_variance   | 0.833      |
|    learning_rate        | 0.0003     |
|    loss                 | 0.228      |
|    n_updates            | 29350      |
|    policy_gradient_loss | 0.0134     |
|    std                  | 0.41       |
|    value_loss           | 5.08       |
----------------------------------------
----------------------------------------
| rollout/                |            |
|    ep_len_mean          | 285        |
|    ep_rew_mean          | -14        |
| time/                   |            |
|    fps                  | 162        |
|    iterations           | 349        |
|    time_elapsed         | 10988      |
|    total_timesteps      | 14790080   |
| train/                  |            |
|    approx_kl            | 0.21335769 |
|    clip_fraction        | 0.395      |
|    clip_range           | 0.2        |
|    entropy_loss         | -2.05      |
|    explained_variance   | 0.345      |
|    learning_rate        | 0.0003     |
|    loss                 | 3.69       |
|    n_updates            | 29360      |
|    policy_gradient_loss | 0.0111     |
|    std                  | 0.411      |
|    value_loss           | 80.3       |
----------------------------------------
----------------------------------------
| rollout/                |            |
|    ep_len_mean          | 292        |
|    ep_rew_mean          | -12.5      |
| time/                   |            |
|    fps                  | 162        |
|    iterations           | 350        |
|    time_elapsed         | 11020      |
|    total_timesteps      | 14795200   |
| train/                  |            |
|    approx_kl            | 0.14795738 |
|    clip_fraction        | 0.352      |
|    clip_range           | 0.2        |
|    entropy_loss         | -2.06      |
|    explained_variance   | 0.277      |
|    learning_rate        | 0.0003     |
|    loss                 | 746        |
|    n_updates            | 29370      |
|    policy_gradient_loss | 0.000447   |
|    std                  | 0.411      |
|    value_loss           | 129        |
----------------------------------------
---------------------------------------
| rollout/                |           |
|    ep_len_mean          | 295       |
|    ep_rew_mean          | -10.9     |
| time/                   |           |
|    fps                  | 162       |
|    iterations           | 351       |
|    time_elapsed         | 11050     |
|    total_timesteps      | 14800320  |
| train/                  |           |
|    approx_kl            | 0.1794006 |
|    clip_fraction        | 0.421     |
|    clip_range           | 0.2       |
|    entropy_loss         | -2.06     |
|    explained_variance   | 0.784     |
|    learning_rate        | 0.0003    |
|    loss                 | 2.88      |
|    n_updates            | 29380     |
|    policy_gradient_loss | 0.0106    |
|    std                  | 0.413     |
|    value_loss           | 6.91      |
---------------------------------------
Eval num_timesteps=14803200, episode_reward=-6.00 +/- 42.86
Episode length: 280.60 +/- 37.92
----------------------------------------
| eval/                   |            |
|    mean_ep_length       | 281        |
|    mean_reward          | -6         |
| time/                   |            |
|    total_timesteps      | 14803200   |
| train/                  |            |
|    approx_kl            | 0.19549204 |
|    clip_fraction        | 0.483      |
|    clip_range           | 0.2        |
|    entropy_loss         | -2.08      |
|    explained_variance   | 0.129      |
|    learning_rate        | 0.0003     |
|    loss                 | 0.552      |
|    n_updates            | 29390      |
|    policy_gradient_loss | 0.0108     |
|    std                  | 0.414      |
|    value_loss           | 155        |
----------------------------------------
[progress] timestep 14803210
[episode ends] timestep 14803210: flipped=72 (41%), missed_goal=80 (45%), out_of_bounds=2 (1%), scored=23 (13%)
---------------------------------
| episode_end/       |          |
|    flipped         | 72       |
|    missed_goal     | 80       |
|    out_of_bounds   | 2        |
|    scored          | 23       |
| rollout/           |          |
|    ep_len_mean     | 296      |
|    ep_rew_mean     | -13.2    |
| time/              |          |
|    fps             | 162      |
|    iterations      | 352      |
|    time_elapsed    | 11084    |
|    total_timesteps | 14805440 |
---------------------------------
----------------------------------------
| rollout/                |            |
|    ep_len_mean          | 295        |
|    ep_rew_mean          | -16.1      |
| time/                   |            |
|    fps                  | 162        |
|    iterations           | 353        |
|    time_elapsed         | 11114      |
|    total_timesteps      | 14810560   |
| train/                  |            |
|    approx_kl            | 0.17197013 |
|    clip_fraction        | 0.38       |
|    clip_range           | 0.2        |
|    entropy_loss         | -2.07      |
|    explained_variance   | 0.494      |
|    learning_rate        | 0.0003     |
|    loss                 | 0.23       |
|    n_updates            | 29400      |
|    policy_gradient_loss | 0.00558    |
|    std                  | 0.412      |
|    value_loss           | 49.7       |
----------------------------------------
----------------------------------------
| rollout/                |            |
|    ep_len_mean          | 292        |
|    ep_rew_mean          | -14.5      |
| time/                   |            |
|    fps                  | 162        |
|    iterations           | 354        |
|    time_elapsed         | 11145      |
|    total_timesteps      | 14815680   |
| train/                  |            |
|    approx_kl            | 0.17066488 |
|    clip_fraction        | 0.383      |
|    clip_range           | 0.2        |
|    entropy_loss         | -2.07      |
|    explained_variance   | 0.483      |
|    learning_rate        | 0.0003     |
|    loss                 | 0.113      |
|    n_updates            | 29410      |
|    policy_gradient_loss | 0.00205    |
|    std                  | 0.412      |
|    value_loss           | 33.5       |
----------------------------------------
----------------------------------------
| rollout/                |            |
|    ep_len_mean          | 286        |
|    ep_rew_mean          | -19.2      |
| time/                   |            |
|    fps                  | 162        |
|    iterations           | 355        |
|    time_elapsed         | 11177      |
|    total_timesteps      | 14820800   |
| train/                  |            |
|    approx_kl            | 0.14832994 |
|    clip_fraction        | 0.397      |
|    clip_range           | 0.2        |
|    entropy_loss         | -2.06      |
|    explained_variance   | 0.237      |
|    learning_rate        | 0.0003     |
|    loss                 | 0.328      |
|    n_updates            | 29420      |
|    policy_gradient_loss | 0.0139     |
|    std                  | 0.411      |
|    value_loss           | 56.9       |
----------------------------------------
----------------------------------------
| rollout/                |            |
|    ep_len_mean          | 289        |
|    ep_rew_mean          | -16.9      |
| time/                   |            |
|    fps                  | 162        |
|    iterations           | 356        |
|    time_elapsed         | 11206      |
|    total_timesteps      | 14825920   |
| train/                  |            |
|    approx_kl            | 0.10127859 |
|    clip_fraction        | 0.315      |
|    clip_range           | 0.2        |
|    entropy_loss         | -2.04      |
|    explained_variance   | 0.211      |
|    learning_rate        | 0.0003     |
|    loss                 | 0.252      |
|    n_updates            | 29430      |
|    policy_gradient_loss | -0.00334   |
|    std                  | 0.409      |
|    value_loss           | 132        |
----------------------------------------
----------------------------------------
| rollout/                |            |
|    ep_len_mean          | 286        |
|    ep_rew_mean          | -17.4      |
| time/                   |            |
|    fps                  | 162        |
|    iterations           | 357        |
|    time_elapsed         | 11237      |
|    total_timesteps      | 14831040   |
| train/                  |            |
|    approx_kl            | 0.08288063 |
|    clip_fraction        | 0.324      |
|    clip_range           | 0.2        |
|    entropy_loss         | -2.02      |
|    explained_variance   | 0.584      |
|    learning_rate        | 0.0003     |
|    loss                 | 3.66       |
|    n_updates            | 29440      |
|    policy_gradient_loss | -0.000139  |
|    std                  | 0.407      |
|    value_loss           | 16.6       |
----------------------------------------
----------------------------------------
| rollout/                |            |
|    ep_len_mean          | 284        |
|    ep_rew_mean          | -13.6      |
| time/                   |            |
|    fps                  | 162        |
|    iterations           | 358        |
|    time_elapsed         | 11271      |
|    total_timesteps      | 14836160   |
| train/                  |            |
|    approx_kl            | 0.10262714 |
|    clip_fraction        | 0.387      |
|    clip_range           | 0.2        |
|    entropy_loss         | -2         |
|    explained_variance   | 0.25       |
|    learning_rate        | 0.0003     |
|    loss                 | 3.66       |
|    n_updates            | 29450      |
|    policy_gradient_loss | 0.0115     |
|    std                  | 0.407      |
|    value_loss           | 157        |
----------------------------------------
----------------------------------------
| rollout/                |            |
|    ep_len_mean          | 281        |
|    ep_rew_mean          | -14.5      |
| time/                   |            |
|    fps                  | 162        |
|    iterations           | 359        |
|    time_elapsed         | 11300      |
|    total_timesteps      | 14841280   |
| train/                  |            |
|    approx_kl            | 0.13025522 |
|    clip_fraction        | 0.384      |
|    clip_range           | 0.2        |
|    entropy_loss         | -2.01      |
|    explained_variance   | 0.669      |
|    learning_rate        | 0.0003     |
|    loss                 | 6.44       |
|    n_updates            | 29460      |
|    policy_gradient_loss | 0.00125    |
|    std                  | 0.406      |
|    value_loss           | 7.41       |
----------------------------------------
----------------------------------------
| rollout/                |            |
|    ep_len_mean          | 284        |
|    ep_rew_mean          | -10.1      |
| time/                   |            |
|    fps                  | 162        |
|    iterations           | 360        |
|    time_elapsed         | 11331      |
|    total_timesteps      | 14846400   |
| train/                  |            |
|    approx_kl            | 0.16943328 |
|    clip_fraction        | 0.44       |
|    clip_range           | 0.2        |
|    entropy_loss         | -2         |
|    explained_variance   | 0.745      |
|    learning_rate        | 0.0003     |
|    loss                 | -0.0364    |
|    n_updates            | 29470      |
|    policy_gradient_loss | 0.00786    |
|    std                  | 0.405      |
|    value_loss           | 5.85       |
----------------------------------------
----------------------------------------
| rollout/                |            |
|    ep_len_mean          | 285        |
|    ep_rew_mean          | -4.22      |
| time/                   |            |
|    fps                  | 162        |
|    iterations           | 361        |
|    time_elapsed         | 11359      |
|    total_timesteps      | 14851520   |
| train/                  |            |
|    approx_kl            | 0.28433344 |
|    clip_fraction        | 0.394      |
|    clip_range           | 0.2        |
|    entropy_loss         | -2         |
|    explained_variance   | 0.723      |
|    learning_rate        | 0.0003     |
|    loss                 | 0.0111     |
|    n_updates            | 29480      |
|    policy_gradient_loss | 0.0148     |
|    std                  | 0.405      |
|    value_loss           | 7.95       |
----------------------------------------
Eval num_timesteps=14853200, episode_reward=0.63 +/- 26.65
Episode length: 312.90 +/- 35.50
---------------------------------------
| eval/                   |           |
|    mean_ep_length       | 313       |
|    mean_reward          | 0.631     |
| time/                   |           |
|    total_timesteps      | 14853200  |
| train/                  |           |
|    approx_kl            | 0.1877504 |
|    clip_fraction        | 0.394     |
|    clip_range           | 0.2       |
|    entropy_loss         | -2.01     |
|    explained_variance   | 0.26      |
|    learning_rate        | 0.0003    |
|    loss                 | 0.197     |
|    n_updates            | 29490     |
|    policy_gradient_loss | 0.0129    |
|    std                  | 0.407     |
|    value_loss           | 95        |
---------------------------------------
[episode ends] timestep 14853210: flipped=65 (37%), missed_goal=88 (50%), out_of_bounds=7 (4%), scored=15 (9%)
---------------------------------
| episode_end/       |          |
|    flipped         | 65       |
|    missed_goal     | 88       |
|    out_of_bounds   | 7        |
|    scored          | 15       |
| rollout/           |          |
|    ep_len_mean     | 289      |
|    ep_rew_mean     | -6.89    |
| time/              |          |
|    fps             | 162      |
|    iterations      | 362      |
|    time_elapsed    | 11396    |
|    total_timesteps | 14856640 |
---------------------------------
----------------------------------------
| rollout/                |            |
|    ep_len_mean          | 291        |
|    ep_rew_mean          | -6.3       |
| time/                   |            |
|    fps                  | 162        |
|    iterations           | 363        |
|    time_elapsed         | 11425      |
|    total_timesteps      | 14861760   |
| train/                  |            |
|    approx_kl            | 0.15880013 |
|    clip_fraction        | 0.444      |
|    clip_range           | 0.2        |
|    entropy_loss         | -2.02      |
|    explained_variance   | 0.72       |
|    learning_rate        | 0.0003     |
|    loss                 | 0.553      |
|    n_updates            | 29500      |
|    policy_gradient_loss | 0.00939    |
|    std                  | 0.408      |
|    value_loss           | 7.08       |
----------------------------------------
----------------------------------------
| rollout/                |            |
|    ep_len_mean          | 293        |
|    ep_rew_mean          | -11.6      |
| time/                   |            |
|    fps                  | 162        |
|    iterations           | 364        |
|    time_elapsed         | 11455      |
|    total_timesteps      | 14866880   |
| train/                  |            |
|    approx_kl            | 0.12463175 |
|    clip_fraction        | 0.375      |
|    clip_range           | 0.2        |
|    entropy_loss         | -2.03      |
|    explained_variance   | 0.781      |
|    learning_rate        | 0.0003     |
|    loss                 | 0.357      |
|    n_updates            | 29510      |
|    policy_gradient_loss | -0.00737   |
|    std                  | 0.41       |
|    value_loss           | 9.93       |
----------------------------------------
----------------------------------------
| rollout/                |            |
|    ep_len_mean          | 293        |
|    ep_rew_mean          | -11.7      |
| time/                   |            |
|    fps                  | 162        |
|    iterations           | 365        |
|    time_elapsed         | 11485      |
|    total_timesteps      | 14872000   |
| train/                  |            |
|    approx_kl            | 0.12444439 |
|    clip_fraction        | 0.344      |
|    clip_range           | 0.2        |
|    entropy_loss         | -2.04      |
|    explained_variance   | 0.419      |
|    learning_rate        | 0.0003     |
|    loss                 | 0.322      |
|    n_updates            | 29520      |
|    policy_gradient_loss | 0.0021     |
|    std                  | 0.41       |
|    value_loss           | 85.2       |
----------------------------------------
----------------------------------------
| rollout/                |            |
|    ep_len_mean          | 293        |
|    ep_rew_mean          | -13.2      |
| time/                   |            |
|    fps                  | 162        |
|    iterations           | 366        |
|    time_elapsed         | 11515      |
|    total_timesteps      | 14877120   |
| train/                  |            |
|    approx_kl            | 0.10952222 |
|    clip_fraction        | 0.348      |
|    clip_range           | 0.2        |
|    entropy_loss         | -2.05      |
|    explained_variance   | 0.877      |
|    learning_rate        | 0.0003     |
|    loss                 | -0.00992   |
|    n_updates            | 29530      |
|    policy_gradient_loss | -0.00467   |
|    std                  | 0.41       |
|    value_loss           | 5.24       |
----------------------------------------
-----------------------------------------
| rollout/                |             |
|    ep_len_mean          | 298         |
|    ep_rew_mean          | -14         |
| time/                   |             |
|    fps                  | 162         |
|    iterations           | 367         |
|    time_elapsed         | 11550       |
|    total_timesteps      | 14882240    |
| train/                  |             |
|    approx_kl            | 0.115033366 |
|    clip_fraction        | 0.363       |
|    clip_range           | 0.2         |
|    entropy_loss         | -2.05       |
|    explained_variance   | 0.658       |
|    learning_rate        | 0.0003      |
|    loss                 | 0.475       |
|    n_updates            | 29540       |
|    policy_gradient_loss | -0.00226    |
|    std                  | 0.412       |
|    value_loss           | 27          |
-----------------------------------------
----------------------------------------
| rollout/                |            |
|    ep_len_mean          | 296        |
|    ep_rew_mean          | -14.9      |
| time/                   |            |
|    fps                  | 162        |
|    iterations           | 368        |
|    time_elapsed         | 11579      |
|    total_timesteps      | 14887360   |
| train/                  |            |
|    approx_kl            | 0.16501841 |
|    clip_fraction        | 0.356      |
|    clip_range           | 0.2        |
|    entropy_loss         | -2.06      |
|    explained_variance   | 0.868      |
|    learning_rate        | 0.0003     |
|    loss                 | 0.172      |
|    n_updates            | 29550      |
|    policy_gradient_loss | 0.0026     |
|    std                  | 0.411      |
|    value_loss           | 3.9        |
----------------------------------------
----------------------------------------
| rollout/                |            |
|    ep_len_mean          | 291        |
|    ep_rew_mean          | -18.7      |
| time/                   |            |
|    fps                  | 162        |
|    iterations           | 369        |
|    time_elapsed         | 11610      |
|    total_timesteps      | 14892480   |
| train/                  |            |
|    approx_kl            | 0.15473635 |
|    clip_fraction        | 0.337      |
|    clip_range           | 0.2        |
|    entropy_loss         | -2.06      |
|    explained_variance   | 0.482      |
|    learning_rate        | 0.0003     |
|    loss                 | 0.0875     |
|    n_updates            | 29560      |
|    policy_gradient_loss | 0.00535    |
|    std                  | 0.413      |
|    value_loss           | 22.4       |
----------------------------------------
----------------------------------------
| rollout/                |            |
|    ep_len_mean          | 295        |
|    ep_rew_mean          | -19.9      |
| time/                   |            |
|    fps                  | 162        |
|    iterations           | 370        |
|    time_elapsed         | 11640      |
|    total_timesteps      | 14897600   |
| train/                  |            |
|    approx_kl            | 0.14241424 |
|    clip_fraction        | 0.337      |
|    clip_range           | 0.2        |
|    entropy_loss         | -2.06      |
|    explained_variance   | 0.337      |
|    learning_rate        | 0.0003     |
|    loss                 | 130        |
|    n_updates            | 29570      |
|    policy_gradient_loss | -0.00187   |
|    std                  | 0.411      |
|    value_loss           | 115        |
----------------------------------------
----------------------------------------
| rollout/                |            |
|    ep_len_mean          | 297        |
|    ep_rew_mean          | -20        |
| time/                   |            |
|    fps                  | 162        |
|    iterations           | 371        |
|    time_elapsed         | 11669      |
|    total_timesteps      | 14902720   |
| train/                  |            |
|    approx_kl            | 0.06254513 |
|    clip_fraction        | 0.301      |
|    clip_range           | 0.2        |
|    entropy_loss         | -2.04      |
|    explained_variance   | 0.306      |
|    learning_rate        | 0.0003     |
|    loss                 | 0.612      |
|    n_updates            | 29580      |
|    policy_gradient_loss | -0.00473   |
|    std                  | 0.41       |
|    value_loss           | 108        |
----------------------------------------
Eval num_timesteps=14903200, episode_reward=-18.02 +/- 28.04
Episode length: 272.80 +/- 52.53
----------------------------------------
| eval/                   |            |
|    mean_ep_length       | 273        |
|    mean_reward          | -18        |
| time/                   |            |
|    total_timesteps      | 14903200   |
| train/                  |            |
|    approx_kl            | 0.13216336 |
|    clip_fraction        | 0.345      |
|    clip_range           | 0.2        |
|    entropy_loss         | -2.03      |
|    explained_variance   | 0.441      |
|    learning_rate        | 0.0003     |
|    loss                 | 0.105      |
|    n_updates            | 29590      |
|    policy_gradient_loss | 0.0037     |
|    std                  | 0.408      |
|    value_loss           | 41.5       |
----------------------------------------
[progress] timestep 14903210
[episode ends] timestep 14903210: flipped=84 (50%), missed_goal=71 (42%), out_of_bounds=7 (4%), scored=6 (4%)
---------------------------------
| episode_end/       |          |
|    flipped         | 84       |
|    missed_goal     | 71       |
|    out_of_bounds   | 7        |
|    scored          | 6        |
| rollout/           |          |
|    ep_len_mean     | 297      |
|    ep_rew_mean     | -18.8    |
| time/              |          |
|    fps             | 162      |
|    iterations      | 372      |
|    time_elapsed    | 11702    |
|    total_timesteps | 14907840 |
---------------------------------
---------------------------------------
| rollout/                |           |
|    ep_len_mean          | 295       |
|    ep_rew_mean          | -17.8     |
| time/                   |           |
|    fps                  | 162       |
|    iterations           | 373       |
|    time_elapsed         | 11731     |
|    total_timesteps      | 14912960  |
| train/                  |           |
|    approx_kl            | 0.0928595 |
|    clip_fraction        | 0.339     |
|    clip_range           | 0.2       |
|    entropy_loss         | -2.03     |
|    explained_variance   | 0.795     |
|    learning_rate        | 0.0003    |
|    loss                 | -0.0117   |
|    n_updates            | 29600     |
|    policy_gradient_loss | -0.00128  |
|    std                  | 0.408     |
|    value_loss           | 5.17      |
---------------------------------------
----------------------------------------
| rollout/                |            |
|    ep_len_mean          | 299        |
|    ep_rew_mean          | -17.8      |
| time/                   |            |
|    fps                  | 162        |
|    iterations           | 374        |
|    time_elapsed         | 11761      |
|    total_timesteps      | 14918080   |
| train/                  |            |
|    approx_kl            | 0.11555968 |
|    clip_fraction        | 0.395      |
|    clip_range           | 0.2        |
|    entropy_loss         | -2.02      |
|    explained_variance   | 0.851      |
|    learning_rate        | 0.0003     |
|    loss                 | 0.0515     |
|    n_updates            | 29610      |
|    policy_gradient_loss | -0.00419   |
|    std                  | 0.408      |
|    value_loss           | 3.29       |
----------------------------------------
---------------------------------------
| rollout/                |           |
|    ep_len_mean          | 302       |
|    ep_rew_mean          | -11.6     |
| time/                   |           |
|    fps                  | 162       |
|    iterations           | 375       |
|    time_elapsed         | 11789     |
|    total_timesteps      | 14923200  |
| train/                  |           |
|    approx_kl            | 0.1513765 |
|    clip_fraction        | 0.377     |
|    clip_range           | 0.2       |
|    entropy_loss         | -2.03     |
|    explained_variance   | 0.633     |
|    learning_rate        | 0.0003    |
|    loss                 | 0.267     |
|    n_updates            | 29620     |
|    policy_gradient_loss | 0.00719   |
|    std                  | 0.409     |
|    value_loss           | 19.5      |
---------------------------------------
----------------------------------------
| rollout/                |            |
|    ep_len_mean          | 302        |
|    ep_rew_mean          | -8.71      |
| time/                   |            |
|    fps                  | 162        |
|    iterations           | 376        |
|    time_elapsed         | 11820      |
|    total_timesteps      | 14928320   |
| train/                  |            |
|    approx_kl            | 0.08430348 |
|    clip_fraction        | 0.335      |
|    clip_range           | 0.2        |
|    entropy_loss         | -2.04      |
|    explained_variance   | 0.596      |
|    learning_rate        | 0.0003     |
|    loss                 | 0.446      |
|    n_updates            | 29630      |
|    policy_gradient_loss | 0.00291    |
|    std                  | 0.41       |
|    value_loss           | 30         |
----------------------------------------
----------------------------------------
| rollout/                |            |
|    ep_len_mean          | 298        |
|    ep_rew_mean          | -11.8      |
| time/                   |            |
|    fps                  | 162        |
|    iterations           | 377        |
|    time_elapsed         | 11847      |
|    total_timesteps      | 14933440   |
| train/                  |            |
|    approx_kl            | 0.17841148 |
|    clip_fraction        | 0.382      |
|    clip_range           | 0.2        |
|    entropy_loss         | -2.05      |
|    explained_variance   | 0.399      |
|    learning_rate        | 0.0003     |
|    loss                 | 0.37       |
|    n_updates            | 29640      |
|    policy_gradient_loss | -0.000367  |
|    std                  | 0.411      |
|    value_loss           | 62         |
----------------------------------------
---------------------------------------
| rollout/                |           |
|    ep_len_mean          | 290       |
|    ep_rew_mean          | -16.5     |
| time/                   |           |
|    fps                  | 162       |
|    iterations           | 378       |
|    time_elapsed         | 11880     |
|    total_timesteps      | 14938560  |
| train/                  |           |
|    approx_kl            | 0.1267623 |
|    clip_fraction        | 0.404     |
|    clip_range           | 0.2       |
|    entropy_loss         | -2.06     |
|    explained_variance   | 0.337     |
|    learning_rate        | 0.0003    |
|    loss                 | 0.367     |
|    n_updates            | 29650     |
|    policy_gradient_loss | 0.0056    |
|    std                  | 0.413     |
|    value_loss           | 54.9      |
---------------------------------------
----------------------------------------
| rollout/                |            |
|    ep_len_mean          | 291        |
|    ep_rew_mean          | -19.7      |
| time/                   |            |
|    fps                  | 162        |
|    iterations           | 379        |
|    time_elapsed         | 11911      |
|    total_timesteps      | 14943680   |
| train/                  |            |
|    approx_kl            | 0.07200081 |
|    clip_fraction        | 0.255      |
|    clip_range           | 0.2        |
|    entropy_loss         | -2.07      |
|    explained_variance   | 0.0845     |
|    learning_rate        | 0.0003     |
|    loss                 | 1.85e+03   |
|    n_updates            | 29660      |
|    policy_gradient_loss | -0.00176   |
|    std                  | 0.412      |
|    value_loss           | 299        |
----------------------------------------
-----------------------------------------
| rollout/                |             |
|    ep_len_mean          | 291         |
|    ep_rew_mean          | -18.5       |
| time/                   |             |
|    fps                  | 162         |
|    iterations           | 380         |
|    time_elapsed         | 11942       |
|    total_timesteps      | 14948800    |
| train/                  |             |
|    approx_kl            | 0.115848854 |
|    clip_fraction        | 0.368       |
|    clip_range           | 0.2         |
|    entropy_loss         | -2.06       |
|    explained_variance   | 0.49        |
|    learning_rate        | 0.0003      |
|    loss                 | 37.6        |
|    n_updates            | 29670       |
|    policy_gradient_loss | -0.00159    |
|    std                  | 0.412       |
|    value_loss           | 19          |
-----------------------------------------
Eval num_timesteps=14953200, episode_reward=-10.77 +/- 18.07
Episode length: 243.30 +/- 75.85
----------------------------------------
| eval/                   |            |
|    mean_ep_length       | 243        |
|    mean_reward          | -10.8      |
| time/                   |            |
|    total_timesteps      | 14953200   |
| train/                  |            |
|    approx_kl            | 0.09243343 |
|    clip_fraction        | 0.323      |
|    clip_range           | 0.2        |
|    entropy_loss         | -2.06      |
|    explained_variance   | 0.809      |
|    learning_rate        | 0.0003     |
|    loss                 | 0.0289     |
|    n_updates            | 29680      |
|    policy_gradient_loss | 0.00163    |
|    std                  | 0.412      |
|    value_loss           | 4.36       |
----------------------------------------
[episode ends] timestep 14953210: flipped=69 (40%), missed_goal=87 (51%), out_of_bounds=7 (4%), scored=9 (5%)
---------------------------------
| episode_end/       |          |
|    flipped         | 69       |
|    missed_goal     | 87       |
|    out_of_bounds   | 7        |
|    scored          | 9        |
| rollout/           |          |
|    ep_len_mean     | 283      |
|    ep_rew_mean     | -19.2    |
| time/              |          |
|    fps             | 162      |
|    iterations      | 381      |
|    time_elapsed    | 11975    |
|    total_timesteps | 14953920 |
---------------------------------
----------------------------------------
| rollout/                |            |
|    ep_len_mean          | 278        |
|    ep_rew_mean          | -16.2      |
| time/                   |            |
|    fps                  | 162        |
|    iterations           | 382        |
|    time_elapsed         | 12007      |
|    total_timesteps      | 14959040   |
| train/                  |            |
|    approx_kl            | 0.07721044 |
|    clip_fraction        | 0.308      |
|    clip_range           | 0.2        |
|    entropy_loss         | -2.06      |
|    explained_variance   | 0.475      |
|    learning_rate        | 0.0003     |
|    loss                 | 3.76       |
|    n_updates            | 29690      |
|    policy_gradient_loss | -0.00682   |
|    std                  | 0.412      |
|    value_loss           | 58.1       |
----------------------------------------
---------------------------------------
| rollout/                |           |
|    ep_len_mean          | 282       |
|    ep_rew_mean          | -16.4     |
| time/                   |           |
|    fps                  | 162       |
|    iterations           | 383       |
|    time_elapsed         | 12038     |
|    total_timesteps      | 14964160  |
| train/                  |           |
|    approx_kl            | 0.0742491 |
|    clip_fraction        | 0.29      |
|    clip_range           | 0.2       |
|    entropy_loss         | -2.07     |
|    explained_variance   | 0.569     |
|    learning_rate        | 0.0003    |
|    loss                 | 0.168     |
|    n_updates            | 29700     |
|    policy_gradient_loss | -0.0102   |
|    std                  | 0.414     |
|    value_loss           | 19.7      |
---------------------------------------
----------------------------------------
| rollout/                |            |
|    ep_len_mean          | 285        |
|    ep_rew_mean          | -15.3      |
| time/                   |            |
|    fps                  | 162        |
|    iterations           | 384        |
|    time_elapsed         | 12070      |
|    total_timesteps      | 14969280   |
| train/                  |            |
|    approx_kl            | 0.06074821 |
|    clip_fraction        | 0.318      |
|    clip_range           | 0.2        |
|    entropy_loss         | -2.08      |
|    explained_variance   | 0.216      |
|    learning_rate        | 0.0003     |
|    loss                 | 173        |
|    n_updates            | 29710      |
|    policy_gradient_loss | 6.66e-06   |
|    std                  | 0.413      |
|    value_loss           | 105        |
----------------------------------------
----------------------------------------
| rollout/                |            |
|    ep_len_mean          | 287        |
|    ep_rew_mean          | -15.6      |
| time/                   |            |
|    fps                  | 162        |
|    iterations           | 385        |
|    time_elapsed         | 12101      |
|    total_timesteps      | 14974400   |
| train/                  |            |
|    approx_kl            | 0.23873949 |
|    clip_fraction        | 0.367      |
|    clip_range           | 0.2        |
|    entropy_loss         | -2.08      |
|    explained_variance   | 0.463      |
|    learning_rate        | 0.0003     |
|    loss                 | 2.81       |
|    n_updates            | 29720      |
|    policy_gradient_loss | 0.00718    |
|    std                  | 0.415      |
|    value_loss           | 65.3       |
----------------------------------------
----------------------------------------
| rollout/                |            |
|    ep_len_mean          | 287        |
|    ep_rew_mean          | -16.3      |
| time/                   |            |
|    fps                  | 162        |
|    iterations           | 386        |
|    time_elapsed         | 12131      |
|    total_timesteps      | 14979520   |
| train/                  |            |
|    approx_kl            | 0.07855222 |
|    clip_fraction        | 0.291      |
|    clip_range           | 0.2        |
|    entropy_loss         | -2.09      |
|    explained_variance   | 0.378      |
|    learning_rate        | 0.0003     |
|    loss                 | 0.124      |
|    n_updates            | 29730      |
|    policy_gradient_loss | -0.00943   |
|    std                  | 0.415      |
|    value_loss           | 61.3       |
----------------------------------------
----------------------------------------
| rollout/                |            |
|    ep_len_mean          | 290        |
|    ep_rew_mean          | -16.5      |
| time/                   |            |
|    fps                  | 162        |
|    iterations           | 387        |
|    time_elapsed         | 12160      |
|    total_timesteps      | 14984640   |
| train/                  |            |
|    approx_kl            | 0.08045011 |
|    clip_fraction        | 0.258      |
|    clip_range           | 0.2        |
|    entropy_loss         | -2.11      |
|    explained_variance   | 0.266      |
|    learning_rate        | 0.0003     |
|    loss                 | 1.3        |
|    n_updates            | 29740      |
|    policy_gradient_loss | -0.00693   |
|    std                  | 0.417      |
|    value_loss           | 69.1       |
----------------------------------------
-----------------------------------------
| rollout/                |             |
|    ep_len_mean          | 301         |
|    ep_rew_mean          | -17.1       |
| time/                   |             |
|    fps                  | 162         |
|    iterations           | 388         |
|    time_elapsed         | 12192       |
|    total_timesteps      | 14989760    |
| train/                  |             |
|    approx_kl            | 0.082929164 |
|    clip_fraction        | 0.274       |
|    clip_range           | 0.2         |
|    entropy_loss         | -2.11       |
|    explained_variance   | 0.664       |
|    learning_rate        | 0.0003      |
|    loss                 | 6.53        |
|    n_updates            | 29750       |
|    policy_gradient_loss | -0.0103     |
|    std                  | 0.416       |
|    value_loss           | 11.9        |
-----------------------------------------
----------------------------------------
| rollout/                |            |
|    ep_len_mean          | 299        |
|    ep_rew_mean          | -14.6      |
| time/                   |            |
|    fps                  | 163        |
|    iterations           | 389        |
|    time_elapsed         | 12217      |
|    total_timesteps      | 14994880   |
| train/                  |            |
|    approx_kl            | 0.18470751 |
|    clip_fraction        | 0.389      |
|    clip_range           | 0.2        |
|    entropy_loss         | -2.09      |
|    explained_variance   | 0.59       |
|    learning_rate        | 0.0003     |
|    loss                 | 0.264      |
|    n_updates            | 29760      |
|    policy_gradient_loss | 2.27e-05   |
|    std                  | 0.414      |
|    value_loss           | 22.6       |
----------------------------------------
----------------------------------------
| rollout/                |            |
|    ep_len_mean          | 301        |
|    ep_rew_mean          | -12.5      |
| time/                   |            |
|    fps                  | 163        |
|    iterations           | 390        |
|    time_elapsed         | 12249      |
|    total_timesteps      | 15000000   |
| train/                  |            |
|    approx_kl            | 0.05130573 |
|    clip_fraction        | 0.27       |
|    clip_range           | 0.2        |
|    entropy_loss         | -2.07      |
|    explained_variance   | 0.674      |
|    learning_rate        | 0.0003     |
|    loss                 | 0.297      |
|    n_updates            | 29770      |
|    policy_gradient_loss | -0.0149    |
|    std                  | 0.413      |
|    value_loss           | 15.9       |
----------------------------------------
Eval num_timesteps=15003200, episode_reward=-5.39 +/- 12.91
Episode length: 300.30 +/- 86.86
----------------------------------------
| eval/                   |            |
|    mean_ep_length       | 300        |
|    mean_reward          | -5.39      |
| time/                   |            |
|    total_timesteps      | 15003200   |
| train/                  |            |
|    approx_kl            | 0.13828285 |
|    clip_fraction        | 0.361      |
|    clip_range           | 0.2        |
|    entropy_loss         | -2.07      |
|    explained_variance   | 0.54       |
|    learning_rate        | 0.0003     |
|    loss                 | 2.95       |
|    n_updates            | 29780      |
|    policy_gradient_loss | -0.000443  |
|    std                  | 0.411      |
|    value_loss           | 27         |
----------------------------------------
[progress] timestep 15003210
[episode ends] timestep 15003210: flipped=64 (38%), missed_goal=87 (52%), out_of_bounds=4 (2%), scored=13 (8%)
---------------------------------
| episode_end/       |          |
|    flipped         | 64       |
|    missed_goal     | 87       |
|    out_of_bounds   | 4        |
|    scored          | 13       |
| rollout/           |          |
|    ep_len_mean     | 304      |
|    ep_rew_mean     | -11.8    |
| time/              |          |
|    fps             | 162      |
|    iterations      | 391      |
|    time_elapsed    | 12282    |
|    total_timesteps | 15005120 |
---------------------------------
----------------------------------------
| rollout/                |            |
|    ep_len_mean          | 306        |
|    ep_rew_mean          | -10.8      |
| time/                   |            |
|    fps                  | 163        |
|    iterations           | 392        |
|    time_elapsed         | 12310      |
|    total_timesteps      | 15010240   |
| train/                  |            |
|    approx_kl            | 0.22047153 |
|    clip_fraction        | 0.429      |
|    clip_range           | 0.2        |
|    entropy_loss         | -2.06      |
|    explained_variance   | 0.558      |
|    learning_rate        | 0.0003     |
|    loss                 | 1.43       |
|    n_updates            | 29790      |
|    policy_gradient_loss | 0.0189     |
|    std                  | 0.412      |
|    value_loss           | 40.2       |
----------------------------------------
----------------------------------------
| rollout/                |            |
|    ep_len_mean          | 296        |
|    ep_rew_mean          | -10.1      |
| time/                   |            |
|    fps                  | 163        |
|    iterations           | 393        |
|    time_elapsed         | 12343      |
|    total_timesteps      | 15015360   |
| train/                  |            |
|    approx_kl            | 0.14815725 |
|    clip_fraction        | 0.372      |
|    clip_range           | 0.2        |
|    entropy_loss         | -2.05      |
|    explained_variance   | 0.516      |
|    learning_rate        | 0.0003     |
|    loss                 | 0.304      |
|    n_updates            | 29800      |
|    policy_gradient_loss | 0.000371   |
|    std                  | 0.409      |
|    value_loss           | 26.7       |
----------------------------------------
----------------------------------------
| rollout/                |            |
|    ep_len_mean          | 283        |
|    ep_rew_mean          | -8.14      |
| time/                   |            |
|    fps                  | 162        |
|    iterations           | 394        |
|    time_elapsed         | 12375      |
|    total_timesteps      | 15020480   |
| train/                  |            |
|    approx_kl            | 0.09741841 |
|    clip_fraction        | 0.333      |
|    clip_range           | 0.2        |
|    entropy_loss         | -2.04      |
|    explained_variance   | 0.863      |
|    learning_rate        | 0.0003     |
|    loss                 | 0.296      |
|    n_updates            | 29810      |
|    policy_gradient_loss | -0.00147   |
|    std                  | 0.411      |
|    value_loss           | 2.42       |
----------------------------------------
----------------------------------------
| rollout/                |            |
|    ep_len_mean          | 283        |
|    ep_rew_mean          | -4.47      |
| time/                   |            |
|    fps                  | 162        |
|    iterations           | 395        |
|    time_elapsed         | 12409      |
|    total_timesteps      | 15025600   |
| train/                  |            |
|    approx_kl            | 0.15707439 |
|    clip_fraction        | 0.392      |
|    clip_range           | 0.2        |
|    entropy_loss         | -2.05      |
|    explained_variance   | 0.822      |
|    learning_rate        | 0.0003     |
|    loss                 | 0.67       |
|    n_updates            | 29820      |
|    policy_gradient_loss | -0.0018    |
|    std                  | 0.41       |
|    value_loss           | 3.12       |
----------------------------------------
----------------------------------------
| rollout/                |            |
|    ep_len_mean          | 277        |
|    ep_rew_mean          | -6.57      |
| time/                   |            |
|    fps                  | 162        |
|    iterations           | 396        |
|    time_elapsed         | 12442      |
|    total_timesteps      | 15030720   |
| train/                  |            |
|    approx_kl            | 0.14969438 |
|    clip_fraction        | 0.323      |
|    clip_range           | 0.2        |
|    entropy_loss         | -2.04      |
|    explained_variance   | 0.457      |
|    learning_rate        | 0.0003     |
|    loss                 | 0.132      |
|    n_updates            | 29830      |
|    policy_gradient_loss | -0.00186   |
|    std                  | 0.408      |
|    value_loss           | 21.3       |
----------------------------------------
----------------------------------------
| rollout/                |            |
|    ep_len_mean          | 282        |
|    ep_rew_mean          | -1.74      |
| time/                   |            |
|    fps                  | 162        |
|    iterations           | 397        |
|    time_elapsed         | 12477      |
|    total_timesteps      | 15035840   |
| train/                  |            |
|    approx_kl            | 0.11582414 |
|    clip_fraction        | 0.3        |
|    clip_range           | 0.2        |
|    entropy_loss         | -2.03      |
|    explained_variance   | 0.675      |
|    learning_rate        | 0.0003     |
|    loss                 | 1.2        |
|    n_updates            | 29840      |
|    policy_gradient_loss | -0.00948   |
|    std                  | 0.409      |
|    value_loss           | 7.37       |
----------------------------------------
----------------------------------------
| rollout/                |            |
|    ep_len_mean          | 279        |
|    ep_rew_mean          | -4.07      |
| time/                   |            |
|    fps                  | 162        |
|    iterations           | 398        |
|    time_elapsed         | 12509      |
|    total_timesteps      | 15040960   |
| train/                  |            |
|    approx_kl            | 0.13722405 |
|    clip_fraction        | 0.386      |
|    clip_range           | 0.2        |
|    entropy_loss         | -2.04      |
|    explained_variance   | 0.79       |
|    learning_rate        | 0.0003     |
|    loss                 | 0.572      |
|    n_updates            | 29850      |
|    policy_gradient_loss | 0.000124   |
|    std                  | 0.41       |
|    value_loss           | 3.14       |
----------------------------------------
-----------------------------------------
| rollout/                |             |
|    ep_len_mean          | 282         |
|    ep_rew_mean          | -9.97       |
| time/                   |             |
|    fps                  | 162         |
|    iterations           | 399         |
|    time_elapsed         | 12540       |
|    total_timesteps      | 15046080    |
| train/                  |             |
|    approx_kl            | 0.104394235 |
|    clip_fraction        | 0.341       |
|    clip_range           | 0.2         |
|    entropy_loss         | -2.04       |
|    explained_variance   | 0.247       |
|    learning_rate        | 0.0003      |
|    loss                 | -0.000126   |
|    n_updates            | 29860       |
|    policy_gradient_loss | -0.0019     |
|    std                  | 0.408       |
|    value_loss           | 141         |
-----------------------------------------
-----------------------------------------
| rollout/                |             |
|    ep_len_mean          | 284         |
|    ep_rew_mean          | -11.8       |
| time/                   |             |
|    fps                  | 162         |
|    iterations           | 400         |
|    time_elapsed         | 12570       |
|    total_timesteps      | 15051200    |
| train/                  |             |
|    approx_kl            | 0.059703954 |
|    clip_fraction        | 0.24        |
|    clip_range           | 0.2         |
|    entropy_loss         | -2.02       |
|    explained_variance   | 0.531       |
|    learning_rate        | 0.0003      |
|    loss                 | 0.92        |
|    n_updates            | 29870       |
|    policy_gradient_loss | -0.0019     |
|    std                  | 0.407       |
|    value_loss           | 25.6        |
-----------------------------------------
Eval num_timesteps=15053200, episode_reward=10.76 +/- 34.60
Episode length: 318.50 +/- 49.24
----------------------------------------
| eval/                   |            |
|    mean_ep_length       | 318        |
|    mean_reward          | 10.8       |
| time/                   |            |
|    total_timesteps      | 15053200   |
| train/                  |            |
|    approx_kl            | 0.12935387 |
|    clip_fraction        | 0.366      |
|    clip_range           | 0.2        |
|    entropy_loss         | -2.01      |
|    explained_variance   | 0.636      |
|    learning_rate        | 0.0003     |
|    loss                 | 0.208      |
|    n_updates            | 29880      |
|    policy_gradient_loss | -0.00499   |
|    std                  | 0.406      |
|    value_loss           | 22.9       |
----------------------------------------
[episode ends] timestep 15053210: flipped=71 (40%), missed_goal=97 (54%), out_of_bounds=3 (2%), scored=8 (4%)
---------------------------------
| episode_end/       |          |
|    flipped         | 71       |
|    missed_goal     | 97       |
|    out_of_bounds   | 3        |
|    scored          | 8        |
| rollout/           |          |
|    ep_len_mean     | 284      |
|    ep_rew_mean     | -13.7    |
| time/              |          |
|    fps             | 162      |
|    iterations      | 401      |
|    time_elapsed    | 12603    |
|    total_timesteps | 15056320 |
---------------------------------
----------------------------------------
| rollout/                |            |
|    ep_len_mean          | 283        |
|    ep_rew_mean          | -16.9      |
| time/                   |            |
|    fps                  | 162        |
|    iterations           | 402        |
|    time_elapsed         | 12636      |
|    total_timesteps      | 15061440   |
| train/                  |            |
|    approx_kl            | 0.06133631 |
|    clip_fraction        | 0.321      |
|    clip_range           | 0.2        |
|    entropy_loss         | -2         |
|    explained_variance   | 0.433      |
|    learning_rate        | 0.0003     |
|    loss                 | 0.205      |
|    n_updates            | 29890      |
|    policy_gradient_loss | -0.00186   |
|    std                  | 0.405      |
|    value_loss           | 31.1       |
----------------------------------------
-----------------------------------------
| rollout/                |             |
|    ep_len_mean          | 279         |
|    ep_rew_mean          | -21.3       |
| time/                   |             |
|    fps                  | 162         |
|    iterations           | 403         |
|    time_elapsed         | 12668       |
|    total_timesteps      | 15066560    |
| train/                  |             |
|    approx_kl            | 0.079355374 |
|    clip_fraction        | 0.325       |
|    clip_range           | 0.2         |
|    entropy_loss         | -2          |
|    explained_variance   | 0.334       |
|    learning_rate        | 0.0003      |
|    loss                 | 1.61        |
|    n_updates            | 29900       |
|    policy_gradient_loss | -0.000475   |
|    std                  | 0.405       |
|    value_loss           | 105         |
-----------------------------------------
----------------------------------------
| rollout/                |            |
|    ep_len_mean          | 277        |
|    ep_rew_mean          | -16.3      |
| time/                   |            |
|    fps                  | 162        |
|    iterations           | 404        |
|    time_elapsed         | 12699      |
|    total_timesteps      | 15071680   |
| train/                  |            |
|    approx_kl            | 0.06785768 |
|    clip_fraction        | 0.292      |
|    clip_range           | 0.2        |
|    entropy_loss         | -2         |
|    explained_variance   | 0.271      |
|    learning_rate        | 0.0003     |
|    loss                 | 2.05       |
|    n_updates            | 29910      |
|    policy_gradient_loss | 0.00343    |
|    std                  | 0.405      |
|    value_loss           | 164        |
----------------------------------------
----------------------------------------
| rollout/                |            |
|    ep_len_mean          | 280        |
|    ep_rew_mean          | -18.3      |
| time/                   |            |
|    fps                  | 162        |
|    iterations           | 405        |
|    time_elapsed         | 12731      |
|    total_timesteps      | 15076800   |
| train/                  |            |
|    approx_kl            | 0.17487384 |
|    clip_fraction        | 0.404      |
|    clip_range           | 0.2        |
|    entropy_loss         | -2.01      |
|    explained_variance   | 0.382      |
|    learning_rate        | 0.0003     |
|    loss                 | 37.4       |
|    n_updates            | 29920      |
|    policy_gradient_loss | 0.0241     |
|    std                  | 0.406      |
|    value_loss           | 108        |
----------------------------------------
----------------------------------------
| rollout/                |            |
|    ep_len_mean          | 279        |
|    ep_rew_mean          | -14.5      |
| time/                   |            |
|    fps                  | 162        |
|    iterations           | 406        |
|    time_elapsed         | 12761      |
|    total_timesteps      | 15081920   |
| train/                  |            |
|    approx_kl            | 0.05396372 |
|    clip_fraction        | 0.261      |
|    clip_range           | 0.2        |
|    entropy_loss         | -2.01      |
|    explained_variance   | 0.401      |
|    learning_rate        | 0.0003     |
|    loss                 | 0.0566     |
|    n_updates            | 29930      |
|    policy_gradient_loss | 0.000385   |
|    std                  | 0.405      |
|    value_loss           | 57         |
----------------------------------------
----------------------------------------
| rollout/                |            |
|    ep_len_mean          | 277        |
|    ep_rew_mean          | -13.1      |
| time/                   |            |
|    fps                  | 162        |
|    iterations           | 407        |
|    time_elapsed         | 12792      |
|    total_timesteps      | 15087040   |
| train/                  |            |
|    approx_kl            | 0.04041526 |
|    clip_fraction        | 0.242      |
|    clip_range           | 0.2        |
|    entropy_loss         | -1.99      |
|    explained_variance   | 0.697      |
|    learning_rate        | 0.0003     |
|    loss                 | 0.485      |
|    n_updates            | 29940      |
|    policy_gradient_loss | -0.0115    |
|    std                  | 0.402      |
|    value_loss           | 29.7       |
----------------------------------------
-----------------------------------------
| rollout/                |             |
|    ep_len_mean          | 281         |
|    ep_rew_mean          | -8.41       |
| time/                   |             |
|    fps                  | 162         |
|    iterations           | 408         |
|    time_elapsed         | 12823       |
|    total_timesteps      | 15092160    |
| train/                  |             |
|    approx_kl            | 0.104827866 |
|    clip_fraction        | 0.277       |
|    clip_range           | 0.2         |
|    entropy_loss         | -1.97       |
|    explained_variance   | 0.754       |
|    learning_rate        | 0.0003      |
|    loss                 | 0.92        |
|    n_updates            | 29950       |
|    policy_gradient_loss | -0.00157    |
|    std                  | 0.4         |
|    value_loss           | 12.1        |
-----------------------------------------
----------------------------------------
| rollout/                |            |
|    ep_len_mean          | 283        |
|    ep_rew_mean          | -5.53      |
| time/                   |            |
|    fps                  | 162        |
|    iterations           | 409        |
|    time_elapsed         | 12853      |
|    total_timesteps      | 15097280   |
| train/                  |            |
|    approx_kl            | 0.09972103 |
|    clip_fraction        | 0.336      |
|    clip_range           | 0.2        |
|    entropy_loss         | -1.95      |
|    explained_variance   | 0.624      |
|    learning_rate        | 0.0003     |
|    loss                 | 0.871      |
|    n_updates            | 29960      |
|    policy_gradient_loss | 0.00218    |
|    std                  | 0.399      |
|    value_loss           | 5.63       |
----------------------------------------
----------------------------------------
| rollout/                |            |
|    ep_len_mean          | 283        |
|    ep_rew_mean          | -2.71      |
| time/                   |            |
|    fps                  | 162        |
|    iterations           | 410        |
|    time_elapsed         | 12885      |
|    total_timesteps      | 15102400   |
| train/                  |            |
|    approx_kl            | 0.10542278 |
|    clip_fraction        | 0.34       |
|    clip_range           | 0.2        |
|    entropy_loss         | -1.94      |
|    explained_variance   | 0.291      |
|    learning_rate        | 0.0003     |
|    loss                 | 5.33       |
|    n_updates            | 29970      |
|    policy_gradient_loss | -0.000715  |
|    std                  | 0.397      |
|    value_loss           | 83         |
----------------------------------------
Eval num_timesteps=15103200, episode_reward=-53.19 +/- 108.43
Episode length: 274.90 +/- 82.06
----------------------------------------
| eval/                   |            |
|    mean_ep_length       | 275        |
|    mean_reward          | -53.2      |
| time/                   |            |
|    total_timesteps      | 15103200   |
| train/                  |            |
|    approx_kl            | 0.10513572 |
|    clip_fraction        | 0.376      |
|    clip_range           | 0.2        |
|    entropy_loss         | -1.93      |
|    explained_variance   | 0.607      |
|    learning_rate        | 0.0003     |
|    loss                 | 0.846      |
|    n_updates            | 29980      |
|    policy_gradient_loss | 0.00505    |
|    std                  | 0.397      |
|    value_loss           | 10.9       |
----------------------------------------
[progress] timestep 15103210
[episode ends] timestep 15103210: flipped=57 (32%), missed_goal=95 (53%), out_of_bounds=1 (1%), scored=25 (14%)
---------------------------------
| episode_end/       |          |
|    flipped         | 57       |
|    missed_goal     | 95       |
|    out_of_bounds   | 1        |
|    scored          | 25       |
| rollout/           |          |
|    ep_len_mean     | 280      |
|    ep_rew_mean     | 1.18     |
| time/              |          |
|    fps             | 162      |
|    iterations      | 411      |
|    time_elapsed    | 12921    |
|    total_timesteps | 15107520 |
---------------------------------
----------------------------------------
| rollout/                |            |
|    ep_len_mean          | 273        |
|    ep_rew_mean          | -2.2       |
| time/                   |            |
|    fps                  | 162        |
|    iterations           | 412        |
|    time_elapsed         | 12956      |
|    total_timesteps      | 15112640   |
| train/                  |            |
|    approx_kl            | 0.07250346 |
|    clip_fraction        | 0.302      |
|    clip_range           | 0.2        |
|    entropy_loss         | -1.93      |
|    explained_variance   | 0.678      |
|    learning_rate        | 0.0003     |
|    loss                 | 0.152      |
|    n_updates            | 29990      |
|    policy_gradient_loss | -0.0087    |
|    std                  | 0.397      |
|    value_loss           | 16.4       |
----------------------------------------
----------------------------------------
| rollout/                |            |
|    ep_len_mean          | 272        |
|    ep_rew_mean          | -1.27      |
| time/                   |            |
|    fps                  | 162        |
|    iterations           | 413        |
|    time_elapsed         | 12985      |
|    total_timesteps      | 15117760   |
| train/                  |            |
|    approx_kl            | 0.17123136 |
|    clip_fraction        | 0.386      |
|    clip_range           | 0.2        |
|    entropy_loss         | -1.92      |
|    explained_variance   | 0.221      |
|    learning_rate        | 0.0003     |
|    loss                 | 108        |
|    n_updates            | 30000      |
|    policy_gradient_loss | 0.0127     |
|    std                  | 0.395      |
|    value_loss           | 74.7       |
----------------------------------------
----------------------------------------
| rollout/                |            |
|    ep_len_mean          | 268        |
|    ep_rew_mean          | -1.2       |
| time/                   |            |
|    fps                  | 162        |
|    iterations           | 414        |
|    time_elapsed         | 13017      |
|    total_timesteps      | 15122880   |
| train/                  |            |
|    approx_kl            | 0.17656592 |
|    clip_fraction        | 0.439      |
|    clip_range           | 0.2        |
|    entropy_loss         | -1.92      |
|    explained_variance   | 0.848      |
|    learning_rate        | 0.0003     |
|    loss                 | 0.0469     |
|    n_updates            | 30010      |
|    policy_gradient_loss | 0.0124     |
|    std                  | 0.397      |
|    value_loss           | 7.66       |
----------------------------------------
----------------------------------------
| rollout/                |            |
|    ep_len_mean          | 267        |
|    ep_rew_mean          | -1.86      |
| time/                   |            |
|    fps                  | 162        |
|    iterations           | 415        |
|    time_elapsed         | 13049      |
|    total_timesteps      | 15128000   |
| train/                  |            |
|    approx_kl            | 0.10495198 |
|    clip_fraction        | 0.364      |
|    clip_range           | 0.2        |
|    entropy_loss         | -1.93      |
|    explained_variance   | 0.319      |
|    learning_rate        | 0.0003     |
|    loss                 | 2.22       |
|    n_updates            | 30020      |
|    policy_gradient_loss | -0.000895  |
|    std                  | 0.397      |
|    value_loss           | 45.3       |
----------------------------------------
-----------------------------------------
| rollout/                |             |
|    ep_len_mean          | 268         |
|    ep_rew_mean          | -6.3        |
| time/                   |             |
|    fps                  | 162         |
|    iterations           | 416         |
|    time_elapsed         | 13083       |
|    total_timesteps      | 15133120    |
| train/                  |             |
|    approx_kl            | 0.052317936 |
|    clip_fraction        | 0.286       |
|    clip_range           | 0.2         |
|    entropy_loss         | -1.93       |
|    explained_variance   | 0.375       |
|    learning_rate        | 0.0003      |
|    loss                 | 2.71        |
|    n_updates            | 30030       |
|    policy_gradient_loss | 0.000773    |
|    std                  | 0.397       |
|    value_loss           | 119         |
-----------------------------------------
----------------------------------------
| rollout/                |            |
|    ep_len_mean          | 273        |
|    ep_rew_mean          | -7.72      |
| time/                   |            |
|    fps                  | 162        |
|    iterations           | 417        |
|    time_elapsed         | 13115      |
|    total_timesteps      | 15138240   |
| train/                  |            |
|    approx_kl            | 0.19905978 |
|    clip_fraction        | 0.374      |
|    clip_range           | 0.2        |
|    entropy_loss         | -1.94      |
|    explained_variance   | 0.198      |
|    learning_rate        | 0.0003     |
|    loss                 | 1.36       |
|    n_updates            | 30040      |
|    policy_gradient_loss | 0.00333    |
|    std                  | 0.399      |
|    value_loss           | 98         |
----------------------------------------
----------------------------------------
| rollout/                |            |
|    ep_len_mean          | 273        |
|    ep_rew_mean          | -10.3      |
| time/                   |            |
|    fps                  | 162        |
|    iterations           | 418        |
|    time_elapsed         | 13149      |
|    total_timesteps      | 15143360   |
| train/                  |            |
|    approx_kl            | 0.07970561 |
|    clip_fraction        | 0.324      |
|    clip_range           | 0.2        |
|    entropy_loss         | -1.96      |
|    explained_variance   | 0.286      |
|    learning_rate        | 0.0003     |
|    loss                 | 0.3        |
|    n_updates            | 30050      |
|    policy_gradient_loss | 0.0059     |
|    std                  | 0.4        |
|    value_loss           | 114        |
----------------------------------------
---------------------------------------
| rollout/                |           |
|    ep_len_mean          | 277       |
|    ep_rew_mean          | -12.1     |
| time/                   |           |
|    fps                  | 162       |
|    iterations           | 419       |
|    time_elapsed         | 13179     |
|    total_timesteps      | 15148480  |
| train/                  |           |
|    approx_kl            | 0.1073318 |
|    clip_fraction        | 0.347     |
|    clip_range           | 0.2       |
|    entropy_loss         | -1.96     |
|    explained_variance   | 0.413     |
|    learning_rate        | 0.0003    |
|    loss                 | 0.301     |
|    n_updates            | 30060     |
|    policy_gradient_loss | 0.00743   |
|    std                  | 0.4       |
|    value_loss           | 54.4      |
---------------------------------------
Eval num_timesteps=15153200, episode_reward=21.08 +/- 34.90
Episode length: 269.80 +/- 32.66
----------------------------------------
| eval/                   |            |
|    mean_ep_length       | 270        |
|    mean_reward          | 21.1       |
| time/                   |            |
|    total_timesteps      | 15153200   |
| train/                  |            |
|    approx_kl            | 0.03934648 |
|    clip_fraction        | 0.283      |
|    clip_range           | 0.2        |
|    entropy_loss         | -1.95      |
|    explained_variance   | 0.371      |
|    learning_rate        | 0.0003     |
|    loss                 | 2.35       |
|    n_updates            | 30070      |
|    policy_gradient_loss | 0.00134    |
|    std                  | 0.398      |
|    value_loss           | 59.6       |
----------------------------------------
New best mean reward!
[episode ends] timestep 15153210: flipped=70 (38%), missed_goal=79 (43%), out_of_bounds=1 (1%), scored=33 (18%)
---------------------------------
| episode_end/       |          |
|    flipped         | 70       |
|    missed_goal     | 79       |
|    out_of_bounds   | 1        |
|    scored          | 33       |
| rollout/           |          |
|    ep_len_mean     | 276      |
|    ep_rew_mean     | -17.4    |
| time/              |          |
|    fps             | 162      |
|    iterations      | 420      |
|    time_elapsed    | 13214    |
|    total_timesteps | 15153600 |
---------------------------------
-----------------------------------------
| rollout/                |             |
|    ep_len_mean          | 279         |
|    ep_rew_mean          | -12.6       |
| time/                   |             |
|    fps                  | 162         |
|    iterations           | 421         |
|    time_elapsed         | 13245       |
|    total_timesteps      | 15158720    |
| train/                  |             |
|    approx_kl            | 0.049151503 |
|    clip_fraction        | 0.256       |
|    clip_range           | 0.2         |
|    entropy_loss         | -1.93       |
|    explained_variance   | 0.24        |
|    learning_rate        | 0.0003      |
|    loss                 | 2.14        |
|    n_updates            | 30080       |
|    policy_gradient_loss | 3.71e-05    |
|    std                  | 0.396       |
|    value_loss           | 112         |
-----------------------------------------
----------------------------------------
| rollout/                |            |
|    ep_len_mean          | 277        |
|    ep_rew_mean          | -15.4      |
| time/                   |            |
|    fps                  | 162        |
|    iterations           | 422        |
|    time_elapsed         | 13277      |
|    total_timesteps      | 15163840   |
| train/                  |            |
|    approx_kl            | 0.07415302 |
|    clip_fraction        | 0.303      |
|    clip_range           | 0.2        |
|    entropy_loss         | -1.92      |
|    explained_variance   | 0.278      |
|    learning_rate        | 0.0003     |
|    loss                 | 4.72       |
|    n_updates            | 30090      |
|    policy_gradient_loss | 0.000527   |
|    std                  | 0.396      |
|    value_loss           | 71.5       |
----------------------------------------
---------------------------------------
| rollout/                |           |
|    ep_len_mean          | 280       |
|    ep_rew_mean          | -16.4     |
| time/                   |           |
|    fps                  | 162       |
|    iterations           | 423       |
|    time_elapsed         | 13309     |
|    total_timesteps      | 15168960  |
| train/                  |           |
|    approx_kl            | 0.1259969 |
|    clip_fraction        | 0.329     |
|    clip_range           | 0.2       |
|    entropy_loss         | -1.91     |
|    explained_variance   | 0.423     |
|    learning_rate        | 0.0003    |
|    loss                 | 0.19      |
|    n_updates            | 30100     |
|    policy_gradient_loss | -0.00391  |
|    std                  | 0.395     |
|    value_loss           | 50.8      |
---------------------------------------
----------------------------------------
| rollout/                |            |
|    ep_len_mean          | 281        |
|    ep_rew_mean          | -19.3      |
| time/                   |            |
|    fps                  | 162        |
|    iterations           | 424        |
|    time_elapsed         | 13340      |
|    total_timesteps      | 15174080   |
| train/                  |            |
|    approx_kl            | 0.10276371 |
|    clip_fraction        | 0.401      |
|    clip_range           | 0.2        |
|    entropy_loss         | -1.91      |
|    explained_variance   | 0.294      |
|    learning_rate        | 0.0003     |
|    loss                 | 1.32       |
|    n_updates            | 30110      |
|    policy_gradient_loss | 0.00518    |
|    std                  | 0.395      |
|    value_loss           | 104        |
----------------------------------------
----------------------------------------
| rollout/                |            |
|    ep_len_mean          | 280        |
|    ep_rew_mean          | -19.4      |
| time/                   |            |
|    fps                  | 162        |
|    iterations           | 425        |
|    time_elapsed         | 13371      |
|    total_timesteps      | 15179200   |
| train/                  |            |
|    approx_kl            | 0.15328363 |
|    clip_fraction        | 0.346      |
|    clip_range           | 0.2        |
|    entropy_loss         | -1.89      |
|    explained_variance   | 0.093      |
|    learning_rate        | 0.0003     |
|    loss                 | 0.0605     |
|    n_updates            | 30120      |
|    policy_gradient_loss | 0.00106    |
|    std                  | 0.392      |
|    value_loss           | 163        |
----------------------------------------
----------------------------------------
| rollout/                |            |
|    ep_len_mean          | 281        |
|    ep_rew_mean          | -24.6      |
| time/                   |            |
|    fps                  | 162        |
|    iterations           | 426        |
|    time_elapsed         | 13402      |
|    total_timesteps      | 15184320   |
| train/                  |            |
|    approx_kl            | 0.12670413 |
|    clip_fraction        | 0.436      |
|    clip_range           | 0.2        |
|    entropy_loss         | -1.88      |
|    explained_variance   | 0.253      |
|    learning_rate        | 0.0003     |
|    loss                 | 0.017      |
|    n_updates            | 30130      |
|    policy_gradient_loss | 0.0123     |
|    std                  | 0.392      |
|    value_loss           | 126        |
----------------------------------------
----------------------------------------
| rollout/                |            |
|    ep_len_mean          | 283        |
|    ep_rew_mean          | -20.6      |
| time/                   |            |
|    fps                  | 162        |
|    iterations           | 427        |
|    time_elapsed         | 13433      |
|    total_timesteps      | 15189440   |
| train/                  |            |
|    approx_kl            | 0.15456247 |
|    clip_fraction        | 0.438      |
|    clip_range           | 0.2        |
|    entropy_loss         | -1.89      |
|    explained_variance   | 0.49       |
|    learning_rate        | 0.0003     |
|    loss                 | 3.2        |
|    n_updates            | 30140      |
|    policy_gradient_loss | 0.0125     |
|    std                  | 0.394      |
|    value_loss           | 41.6       |
----------------------------------------
----------------------------------------
| rollout/                |            |
|    ep_len_mean          | 289        |
|    ep_rew_mean          | -18.8      |
| time/                   |            |
|    fps                  | 162        |
|    iterations           | 428        |
|    time_elapsed         | 13464      |
|    total_timesteps      | 15194560   |
| train/                  |            |
|    approx_kl            | 0.06762584 |
|    clip_fraction        | 0.331      |
|    clip_range           | 0.2        |
|    entropy_loss         | -1.89      |
|    explained_variance   | 0.384      |
|    learning_rate        | 0.0003     |
|    loss                 | 0.181      |
|    n_updates            | 30150      |
|    policy_gradient_loss | -0.0034    |
|    std                  | 0.394      |
|    value_loss           | 40         |
----------------------------------------
----------------------------------------
| rollout/                |            |
|    ep_len_mean          | 292        |
|    ep_rew_mean          | -13.3      |
| time/                   |            |
|    fps                  | 162        |
|    iterations           | 429        |
|    time_elapsed         | 13495      |
|    total_timesteps      | 15199680   |
| train/                  |            |
|    approx_kl            | 0.17507716 |
|    clip_fraction        | 0.413      |
|    clip_range           | 0.2        |
|    entropy_loss         | -1.91      |
|    explained_variance   | 0.875      |
|    learning_rate        | 0.0003     |
|    loss                 | 0.2        |
|    n_updates            | 30160      |
|    policy_gradient_loss | -0.00909   |
|    std                  | 0.395      |
|    value_loss           | 1.54       |
----------------------------------------
Eval num_timesteps=15203200, episode_reward=13.14 +/- 32.22
Episode length: 280.30 +/- 53.82
----------------------------------------
| eval/                   |            |
|    mean_ep_length       | 280        |
|    mean_reward          | 13.1       |
| time/                   |            |
|    total_timesteps      | 15203200   |
| train/                  |            |
|    approx_kl            | 0.12193863 |
|    clip_fraction        | 0.389      |
|    clip_range           | 0.2        |
|    entropy_loss         | -1.91      |
|    explained_variance   | 0.517      |
|    learning_rate        | 0.0003     |
|    loss                 | -0.0418    |
|    n_updates            | 30170      |
|    policy_gradient_loss | 0.00243    |
|    std                  | 0.394      |
|    value_loss           | 44         |
----------------------------------------
[progress] timestep 15203210
[episode ends] timestep 15203210: flipped=51 (29%), missed_goal=112 (64%), scored=12 (7%)
---------------------------------
| episode_end/       |          |
|    flipped         | 51       |
|    missed_goal     | 112      |
|    scored          | 12       |
| rollout/           |          |
|    ep_len_mean     | 292      |
|    ep_rew_mean     | -13      |
| time/              |          |
|    fps             | 162      |
|    iterations      | 430      |
|    time_elapsed    | 13531    |
|    total_timesteps | 15204800 |
---------------------------------
-----------------------------------------
| rollout/                |             |
|    ep_len_mean          | 292         |
|    ep_rew_mean          | -5.8        |
| time/                   |             |
|    fps                  | 162         |
|    iterations           | 431         |
|    time_elapsed         | 13563       |
|    total_timesteps      | 15209920    |
| train/                  |             |
|    approx_kl            | 0.074907795 |
|    clip_fraction        | 0.334       |
|    clip_range           | 0.2         |
|    entropy_loss         | -1.9        |
|    explained_variance   | 0.63        |
|    learning_rate        | 0.0003      |
|    loss                 | -0.00038    |
|    n_updates            | 30180       |
|    policy_gradient_loss | -0.00767    |
|    std                  | 0.395       |
|    value_loss           | 11.8        |
-----------------------------------------
---------------------------------------
| rollout/                |           |
|    ep_len_mean          | 295       |
|    ep_rew_mean          | -3.66     |
| time/                   |           |
|    fps                  | 162       |
|    iterations           | 432       |
|    time_elapsed         | 13593     |
|    total_timesteps      | 15215040  |
| train/                  |           |
|    approx_kl            | 0.1383327 |
|    clip_fraction        | 0.374     |
|    clip_range           | 0.2       |
|    entropy_loss         | -1.91     |
|    explained_variance   | 0.899     |
|    learning_rate        | 0.0003    |
|    loss                 | 1.48      |
|    n_updates            | 30190     |
|    policy_gradient_loss | 0.0128    |
|    std                  | 0.396     |
|    value_loss           | 3.2       |
---------------------------------------
----------------------------------------
| rollout/                |            |
|    ep_len_mean          | 292        |
|    ep_rew_mean          | -10.6      |
| time/                   |            |
|    fps                  | 162        |
|    iterations           | 433        |
|    time_elapsed         | 13625      |
|    total_timesteps      | 15220160   |
| train/                  |            |
|    approx_kl            | 0.09841197 |
|    clip_fraction        | 0.341      |
|    clip_range           | 0.2        |
|    entropy_loss         | -1.92      |
|    explained_variance   | 0.609      |
|    learning_rate        | 0.0003     |
|    loss                 | 0.0421     |
|    n_updates            | 30200      |
|    policy_gradient_loss | -0.00724   |
|    std                  | 0.396      |
|    value_loss           | 20.3       |
----------------------------------------
----------------------------------------
| rollout/                |            |
|    ep_len_mean          | 293        |
|    ep_rew_mean          | -11.9      |
| time/                   |            |
|    fps                  | 162        |
|    iterations           | 434        |
|    time_elapsed         | 13655      |
|    total_timesteps      | 15225280   |
| train/                  |            |
|    approx_kl            | 0.08375496 |
|    clip_fraction        | 0.331      |
|    clip_range           | 0.2        |
|    entropy_loss         | -1.92      |
|    explained_variance   | 0.141      |
|    learning_rate        | 0.0003     |
|    loss                 | 0.146      |
|    n_updates            | 30210      |
|    policy_gradient_loss | -0.0026    |
|    std                  | 0.396      |
|    value_loss           | 178        |
----------------------------------------
----------------------------------------
| rollout/                |            |
|    ep_len_mean          | 290        |
|    ep_rew_mean          | -9.19      |
| time/                   |            |
|    fps                  | 162        |
|    iterations           | 435        |
|    time_elapsed         | 13685      |
|    total_timesteps      | 15230400   |
| train/                  |            |
|    approx_kl            | 0.12109025 |
|    clip_fraction        | 0.359      |
|    clip_range           | 0.2        |
|    entropy_loss         | -1.92      |
|    explained_variance   | 0.597      |
|    learning_rate        | 0.0003     |
|    loss                 | -0.00488   |
|    n_updates            | 30220      |
|    policy_gradient_loss | 0.00891    |
|    std                  | 0.395      |
|    value_loss           | 29.6       |
----------------------------------------
--------------------------------------
| rollout/                |          |
|    ep_len_mean          | 289      |
|    ep_rew_mean          | -12      |
| time/                   |          |
|    fps                  | 162      |
|    iterations           | 436      |
|    time_elapsed         | 13713    |
|    total_timesteps      | 15235520 |
| train/                  |          |
|    approx_kl            | 0.064207 |
|    clip_fraction        | 0.32     |
|    clip_range           | 0.2      |
|    entropy_loss         | -1.91    |
|    explained_variance   | 0.542    |
|    learning_rate        | 0.0003   |
|    loss                 | 0.711    |
|    n_updates            | 30230    |
|    policy_gradient_loss | -0.00103 |
|    std                  | 0.395    |
|    value_loss           | 25       |
--------------------------------------
----------------------------------------
| rollout/                |            |
|    ep_len_mean          | 291        |
|    ep_rew_mean          | -12.6      |
| time/                   |            |
|    fps                  | 162        |
|    iterations           | 437        |
|    time_elapsed         | 13745      |
|    total_timesteps      | 15240640   |
| train/                  |            |
|    approx_kl            | 0.12540962 |
|    clip_fraction        | 0.383      |
|    clip_range           | 0.2        |
|    entropy_loss         | -1.91      |
|    explained_variance   | 0.67       |
|    learning_rate        | 0.0003     |
|    loss                 | 0.0533     |
|    n_updates            | 30240      |
|    policy_gradient_loss | -0.00238   |
|    std                  | 0.395      |
|    value_loss           | 6.13       |
----------------------------------------
-----------------------------------------
| rollout/                |             |
|    ep_len_mean          | 292         |
|    ep_rew_mean          | -15.2       |
| time/                   |             |
|    fps                  | 162         |
|    iterations           | 438         |
|    time_elapsed         | 13775       |
|    total_timesteps      | 15245760    |
| train/                  |             |
|    approx_kl            | 0.072282985 |
|    clip_fraction        | 0.36        |
|    clip_range           | 0.2         |
|    entropy_loss         | -1.9        |
|    explained_variance   | 0.565       |
|    learning_rate        | 0.0003      |
|    loss                 | 0.0126      |
|    n_updates            | 30250       |
|    policy_gradient_loss | 0.000764    |
|    std                  | 0.394       |
|    value_loss           | 32.9        |
-----------------------------------------
-----------------------------------------
| rollout/                |             |
|    ep_len_mean          | 295         |
|    ep_rew_mean          | -13         |
| time/                   |             |
|    fps                  | 162         |
|    iterations           | 439         |
|    time_elapsed         | 13803       |
|    total_timesteps      | 15250880    |
| train/                  |             |
|    approx_kl            | 0.111763656 |
|    clip_fraction        | 0.313       |
|    clip_range           | 0.2         |
|    entropy_loss         | -1.89       |
|    explained_variance   | 0.439       |
|    learning_rate        | 0.0003      |
|    loss                 | 0.177       |
|    n_updates            | 30260       |
|    policy_gradient_loss | -0.00294    |
|    std                  | 0.394       |
|    value_loss           | 53.3        |
-----------------------------------------
Eval num_timesteps=15253200, episode_reward=5.05 +/- 24.26
Episode length: 266.30 +/- 32.81
----------------------------------------
| eval/                   |            |
|    mean_ep_length       | 266        |
|    mean_reward          | 5.05       |
| time/                   |            |
|    total_timesteps      | 15253200   |
| train/                  |            |
|    approx_kl            | 0.05493279 |
|    clip_fraction        | 0.266      |
|    clip_range           | 0.2        |
|    entropy_loss         | -1.89      |
|    explained_variance   | 0.439      |
|    learning_rate        | 0.0003     |
|    loss                 | 0.29       |
|    n_updates            | 30270      |
|    policy_gradient_loss | -0.00597   |
|    std                  | 0.392      |
|    value_loss           | 55.9       |
----------------------------------------
[episode ends] timestep 15253210: flipped=60 (35%), missed_goal=98 (58%), out_of_bounds=1 (1%), scored=11 (6%)
---------------------------------
| episode_end/       |          |
|    flipped         | 60       |
|    missed_goal     | 98       |
|    out_of_bounds   | 1        |
|    scored          | 11       |
| rollout/           |          |
|    ep_len_mean     | 292      |
|    ep_rew_mean     | -8.72    |
| time/              |          |
|    fps             | 162      |
|    iterations      | 440      |
|    time_elapsed    | 13838    |
|    total_timesteps | 15256000 |
---------------------------------
----------------------------------------
| rollout/                |            |
|    ep_len_mean          | 290        |
|    ep_rew_mean          | -9.99      |
| time/                   |            |
|    fps                  | 162        |
|    iterations           | 441        |
|    time_elapsed         | 13873      |
|    total_timesteps      | 15261120   |
| train/                  |            |
|    approx_kl            | 0.08475191 |
|    clip_fraction        | 0.354      |
|    clip_range           | 0.2        |
|    entropy_loss         | -1.88      |
|    explained_variance   | 0.621      |
|    learning_rate        | 0.0003     |
|    loss                 | 3.15       |
|    n_updates            | 30280      |
|    policy_gradient_loss | -0.000548  |
|    std                  | 0.392      |
|    value_loss           | 14.5       |
----------------------------------------
----------------------------------------
| rollout/                |            |
|    ep_len_mean          | 288        |
|    ep_rew_mean          | -9.12      |
| time/                   |            |
|    fps                  | 162        |
|    iterations           | 442        |
|    time_elapsed         | 13904      |
|    total_timesteps      | 15266240   |
| train/                  |            |
|    approx_kl            | 0.07660316 |
|    clip_fraction        | 0.299      |
|    clip_range           | 0.2        |
|    entropy_loss         | -1.88      |
|    explained_variance   | 0.366      |
|    learning_rate        | 0.0003     |
|    loss                 | 0.396      |
|    n_updates            | 30290      |
|    policy_gradient_loss | -0.00174   |
|    std                  | 0.391      |
|    value_loss           | 40.7       |
----------------------------------------
---------------------------------------
| rollout/                |           |
|    ep_len_mean          | 284       |
|    ep_rew_mean          | -6.76     |
| time/                   |           |
|    fps                  | 162       |
|    iterations           | 443       |
|    time_elapsed         | 13937     |
|    total_timesteps      | 15271360  |
| train/                  |           |
|    approx_kl            | 0.1604881 |
|    clip_fraction        | 0.384     |
|    clip_range           | 0.2       |
|    entropy_loss         | -1.87     |
|    explained_variance   | 0.198     |
|    learning_rate        | 0.0003    |
|    loss                 | 0.289     |
|    n_updates            | 30300     |
|    policy_gradient_loss | 0.00944   |
|    std                  | 0.39      |
|    value_loss           | 131       |
---------------------------------------
---------------------------------------
| rollout/                |           |
|    ep_len_mean          | 284       |
|    ep_rew_mean          | -8.52     |
| time/                   |           |
|    fps                  | 162       |
|    iterations           | 444       |
|    time_elapsed         | 13967     |
|    total_timesteps      | 15276480  |
| train/                  |           |
|    approx_kl            | 0.1282569 |
|    clip_fraction        | 0.372     |
|    clip_range           | 0.2       |
|    entropy_loss         | -1.87     |
|    explained_variance   | 0.303     |
|    learning_rate        | 0.0003    |
|    loss                 | 0.873     |
|    n_updates            | 30310     |
|    policy_gradient_loss | 0.003     |
|    std                  | 0.392     |
|    value_loss           | 73        |
---------------------------------------
----------------------------------------
| rollout/                |            |
|    ep_len_mean          | 279        |
|    ep_rew_mean          | -5.26      |
| time/                   |            |
|    fps                  | 162        |
|    iterations           | 445        |
|    time_elapsed         | 13998      |
|    total_timesteps      | 15281600   |
| train/                  |            |
|    approx_kl            | 0.14175653 |
|    clip_fraction        | 0.339      |
|    clip_range           | 0.2        |
|    entropy_loss         | -1.88      |
|    explained_variance   | 0.51       |
|    learning_rate        | 0.0003     |
|    loss                 | 149        |
|    n_updates            | 30320      |
|    policy_gradient_loss | 0.00998    |
|    std                  | 0.391      |
|    value_loss           | 73.7       |
----------------------------------------
----------------------------------------
| rollout/                |            |
|    ep_len_mean          | 275        |
|    ep_rew_mean          | -6.07      |
| time/                   |            |
|    fps                  | 162        |
|    iterations           | 446        |
|    time_elapsed         | 14032      |
|    total_timesteps      | 15286720   |
| train/                  |            |
|    approx_kl            | 0.06746114 |
|    clip_fraction        | 0.321      |
|    clip_range           | 0.2        |
|    entropy_loss         | -1.87      |
|    explained_variance   | 0.539      |
|    learning_rate        | 0.0003     |
|    loss                 | -0.00666   |
|    n_updates            | 30330      |
|    policy_gradient_loss | -0.00513   |
|    std                  | 0.391      |
|    value_loss           | 19         |
----------------------------------------
----------------------------------------
| rollout/                |            |
|    ep_len_mean          | 272        |
|    ep_rew_mean          | -9.55      |
| time/                   |            |
|    fps                  | 162        |
|    iterations           | 447        |
|    time_elapsed         | 14065      |
|    total_timesteps      | 15291840   |
| train/                  |            |
|    approx_kl            | 0.09369568 |
|    clip_fraction        | 0.282      |
|    clip_range           | 0.2        |
|    entropy_loss         | -1.87      |
|    explained_variance   | 0.364      |
|    learning_rate        | 0.0003     |
|    loss                 | 1.15       |
|    n_updates            | 30340      |
|    policy_gradient_loss | 0.00527    |
|    std                  | 0.392      |
|    value_loss           | 95.1       |
----------------------------------------
----------------------------------------
| rollout/                |            |
|    ep_len_mean          | 270        |
|    ep_rew_mean          | -6.17      |
| time/                   |            |
|    fps                  | 162        |
|    iterations           | 448        |
|    time_elapsed         | 14095      |
|    total_timesteps      | 15296960   |
| train/                  |            |
|    approx_kl            | 0.08131464 |
|    clip_fraction        | 0.307      |
|    clip_range           | 0.2        |
|    entropy_loss         | -1.88      |
|    explained_variance   | 0.247      |
|    learning_rate        | 0.0003     |
|    loss                 | 0.021      |
|    n_updates            | 30350      |
|    policy_gradient_loss | 0.000609   |
|    std                  | 0.392      |
|    value_loss           | 87.5       |
----------------------------------------
----------------------------------------
| rollout/                |            |
|    ep_len_mean          | 265        |
|    ep_rew_mean          | -6.82      |
| time/                   |            |
|    fps                  | 162        |
|    iterations           | 449        |
|    time_elapsed         | 14127      |
|    total_timesteps      | 15302080   |
| train/                  |            |
|    approx_kl            | 0.07402892 |
|    clip_fraction        | 0.318      |
|    clip_range           | 0.2        |
|    entropy_loss         | -1.89      |
|    explained_variance   | 0.831      |
|    learning_rate        | 0.0003     |
|    loss                 | 0.918      |
|    n_updates            | 30360      |
|    policy_gradient_loss | -0.00271   |
|    std                  | 0.394      |
|    value_loss           | 6.39       |
----------------------------------------
Eval num_timesteps=15303200, episode_reward=-14.49 +/- 49.86
Episode length: 273.70 +/- 32.72
-----------------------------------------
| eval/                   |             |
|    mean_ep_length       | 274         |
|    mean_reward          | -14.5       |
| time/                   |             |
|    total_timesteps      | 15303200    |
| train/                  |             |
|    approx_kl            | 0.048836797 |
|    clip_fraction        | 0.253       |
|    clip_range           | 0.2         |
|    entropy_loss         | -1.9        |
|    explained_variance   | 0.562       |
|    learning_rate        | 0.0003      |
|    loss                 | 0.0554      |
|    n_updates            | 30370       |
|    policy_gradient_loss | -0.00969    |
|    std                  | 0.393       |
|    value_loss           | 23.3        |
-----------------------------------------
[progress] timestep 15303210
[episode ends] timestep 15303210: flipped=70 (38%), missed_goal=84 (46%), scored=30 (16%)
---------------------------------
| episode_end/       |          |
|    flipped         | 70       |
|    missed_goal     | 84       |
|    scored          | 30       |
| rollout/           |          |
|    ep_len_mean     | 265      |
|    ep_rew_mean     | -11      |
| time/              |          |
|    fps             | 162      |
|    iterations      | 450      |
|    time_elapsed    | 14163    |
|    total_timesteps | 15307200 |
---------------------------------
----------------------------------------
| rollout/                |            |
|    ep_len_mean          | 265        |
|    ep_rew_mean          | -16.1      |
| time/                   |            |
|    fps                  | 162        |
|    iterations           | 451        |
|    time_elapsed         | 14196      |
|    total_timesteps      | 15312320   |
| train/                  |            |
|    approx_kl            | 0.10136326 |
|    clip_fraction        | 0.37       |
|    clip_range           | 0.2        |
|    entropy_loss         | -1.89      |
|    explained_variance   | 0.513      |
|    learning_rate        | 0.0003     |
|    loss                 | 0.00183    |
|    n_updates            | 30380      |
|    policy_gradient_loss | 0.00212    |
|    std                  | 0.393      |
|    value_loss           | 39.5       |
----------------------------------------
---------------------------------------
| rollout/                |           |
|    ep_len_mean          | 265       |
|    ep_rew_mean          | -16       |
| time/                   |           |
|    fps                  | 162       |
|    iterations           | 452       |
|    time_elapsed         | 14228     |
|    total_timesteps      | 15317440  |
| train/                  |           |
|    approx_kl            | 0.0636738 |
|    clip_fraction        | 0.278     |
|    clip_range           | 0.2       |
|    entropy_loss         | -1.89     |
|    explained_variance   | 0.365     |
|    learning_rate        | 0.0003    |
|    loss                 | 0.0634    |
|    n_updates            | 30390     |
|    policy_gradient_loss | -0.00268  |
|    std                  | 0.393     |
|    value_loss           | 111       |
---------------------------------------
----------------------------------------
| rollout/                |            |
|    ep_len_mean          | 267        |
|    ep_rew_mean          | -16        |
| time/                   |            |
|    fps                  | 162        |
|    iterations           | 453        |
|    time_elapsed         | 14257      |
|    total_timesteps      | 15322560   |
| train/                  |            |
|    approx_kl            | 0.08002845 |
|    clip_fraction        | 0.254      |
|    clip_range           | 0.2        |
|    entropy_loss         | -1.89      |
|    explained_variance   | 0.0967     |
|    learning_rate        | 0.0003     |
|    loss                 | 2.22       |
|    n_updates            | 30400      |
|    policy_gradient_loss | 0.000297   |
|    std                  | 0.393      |
|    value_loss           | 126        |
----------------------------------------
----------------------------------------
| rollout/                |            |
|    ep_len_mean          | 273        |
|    ep_rew_mean          | -17        |
| time/                   |            |
|    fps                  | 162        |
|    iterations           | 454        |
|    time_elapsed         | 14287      |
|    total_timesteps      | 15327680   |
| train/                  |            |
|    approx_kl            | 0.09706494 |
|    clip_fraction        | 0.364      |
|    clip_range           | 0.2        |
|    entropy_loss         | -1.89      |
|    explained_variance   | 0.504      |
|    learning_rate        | 0.0003     |
|    loss                 | 0.823      |
|    n_updates            | 30410      |
|    policy_gradient_loss | 0.00167    |
|    std                  | 0.394      |
|    value_loss           | 17.3       |
----------------------------------------
----------------------------------------
| rollout/                |            |
|    ep_len_mean          | 271        |
|    ep_rew_mean          | -19.7      |
| time/                   |            |
|    fps                  | 162        |
|    iterations           | 455        |
|    time_elapsed         | 14321      |
|    total_timesteps      | 15332800   |
| train/                  |            |
|    approx_kl            | 0.15610257 |
|    clip_fraction        | 0.386      |
|    clip_range           | 0.2        |
|    entropy_loss         | -1.9       |
|    explained_variance   | 0.431      |
|    learning_rate        | 0.0003     |
|    loss                 | 8.25       |
|    n_updates            | 30420      |
|    policy_gradient_loss | 0.00821    |
|    std                  | 0.394      |
|    value_loss           | 36.4       |
----------------------------------------
----------------------------------------
| rollout/                |            |
|    ep_len_mean          | 271        |
|    ep_rew_mean          | -16.9      |
| time/                   |            |
|    fps                  | 162        |
|    iterations           | 456        |
|    time_elapsed         | 14353      |
|    total_timesteps      | 15337920   |
| train/                  |            |
|    approx_kl            | 0.05066673 |
|    clip_fraction        | 0.279      |
|    clip_range           | 0.2        |
|    entropy_loss         | -1.9       |
|    explained_variance   | 0.231      |
|    learning_rate        | 0.0003     |
|    loss                 | 5.08       |
|    n_updates            | 30430      |
|    policy_gradient_loss | -0.00313   |
|    std                  | 0.395      |
|    value_loss           | 72.7       |
----------------------------------------
----------------------------------------
| rollout/                |            |
|    ep_len_mean          | 276        |
|    ep_rew_mean          | -11.2      |
| time/                   |            |
|    fps                  | 162        |
|    iterations           | 457        |
|    time_elapsed         | 14382      |
|    total_timesteps      | 15343040   |
| train/                  |            |
|    approx_kl            | 0.07463424 |
|    clip_fraction        | 0.341      |
|    clip_range           | 0.2        |
|    entropy_loss         | -1.91      |
|    explained_variance   | 0.481      |
|    learning_rate        | 0.0003     |
|    loss                 | 0.265      |
|    n_updates            | 30440      |
|    policy_gradient_loss | 0.00264    |
|    std                  | 0.395      |
|    value_loss           | 22.8       |
----------------------------------------
----------------------------------------
| rollout/                |            |
|    ep_len_mean          | 273        |
|    ep_rew_mean          | -13.6      |
| time/                   |            |
|    fps                  | 162        |
|    iterations           | 458        |
|    time_elapsed         | 14415      |
|    total_timesteps      | 15348160   |
| train/                  |            |
|    approx_kl            | 0.08758108 |
|    clip_fraction        | 0.352      |
|    clip_range           | 0.2        |
|    entropy_loss         | -1.91      |
|    explained_variance   | 0.333      |
|    learning_rate        | 0.0003     |
|    loss                 | 33.7       |
|    n_updates            | 30450      |
|    policy_gradient_loss | 0.000938   |
|    std                  | 0.395      |
|    value_loss           | 48.8       |
----------------------------------------
Eval num_timesteps=15353200, episode_reward=-7.98 +/- 18.25
Episode length: 277.70 +/- 68.80
----------------------------------------
| eval/                   |            |
|    mean_ep_length       | 278        |
|    mean_reward          | -7.98      |
| time/                   |            |
|    total_timesteps      | 15353200   |
| train/                  |            |
|    approx_kl            | 0.11834536 |
|    clip_fraction        | 0.329      |
|    clip_range           | 0.2        |
|    entropy_loss         | -1.9       |
|    explained_variance   | 0.217      |
|    learning_rate        | 0.0003     |
|    loss                 | 0.341      |
|    n_updates            | 30460      |
|    policy_gradient_loss | 0.00217    |
|    std                  | 0.393      |
|    value_loss           | 81         |
----------------------------------------
[episode ends] timestep 15353210: flipped=75 (41%), missed_goal=90 (49%), out_of_bounds=2 (1%), scored=16 (9%)
---------------------------------
| episode_end/       |          |
|    flipped         | 75       |
|    missed_goal     | 90       |
|    out_of_bounds   | 2        |
|    scored          | 16       |
| rollout/           |          |
|    ep_len_mean     | 271      |
|    ep_rew_mean     | -13      |
| time/              |          |
|    fps             | 162      |
|    iterations      | 459      |
|    time_elapsed    | 14449    |
|    total_timesteps | 15353280 |
---------------------------------
----------------------------------------
| rollout/                |            |
|    ep_len_mean          | 271        |
|    ep_rew_mean          | -11.2      |
| time/                   |            |
|    fps                  | 162        |
|    iterations           | 460        |
|    time_elapsed         | 14482      |
|    total_timesteps      | 15358400   |
| train/                  |            |
|    approx_kl            | 0.12069017 |
|    clip_fraction        | 0.328      |
|    clip_range           | 0.2        |
|    entropy_loss         | -1.9       |
|    explained_variance   | 0.303      |
|    learning_rate        | 0.0003     |
|    loss                 | 0.207      |
|    n_updates            | 30470      |
|    policy_gradient_loss | 0.00438    |
|    std                  | 0.397      |
|    value_loss           | 44.3       |
----------------------------------------
---------------------------------------
| rollout/                |           |
|    ep_len_mean          | 273       |
|    ep_rew_mean          | -12.2     |
| time/                   |           |
|    fps                  | 162       |
|    iterations           | 461       |
|    time_elapsed         | 14514     |
|    total_timesteps      | 15363520  |
| train/                  |           |
|    approx_kl            | 0.1413929 |
|    clip_fraction        | 0.454     |
|    clip_range           | 0.2       |
|    entropy_loss         | -1.94     |
|    explained_variance   | 0.401     |
|    learning_rate        | 0.0003    |
|    loss                 | 1.22      |
|    n_updates            | 30480     |
|    policy_gradient_loss | 0.018     |
|    std                  | 0.398     |
|    value_loss           | 26.6      |
---------------------------------------
-----------------------------------------
| rollout/                |             |
|    ep_len_mean          | 279         |
|    ep_rew_mean          | -11.7       |
| time/                   |             |
|    fps                  | 162         |
|    iterations           | 462         |
|    time_elapsed         | 14546       |
|    total_timesteps      | 15368640    |
| train/                  |             |
|    approx_kl            | 0.093670934 |
|    clip_fraction        | 0.377       |
|    clip_range           | 0.2         |
|    entropy_loss         | -1.95       |
|    explained_variance   | 0.585       |
|    learning_rate        | 0.0003      |
|    loss                 | 1.63        |
|    n_updates            | 30490       |
|    policy_gradient_loss | 0.00594     |
|    std                  | 0.399       |
|    value_loss           | 18.9        |
-----------------------------------------
----------------------------------------
| rollout/                |            |
|    ep_len_mean          | 282        |
|    ep_rew_mean          | -12        |
| time/                   |            |
|    fps                  | 162        |
|    iterations           | 463        |
|    time_elapsed         | 14576      |
|    total_timesteps      | 15373760   |
| train/                  |            |
|    approx_kl            | 0.15431961 |
|    clip_fraction        | 0.379      |
|    clip_range           | 0.2        |
|    entropy_loss         | -1.96      |
|    explained_variance   | 0.596      |
|    learning_rate        | 0.0003     |
|    loss                 | 0.319      |
|    n_updates            | 30500      |
|    policy_gradient_loss | -0.000105  |
|    std                  | 0.4        |
|    value_loss           | 22.7       |
----------------------------------------
----------------------------------------
| rollout/                |            |
|    ep_len_mean          | 287        |
|    ep_rew_mean          | -13.1      |
| time/                   |            |
|    fps                  | 162        |
|    iterations           | 464        |
|    time_elapsed         | 14607      |
|    total_timesteps      | 15378880   |
| train/                  |            |
|    approx_kl            | 0.13947192 |
|    clip_fraction        | 0.374      |
|    clip_range           | 0.2        |
|    entropy_loss         | -1.96      |
|    explained_variance   | 0.383      |
|    learning_rate        | 0.0003     |
|    loss                 | 0.337      |
|    n_updates            | 30510      |
|    policy_gradient_loss | 0.000428   |
|    std                  | 0.398      |
|    value_loss           | 76.6       |
----------------------------------------
----------------------------------------
| rollout/                |            |
|    ep_len_mean          | 292        |
|    ep_rew_mean          | -10.9      |
| time/                   |            |
|    fps                  | 162        |
|    iterations           | 465        |
|    time_elapsed         | 14636      |
|    total_timesteps      | 15384000   |
| train/                  |            |
|    approx_kl            | 0.13389726 |
|    clip_fraction        | 0.338      |
|    clip_range           | 0.2        |
|    entropy_loss         | -1.94      |
|    explained_variance   | 0.593      |
|    learning_rate        | 0.0003     |
|    loss                 | 0.247      |
|    n_updates            | 30520      |
|    policy_gradient_loss | 0.00484    |
|    std                  | 0.398      |
|    value_loss           | 29.5       |
----------------------------------------
----------------------------------------
| rollout/                |            |
|    ep_len_mean          | 293        |
|    ep_rew_mean          | -11.1      |
| time/                   |            |
|    fps                  | 162        |
|    iterations           | 466        |
|    time_elapsed         | 14670      |
|    total_timesteps      | 15389120   |
| train/                  |            |
|    approx_kl            | 0.14726257 |
|    clip_fraction        | 0.392      |
|    clip_range           | 0.2        |
|    entropy_loss         | -1.96      |
|    explained_variance   | 0.818      |
|    learning_rate        | 0.0003     |
|    loss                 | 0.105      |
|    n_updates            | 30530      |
|    policy_gradient_loss | 0.0121     |
|    std                  | 0.401      |
|    value_loss           | 4.49       |
----------------------------------------
----------------------------------------
| rollout/                |            |
|    ep_len_mean          | 291        |
|    ep_rew_mean          | -11.1      |
| time/                   |            |
|    fps                  | 162        |
|    iterations           | 467        |
|    time_elapsed         | 14697      |
|    total_timesteps      | 15394240   |
| train/                  |            |
|    approx_kl            | 0.17550725 |
|    clip_fraction        | 0.397      |
|    clip_range           | 0.2        |
|    entropy_loss         | -1.98      |
|    explained_variance   | 0.811      |
|    learning_rate        | 0.0003     |
|    loss                 | 0.145      |
|    n_updates            | 30540      |
|    policy_gradient_loss | 0.00762    |
|    std                  | 0.402      |
|    value_loss           | 7.88       |
----------------------------------------
----------------------------------------
| rollout/                |            |
|    ep_len_mean          | 288        |
|    ep_rew_mean          | -9.74      |
| time/                   |            |
|    fps                  | 162        |
|    iterations           | 468        |
|    time_elapsed         | 14729      |
|    total_timesteps      | 15399360   |
| train/                  |            |
|    approx_kl            | 0.09725156 |
|    clip_fraction        | 0.34       |
|    clip_range           | 0.2        |
|    entropy_loss         | -1.97      |
|    explained_variance   | 0.839      |
|    learning_rate        | 0.0003     |
|    loss                 | 0.0339     |
|    n_updates            | 30550      |
|    policy_gradient_loss | -0.00239   |
|    std                  | 0.401      |
|    value_loss           | 5.17       |
----------------------------------------
Eval num_timesteps=15403200, episode_reward=-11.39 +/- 11.14
Episode length: 274.20 +/- 94.47
----------------------------------------
| eval/                   |            |
|    mean_ep_length       | 274        |
|    mean_reward          | -11.4      |
| time/                   |            |
|    total_timesteps      | 15403200   |
| train/                  |            |
|    approx_kl            | 0.12595892 |
|    clip_fraction        | 0.37       |
|    clip_range           | 0.2        |
|    entropy_loss         | -1.99      |
|    explained_variance   | 0.136      |
|    learning_rate        | 0.0003     |
|    loss                 | 0.0324     |
|    n_updates            | 30560      |
|    policy_gradient_loss | 0.00051    |
|    std                  | 0.404      |
|    value_loss           | 144        |
----------------------------------------
[progress] timestep 15403210
[episode ends] timestep 15403210: flipped=72 (41%), missed_goal=91 (52%), out_of_bounds=2 (1%), scored=9 (5%)
---------------------------------
| episode_end/       |          |
|    flipped         | 72       |
|    missed_goal     | 91       |
|    out_of_bounds   | 2        |
|    scored          | 9        |
| rollout/           |          |
|    ep_len_mean     | 291      |
|    ep_rew_mean     | -13.7    |
| time/              |          |
|    fps             | 162      |
|    iterations      | 469      |
|    time_elapsed    | 14763    |
|    total_timesteps | 15404480 |
---------------------------------
----------------------------------------
| rollout/                |            |
|    ep_len_mean          | 285        |
|    ep_rew_mean          | -12.7      |
| time/                   |            |
|    fps                  | 162        |
|    iterations           | 470        |
|    time_elapsed         | 14794      |
|    total_timesteps      | 15409600   |
| train/                  |            |
|    approx_kl            | 0.09191315 |
|    clip_fraction        | 0.311      |
|    clip_range           | 0.2        |
|    entropy_loss         | -1.99      |
|    explained_variance   | 0.403      |
|    learning_rate        | 0.0003     |
|    loss                 | 0.139      |
|    n_updates            | 30570      |
|    policy_gradient_loss | -0.000263  |
|    std                  | 0.404      |
|    value_loss           | 99.6       |
----------------------------------------
----------------------------------------
| rollout/                |            |
|    ep_len_mean          | 285        |
|    ep_rew_mean          | -11.6      |
| time/                   |            |
|    fps                  | 162        |
|    iterations           | 471        |
|    time_elapsed         | 14826      |
|    total_timesteps      | 15414720   |
| train/                  |            |
|    approx_kl            | 0.10019429 |
|    clip_fraction        | 0.323      |
|    clip_range           | 0.2        |
|    entropy_loss         | -2         |
|    explained_variance   | 0.854      |
|    learning_rate        | 0.0003     |
|    loss                 | 0.0241     |
|    n_updates            | 30580      |
|    policy_gradient_loss | -0.00753   |
|    std                  | 0.405      |
|    value_loss           | 3.19       |
----------------------------------------
----------------------------------------
| rollout/                |            |
|    ep_len_mean          | 280        |
|    ep_rew_mean          | -12.8      |
| time/                   |            |
|    fps                  | 162        |
|    iterations           | 472        |
|    time_elapsed         | 14856      |
|    total_timesteps      | 15419840   |
| train/                  |            |
|    approx_kl            | 0.11528927 |
|    clip_fraction        | 0.375      |
|    clip_range           | 0.2        |
|    entropy_loss         | -2         |
|    explained_variance   | 0.903      |
|    learning_rate        | 0.0003     |
|    loss                 | 0.00649    |
|    n_updates            | 30590      |
|    policy_gradient_loss | -0.00578   |
|    std                  | 0.404      |
|    value_loss           | 1.8        |
----------------------------------------
----------------------------------------
| rollout/                |            |
|    ep_len_mean          | 282        |
|    ep_rew_mean          | -13.4      |
| time/                   |            |
|    fps                  | 162        |
|    iterations           | 473        |
|    time_elapsed         | 14888      |
|    total_timesteps      | 15424960   |
| train/                  |            |
|    approx_kl            | 0.09021031 |
|    clip_fraction        | 0.352      |
|    clip_range           | 0.2        |
|    entropy_loss         | -2.01      |
|    explained_variance   | 0.364      |
|    learning_rate        | 0.0003     |
|    loss                 | 0.107      |
|    n_updates            | 30600      |
|    policy_gradient_loss | -0.00136   |
|    std                  | 0.406      |
|    value_loss           | 54.1       |
----------------------------------------
----------------------------------------
| rollout/                |            |
|    ep_len_mean          | 281        |
|    ep_rew_mean          | -8.39      |
| time/                   |            |
|    fps                  | 162        |
|    iterations           | 474        |
|    time_elapsed         | 14920      |
|    total_timesteps      | 15430080   |
| train/                  |            |
|    approx_kl            | 0.06352439 |
|    clip_fraction        | 0.285      |
|    clip_range           | 0.2        |
|    entropy_loss         | -2.02      |
|    explained_variance   | 0.754      |
|    learning_rate        | 0.0003     |
|    loss                 | 0.103      |
|    n_updates            | 30610      |
|    policy_gradient_loss | -0.00526   |
|    std                  | 0.406      |
|    value_loss           | 7.5        |
----------------------------------------
----------------------------------------
| rollout/                |            |
|    ep_len_mean          | 278        |
|    ep_rew_mean          | -4.15      |
| time/                   |            |
|    fps                  | 162        |
|    iterations           | 475        |
|    time_elapsed         | 14951      |
|    total_timesteps      | 15435200   |
| train/                  |            |
|    approx_kl            | 0.07162193 |
|    clip_fraction        | 0.293      |
|    clip_range           | 0.2        |
|    entropy_loss         | -2.01      |
|    explained_variance   | 0.772      |
|    learning_rate        | 0.0003     |
|    loss                 | 0.133      |
|    n_updates            | 30620      |
|    policy_gradient_loss | -0.00638   |
|    std                  | 0.405      |
|    value_loss           | 12.8       |
----------------------------------------
----------------------------------------
| rollout/                |            |
|    ep_len_mean          | 280        |
|    ep_rew_mean          | -4.51      |
| time/                   |            |
|    fps                  | 162        |
|    iterations           | 476        |
|    time_elapsed         | 14983      |
|    total_timesteps      | 15440320   |
| train/                  |            |
|    approx_kl            | 0.05238276 |
|    clip_fraction        | 0.323      |
|    clip_range           | 0.2        |
|    entropy_loss         | -2         |
|    explained_variance   | 0.72       |
|    learning_rate        | 0.0003     |
|    loss                 | 0.0996     |
|    n_updates            | 30630      |
|    policy_gradient_loss | -0.00756   |
|    std                  | 0.404      |
|    value_loss           | 8.46       |
----------------------------------------
-----------------------------------------
| rollout/                |             |
|    ep_len_mean          | 274         |
|    ep_rew_mean          | -4.32       |
| time/                   |             |
|    fps                  | 162         |
|    iterations           | 477         |
|    time_elapsed         | 15015       |
|    total_timesteps      | 15445440    |
| train/                  |             |
|    approx_kl            | 0.040351447 |
|    clip_fraction        | 0.241       |
|    clip_range           | 0.2         |
|    entropy_loss         | -2          |
|    explained_variance   | 0.46        |
|    learning_rate        | 0.0003      |
|    loss                 | 0.0819      |
|    n_updates            | 30640       |
|    policy_gradient_loss | -0.00351    |
|    std                  | 0.405       |
|    value_loss           | 86.6        |
-----------------------------------------
----------------------------------------
| rollout/                |            |
|    ep_len_mean          | 273        |
|    ep_rew_mean          | -6.51      |
| time/                   |            |
|    fps                  | 162        |
|    iterations           | 478        |
|    time_elapsed         | 15047      |
|    total_timesteps      | 15450560   |
| train/                  |            |
|    approx_kl            | 0.07016579 |
|    clip_fraction        | 0.2        |
|    clip_range           | 0.2        |
|    entropy_loss         | -2         |
|    explained_variance   | 0.711      |
|    learning_rate        | 0.0003     |
|    loss                 | 1.19       |
|    n_updates            | 30650      |
|    policy_gradient_loss | -0.0106    |
|    std                  | 0.404      |
|    value_loss           | 15.6       |
----------------------------------------
Eval num_timesteps=15453200, episode_reward=-7.90 +/- 12.33
Episode length: 243.60 +/- 38.96
-----------------------------------------
| eval/                   |             |
|    mean_ep_length       | 244         |
|    mean_reward          | -7.9        |
| time/                   |             |
|    total_timesteps      | 15453200    |
| train/                  |             |
|    approx_kl            | 0.041785892 |
|    clip_fraction        | 0.176       |
|    clip_range           | 0.2         |
|    entropy_loss         | -2          |
|    explained_variance   | 0.187       |
|    learning_rate        | 0.0003      |
|    loss                 | 0.978       |
|    n_updates            | 30660       |
|    policy_gradient_loss | -0.00944    |
|    std                  | 0.404       |
|    value_loss           | 232         |
-----------------------------------------
[episode ends] timestep 15453210: flipped=71 (39%), missed_goal=89 (49%), out_of_bounds=4 (2%), scored=16 (9%)
---------------------------------
| episode_end/       |          |
|    flipped         | 71       |
|    missed_goal     | 89       |
|    out_of_bounds   | 4        |
|    scored          | 16       |
| rollout/           |          |
|    ep_len_mean     | 274      |
|    ep_rew_mean     | -12.8    |
| time/              |          |
|    fps             | 162      |
|    iterations      | 479      |
|    time_elapsed    | 15084    |
|    total_timesteps | 15455680 |
---------------------------------
-----------------------------------------
| rollout/                |             |
|    ep_len_mean          | 275         |
|    ep_rew_mean          | -17.3       |
| time/                   |             |
|    fps                  | 162         |
|    iterations           | 480         |
|    time_elapsed         | 15114       |
|    total_timesteps      | 15460800    |
| train/                  |             |
|    approx_kl            | 0.039670356 |
|    clip_fraction        | 0.212       |
|    clip_range           | 0.2         |
|    entropy_loss         | -1.99       |
|    explained_variance   | 0.389       |
|    learning_rate        | 0.0003      |
|    loss                 | 369         |
|    n_updates            | 30670       |
|    policy_gradient_loss | -0.00833    |
|    std                  | 0.403       |
|    value_loss           | 70.6        |
-----------------------------------------
----------------------------------------
| rollout/                |            |
|    ep_len_mean          | 275        |
|    ep_rew_mean          | -17.4      |
| time/                   |            |
|    fps                  | 162        |
|    iterations           | 481        |
|    time_elapsed         | 15148      |
|    total_timesteps      | 15465920   |
| train/                  |            |
|    approx_kl            | 0.04443803 |
|    clip_fraction        | 0.222      |
|    clip_range           | 0.2        |
|    entropy_loss         | -2         |
|    explained_variance   | 0.245      |
|    learning_rate        | 0.0003     |
|    loss                 | 0.0833     |
|    n_updates            | 30680      |
|    policy_gradient_loss | -0.0109    |
|    std                  | 0.405      |
|    value_loss           | 173        |
----------------------------------------
---------------------------------------
| rollout/                |           |
|    ep_len_mean          | 278       |
|    ep_rew_mean          | -16.9     |
| time/                   |           |
|    fps                  | 162       |
|    iterations           | 482       |
|    time_elapsed         | 15180     |
|    total_timesteps      | 15471040  |
| train/                  |           |
|    approx_kl            | 0.0689154 |
|    clip_fraction        | 0.246     |
|    clip_range           | 0.2       |
|    entropy_loss         | -2        |
|    explained_variance   | 0.633     |
|    learning_rate        | 0.0003    |
|    loss                 | 2.71      |
|    n_updates            | 30690     |
|    policy_gradient_loss | -0.00826  |
|    std                  | 0.404     |
|    value_loss           | 26.3      |
---------------------------------------
--------------------------------------
| rollout/                |          |
|    ep_len_mean          | 281      |
|    ep_rew_mean          | -14.4    |
| time/                   |          |
|    fps                  | 162      |
|    iterations           | 483      |
|    time_elapsed         | 15210    |
|    total_timesteps      | 15476160 |
| train/                  |          |
|    approx_kl            | 0.108808 |
|    clip_fraction        | 0.345    |
|    clip_range           | 0.2      |
|    entropy_loss         | -1.99    |
|    explained_variance   | 0.507    |
|    learning_rate        | 0.0003   |
|    loss                 | 1.22     |
|    n_updates            | 30700    |
|    policy_gradient_loss | -0.00465 |
|    std                  | 0.403    |
|    value_loss           | 42.3     |
--------------------------------------
-----------------------------------------
| rollout/                |             |
|    ep_len_mean          | 275         |
|    ep_rew_mean          | -8.76       |
| time/                   |             |
|    fps                  | 162         |
|    iterations           | 484         |
|    time_elapsed         | 15245       |
|    total_timesteps      | 15481280    |
| train/                  |             |
|    approx_kl            | 0.038771722 |
|    clip_fraction        | 0.236       |
|    clip_range           | 0.2         |
|    entropy_loss         | -2          |
|    explained_variance   | 0.55        |
|    learning_rate        | 0.0003      |
|    loss                 | 3.13        |
|    n_updates            | 30710       |
|    policy_gradient_loss | -0.0102     |
|    std                  | 0.405       |
|    value_loss           | 13.1        |
-----------------------------------------
----------------------------------------
| rollout/                |            |
|    ep_len_mean          | 277        |
|    ep_rew_mean          | -9.98      |
| time/                   |            |
|    fps                  | 162        |
|    iterations           | 485        |
|    time_elapsed         | 15279      |
|    total_timesteps      | 15486400   |
| train/                  |            |
|    approx_kl            | 0.09480018 |
|    clip_fraction        | 0.33       |
|    clip_range           | 0.2        |
|    entropy_loss         | -1.99      |
|    explained_variance   | 0.592      |
|    learning_rate        | 0.0003     |
|    loss                 | 70         |
|    n_updates            | 30720      |
|    policy_gradient_loss | -0.00235   |
|    std                  | 0.402      |
|    value_loss           | 21.7       |
----------------------------------------
----------------------------------------
| rollout/                |            |
|    ep_len_mean          | 273        |
|    ep_rew_mean          | -4.65      |
| time/                   |            |
|    fps                  | 162        |
|    iterations           | 486        |
|    time_elapsed         | 15311      |
|    total_timesteps      | 15491520   |
| train/                  |            |
|    approx_kl            | 0.07888193 |
|    clip_fraction        | 0.282      |
|    clip_range           | 0.2        |
|    entropy_loss         | -1.97      |
|    explained_variance   | 0.278      |
|    learning_rate        | 0.0003     |
|    loss                 | 0.291      |
|    n_updates            | 30730      |
|    policy_gradient_loss | -0.0043    |
|    std                  | 0.402      |
|    value_loss           | 53.1       |
----------------------------------------
---------------------------------------
| rollout/                |           |
|    ep_len_mean          | 274       |
|    ep_rew_mean          | -3        |
| time/                   |           |
|    fps                  | 162       |
|    iterations           | 487       |
|    time_elapsed         | 15341     |
|    total_timesteps      | 15496640  |
| train/                  |           |
|    approx_kl            | 0.1086458 |
|    clip_fraction        | 0.391     |
|    clip_range           | 0.2       |
|    entropy_loss         | -1.98     |
|    explained_variance   | 0.893     |
|    learning_rate        | 0.0003    |
|    loss                 | 0.055     |
|    n_updates            | 30740     |
|    policy_gradient_loss | -0.00465  |
|    std                  | 0.402     |
|    value_loss           | 1.8       |
---------------------------------------
----------------------------------------
| rollout/                |            |
|    ep_len_mean          | 278        |
|    ep_rew_mean          | -1.83      |
| time/                   |            |
|    fps                  | 162        |
|    iterations           | 488        |
|    time_elapsed         | 15372      |
|    total_timesteps      | 15501760   |
| train/                  |            |
|    approx_kl            | 0.08986502 |
|    clip_fraction        | 0.368      |
|    clip_range           | 0.2        |
|    entropy_loss         | -1.99      |
|    explained_variance   | 0.642      |
|    learning_rate        | 0.0003     |
|    loss                 | 0.183      |
|    n_updates            | 30750      |
|    policy_gradient_loss | -0.000457  |
|    std                  | 0.404      |
|    value_loss           | 22.9       |
----------------------------------------
Eval num_timesteps=15503200, episode_reward=-34.10 +/- 88.81
Episode length: 329.10 +/- 117.71
----------------------------------------
| eval/                   |            |
|    mean_ep_length       | 329        |
|    mean_reward          | -34.1      |
| time/                   |            |
|    total_timesteps      | 15503200   |
| train/                  |            |
|    approx_kl            | 0.15030576 |
|    clip_fraction        | 0.406      |
|    clip_range           | 0.2        |
|    entropy_loss         | -2         |
|    explained_variance   | 0.87       |
|    learning_rate        | 0.0003     |
|    loss                 | 0.826      |
|    n_updates            | 30760      |
|    policy_gradient_loss | -0.00562   |
|    std                  | 0.405      |
|    value_loss           | 4.09       |
----------------------------------------
[progress] timestep 15503210
[episode ends] timestep 15503210: flipped=68 (38%), missed_goal=91 (51%), out_of_bounds=3 (2%), scored=17 (9%)
---------------------------------
| episode_end/       |          |
|    flipped         | 68       |
|    missed_goal     | 91       |
|    out_of_bounds   | 3        |
|    scored          | 17       |
| rollout/           |          |
|    ep_len_mean     | 284      |
|    ep_rew_mean     | -4.95    |
| time/              |          |
|    fps             | 162      |
|    iterations      | 489      |
|    time_elapsed    | 15407    |
|    total_timesteps | 15506880 |
---------------------------------
----------------------------------------
| rollout/                |            |
|    ep_len_mean          | 290        |
|    ep_rew_mean          | -4.2       |
| time/                   |            |
|    fps                  | 162        |
|    iterations           | 490        |
|    time_elapsed         | 15435      |
|    total_timesteps      | 15512000   |
| train/                  |            |
|    approx_kl            | 0.15250795 |
|    clip_fraction        | 0.348      |
|    clip_range           | 0.2        |
|    entropy_loss         | -2.03      |
|    explained_variance   | 0.721      |
|    learning_rate        | 0.0003     |
|    loss                 | 0.196      |
|    n_updates            | 30770      |
|    policy_gradient_loss | -0.0111    |
|    std                  | 0.407      |
|    value_loss           | 18.1       |
----------------------------------------
----------------------------------------
| rollout/                |            |
|    ep_len_mean          | 298        |
|    ep_rew_mean          | -0.669     |
| time/                   |            |
|    fps                  | 162        |
|    iterations           | 491        |
|    time_elapsed         | 15467      |
|    total_timesteps      | 15517120   |
| train/                  |            |
|    approx_kl            | 0.13726088 |
|    clip_fraction        | 0.428      |
|    clip_range           | 0.2        |
|    entropy_loss         | -2.02      |
|    explained_variance   | 0.454      |
|    learning_rate        | 0.0003     |
|    loss                 | 0.83       |
|    n_updates            | 30780      |
|    policy_gradient_loss | 9.91e-05   |
|    std                  | 0.407      |
|    value_loss           | 57         |
----------------------------------------
----------------------------------------
| rollout/                |            |
|    ep_len_mean          | 299        |
|    ep_rew_mean          | -0.115     |
| time/                   |            |
|    fps                  | 162        |
|    iterations           | 492        |
|    time_elapsed         | 15500      |
|    total_timesteps      | 15522240   |
| train/                  |            |
|    approx_kl            | 0.11621244 |
|    clip_fraction        | 0.395      |
|    clip_range           | 0.2        |
|    entropy_loss         | -2.02      |
|    explained_variance   | 0.924      |
|    learning_rate        | 0.0003     |
|    loss                 | 1.17       |
|    n_updates            | 30790      |
|    policy_gradient_loss | -0.0113    |
|    std                  | 0.407      |
|    value_loss           | 1.12       |
----------------------------------------
-----------------------------------------
| rollout/                |             |
|    ep_len_mean          | 306         |
|    ep_rew_mean          | -2.98       |
| time/                   |             |
|    fps                  | 162         |
|    iterations           | 493         |
|    time_elapsed         | 15530       |
|    total_timesteps      | 15527360    |
| train/                  |             |
|    approx_kl            | 0.096980914 |
|    clip_fraction        | 0.396       |
|    clip_range           | 0.2         |
|    entropy_loss         | -2.03       |
|    explained_variance   | -0.0919     |
|    learning_rate        | 0.0003      |
|    loss                 | -0.0125     |
|    n_updates            | 30800       |
|    policy_gradient_loss | 0.000449    |
|    std                  | 0.407       |
|    value_loss           | 33          |
-----------------------------------------
----------------------------------------
| rollout/                |            |
|    ep_len_mean          | 304        |
|    ep_rew_mean          | -8.74      |
| time/                   |            |
|    fps                  | 162        |
|    iterations           | 494        |
|    time_elapsed         | 15562      |
|    total_timesteps      | 15532480   |
| train/                  |            |
|    approx_kl            | 0.11640859 |
|    clip_fraction        | 0.392      |
|    clip_range           | 0.2        |
|    entropy_loss         | -2.03      |
|    explained_variance   | 0.556      |
|    learning_rate        | 0.0003     |
|    loss                 | 0.0161     |
|    n_updates            | 30810      |
|    policy_gradient_loss | 3.41e-06   |
|    std                  | 0.409      |
|    value_loss           | 34.6       |
----------------------------------------
-----------------------------------------
| rollout/                |             |
|    ep_len_mean          | 307         |
|    ep_rew_mean          | -6.94       |
| time/                   |             |
|    fps                  | 162         |
|    iterations           | 495         |
|    time_elapsed         | 15592       |
|    total_timesteps      | 15537600    |
| train/                  |             |
|    approx_kl            | 0.070978254 |
|    clip_fraction        | 0.329       |
|    clip_range           | 0.2         |
|    entropy_loss         | -2.05       |
|    explained_variance   | 0.426       |
|    learning_rate        | 0.0003      |
|    loss                 | 0.0144      |
|    n_updates            | 30820       |
|    policy_gradient_loss | -0.0099     |
|    std                  | 0.41        |
|    value_loss           | 90.5        |
-----------------------------------------
----------------------------------------
| rollout/                |            |
|    ep_len_mean          | 306        |
|    ep_rew_mean          | -6.99      |
| time/                   |            |
|    fps                  | 162        |
|    iterations           | 496        |
|    time_elapsed         | 15621      |
|    total_timesteps      | 15542720   |
| train/                  |            |
|    approx_kl            | 0.09372043 |
|    clip_fraction        | 0.349      |
|    clip_range           | 0.2        |
|    entropy_loss         | -2.05      |
|    explained_variance   | 0.525      |
|    learning_rate        | 0.0003     |
|    loss                 | 0.196      |
|    n_updates            | 30830      |
|    policy_gradient_loss | -0.00616   |
|    std                  | 0.409      |
|    value_loss           | 31.4       |
----------------------------------------
----------------------------------------
| rollout/                |            |
|    ep_len_mean          | 306        |
|    ep_rew_mean          | -9.19      |
| time/                   |            |
|    fps                  | 162        |
|    iterations           | 497        |
|    time_elapsed         | 15651      |
|    total_timesteps      | 15547840   |
| train/                  |            |
|    approx_kl            | 0.09220152 |
|    clip_fraction        | 0.316      |
|    clip_range           | 0.2        |
|    entropy_loss         | -2.03      |
|    explained_variance   | 0.793      |
|    learning_rate        | 0.0003     |
|    loss                 | 0.0127     |
|    n_updates            | 30840      |
|    policy_gradient_loss | -0.00742   |
|    std                  | 0.407      |
|    value_loss           | 8.16       |
----------------------------------------
----------------------------------------
| rollout/                |            |
|    ep_len_mean          | 304        |
|    ep_rew_mean          | -8.85      |
| time/                   |            |
|    fps                  | 162        |
|    iterations           | 498        |
|    time_elapsed         | 15681      |
|    total_timesteps      | 15552960   |
| train/                  |            |
|    approx_kl            | 0.07304847 |
|    clip_fraction        | 0.328      |
|    clip_range           | 0.2        |
|    entropy_loss         | -2.02      |
|    explained_variance   | 0.936      |
|    learning_rate        | 0.0003     |
|    loss                 | 0.0122     |
|    n_updates            | 30850      |
|    policy_gradient_loss | -0.0123    |
|    std                  | 0.407      |
|    value_loss           | 1.46       |
----------------------------------------
Eval num_timesteps=15553200, episode_reward=-12.16 +/- 35.85
Episode length: 328.30 +/- 39.43
-----------------------------------------
| eval/                   |             |
|    mean_ep_length       | 328         |
|    mean_reward          | -12.2       |
| time/                   |             |
|    total_timesteps      | 15553200    |
| train/                  |             |
|    approx_kl            | 0.104594365 |
|    clip_fraction        | 0.335       |
|    clip_range           | 0.2         |
|    entropy_loss         | -2.02       |
|    explained_variance   | 0.31        |
|    learning_rate        | 0.0003      |
|    loss                 | 0.152       |
|    n_updates            | 30860       |
|    policy_gradient_loss | -0.00154    |
|    std                  | 0.407       |
|    value_loss           | 117         |
-----------------------------------------
[episode ends] timestep 15553210: flipped=43 (26%), missed_goal=106 (65%), out_of_bounds=1 (1%), scored=13 (8%)
---------------------------------
| episode_end/       |          |
|    flipped         | 43       |
|    missed_goal     | 106      |
|    out_of_bounds   | 1        |
|    scored          | 13       |
| rollout/           |          |
|    ep_len_mean     | 302      |
|    ep_rew_mean     | -16.9    |
| time/              |          |
|    fps             | 162      |
|    iterations      | 499      |
|    time_elapsed    | 15718    |
|    total_timesteps | 15558080 |
---------------------------------
----------------------------------------
| rollout/                |            |
|    ep_len_mean          | 299        |
|    ep_rew_mean          | -12.3      |
| time/                   |            |
|    fps                  | 162        |
|    iterations           | 500        |
|    time_elapsed         | 15748      |
|    total_timesteps      | 15563200   |
| train/                  |            |
|    approx_kl            | 0.08649331 |
|    clip_fraction        | 0.323      |
|    clip_range           | 0.2        |
|    entropy_loss         | -2.03      |
|    explained_variance   | 0.184      |
|    learning_rate        | 0.0003     |
|    loss                 | 15         |
|    n_updates            | 30870      |
|    policy_gradient_loss | -0.00918   |
|    std                  | 0.408      |
|    value_loss           | 251        |
----------------------------------------
-----------------------------------------
| rollout/                |             |
|    ep_len_mean          | 296         |
|    ep_rew_mean          | -11.5       |
| time/                   |             |
|    fps                  | 162         |
|    iterations           | 501         |
|    time_elapsed         | 15776       |
|    total_timesteps      | 15568320    |
| train/                  |             |
|    approx_kl            | 0.056579065 |
|    clip_fraction        | 0.287       |
|    clip_range           | 0.2         |
|    entropy_loss         | -2.03       |
|    explained_variance   | 0.421       |
|    learning_rate        | 0.0003      |
|    loss                 | 1.9         |
|    n_updates            | 30880       |
|    policy_gradient_loss | -0.00637    |
|    std                  | 0.407       |
|    value_loss           | 35.6        |
-----------------------------------------
----------------------------------------
| rollout/                |            |
|    ep_len_mean          | 297        |
|    ep_rew_mean          | -15.6      |
| time/                   |            |
|    fps                  | 162        |
|    iterations           | 502        |
|    time_elapsed         | 15808      |
|    total_timesteps      | 15573440   |
| train/                  |            |
|    approx_kl            | 0.07225455 |
|    clip_fraction        | 0.316      |
|    clip_range           | 0.2        |
|    entropy_loss         | -2.03      |
|    explained_variance   | 0.14       |
|    learning_rate        | 0.0003     |
|    loss                 | 28.4       |
|    n_updates            | 30890      |
|    policy_gradient_loss | -0.00839   |
|    std                  | 0.408      |
|    value_loss           | 174        |
----------------------------------------
----------------------------------------
| rollout/                |            |
|    ep_len_mean          | 295        |
|    ep_rew_mean          | -20        |
| time/                   |            |
|    fps                  | 162        |
|    iterations           | 503        |
|    time_elapsed         | 15839      |
|    total_timesteps      | 15578560   |
| train/                  |            |
|    approx_kl            | 0.06389546 |
|    clip_fraction        | 0.34       |
|    clip_range           | 0.2        |
|    entropy_loss         | -2.03      |
|    explained_variance   | 0.652      |
|    learning_rate        | 0.0003     |
|    loss                 | 0.0662     |
|    n_updates            | 30900      |
|    policy_gradient_loss | -0.0109    |
|    std                  | 0.407      |
|    value_loss           | 12.7       |
----------------------------------------
----------------------------------------
| rollout/                |            |
|    ep_len_mean          | 301        |
|    ep_rew_mean          | -20.9      |
| time/                   |            |
|    fps                  | 162        |
|    iterations           | 504        |
|    time_elapsed         | 15866      |
|    total_timesteps      | 15583680   |
| train/                  |            |
|    approx_kl            | 0.09538614 |
|    clip_fraction        | 0.31       |
|    clip_range           | 0.2        |
|    entropy_loss         | -2.03      |
|    explained_variance   | 0.292      |
|    learning_rate        | 0.0003     |
|    loss                 | 1.74       |
|    n_updates            | 30910      |
|    policy_gradient_loss | -0.000112  |
|    std                  | 0.409      |
|    value_loss           | 154        |
----------------------------------------
-----------------------------------------
| rollout/                |             |
|    ep_len_mean          | 302         |
|    ep_rew_mean          | -16.4       |
| time/                   |             |
|    fps                  | 162         |
|    iterations           | 505         |
|    time_elapsed         | 15896       |
|    total_timesteps      | 15588800    |
| train/                  |             |
|    approx_kl            | 0.091485366 |
|    clip_fraction        | 0.348       |
|    clip_range           | 0.2         |
|    entropy_loss         | -2.03       |
|    explained_variance   | 0.515       |
|    learning_rate        | 0.0003      |
|    loss                 | 32          |
|    n_updates            | 30920       |
|    policy_gradient_loss | 0.000879    |
|    std                  | 0.406       |
|    value_loss           | 34.6        |
-----------------------------------------
----------------------------------------
| rollout/                |            |
|    ep_len_mean          | 310        |
|    ep_rew_mean          | -17.4      |
| time/                   |            |
|    fps                  | 162        |
|    iterations           | 506        |
|    time_elapsed         | 15923      |
|    total_timesteps      | 15593920   |
| train/                  |            |
|    approx_kl            | 0.10456513 |
|    clip_fraction        | 0.333      |
|    clip_range           | 0.2        |
|    entropy_loss         | -2.02      |
|    explained_variance   | 0.889      |
|    learning_rate        | 0.0003     |
|    loss                 | 9.48       |
|    n_updates            | 30930      |
|    policy_gradient_loss | -0.00445   |
|    std                  | 0.406      |
|    value_loss           | 4.51       |
----------------------------------------
----------------------------------------
| rollout/                |            |
|    ep_len_mean          | 312        |
|    ep_rew_mean          | -18.4      |
| time/                   |            |
|    fps                  | 162        |
|    iterations           | 507        |
|    time_elapsed         | 15955      |
|    total_timesteps      | 15599040   |
| train/                  |            |
|    approx_kl            | 0.09708862 |
|    clip_fraction        | 0.312      |
|    clip_range           | 0.2        |
|    entropy_loss         | -2.03      |
|    explained_variance   | 0.666      |
|    learning_rate        | 0.0003     |
|    loss                 | 0.00616    |
|    n_updates            | 30940      |
|    policy_gradient_loss | -0.00662   |
|    std                  | 0.408      |
|    value_loss           | 23.7       |
----------------------------------------
Eval num_timesteps=15603200, episode_reward=0.17 +/- 11.64
Episode length: 281.90 +/- 45.82
----------------------------------------
| eval/                   |            |
|    mean_ep_length       | 282        |
|    mean_reward          | 0.173      |
| time/                   |            |
|    total_timesteps      | 15603200   |
| train/                  |            |
|    approx_kl            | 0.11137328 |
|    clip_fraction        | 0.353      |
|    clip_range           | 0.2        |
|    entropy_loss         | -2.05      |
|    explained_variance   | 0.681      |
|    learning_rate        | 0.0003     |
|    loss                 | 99         |
|    n_updates            | 30950      |
|    policy_gradient_loss | 0.00129    |
|    std                  | 0.411      |
|    value_loss           | 25.3       |
----------------------------------------
[progress] timestep 15603210
[episode ends] timestep 15603210: crashed=1 (1%), flipped=64 (39%), missed_goal=85 (52%), out_of_bounds=4 (2%), scored=10 (6%)
---------------------------------
| episode_end/       |          |
|    crashed         | 1        |
|    flipped         | 64       |
|    missed_goal     | 85       |
|    out_of_bounds   | 4        |
|    scored          | 10       |
| rollout/           |          |
|    ep_len_mean     | 310      |
|    ep_rew_mean     | -16.3    |
| time/              |          |
|    fps             | 162      |
|    iterations      | 508      |
|    time_elapsed    | 15989    |
|    total_timesteps | 15604160 |
---------------------------------
----------------------------------------
| rollout/                |            |
|    ep_len_mean          | 311        |
|    ep_rew_mean          | -12.3      |
| time/                   |            |
|    fps                  | 162        |
|    iterations           | 509        |
|    time_elapsed         | 16017      |
|    total_timesteps      | 15609280   |
| train/                  |            |
|    approx_kl            | 0.07330519 |
|    clip_fraction        | 0.351      |
|    clip_range           | 0.2        |
|    entropy_loss         | -2.07      |
|    explained_variance   | 0.922      |
|    learning_rate        | 0.0003     |
|    loss                 | 0.123      |
|    n_updates            | 30960      |
|    policy_gradient_loss | -0.0111    |
|    std                  | 0.411      |
|    value_loss           | 1.82       |
----------------------------------------
----------------------------------------
| rollout/                |            |
|    ep_len_mean          | 308        |
|    ep_rew_mean          | -12.2      |
| time/                   |            |
|    fps                  | 162        |
|    iterations           | 510        |
|    time_elapsed         | 16044      |
|    total_timesteps      | 15614400   |
| train/                  |            |
|    approx_kl            | 0.06440209 |
|    clip_fraction        | 0.34       |
|    clip_range           | 0.2        |
|    entropy_loss         | -2.05      |
|    explained_variance   | 0.138      |
|    learning_rate        | 0.0003     |
|    loss                 | 0.55       |
|    n_updates            | 30970      |
|    policy_gradient_loss | -0.000426  |
|    std                  | 0.409      |
|    value_loss           | 163        |
----------------------------------------
---------------------------------------
| rollout/                |           |
|    ep_len_mean          | 310       |
|    ep_rew_mean          | -17.4     |
| time/                   |           |
|    fps                  | 162       |
|    iterations           | 511       |
|    time_elapsed         | 16074     |
|    total_timesteps      | 15619520  |
| train/                  |           |
|    approx_kl            | 0.0642322 |
|    clip_fraction        | 0.306     |
|    clip_range           | 0.2       |
|    entropy_loss         | -2.03     |
|    explained_variance   | 0.218     |
|    learning_rate        | 0.0003    |
|    loss                 | 0.588     |
|    n_updates            | 30980     |
|    policy_gradient_loss | -0.00895  |
|    std                  | 0.407     |
|    value_loss           | 144       |
---------------------------------------
----------------------------------------
| rollout/                |            |
|    ep_len_mean          | 300        |
|    ep_rew_mean          | -15.4      |
| time/                   |            |
|    fps                  | 162        |
|    iterations           | 512        |
|    time_elapsed         | 16108      |
|    total_timesteps      | 15624640   |
| train/                  |            |
|    approx_kl            | 0.07651268 |
|    clip_fraction        | 0.323      |
|    clip_range           | 0.2        |
|    entropy_loss         | -2.01      |
|    explained_variance   | 0.69       |
|    learning_rate        | 0.0003     |
|    loss                 | -0.0217    |
|    n_updates            | 30990      |
|    policy_gradient_loss | -0.0161    |
|    std                  | 0.404      |
|    value_loss           | 16.8       |
----------------------------------------
-----------------------------------------
| rollout/                |             |
|    ep_len_mean          | 298         |
|    ep_rew_mean          | -11.3       |
| time/                   |             |
|    fps                  | 162         |
|    iterations           | 513         |
|    time_elapsed         | 16140       |
|    total_timesteps      | 15629760    |
| train/                  |             |
|    approx_kl            | 0.076258466 |
|    clip_fraction        | 0.36        |
|    clip_range           | 0.2         |
|    entropy_loss         | -2          |
|    explained_variance   | 0.467       |
|    learning_rate        | 0.0003      |
|    loss                 | 0.316       |
|    n_updates            | 31000       |
|    policy_gradient_loss | -0.00109    |
|    std                  | 0.404       |
|    value_loss           | 25.8        |
-----------------------------------------
----------------------------------------
| rollout/                |            |
|    ep_len_mean          | 300        |
|    ep_rew_mean          | -13.3      |
| time/                   |            |
|    fps                  | 162        |
|    iterations           | 514        |
|    time_elapsed         | 16170      |
|    total_timesteps      | 15634880   |
| train/                  |            |
|    approx_kl            | 0.11286356 |
|    clip_fraction        | 0.301      |
|    clip_range           | 0.2        |
|    entropy_loss         | -1.99      |
|    explained_variance   | 0.447      |
|    learning_rate        | 0.0003     |
|    loss                 | 1.2        |
|    n_updates            | 31010      |
|    policy_gradient_loss | 0.00924    |
|    std                  | 0.403      |
|    value_loss           | 25.4       |
----------------------------------------
----------------------------------------
| rollout/                |            |
|    ep_len_mean          | 300        |
|    ep_rew_mean          | -18.9      |
| time/                   |            |
|    fps                  | 162        |
|    iterations           | 515        |
|    time_elapsed         | 16197      |
|    total_timesteps      | 15640000   |
| train/                  |            |
|    approx_kl            | 0.08977277 |
|    clip_fraction        | 0.339      |
|    clip_range           | 0.2        |
|    entropy_loss         | -1.98      |
|    explained_variance   | 0.457      |
|    learning_rate        | 0.0003     |
|    loss                 | 1.54       |
|    n_updates            | 31020      |
|    policy_gradient_loss | -0.0139    |
|    std                  | 0.401      |
|    value_loss           | 34.9       |
----------------------------------------
----------------------------------------
| rollout/                |            |
|    ep_len_mean          | 293        |
|    ep_rew_mean          | -14.6      |
| time/                   |            |
|    fps                  | 162        |
|    iterations           | 516        |
|    time_elapsed         | 16229      |
|    total_timesteps      | 15645120   |
| train/                  |            |
|    approx_kl            | 0.08699288 |
|    clip_fraction        | 0.324      |
|    clip_range           | 0.2        |
|    entropy_loss         | -1.99      |
|    explained_variance   | 0.269      |
|    learning_rate        | 0.0003     |
|    loss                 | -0.00835   |
|    n_updates            | 31030      |
|    policy_gradient_loss | -0.00892   |
|    std                  | 0.405      |
|    value_loss           | 122        |
----------------------------------------
----------------------------------------
| rollout/                |            |
|    ep_len_mean          | 293        |
|    ep_rew_mean          | -11.7      |
| time/                   |            |
|    fps                  | 162        |
|    iterations           | 517        |
|    time_elapsed         | 16259      |
|    total_timesteps      | 15650240   |
| train/                  |            |
|    approx_kl            | 0.09486823 |
|    clip_fraction        | 0.351      |
|    clip_range           | 0.2        |
|    entropy_loss         | -2.02      |
|    explained_variance   | 0.889      |
|    learning_rate        | 0.0003     |
|    loss                 | 2.26       |
|    n_updates            | 31040      |
|    policy_gradient_loss | -0.0135    |
|    std                  | 0.406      |
|    value_loss           | 1.83       |
----------------------------------------
Eval num_timesteps=15653200, episode_reward=8.09 +/- 23.07
Episode length: 303.30 +/- 17.85
-----------------------------------------
| eval/                   |             |
|    mean_ep_length       | 303         |
|    mean_reward          | 8.09        |
| time/                   |             |
|    total_timesteps      | 15653200    |
| train/                  |             |
|    approx_kl            | 0.054133654 |
|    clip_fraction        | 0.299       |
|    clip_range           | 0.2         |
|    entropy_loss         | -2.02       |
|    explained_variance   | 0.287       |
|    learning_rate        | 0.0003      |
|    loss                 | 11.6        |
|    n_updates            | 31050       |
|    policy_gradient_loss | -0.00885    |
|    std                  | 0.406       |
|    value_loss           | 84.3        |
-----------------------------------------
[episode ends] timestep 15653210: flipped=66 (39%), missed_goal=93 (55%), out_of_bounds=1 (1%), scored=8 (5%)
---------------------------------
| episode_end/       |          |
|    flipped         | 66       |
|    missed_goal     | 93       |
|    out_of_bounds   | 1        |
|    scored          | 8        |
| rollout/           |          |
|    ep_len_mean     | 295      |
|    ep_rew_mean     | -16.9    |
| time/              |          |
|    fps             | 162      |
|    iterations      | 518      |
|    time_elapsed    | 16295    |
|    total_timesteps | 15655360 |
---------------------------------
----------------------------------------
| rollout/                |            |
|    ep_len_mean          | 292        |
|    ep_rew_mean          | -17.4      |
| time/                   |            |
|    fps                  | 162        |
|    iterations           | 519        |
|    time_elapsed         | 16326      |
|    total_timesteps      | 15660480   |
| train/                  |            |
|    approx_kl            | 0.12106943 |
|    clip_fraction        | 0.393      |
|    clip_range           | 0.2        |
|    entropy_loss         | -2.01      |
|    explained_variance   | 0.406      |
|    learning_rate        | 0.0003     |
|    loss                 | 0.0417     |
|    n_updates            | 31060      |
|    policy_gradient_loss | -0.000294  |
|    std                  | 0.404      |
|    value_loss           | 126        |
----------------------------------------
----------------------------------------
| rollout/                |            |
|    ep_len_mean          | 292        |
|    ep_rew_mean          | -14.5      |
| time/                   |            |
|    fps                  | 162        |
|    iterations           | 520        |
|    time_elapsed         | 16356      |
|    total_timesteps      | 15665600   |
| train/                  |            |
|    approx_kl            | 0.14377049 |
|    clip_fraction        | 0.416      |
|    clip_range           | 0.2        |
|    entropy_loss         | -2         |
|    explained_variance   | 0.721      |
|    learning_rate        | 0.0003     |
|    loss                 | 1.22       |
|    n_updates            | 31070      |
|    policy_gradient_loss | -0.00867   |
|    std                  | 0.405      |
|    value_loss           | 5.98       |
----------------------------------------
---------------------------------------
| rollout/                |           |
|    ep_len_mean          | 294       |
|    ep_rew_mean          | -9.14     |
| time/                   |           |
|    fps                  | 162       |
|    iterations           | 521       |
|    time_elapsed         | 16388     |
|    total_timesteps      | 15670720  |
| train/                  |           |
|    approx_kl            | 0.0761921 |
|    clip_fraction        | 0.365     |
|    clip_range           | 0.2       |
|    entropy_loss         | -2.01     |
|    explained_variance   | 0.596     |
|    learning_rate        | 0.0003    |
|    loss                 | -0.0239   |
|    n_updates            | 31080     |
|    policy_gradient_loss | -0.0125   |
|    std                  | 0.404     |
|    value_loss           | 21.4      |
---------------------------------------
----------------------------------------
| rollout/                |            |
|    ep_len_mean          | 303        |
|    ep_rew_mean          | -8.98      |
| time/                   |            |
|    fps                  | 162        |
|    iterations           | 522        |
|    time_elapsed         | 16418      |
|    total_timesteps      | 15675840   |
| train/                  |            |
|    approx_kl            | 0.08555724 |
|    clip_fraction        | 0.386      |
|    clip_range           | 0.2        |
|    entropy_loss         | -1.99      |
|    explained_variance   | 0.949      |
|    learning_rate        | 0.0003     |
|    loss                 | -0.041     |
|    n_updates            | 31090      |
|    policy_gradient_loss | -0.0125    |
|    std                  | 0.402      |
|    value_loss           | 0.869      |
----------------------------------------
----------------------------------------
| rollout/                |            |
|    ep_len_mean          | 301        |
|    ep_rew_mean          | -8.78      |
| time/                   |            |
|    fps                  | 162        |
|    iterations           | 523        |
|    time_elapsed         | 16448      |
|    total_timesteps      | 15680960   |
| train/                  |            |
|    approx_kl            | 0.08103141 |
|    clip_fraction        | 0.375      |
|    clip_range           | 0.2        |
|    entropy_loss         | -1.99      |
|    explained_variance   | 0.668      |
|    learning_rate        | 0.0003     |
|    loss                 | -0.0138    |
|    n_updates            | 31100      |
|    policy_gradient_loss | -0.011     |
|    std                  | 0.403      |
|    value_loss           | 14.1       |
----------------------------------------
-----------------------------------------
| rollout/                |             |
|    ep_len_mean          | 298         |
|    ep_rew_mean          | -3.04       |
| time/                   |             |
|    fps                  | 162         |
|    iterations           | 524         |
|    time_elapsed         | 16476       |
|    total_timesteps      | 15686080    |
| train/                  |             |
|    approx_kl            | 0.065132044 |
|    clip_fraction        | 0.287       |
|    clip_range           | 0.2         |
|    entropy_loss         | -1.98       |
|    explained_variance   | 0.38        |
|    learning_rate        | 0.0003      |
|    loss                 | 0.186       |
|    n_updates            | 31110       |
|    policy_gradient_loss | -0.0132     |
|    std                  | 0.402       |
|    value_loss           | 46.5        |
-----------------------------------------
---------------------------------------
| rollout/                |           |
|    ep_len_mean          | 306       |
|    ep_rew_mean          | -6.17     |
| time/                   |           |
|    fps                  | 162       |
|    iterations           | 525       |
|    time_elapsed         | 16506     |
|    total_timesteps      | 15691200  |
| train/                  |           |
|    approx_kl            | 0.1335253 |
|    clip_fraction        | 0.305     |
|    clip_range           | 0.2       |
|    entropy_loss         | -1.97     |
|    explained_variance   | 0.659     |
|    learning_rate        | 0.0003    |
|    loss                 | 0.00722   |
|    n_updates            | 31120     |
|    policy_gradient_loss | -0.00495  |
|    std                  | 0.401     |
|    value_loss           | 12.6      |
---------------------------------------
----------------------------------------
| rollout/                |            |
|    ep_len_mean          | 304        |
|    ep_rew_mean          | -4.8       |
| time/                   |            |
|    fps                  | 162        |
|    iterations           | 526        |
|    time_elapsed         | 16536      |
|    total_timesteps      | 15696320   |
| train/                  |            |
|    approx_kl            | 0.07263891 |
|    clip_fraction        | 0.318      |
|    clip_range           | 0.2        |
|    entropy_loss         | -1.97      |
|    explained_variance   | 0.914      |
|    learning_rate        | 0.0003     |
|    loss                 | 0.0141     |
|    n_updates            | 31130      |
|    policy_gradient_loss | -0.00978   |
|    std                  | 0.401      |
|    value_loss           | 0.972      |
----------------------------------------
---------------------------------------
| rollout/                |           |
|    ep_len_mean          | 301       |
|    ep_rew_mean          | -3.02     |
| time/                   |           |
|    fps                  | 162       |
|    iterations           | 527       |
|    time_elapsed         | 16566     |
|    total_timesteps      | 15701440  |
| train/                  |           |
|    approx_kl            | 0.1245724 |
|    clip_fraction        | 0.383     |
|    clip_range           | 0.2       |
|    entropy_loss         | -1.98     |
|    explained_variance   | 0.776     |
|    learning_rate        | 0.0003    |
|    loss                 | -0.00861  |
|    n_updates            | 31140     |
|    policy_gradient_loss | -0.00248  |
|    std                  | 0.404     |
|    value_loss           | 3.78      |
---------------------------------------
Eval num_timesteps=15703200, episode_reward=-20.77 +/- 49.76
Episode length: 304.60 +/- 44.34
----------------------------------------
| eval/                   |            |
|    mean_ep_length       | 305        |
|    mean_reward          | -20.8      |
| time/                   |            |
|    total_timesteps      | 15703200   |
| train/                  |            |
|    approx_kl            | 0.10500203 |
|    clip_fraction        | 0.391      |
|    clip_range           | 0.2        |
|    entropy_loss         | -2         |
|    explained_variance   | 0.666      |
|    learning_rate        | 0.0003     |
|    loss                 | 0.00372    |
|    n_updates            | 31150      |
|    policy_gradient_loss | 0.00448    |
|    std                  | 0.405      |
|    value_loss           | 8.57       |
----------------------------------------
[progress] timestep 15703210
[episode ends] timestep 15703210: flipped=44 (26%), missed_goal=118 (69%), scored=8 (5%)
---------------------------------
| episode_end/       |          |
|    flipped         | 44       |
|    missed_goal     | 118      |
|    scored          | 8        |
| rollout/           |          |
|    ep_len_mean     | 299      |
|    ep_rew_mean     | -5.2     |
| time/              |          |
|    fps             | 162      |
|    iterations      | 528      |
|    time_elapsed    | 16602    |
|    total_timesteps | 15706560 |
---------------------------------
----------------------------------------
| rollout/                |            |
|    ep_len_mean          | 302        |
|    ep_rew_mean          | -1.56      |
| time/                   |            |
|    fps                  | 162        |
|    iterations           | 529        |
|    time_elapsed         | 16632      |
|    total_timesteps      | 15711680   |
| train/                  |            |
|    approx_kl            | 0.11807661 |
|    clip_fraction        | 0.33       |
|    clip_range           | 0.2        |
|    entropy_loss         | -2         |
|    explained_variance   | 0.43       |
|    learning_rate        | 0.0003     |
|    loss                 | 0.0844     |
|    n_updates            | 31160      |
|    policy_gradient_loss | -0.00795   |
|    std                  | 0.403      |
|    value_loss           | 55.5       |
----------------------------------------
----------------------------------------
| rollout/                |            |
|    ep_len_mean          | 297        |
|    ep_rew_mean          | -3.77      |
| time/                   |            |
|    fps                  | 162        |
|    iterations           | 530        |
|    time_elapsed         | 16663      |
|    total_timesteps      | 15716800   |
| train/                  |            |
|    approx_kl            | 0.11127518 |
|    clip_fraction        | 0.364      |
|    clip_range           | 0.2        |
|    entropy_loss         | -1.98      |
|    explained_variance   | 0.747      |
|    learning_rate        | 0.0003     |
|    loss                 | 0.114      |
|    n_updates            | 31170      |
|    policy_gradient_loss | -0.0119    |
|    std                  | 0.402      |
|    value_loss           | 4.29       |
----------------------------------------
----------------------------------------
| rollout/                |            |
|    ep_len_mean          | 287        |
|    ep_rew_mean          | -1.98      |
| time/                   |            |
|    fps                  | 162        |
|    iterations           | 531        |
|    time_elapsed         | 16694      |
|    total_timesteps      | 15721920   |
| train/                  |            |
|    approx_kl            | 0.07543759 |
|    clip_fraction        | 0.328      |
|    clip_range           | 0.2        |
|    entropy_loss         | -1.98      |
|    explained_variance   | 0.825      |
|    learning_rate        | 0.0003     |
|    loss                 | -0.0391    |
|    n_updates            | 31180      |
|    policy_gradient_loss | -0.0101    |
|    std                  | 0.402      |
|    value_loss           | 5.37       |
----------------------------------------
----------------------------------------
| rollout/                |            |
|    ep_len_mean          | 283        |
|    ep_rew_mean          | -4.6       |
| time/                   |            |
|    fps                  | 162        |
|    iterations           | 532        |
|    time_elapsed         | 16727      |
|    total_timesteps      | 15727040   |
| train/                  |            |
|    approx_kl            | 0.09023635 |
|    clip_fraction        | 0.392      |
|    clip_range           | 0.2        |
|    entropy_loss         | -1.97      |
|    explained_variance   | 0.834      |
|    learning_rate        | 0.0003     |
|    loss                 | 0.0949     |
|    n_updates            | 31190      |
|    policy_gradient_loss | -0.000877  |
|    std                  | 0.401      |
|    value_loss           | 4.61       |
----------------------------------------
----------------------------------------
| rollout/                |            |
|    ep_len_mean          | 285        |
|    ep_rew_mean          | -2.65      |
| time/                   |            |
|    fps                  | 162        |
|    iterations           | 533        |
|    time_elapsed         | 16757      |
|    total_timesteps      | 15732160   |
| train/                  |            |
|    approx_kl            | 0.07209222 |
|    clip_fraction        | 0.3        |
|    clip_range           | 0.2        |
|    entropy_loss         | -1.96      |
|    explained_variance   | 0.706      |
|    learning_rate        | 0.0003     |
|    loss                 | 0.256      |
|    n_updates            | 31200      |
|    policy_gradient_loss | -0.01      |
|    std                  | 0.399      |
|    value_loss           | 10.5       |
----------------------------------------
----------------------------------------
| rollout/                |            |
|    ep_len_mean          | 280        |
|    ep_rew_mean          | -1.93      |
| time/                   |            |
|    fps                  | 162        |
|    iterations           | 534        |
|    time_elapsed         | 16787      |
|    total_timesteps      | 15737280   |
| train/                  |            |
|    approx_kl            | 0.08471322 |
|    clip_fraction        | 0.346      |
|    clip_range           | 0.2        |
|    entropy_loss         | -1.96      |
|    explained_variance   | 0.664      |
|    learning_rate        | 0.0003     |
|    loss                 | 0.839      |
|    n_updates            | 31210      |
|    policy_gradient_loss | -0.00229   |
|    std                  | 0.401      |
|    value_loss           | 7.42       |
----------------------------------------
----------------------------------------
| rollout/                |            |
|    ep_len_mean          | 281        |
|    ep_rew_mean          | -1.95      |
| time/                   |            |
|    fps                  | 162        |
|    iterations           | 535        |
|    time_elapsed         | 16819      |
|    total_timesteps      | 15742400   |
| train/                  |            |
|    approx_kl            | 0.07772912 |
|    clip_fraction        | 0.332      |
|    clip_range           | 0.2        |
|    entropy_loss         | -1.97      |
|    explained_variance   | 0.792      |
|    learning_rate        | 0.0003     |
|    loss                 | 0.216      |
|    n_updates            | 31220      |
|    policy_gradient_loss | -0.00366   |
|    std                  | 0.401      |
|    value_loss           | 5.01       |
----------------------------------------
-----------------------------------------
| rollout/                |             |
|    ep_len_mean          | 282         |
|    ep_rew_mean          | -0.555      |
| time/                   |             |
|    fps                  | 162         |
|    iterations           | 536         |
|    time_elapsed         | 16851       |
|    total_timesteps      | 15747520    |
| train/                  |             |
|    approx_kl            | 0.074163646 |
|    clip_fraction        | 0.366       |
|    clip_range           | 0.2         |
|    entropy_loss         | -1.96       |
|    explained_variance   | 0.45        |
|    learning_rate        | 0.0003      |
|    loss                 | 0.178       |
|    n_updates            | 31230       |
|    policy_gradient_loss | -0.00824    |
|    std                  | 0.4         |
|    value_loss           | 26.2        |
-----------------------------------------
----------------------------------------
| rollout/                |            |
|    ep_len_mean          | 287        |
|    ep_rew_mean          | 0.212      |
| time/                   |            |
|    fps                  | 162        |
|    iterations           | 537        |
|    time_elapsed         | 16882      |
|    total_timesteps      | 15752640   |
| train/                  |            |
|    approx_kl            | 0.08893646 |
|    clip_fraction        | 0.376      |
|    clip_range           | 0.2        |
|    entropy_loss         | -1.96      |
|    explained_variance   | 0.751      |
|    learning_rate        | 0.0003     |
|    loss                 | -0.0405    |
|    n_updates            | 31240      |
|    policy_gradient_loss | -0.00616   |
|    std                  | 0.4        |
|    value_loss           | 3.93       |
----------------------------------------
Eval num_timesteps=15753200, episode_reward=5.07 +/- 35.66
Episode length: 265.50 +/- 60.52
---------------------------------------
| eval/                   |           |
|    mean_ep_length       | 266       |
|    mean_reward          | 5.07      |
| time/                   |           |
|    total_timesteps      | 15753200  |
| train/                  |           |
|    approx_kl            | 0.0868499 |
|    clip_fraction        | 0.313     |
|    clip_range           | 0.2       |
|    entropy_loss         | -1.96     |
|    explained_variance   | 0.683     |
|    learning_rate        | 0.0003    |
|    loss                 | 0.0684    |
|    n_updates            | 31250     |
|    policy_gradient_loss | -0.00359  |
|    std                  | 0.4       |
|    value_loss           | 21.8      |
---------------------------------------
[episode ends] timestep 15753210: flipped=54 (31%), missed_goal=109 (63%), scored=10 (6%)
---------------------------------
| episode_end/       |          |
|    flipped         | 54       |
|    missed_goal     | 109      |
|    scored          | 10       |
| rollout/           |          |
|    ep_len_mean     | 290      |
|    ep_rew_mean     | -1       |
| time/              |          |
|    fps             | 162      |
|    iterations      | 538      |
|    time_elapsed    | 16917    |
|    total_timesteps | 15757760 |
---------------------------------
-----------------------------------------
| rollout/                |             |
|    ep_len_mean          | 285         |
|    ep_rew_mean          | -3.78       |
| time/                   |             |
|    fps                  | 162         |
|    iterations           | 539         |
|    time_elapsed         | 16947       |
|    total_timesteps      | 15762880    |
| train/                  |             |
|    approx_kl            | 0.055902172 |
|    clip_fraction        | 0.266       |
|    clip_range           | 0.2         |
|    entropy_loss         | -1.97       |
|    explained_variance   | 0.385       |
|    learning_rate        | 0.0003      |
|    loss                 | 0.222       |
|    n_updates            | 31260       |
|    policy_gradient_loss | -0.0104     |
|    std                  | 0.401       |
|    value_loss           | 86.9        |
-----------------------------------------
----------------------------------------
| rollout/                |            |
|    ep_len_mean          | 288        |
|    ep_rew_mean          | -5.02      |
| time/                   |            |
|    fps                  | 162        |
|    iterations           | 540        |
|    time_elapsed         | 16977      |
|    total_timesteps      | 15768000   |
| train/                  |            |
|    approx_kl            | 0.08262192 |
|    clip_fraction        | 0.347      |
|    clip_range           | 0.2        |
|    entropy_loss         | -1.96      |
|    explained_variance   | 0.393      |
|    learning_rate        | 0.0003     |
|    loss                 | 0.68       |
|    n_updates            | 31270      |
|    policy_gradient_loss | -0.00147   |
|    std                  | 0.4        |
|    value_loss           | 29         |
----------------------------------------
----------------------------------------
| rollout/                |            |
|    ep_len_mean          | 289        |
|    ep_rew_mean          | -2.43      |
| time/                   |            |
|    fps                  | 162        |
|    iterations           | 541        |
|    time_elapsed         | 17008      |
|    total_timesteps      | 15773120   |
| train/                  |            |
|    approx_kl            | 0.12959501 |
|    clip_fraction        | 0.4        |
|    clip_range           | 0.2        |
|    entropy_loss         | -1.95      |
|    explained_variance   | 0.584      |
|    learning_rate        | 0.0003     |
|    loss                 | 0.406      |
|    n_updates            | 31280      |
|    policy_gradient_loss | 0.00983    |
|    std                  | 0.399      |
|    value_loss           | 12.4       |
----------------------------------------
----------------------------------------
| rollout/                |            |
|    ep_len_mean          | 287        |
|    ep_rew_mean          | -1.18      |
| time/                   |            |
|    fps                  | 162        |
|    iterations           | 542        |
|    time_elapsed         | 17039      |
|    total_timesteps      | 15778240   |
| train/                  |            |
|    approx_kl            | 0.07669221 |
|    clip_fraction        | 0.324      |
|    clip_range           | 0.2        |
|    entropy_loss         | -1.96      |
|    explained_variance   | 0.602      |
|    learning_rate        | 0.0003     |
|    loss                 | 9.65       |
|    n_updates            | 31290      |
|    policy_gradient_loss | -0.00328   |
|    std                  | 0.399      |
|    value_loss           | 7.6        |
----------------------------------------
---------------------------------------
| rollout/                |           |
|    ep_len_mean          | 291       |
|    ep_rew_mean          | -1.65     |
| time/                   |           |
|    fps                  | 162       |
|    iterations           | 543       |
|    time_elapsed         | 17069     |
|    total_timesteps      | 15783360  |
| train/                  |           |
|    approx_kl            | 0.1419165 |
|    clip_fraction        | 0.386     |
|    clip_range           | 0.2       |
|    entropy_loss         | -1.95     |
|    explained_variance   | 0.62      |
|    learning_rate        | 0.0003    |
|    loss                 | 0.727     |
|    n_updates            | 31300     |
|    policy_gradient_loss | -0.0068   |
|    std                  | 0.399     |
|    value_loss           | 6.5       |
---------------------------------------
----------------------------------------
| rollout/                |            |
|    ep_len_mean          | 291        |
|    ep_rew_mean          | 0.118      |
| time/                   |            |
|    fps                  | 162        |
|    iterations           | 544        |
|    time_elapsed         | 17101      |
|    total_timesteps      | 15788480   |
| train/                  |            |
|    approx_kl            | 0.08396632 |
|    clip_fraction        | 0.36       |
|    clip_range           | 0.2        |
|    entropy_loss         | -1.96      |
|    explained_variance   | 0.681      |
|    learning_rate        | 0.0003     |
|    loss                 | 0.178      |
|    n_updates            | 31310      |
|    policy_gradient_loss | -0.0078    |
|    std                  | 0.4        |
|    value_loss           | 6.94       |
----------------------------------------
----------------------------------------
| rollout/                |            |
|    ep_len_mean          | 290        |
|    ep_rew_mean          | 1.99       |
| time/                   |            |
|    fps                  | 162        |
|    iterations           | 545        |
|    time_elapsed         | 17132      |
|    total_timesteps      | 15793600   |
| train/                  |            |
|    approx_kl            | 0.08932544 |
|    clip_fraction        | 0.358      |
|    clip_range           | 0.2        |
|    entropy_loss         | -1.95      |
|    explained_variance   | 0.0955     |
|    learning_rate        | 0.0003     |
|    loss                 | 1.16       |
|    n_updates            | 31320      |
|    policy_gradient_loss | 0.00594    |
|    std                  | 0.399      |
|    value_loss           | 166        |
----------------------------------------
-----------------------------------------
| rollout/                |             |
|    ep_len_mean          | 288         |
|    ep_rew_mean          | -0.181      |
| time/                   |             |
|    fps                  | 162         |
|    iterations           | 546         |
|    time_elapsed         | 17164       |
|    total_timesteps      | 15798720    |
| train/                  |             |
|    approx_kl            | 0.112760864 |
|    clip_fraction        | 0.362       |
|    clip_range           | 0.2         |
|    entropy_loss         | -1.94       |
|    explained_variance   | 0.451       |
|    learning_rate        | 0.0003      |
|    loss                 | 0.0143      |
|    n_updates            | 31330       |
|    policy_gradient_loss | -0.00636    |
|    std                  | 0.397       |
|    value_loss           | 55.5        |
-----------------------------------------
Eval num_timesteps=15803200, episode_reward=-18.86 +/- 70.46
Episode length: 277.00 +/- 28.56
---------------------------------------
| eval/                   |           |
|    mean_ep_length       | 277       |
|    mean_reward          | -18.9     |
| time/                   |           |
|    total_timesteps      | 15803200  |
| train/                  |           |
|    approx_kl            | 0.0803789 |
|    clip_fraction        | 0.322     |
|    clip_range           | 0.2       |
|    entropy_loss         | -1.93     |
|    explained_variance   | 0.688     |
|    learning_rate        | 0.0003    |
|    loss                 | 0.0832    |
|    n_updates            | 31340     |
|    policy_gradient_loss | 0.00129   |
|    std                  | 0.398     |
|    value_loss           | 6.01      |
---------------------------------------
[progress] timestep 15803210
[episode ends] timestep 15803210: flipped=53 (30%), missed_goal=104 (59%), out_of_bounds=2 (1%), scored=16 (9%)
---------------------------------
| episode_end/       |          |
|    flipped         | 53       |
|    missed_goal     | 104      |
|    out_of_bounds   | 2        |
|    scored          | 16       |
| rollout/           |          |
|    ep_len_mean     | 286      |
|    ep_rew_mean     | -0.159   |
| time/              |          |
|    fps             | 162      |
|    iterations      | 547      |
|    time_elapsed    | 17204    |
|    total_timesteps | 15803840 |
---------------------------------
----------------------------------------
| rollout/                |            |
|    ep_len_mean          | 287        |
|    ep_rew_mean          | -0.289     |
| time/                   |            |
|    fps                  | 162        |
|    iterations           | 548        |
|    time_elapsed         | 17237      |
|    total_timesteps      | 15808960   |
| train/                  |            |
|    approx_kl            | 0.09850981 |
|    clip_fraction        | 0.313      |
|    clip_range           | 0.2        |
|    entropy_loss         | -1.94      |
|    explained_variance   | 0.625      |
|    learning_rate        | 0.0003     |
|    loss                 | 1.62       |
|    n_updates            | 31350      |
|    policy_gradient_loss | 0.00826    |
|    std                  | 0.399      |
|    value_loss           | 11         |
----------------------------------------
----------------------------------------
| rollout/                |            |
|    ep_len_mean          | 287        |
|    ep_rew_mean          | 0.965      |
| time/                   |            |
|    fps                  | 162        |
|    iterations           | 549        |
|    time_elapsed         | 17267      |
|    total_timesteps      | 15814080   |
| train/                  |            |
|    approx_kl            | 0.10511823 |
|    clip_fraction        | 0.399      |
|    clip_range           | 0.2        |
|    entropy_loss         | -1.95      |
|    explained_variance   | 0.898      |
|    learning_rate        | 0.0003     |
|    loss                 | 0.0742     |
|    n_updates            | 31360      |
|    policy_gradient_loss | 0.000184   |
|    std                  | 0.399      |
|    value_loss           | 4.42       |
----------------------------------------
----------------------------------------
| rollout/                |            |
|    ep_len_mean          | 284        |
|    ep_rew_mean          | -1.77      |
| time/                   |            |
|    fps                  | 162        |
|    iterations           | 550        |
|    time_elapsed         | 17299      |
|    total_timesteps      | 15819200   |
| train/                  |            |
|    approx_kl            | 0.09628627 |
|    clip_fraction        | 0.384      |
|    clip_range           | 0.2        |
|    entropy_loss         | -1.96      |
|    explained_variance   | 0.58       |
|    learning_rate        | 0.0003     |
|    loss                 | 1.68       |
|    n_updates            | 31370      |
|    policy_gradient_loss | 0.00431    |
|    std                  | 0.4        |
|    value_loss           | 17.1       |
----------------------------------------
-----------------------------------------
| rollout/                |             |
|    ep_len_mean          | 287         |
|    ep_rew_mean          | 0.249       |
| time/                   |             |
|    fps                  | 162         |
|    iterations           | 551         |
|    time_elapsed         | 17331       |
|    total_timesteps      | 15824320    |
| train/                  |             |
|    approx_kl            | 0.056128364 |
|    clip_fraction        | 0.272       |
|    clip_range           | 0.2         |
|    entropy_loss         | -1.96       |
|    explained_variance   | 0.14        |
|    learning_rate        | 0.0003      |
|    loss                 | 3.4         |
|    n_updates            | 31380       |
|    policy_gradient_loss | -0.00356    |
|    std                  | 0.4         |
|    value_loss           | 167         |
-----------------------------------------
----------------------------------------
| rollout/                |            |
|    ep_len_mean          | 284        |
|    ep_rew_mean          | -1.32      |
| time/                   |            |
|    fps                  | 162        |
|    iterations           | 552        |
|    time_elapsed         | 17362      |
|    total_timesteps      | 15829440   |
| train/                  |            |
|    approx_kl            | 0.08620732 |
|    clip_fraction        | 0.261      |
|    clip_range           | 0.2        |
|    entropy_loss         | -1.95      |
|    explained_variance   | 0.617      |
|    learning_rate        | 0.0003     |
|    loss                 | 0.509      |
|    n_updates            | 31390      |
|    policy_gradient_loss | 0.00158    |
|    std                  | 0.398      |
|    value_loss           | 21.7       |
----------------------------------------
----------------------------------------
| rollout/                |            |
|    ep_len_mean          | 286        |
|    ep_rew_mean          | -2.88      |
| time/                   |            |
|    fps                  | 162        |
|    iterations           | 553        |
|    time_elapsed         | 17395      |
|    total_timesteps      | 15834560   |
| train/                  |            |
|    approx_kl            | 0.07587523 |
|    clip_fraction        | 0.309      |
|    clip_range           | 0.2        |
|    entropy_loss         | -1.93      |
|    explained_variance   | 0.423      |
|    learning_rate        | 0.0003     |
|    loss                 | 5.52       |
|    n_updates            | 31400      |
|    policy_gradient_loss | 0.00181    |
|    std                  | 0.396      |
|    value_loss           | 14.2       |
----------------------------------------
----------------------------------------
| rollout/                |            |
|    ep_len_mean          | 283        |
|    ep_rew_mean          | -4.88      |
| time/                   |            |
|    fps                  | 162        |
|    iterations           | 554        |
|    time_elapsed         | 17426      |
|    total_timesteps      | 15839680   |
| train/                  |            |
|    approx_kl            | 0.10720231 |
|    clip_fraction        | 0.376      |
|    clip_range           | 0.2        |
|    entropy_loss         | -1.92      |
|    explained_variance   | 0.409      |
|    learning_rate        | 0.0003     |
|    loss                 | 0.57       |
|    n_updates            | 31410      |
|    policy_gradient_loss | 0.00293    |
|    std                  | 0.396      |
|    value_loss           | 70.5       |
----------------------------------------
----------------------------------------
| rollout/                |            |
|    ep_len_mean          | 282        |
|    ep_rew_mean          | -5.05      |
| time/                   |            |
|    fps                  | 162        |
|    iterations           | 555        |
|    time_elapsed         | 17457      |
|    total_timesteps      | 15844800   |
| train/                  |            |
|    approx_kl            | 0.09500254 |
|    clip_fraction        | 0.399      |
|    clip_range           | 0.2        |
|    entropy_loss         | -1.93      |
|    explained_variance   | 0.374      |
|    learning_rate        | 0.0003     |
|    loss                 | -0.0156    |
|    n_updates            | 31420      |
|    policy_gradient_loss | -0.00231   |
|    std                  | 0.396      |
|    value_loss           | 61.3       |
----------------------------------------
-----------------------------------------
| rollout/                |             |
|    ep_len_mean          | 282         |
|    ep_rew_mean          | -8.76       |
| time/                   |             |
|    fps                  | 162         |
|    iterations           | 556         |
|    time_elapsed         | 17489       |
|    total_timesteps      | 15849920    |
| train/                  |             |
|    approx_kl            | 0.056088425 |
|    clip_fraction        | 0.258       |
|    clip_range           | 0.2         |
|    entropy_loss         | -1.93       |
|    explained_variance   | 0.688       |
|    learning_rate        | 0.0003      |
|    loss                 | 2.37        |
|    n_updates            | 31430       |
|    policy_gradient_loss | -0.00871    |
|    std                  | 0.397       |
|    value_loss           | 11.9        |
-----------------------------------------
Eval num_timesteps=15853200, episode_reward=0.28 +/- 26.77
Episode length: 269.20 +/- 53.87
----------------------------------------
| eval/                   |            |
|    mean_ep_length       | 269        |
|    mean_reward          | 0.281      |
| time/                   |            |
|    total_timesteps      | 15853200   |
| train/                  |            |
|    approx_kl            | 0.09890139 |
|    clip_fraction        | 0.252      |
|    clip_range           | 0.2        |
|    entropy_loss         | -1.94      |
|    explained_variance   | 0.158      |
|    learning_rate        | 0.0003     |
|    loss                 | 0.5        |
|    n_updates            | 31440      |
|    policy_gradient_loss | -0.00205   |
|    std                  | 0.397      |
|    value_loss           | 179        |
----------------------------------------
[episode ends] timestep 15853210: flipped=69 (39%), missed_goal=82 (47%), scored=25 (14%)
---------------------------------
| episode_end/       |          |
|    flipped         | 69       |
|    missed_goal     | 82       |
|    scored          | 25       |
| rollout/           |          |
|    ep_len_mean     | 278      |
|    ep_rew_mean     | -8.45    |
| time/              |          |
|    fps             | 162      |
|    iterations      | 557      |
|    time_elapsed    | 17525    |
|    total_timesteps | 15855040 |
---------------------------------
-----------------------------------------
| rollout/                |             |
|    ep_len_mean          | 281         |
|    ep_rew_mean          | -2.67       |
| time/                   |             |
|    fps                  | 162         |
|    iterations           | 558         |
|    time_elapsed         | 17560       |
|    total_timesteps      | 15860160    |
| train/                  |             |
|    approx_kl            | 0.030144447 |
|    clip_fraction        | 0.218       |
|    clip_range           | 0.2         |
|    entropy_loss         | -1.94       |
|    explained_variance   | 0.255       |
|    learning_rate        | 0.0003      |
|    loss                 | 4.68        |
|    n_updates            | 31450       |
|    policy_gradient_loss | -0.00908    |
|    std                  | 0.398       |
|    value_loss           | 109         |
-----------------------------------------
-----------------------------------------
| rollout/                |             |
|    ep_len_mean          | 282         |
|    ep_rew_mean          | 1.1         |
| time/                   |             |
|    fps                  | 162         |
|    iterations           | 559         |
|    time_elapsed         | 17589       |
|    total_timesteps      | 15865280    |
| train/                  |             |
|    approx_kl            | 0.072264425 |
|    clip_fraction        | 0.264       |
|    clip_range           | 0.2         |
|    entropy_loss         | -1.94       |
|    explained_variance   | 0.782       |
|    learning_rate        | 0.0003      |
|    loss                 | 0.678       |
|    n_updates            | 31460       |
|    policy_gradient_loss | -0.00675    |
|    std                  | 0.398       |
|    value_loss           | 9.2         |
-----------------------------------------
-----------------------------------------
| rollout/                |             |
|    ep_len_mean          | 278         |
|    ep_rew_mean          | -0.373      |
| time/                   |             |
|    fps                  | 162         |
|    iterations           | 560         |
|    time_elapsed         | 17619       |
|    total_timesteps      | 15870400    |
| train/                  |             |
|    approx_kl            | 0.059507918 |
|    clip_fraction        | 0.274       |
|    clip_range           | 0.2         |
|    entropy_loss         | -1.94       |
|    explained_variance   | 0.685       |
|    learning_rate        | 0.0003      |
|    loss                 | 1.16        |
|    n_updates            | 31470       |
|    policy_gradient_loss | -0.00796    |
|    std                  | 0.398       |
|    value_loss           | 16.1        |
-----------------------------------------
-----------------------------------------
| rollout/                |             |
|    ep_len_mean          | 275         |
|    ep_rew_mean          | 2.65        |
| time/                   |             |
|    fps                  | 162         |
|    iterations           | 561         |
|    time_elapsed         | 17653       |
|    total_timesteps      | 15875520    |
| train/                  |             |
|    approx_kl            | 0.049462125 |
|    clip_fraction        | 0.229       |
|    clip_range           | 0.2         |
|    entropy_loss         | -1.94       |
|    explained_variance   | 0.461       |
|    learning_rate        | 0.0003      |
|    loss                 | 44.6        |
|    n_updates            | 31480       |
|    policy_gradient_loss | -0.00933    |
|    std                  | 0.398       |
|    value_loss           | 62.8        |
-----------------------------------------
-----------------------------------------
| rollout/                |             |
|    ep_len_mean          | 274         |
|    ep_rew_mean          | 1.21        |
| time/                   |             |
|    fps                  | 162         |
|    iterations           | 562         |
|    time_elapsed         | 17686       |
|    total_timesteps      | 15880640    |
| train/                  |             |
|    approx_kl            | 0.070440665 |
|    clip_fraction        | 0.285       |
|    clip_range           | 0.2         |
|    entropy_loss         | -1.94       |
|    explained_variance   | 0.39        |
|    learning_rate        | 0.0003      |
|    loss                 | 0.174       |
|    n_updates            | 31490       |
|    policy_gradient_loss | 0.00096     |
|    std                  | 0.397       |
|    value_loss           | 52.9        |
-----------------------------------------
---------------------------------------
| rollout/                |           |
|    ep_len_mean          | 271       |
|    ep_rew_mean          | -2.92     |
| time/                   |           |
|    fps                  | 162       |
|    iterations           | 563       |
|    time_elapsed         | 17719     |
|    total_timesteps      | 15885760  |
| train/                  |           |
|    approx_kl            | 0.0524226 |
|    clip_fraction        | 0.303     |
|    clip_range           | 0.2       |
|    entropy_loss         | -1.93     |
|    explained_variance   | 0.433     |
|    learning_rate        | 0.0003    |
|    loss                 | 1.1       |
|    n_updates            | 31500     |
|    policy_gradient_loss | -0.00192  |
|    std                  | 0.396     |
|    value_loss           | 66.3      |
---------------------------------------
-----------------------------------------
| rollout/                |             |
|    ep_len_mean          | 264         |
|    ep_rew_mean          | -4.28       |
| time/                   |             |
|    fps                  | 162         |
|    iterations           | 564         |
|    time_elapsed         | 17751       |
|    total_timesteps      | 15890880    |
| train/                  |             |
|    approx_kl            | 0.118319675 |
|    clip_fraction        | 0.36        |
|    clip_range           | 0.2         |
|    entropy_loss         | -1.93       |
|    explained_variance   | 0.401       |
|    learning_rate        | 0.0003      |
|    loss                 | 0.115       |
|    n_updates            | 31510       |
|    policy_gradient_loss | 0.00149     |
|    std                  | 0.397       |
|    value_loss           | 40.1        |
-----------------------------------------
----------------------------------------
| rollout/                |            |
|    ep_len_mean          | 262        |
|    ep_rew_mean          | -5.53      |
| time/                   |            |
|    fps                  | 162        |
|    iterations           | 565        |
|    time_elapsed         | 17783      |
|    total_timesteps      | 15896000   |
| train/                  |            |
|    approx_kl            | 0.11062982 |
|    clip_fraction        | 0.3        |
|    clip_range           | 0.2        |
|    entropy_loss         | -1.94      |
|    explained_variance   | 0.545      |
|    learning_rate        | 0.0003     |
|    loss                 | 0.536      |
|    n_updates            | 31520      |
|    policy_gradient_loss | 0.00215    |
|    std                  | 0.399      |
|    value_loss           | 13.3       |
----------------------------------------
----------------------------------------
| rollout/                |            |
|    ep_len_mean          | 268        |
|    ep_rew_mean          | -1.8       |
| time/                   |            |
|    fps                  | 162        |
|    iterations           | 566        |
|    time_elapsed         | 17814      |
|    total_timesteps      | 15901120   |
| train/                  |            |
|    approx_kl            | 0.12089089 |
|    clip_fraction        | 0.361      |
|    clip_range           | 0.2        |
|    entropy_loss         | -1.94      |
|    explained_variance   | 0.425      |
|    learning_rate        | 0.0003     |
|    loss                 | 54.6       |
|    n_updates            | 31530      |
|    policy_gradient_loss | 0.00591    |
|    std                  | 0.398      |
|    value_loss           | 18.7       |
----------------------------------------
Eval num_timesteps=15903200, episode_reward=18.46 +/- 37.33
Episode length: 261.80 +/- 42.42
----------------------------------------
| eval/                   |            |
|    mean_ep_length       | 262        |
|    mean_reward          | 18.5       |
| time/                   |            |
|    total_timesteps      | 15903200   |
| train/                  |            |
|    approx_kl            | 0.12063557 |
|    clip_fraction        | 0.458      |
|    clip_range           | 0.2        |
|    entropy_loss         | -1.92      |
|    explained_variance   | 0.681      |
|    learning_rate        | 0.0003     |
|    loss                 | 0.302      |
|    n_updates            | 31540      |
|    policy_gradient_loss | 0.0106     |
|    std                  | 0.394      |
|    value_loss           | 3.77       |
----------------------------------------
[progress] timestep 15903210
[episode ends] timestep 15903210: flipped=68 (37%), missed_goal=85 (46%), out_of_bounds=1 (1%), scored=30 (16%)
---------------------------------
| episode_end/       |          |
|    flipped         | 68       |
|    missed_goal     | 85       |
|    out_of_bounds   | 1        |
|    scored          | 30       |
| rollout/           |          |
|    ep_len_mean     | 269      |
|    ep_rew_mean     | -2.5     |
| time/              |          |
|    fps             | 162      |
|    iterations      | 567      |
|    time_elapsed    | 17848    |
|    total_timesteps | 15906240 |
---------------------------------
----------------------------------------
| rollout/                |            |
|    ep_len_mean          | 264        |
|    ep_rew_mean          | -6.16      |
| time/                   |            |
|    fps                  | 162        |
|    iterations           | 568        |
|    time_elapsed         | 17880      |
|    total_timesteps      | 15911360   |
| train/                  |            |
|    approx_kl            | 0.05972888 |
|    clip_fraction        | 0.301      |
|    clip_range           | 0.2        |
|    entropy_loss         | -1.91      |
|    explained_variance   | 0.225      |
|    learning_rate        | 0.0003     |
|    loss                 | 0.386      |
|    n_updates            | 31550      |
|    policy_gradient_loss | -0.00638   |
|    std                  | 0.394      |
|    value_loss           | 47.1       |
----------------------------------------
-----------------------------------------
| rollout/                |             |
|    ep_len_mean          | 266         |
|    ep_rew_mean          | -12.3       |
| time/                   |             |
|    fps                  | 162         |
|    iterations           | 569         |
|    time_elapsed         | 17914       |
|    total_timesteps      | 15916480    |
| train/                  |             |
|    approx_kl            | 0.028316516 |
|    clip_fraction        | 0.183       |
|    clip_range           | 0.2         |
|    entropy_loss         | -1.91       |
|    explained_variance   | 0.144       |
|    learning_rate        | 0.0003      |
|    loss                 | 0.222       |
|    n_updates            | 31560       |
|    policy_gradient_loss | -0.00699    |
|    std                  | 0.394       |
|    value_loss           | 198         |
-----------------------------------------
----------------------------------------
| rollout/                |            |
|    ep_len_mean          | 273        |
|    ep_rew_mean          | -7.27      |
| time/                   |            |
|    fps                  | 162        |
|    iterations           | 570        |
|    time_elapsed         | 17945      |
|    total_timesteps      | 15921600   |
| train/                  |            |
|    approx_kl            | 0.14547668 |
|    clip_fraction        | 0.386      |
|    clip_range           | 0.2        |
|    entropy_loss         | -1.91      |
|    explained_variance   | 0.399      |
|    learning_rate        | 0.0003     |
|    loss                 | 8.04       |
|    n_updates            | 31570      |
|    policy_gradient_loss | 0.0119     |
|    std                  | 0.394      |
|    value_loss           | 30.3       |
----------------------------------------
----------------------------------------
| rollout/                |            |
|    ep_len_mean          | 267        |
|    ep_rew_mean          | -4.36      |
| time/                   |            |
|    fps                  | 162        |
|    iterations           | 571        |
|    time_elapsed         | 17978      |
|    total_timesteps      | 15926720   |
| train/                  |            |
|    approx_kl            | 0.14428663 |
|    clip_fraction        | 0.371      |
|    clip_range           | 0.2        |
|    entropy_loss         | -1.92      |
|    explained_variance   | 0.675      |
|    learning_rate        | 0.0003     |
|    loss                 | 0.342      |
|    n_updates            | 31580      |
|    policy_gradient_loss | 0.00685    |
|    std                  | 0.396      |
|    value_loss           | 6.77       |
----------------------------------------
----------------------------------------
| rollout/                |            |
|    ep_len_mean          | 264        |
|    ep_rew_mean          | -4.45      |
| time/                   |            |
|    fps                  | 162        |
|    iterations           | 572        |
|    time_elapsed         | 18012      |
|    total_timesteps      | 15931840   |
| train/                  |            |
|    approx_kl            | 0.14400133 |
|    clip_fraction        | 0.365      |
|    clip_range           | 0.2        |
|    entropy_loss         | -1.93      |
|    explained_variance   | 0.588      |
|    learning_rate        | 0.0003     |
|    loss                 | 22         |
|    n_updates            | 31590      |
|    policy_gradient_loss | 0.00701    |
|    std                  | 0.396      |
|    value_loss           | 17.1       |
----------------------------------------
----------------------------------------
| rollout/                |            |
|    ep_len_mean          | 269        |
|    ep_rew_mean          | -5.31      |
| time/                   |            |
|    fps                  | 162        |
|    iterations           | 573        |
|    time_elapsed         | 18043      |
|    total_timesteps      | 15936960   |
| train/                  |            |
|    approx_kl            | 0.08893188 |
|    clip_fraction        | 0.338      |
|    clip_range           | 0.2        |
|    entropy_loss         | -1.93      |
|    explained_variance   | 0.578      |
|    learning_rate        | 0.0003     |
|    loss                 | 0.498      |
|    n_updates            | 31600      |
|    policy_gradient_loss | -0.00282   |
|    std                  | 0.396      |
|    value_loss           | 13         |
----------------------------------------
-----------------------------------------
| rollout/                |             |
|    ep_len_mean          | 275         |
|    ep_rew_mean          | 4.31        |
| time/                   |             |
|    fps                  | 162         |
|    iterations           | 574         |
|    time_elapsed         | 18077       |
|    total_timesteps      | 15942080    |
| train/                  |             |
|    approx_kl            | 0.048921667 |
|    clip_fraction        | 0.308       |
|    clip_range           | 0.2         |
|    entropy_loss         | -1.93       |
|    explained_variance   | 0.187       |
|    learning_rate        | 0.0003      |
|    loss                 | 0.325       |
|    n_updates            | 31610       |
|    policy_gradient_loss | -0.0027     |
|    std                  | 0.398       |
|    value_loss           | 215         |
-----------------------------------------
----------------------------------------
| rollout/                |            |
|    ep_len_mean          | 270        |
|    ep_rew_mean          | -0.307     |
| time/                   |            |
|    fps                  | 162        |
|    iterations           | 575        |
|    time_elapsed         | 18112      |
|    total_timesteps      | 15947200   |
| train/                  |            |
|    approx_kl            | 0.14153814 |
|    clip_fraction        | 0.421      |
|    clip_range           | 0.2        |
|    entropy_loss         | -1.94      |
|    explained_variance   | 0.666      |
|    learning_rate        | 0.0003     |
|    loss                 | 0.182      |
|    n_updates            | 31620      |
|    policy_gradient_loss | 0.0167     |
|    std                  | 0.398      |
|    value_loss           | 7.88       |
----------------------------------------
-----------------------------------------
| rollout/                |             |
|    ep_len_mean          | 274         |
|    ep_rew_mean          | -6.37       |
| time/                   |             |
|    fps                  | 162         |
|    iterations           | 576         |
|    time_elapsed         | 18145       |
|    total_timesteps      | 15952320    |
| train/                  |             |
|    approx_kl            | 0.115911946 |
|    clip_fraction        | 0.44        |
|    clip_range           | 0.2         |
|    entropy_loss         | -1.94       |
|    explained_variance   | 0.385       |
|    learning_rate        | 0.0003      |
|    loss                 | 88.3        |
|    n_updates            | 31630       |
|    policy_gradient_loss | 0.0212      |
|    std                  | 0.398       |
|    value_loss           | 83.4        |
-----------------------------------------
Eval num_timesteps=15953200, episode_reward=0.56 +/- 25.61
Episode length: 283.40 +/- 10.07
----------------------------------------
| eval/                   |            |
|    mean_ep_length       | 283        |
|    mean_reward          | 0.564      |
| time/                   |            |
|    total_timesteps      | 15953200   |
| train/                  |            |
|    approx_kl            | 0.18934412 |
|    clip_fraction        | 0.432      |
|    clip_range           | 0.2        |
|    entropy_loss         | -1.93      |
|    explained_variance   | 0.517      |
|    learning_rate        | 0.0003     |
|    loss                 | 4.64       |
|    n_updates            | 31640      |
|    policy_gradient_loss | 0.0105     |
|    std                  | 0.397      |
|    value_loss           | 29.2       |
----------------------------------------
[episode ends] timestep 15953210: flipped=65 (35%), missed_goal=91 (49%), scored=29 (16%)
---------------------------------
| episode_end/       |          |
|    flipped         | 65       |
|    missed_goal     | 91       |
|    scored          | 29       |
| rollout/           |          |
|    ep_len_mean     | 278      |
|    ep_rew_mean     | -6.41    |
| time/              |          |
|    fps             | 162      |
|    iterations      | 577      |
|    time_elapsed    | 18182    |
|    total_timesteps | 15957440 |
---------------------------------
----------------------------------------
| rollout/                |            |
|    ep_len_mean          | 282        |
|    ep_rew_mean          | -4.42      |
| time/                   |            |
|    fps                  | 162        |
|    iterations           | 578        |
|    time_elapsed         | 18215      |
|    total_timesteps      | 15962560   |
| train/                  |            |
|    approx_kl            | 0.08345188 |
|    clip_fraction        | 0.282      |
|    clip_range           | 0.2        |
|    entropy_loss         | -1.94      |
|    explained_variance   | 0.487      |
|    learning_rate        | 0.0003     |
|    loss                 | 0.192      |
|    n_updates            | 31650      |
|    policy_gradient_loss | -0.000325  |
|    std                  | 0.398      |
|    value_loss           | 25.4       |
----------------------------------------
-----------------------------------------
| rollout/                |             |
|    ep_len_mean          | 280         |
|    ep_rew_mean          | 1.18        |
| time/                   |             |
|    fps                  | 162         |
|    iterations           | 579         |
|    time_elapsed         | 18248       |
|    total_timesteps      | 15967680    |
| train/                  |             |
|    approx_kl            | 0.059079416 |
|    clip_fraction        | 0.305       |
|    clip_range           | 0.2         |
|    entropy_loss         | -1.94       |
|    explained_variance   | 0.75        |
|    learning_rate        | 0.0003      |
|    loss                 | 3.66        |
|    n_updates            | 31660       |
|    policy_gradient_loss | -0.00812    |
|    std                  | 0.399       |
|    value_loss           | 11.2        |
-----------------------------------------
---------------------------------------
| rollout/                |           |
|    ep_len_mean          | 278       |
|    ep_rew_mean          | 0.442     |
| time/                   |           |
|    fps                  | 162       |
|    iterations           | 580       |
|    time_elapsed         | 18279     |
|    total_timesteps      | 15972800  |
| train/                  |           |
|    approx_kl            | 0.1398611 |
|    clip_fraction        | 0.414     |
|    clip_range           | 0.2       |
|    entropy_loss         | -1.95     |
|    explained_variance   | 0.51      |
|    learning_rate        | 0.0003    |
|    loss                 | 2.28      |
|    n_updates            | 31670     |
|    policy_gradient_loss | 0.00567   |
|    std                  | 0.4       |
|    value_loss           | 50.5      |
---------------------------------------
----------------------------------------
| rollout/                |            |
|    ep_len_mean          | 279        |
|    ep_rew_mean          | -0.957     |
| time/                   |            |
|    fps                  | 162        |
|    iterations           | 581        |
|    time_elapsed         | 18312      |
|    total_timesteps      | 15977920   |
| train/                  |            |
|    approx_kl            | 0.10504408 |
|    clip_fraction        | 0.324      |
|    clip_range           | 0.2        |
|    entropy_loss         | -1.96      |
|    explained_variance   | 0.415      |
|    learning_rate        | 0.0003     |
|    loss                 | 26.1       |
|    n_updates            | 31680      |
|    policy_gradient_loss | 0.00639    |
|    std                  | 0.4        |
|    value_loss           | 39.3       |
----------------------------------------
-----------------------------------------
| rollout/                |             |
|    ep_len_mean          | 275         |
|    ep_rew_mean          | -0.473      |
| time/                   |             |
|    fps                  | 162         |
|    iterations           | 582         |
|    time_elapsed         | 18345       |
|    total_timesteps      | 15983040    |
| train/                  |             |
|    approx_kl            | 0.096973136 |
|    clip_fraction        | 0.349       |
|    clip_range           | 0.2         |
|    entropy_loss         | -1.96       |
|    explained_variance   | 0.246       |
|    learning_rate        | 0.0003      |
|    loss                 | 1.63        |
|    n_updates            | 31690       |
|    policy_gradient_loss | 0.0111      |
|    std                  | 0.4         |
|    value_loss           | 255         |
-----------------------------------------
----------------------------------------
| rollout/                |            |
|    ep_len_mean          | 273        |
|    ep_rew_mean          | -0.185     |
| time/                   |            |
|    fps                  | 162        |
|    iterations           | 583        |
|    time_elapsed         | 18373      |
|    total_timesteps      | 15988160   |
| train/                  |            |
|    approx_kl            | 0.14801022 |
|    clip_fraction        | 0.337      |
|    clip_range           | 0.2        |
|    entropy_loss         | -1.97      |
|    explained_variance   | 0.549      |
|    learning_rate        | 0.0003     |
|    loss                 | 21.3       |
|    n_updates            | 31700      |
|    policy_gradient_loss | 0.00432    |
|    std                  | 0.401      |
|    value_loss           | 20.6       |
----------------------------------------
-----------------------------------------
| rollout/                |             |
|    ep_len_mean          | 271         |
|    ep_rew_mean          | -7.83       |
| time/                   |             |
|    fps                  | 162         |
|    iterations           | 584         |
|    time_elapsed         | 18407       |
|    total_timesteps      | 15993280    |
| train/                  |             |
|    approx_kl            | 0.054430056 |
|    clip_fraction        | 0.352       |
|    clip_range           | 0.2         |
|    entropy_loss         | -1.98       |
|    explained_variance   | 0.382       |
|    learning_rate        | 0.0003      |
|    loss                 | 1.72        |
|    n_updates            | 31710       |
|    policy_gradient_loss | 0.00653     |
|    std                  | 0.402       |
|    value_loss           | 92          |
-----------------------------------------
----------------------------------------
| rollout/                |            |
|    ep_len_mean          | 271        |
|    ep_rew_mean          | -8.95      |
| time/                   |            |
|    fps                  | 162        |
|    iterations           | 585        |
|    time_elapsed         | 18439      |
|    total_timesteps      | 15998400   |
| train/                  |            |
|    approx_kl            | 0.08453683 |
|    clip_fraction        | 0.425      |
|    clip_range           | 0.2        |
|    entropy_loss         | -1.99      |
|    explained_variance   | 0.272      |
|    learning_rate        | 0.0003     |
|    loss                 | 9.96       |
|    n_updates            | 31720      |
|    policy_gradient_loss | 0.0117     |
|    std                  | 0.403      |
|    value_loss           | 56.2       |
----------------------------------------
Eval num_timesteps=16003200, episode_reward=27.24 +/- 47.71
Episode length: 250.90 +/- 37.88
---------------------------------------
| eval/                   |           |
|    mean_ep_length       | 251       |
|    mean_reward          | 27.2      |
| time/                   |           |
|    total_timesteps      | 16003200  |
| train/                  |           |
|    approx_kl            | 0.2563768 |
|    clip_fraction        | 0.357     |
|    clip_range           | 0.2       |
|    entropy_loss         | -2.01     |
|    explained_variance   | 0.491     |
|    learning_rate        | 0.0003    |
|    loss                 | 1.84      |
|    n_updates            | 31730     |
|    policy_gradient_loss | 0.00943   |
|    std                  | 0.406     |
|    value_loss           | 35        |
---------------------------------------
New best mean reward!
[progress] timestep 16003210
[episode ends] timestep 16003210: flipped=60 (33%), missed_goal=82 (45%), scored=41 (22%)
---------------------------------
| episode_end/       |          |
|    flipped         | 60       |
|    missed_goal     | 82       |
|    scored          | 41       |
| rollout/           |          |
|    ep_len_mean     | 268      |
|    ep_rew_mean     | -4.12    |
| time/              |          |
|    fps             | 162      |
|    iterations      | 586      |
|    time_elapsed    | 18476    |
|    total_timesteps | 16003520 |
---------------------------------
-----------------------------------------
| rollout/                |             |
|    ep_len_mean          | 268         |
|    ep_rew_mean          | -8.11       |
| time/                   |             |
|    fps                  | 162         |
|    iterations           | 587         |
|    time_elapsed         | 18510       |
|    total_timesteps      | 16008640    |
| train/                  |             |
|    approx_kl            | 0.057470925 |
|    clip_fraction        | 0.296       |
|    clip_range           | 0.2         |
|    entropy_loss         | -2.02       |
|    explained_variance   | 0.351       |
|    learning_rate        | 0.0003      |
|    loss                 | 156         |
|    n_updates            | 31740       |
|    policy_gradient_loss | 0.000532    |
|    std                  | 0.404       |
|    value_loss           | 58          |
-----------------------------------------
----------------------------------------
| rollout/                |            |
|    ep_len_mean          | 267        |
|    ep_rew_mean          | -6.61      |
| time/                   |            |
|    fps                  | 162        |
|    iterations           | 588        |
|    time_elapsed         | 18544      |
|    total_timesteps      | 16013760   |
| train/                  |            |
|    approx_kl            | 0.08862556 |
|    clip_fraction        | 0.285      |
|    clip_range           | 0.2        |
|    entropy_loss         | -2         |
|    explained_variance   | 0.293      |
|    learning_rate        | 0.0003     |
|    loss                 | 12.6       |
|    n_updates            | 31750      |
|    policy_gradient_loss | 0.00756    |
|    std                  | 0.404      |
|    value_loss           | 94.3       |
----------------------------------------
----------------------------------------
| rollout/                |            |
|    ep_len_mean          | 271        |
|    ep_rew_mean          | -5.21      |
| time/                   |            |
|    fps                  | 162        |
|    iterations           | 589        |
|    time_elapsed         | 18578      |
|    total_timesteps      | 16018880   |
| train/                  |            |
|    approx_kl            | 0.10076223 |
|    clip_fraction        | 0.383      |
|    clip_range           | 0.2        |
|    entropy_loss         | -1.99      |
|    explained_variance   | 0.486      |
|    learning_rate        | 0.0003     |
|    loss                 | 4          |
|    n_updates            | 31760      |
|    policy_gradient_loss | 0.0197     |
|    std                  | 0.402      |
|    value_loss           | 64.9       |
----------------------------------------
----------------------------------------
| rollout/                |            |
|    ep_len_mean          | 266        |
|    ep_rew_mean          | -2.11      |
| time/                   |            |
|    fps                  | 162        |
|    iterations           | 590        |
|    time_elapsed         | 18611      |
|    total_timesteps      | 16024000   |
| train/                  |            |
|    approx_kl            | 0.12341665 |
|    clip_fraction        | 0.371      |
|    clip_range           | 0.2        |
|    entropy_loss         | -1.99      |
|    explained_variance   | 0.226      |
|    learning_rate        | 0.0003     |
|    loss                 | 9          |
|    n_updates            | 31770      |
|    policy_gradient_loss | 0.0126     |
|    std                  | 0.405      |
|    value_loss           | 56.2       |
----------------------------------------
----------------------------------------
| rollout/                |            |
|    ep_len_mean          | 268        |
|    ep_rew_mean          | 1.43       |
| time/                   |            |
|    fps                  | 162        |
|    iterations           | 591        |
|    time_elapsed         | 18643      |
|    total_timesteps      | 16029120   |
| train/                  |            |
|    approx_kl            | 0.14755087 |
|    clip_fraction        | 0.388      |
|    clip_range           | 0.2        |
|    entropy_loss         | -2.01      |
|    explained_variance   | 0.407      |
|    learning_rate        | 0.0003     |
|    loss                 | 0.562      |
|    n_updates            | 31780      |
|    policy_gradient_loss | 0.00638    |
|    std                  | 0.404      |
|    value_loss           | 52.8       |
----------------------------------------
-----------------------------------------
| rollout/                |             |
|    ep_len_mean          | 263         |
|    ep_rew_mean          | 6.05        |
| time/                   |             |
|    fps                  | 162         |
|    iterations           | 592         |
|    time_elapsed         | 18678       |
|    total_timesteps      | 16034240    |
| train/                  |             |
|    approx_kl            | 0.086716555 |
|    clip_fraction        | 0.424       |
|    clip_range           | 0.2         |
|    entropy_loss         | -2          |
|    explained_variance   | 0.309       |
|    learning_rate        | 0.0003      |
|    loss                 | 0.0724      |
|    n_updates            | 31790       |
|    policy_gradient_loss | 0.0156      |
|    std                  | 0.403       |
|    value_loss           | 43.6        |
-----------------------------------------
----------------------------------------
| rollout/                |            |
|    ep_len_mean          | 261        |
|    ep_rew_mean          | -0.399     |
| time/                   |            |
|    fps                  | 162        |
|    iterations           | 593        |
|    time_elapsed         | 18711      |
|    total_timesteps      | 16039360   |
| train/                  |            |
|    approx_kl            | 0.20294662 |
|    clip_fraction        | 0.519      |
|    clip_range           | 0.2        |
|    entropy_loss         | -2.02      |
|    explained_variance   | 0.19       |
|    learning_rate        | 0.0003     |
|    loss                 | 0.209      |
|    n_updates            | 31800      |
|    policy_gradient_loss | 0.0315     |
|    std                  | 0.408      |
|    value_loss           | 13.9       |
----------------------------------------
----------------------------------------
| rollout/                |            |
|    ep_len_mean          | 257        |
|    ep_rew_mean          | -1.92      |
| time/                   |            |
|    fps                  | 162        |
|    iterations           | 594        |
|    time_elapsed         | 18747      |
|    total_timesteps      | 16044480   |
| train/                  |            |
|    approx_kl            | 0.08607078 |
|    clip_fraction        | 0.296      |
|    clip_range           | 0.2        |
|    entropy_loss         | -2.05      |
|    explained_variance   | 0.379      |
|    learning_rate        | 0.0003     |
|    loss                 | 0.425      |
|    n_updates            | 31810      |
|    policy_gradient_loss | 0.00168    |
|    std                  | 0.409      |
|    value_loss           | 61.6       |
----------------------------------------
----------------------------------------
| rollout/                |            |
|    ep_len_mean          | 257        |
|    ep_rew_mean          | -3.68      |
| time/                   |            |
|    fps                  | 162        |
|    iterations           | 595        |
|    time_elapsed         | 18778      |
|    total_timesteps      | 16049600   |
| train/                  |            |
|    approx_kl            | 0.09051819 |
|    clip_fraction        | 0.384      |
|    clip_range           | 0.2        |
|    entropy_loss         | -2.04      |
|    explained_variance   | 0.509      |
|    learning_rate        | 0.0003     |
|    loss                 | 0.177      |
|    n_updates            | 31820      |
|    policy_gradient_loss | 0.00646    |
|    std                  | 0.406      |
|    value_loss           | 25.8       |
----------------------------------------
Eval num_timesteps=16053200, episode_reward=-34.08 +/- 58.14
Episode length: 257.80 +/- 63.90
----------------------------------------
| eval/                   |            |
|    mean_ep_length       | 258        |
|    mean_reward          | -34.1      |
| time/                   |            |
|    total_timesteps      | 16053200   |
| train/                  |            |
|    approx_kl            | 0.14425394 |
|    clip_fraction        | 0.421      |
|    clip_range           | 0.2        |
|    entropy_loss         | -2.02      |
|    explained_variance   | 0.446      |
|    learning_rate        | 0.0003     |
|    loss                 | 39.3       |
|    n_updates            | 31830      |
|    policy_gradient_loss | 0.0133     |
|    std                  | 0.405      |
|    value_loss           | 44.2       |
----------------------------------------
[episode ends] timestep 16053210: flipped=79 (41%), missed_goal=75 (39%), scored=38 (20%)
---------------------------------
| episode_end/       |          |
|    flipped         | 79       |
|    missed_goal     | 75       |
|    scored          | 38       |
| rollout/           |          |
|    ep_len_mean     | 256      |
|    ep_rew_mean     | -11.6    |
| time/              |          |
|    fps             | 162      |
|    iterations      | 596      |
|    time_elapsed    | 18813    |
|    total_timesteps | 16054720 |
---------------------------------
----------------------------------------
| rollout/                |            |
|    ep_len_mean          | 259        |
|    ep_rew_mean          | -12.7      |
| time/                   |            |
|    fps                  | 162        |
|    iterations           | 597        |
|    time_elapsed         | 18847      |
|    total_timesteps      | 16059840   |
| train/                  |            |
|    approx_kl            | 0.12900059 |
|    clip_fraction        | 0.354      |
|    clip_range           | 0.2        |
|    entropy_loss         | -2         |
|    explained_variance   | 0.195      |
|    learning_rate        | 0.0003     |
|    loss                 | 0.524      |
|    n_updates            | 31840      |
|    policy_gradient_loss | 0.00939    |
|    std                  | 0.403      |
|    value_loss           | 172        |
----------------------------------------
----------------------------------------
| rollout/                |            |
|    ep_len_mean          | 262        |
|    ep_rew_mean          | -10.6      |
| time/                   |            |
|    fps                  | 162        |
|    iterations           | 598        |
|    time_elapsed         | 18880      |
|    total_timesteps      | 16064960   |
| train/                  |            |
|    approx_kl            | 0.10895318 |
|    clip_fraction        | 0.364      |
|    clip_range           | 0.2        |
|    entropy_loss         | -1.99      |
|    explained_variance   | 0.736      |
|    learning_rate        | 0.0003     |
|    loss                 | 0.14       |
|    n_updates            | 31850      |
|    policy_gradient_loss | 0.00396    |
|    std                  | 0.401      |
|    value_loss           | 7.11       |
----------------------------------------
----------------------------------------
| rollout/                |            |
|    ep_len_mean          | 264        |
|    ep_rew_mean          | -10.3      |
| time/                   |            |
|    fps                  | 162        |
|    iterations           | 599        |
|    time_elapsed         | 18914      |
|    total_timesteps      | 16070080   |
| train/                  |            |
|    approx_kl            | 0.15454853 |
|    clip_fraction        | 0.447      |
|    clip_range           | 0.2        |
|    entropy_loss         | -1.98      |
|    explained_variance   | 0.311      |
|    learning_rate        | 0.0003     |
|    loss                 | 0.0636     |
|    n_updates            | 31860      |
|    policy_gradient_loss | 0.0249     |
|    std                  | 0.403      |
|    value_loss           | 60         |
----------------------------------------
-----------------------------------------
| rollout/                |             |
|    ep_len_mean          | 267         |
|    ep_rew_mean          | -7.2        |
| time/                   |             |
|    fps                  | 162         |
|    iterations           | 600         |
|    time_elapsed         | 18941       |
|    total_timesteps      | 16075200    |
| train/                  |             |
|    approx_kl            | 0.039948147 |
|    clip_fraction        | 0.28        |
|    clip_range           | 0.2         |
|    entropy_loss         | -1.99       |
|    explained_variance   | 0.285       |
|    learning_rate        | 0.0003      |
|    loss                 | 4.64        |
|    n_updates            | 31870       |
|    policy_gradient_loss | 0.000885    |
|    std                  | 0.401       |
|    value_loss           | 38.1        |
-----------------------------------------
----------------------------------------
| rollout/                |            |
|    ep_len_mean          | 267        |
|    ep_rew_mean          | -5.42      |
| time/                   |            |
|    fps                  | 162        |
|    iterations           | 601        |
|    time_elapsed         | 18974      |
|    total_timesteps      | 16080320   |
| train/                  |            |
|    approx_kl            | 0.04678561 |
|    clip_fraction        | 0.254      |
|    clip_range           | 0.2        |
|    entropy_loss         | -1.96      |
|    explained_variance   | 0.517      |
|    learning_rate        | 0.0003     |
|    loss                 | 1.01       |
|    n_updates            | 31880      |
|    policy_gradient_loss | -0.00513   |
|    std                  | 0.398      |
|    value_loss           | 30.7       |
----------------------------------------
-----------------------------------------
| rollout/                |             |
|    ep_len_mean          | 276         |
|    ep_rew_mean          | -4.86       |
| time/                   |             |
|    fps                  | 162         |
|    iterations           | 602         |
|    time_elapsed         | 19004       |
|    total_timesteps      | 16085440    |
| train/                  |             |
|    approx_kl            | 0.062289856 |
|    clip_fraction        | 0.344       |
|    clip_range           | 0.2         |
|    entropy_loss         | -1.94       |
|    explained_variance   | 0.321       |
|    learning_rate        | 0.0003      |
|    loss                 | 0.246       |
|    n_updates            | 31890       |
|    policy_gradient_loss | 0.00233     |
|    std                  | 0.397       |
|    value_loss           | 108         |
-----------------------------------------
----------------------------------------
| rollout/                |            |
|    ep_len_mean          | 271        |
|    ep_rew_mean          | -5.53      |
| time/                   |            |
|    fps                  | 162        |
|    iterations           | 603        |
|    time_elapsed         | 19036      |
|    total_timesteps      | 16090560   |
| train/                  |            |
|    approx_kl            | 0.08115493 |
|    clip_fraction        | 0.328      |
|    clip_range           | 0.2        |
|    entropy_loss         | -1.93      |
|    explained_variance   | 0.219      |
|    learning_rate        | 0.0003     |
|    loss                 | 0.126      |
|    n_updates            | 31900      |
|    policy_gradient_loss | -0.00434   |
|    std                  | 0.396      |
|    value_loss           | 294        |
----------------------------------------
----------------------------------------
| rollout/                |            |
|    ep_len_mean          | 273        |
|    ep_rew_mean          | -3.74      |
| time/                   |            |
|    fps                  | 162        |
|    iterations           | 604        |
|    time_elapsed         | 19067      |
|    total_timesteps      | 16095680   |
| train/                  |            |
|    approx_kl            | 0.07590115 |
|    clip_fraction        | 0.28       |
|    clip_range           | 0.2        |
|    entropy_loss         | -1.93      |
|    explained_variance   | 0.541      |
|    learning_rate        | 0.0003     |
|    loss                 | 0.501      |
|    n_updates            | 31910      |
|    policy_gradient_loss | -0.00193   |
|    std                  | 0.396      |
|    value_loss           | 19.8       |
----------------------------------------
----------------------------------------
| rollout/                |            |
|    ep_len_mean          | 270        |
|    ep_rew_mean          | -5.75      |
| time/                   |            |
|    fps                  | 162        |
|    iterations           | 605        |
|    time_elapsed         | 19098      |
|    total_timesteps      | 16100800   |
| train/                  |            |
|    approx_kl            | 0.20272431 |
|    clip_fraction        | 0.413      |
|    clip_range           | 0.2        |
|    entropy_loss         | -1.94      |
|    explained_variance   | 0.402      |
|    learning_rate        | 0.0003     |
|    loss                 | 0.327      |
|    n_updates            | 31920      |
|    policy_gradient_loss | 0.0182     |
|    std                  | 0.399      |
|    value_loss           | 36.1       |
----------------------------------------
Eval num_timesteps=16103200, episode_reward=-60.95 +/- 145.26
Episode length: 270.10 +/- 45.61
----------------------------------------
| eval/                   |            |
|    mean_ep_length       | 270        |
|    mean_reward          | -60.9      |
| time/                   |            |
|    total_timesteps      | 16103200   |
| train/                  |            |
|    approx_kl            | 0.11006804 |
|    clip_fraction        | 0.382      |
|    clip_range           | 0.2        |
|    entropy_loss         | -1.95      |
|    explained_variance   | 0.758      |
|    learning_rate        | 0.0003     |
|    loss                 | 0.151      |
|    n_updates            | 31930      |
|    policy_gradient_loss | -0.00181   |
|    std                  | 0.399      |
|    value_loss           | 6.44       |
----------------------------------------
[progress] timestep 16103210
[episode ends] timestep 16103210: flipped=67 (36%), missed_goal=90 (49%), out_of_bounds=3 (2%), scored=24 (13%)
---------------------------------
| episode_end/       |          |
|    flipped         | 67       |
|    missed_goal     | 90       |
|    out_of_bounds   | 3        |
|    scored          | 24       |
| rollout/           |          |
|    ep_len_mean     | 277      |
|    ep_rew_mean     | -4.46    |
| time/              |          |
|    fps             | 162      |
|    iterations      | 606      |
|    time_elapsed    | 19134    |
|    total_timesteps | 16105920 |
---------------------------------
----------------------------------------
| rollout/                |            |
|    ep_len_mean          | 277        |
|    ep_rew_mean          | 1.53       |
| time/                   |            |
|    fps                  | 162        |
|    iterations           | 607        |
|    time_elapsed         | 19164      |
|    total_timesteps      | 16111040   |
| train/                  |            |
|    approx_kl            | 0.17231646 |
|    clip_fraction        | 0.473      |
|    clip_range           | 0.2        |
|    entropy_loss         | -1.96      |
|    explained_variance   | 0.763      |
|    learning_rate        | 0.0003     |
|    loss                 | 0.117      |
|    n_updates            | 31940      |
|    policy_gradient_loss | 0.0182     |
|    std                  | 0.401      |
|    value_loss           | 6.14       |
----------------------------------------
----------------------------------------
| rollout/                |            |
|    ep_len_mean          | 284        |
|    ep_rew_mean          | 1.62       |
| time/                   |            |
|    fps                  | 162        |
|    iterations           | 608        |
|    time_elapsed         | 19194      |
|    total_timesteps      | 16116160   |
| train/                  |            |
|    approx_kl            | 0.12729737 |
|    clip_fraction        | 0.462      |
|    clip_range           | 0.2        |
|    entropy_loss         | -1.96      |
|    explained_variance   | 0.38       |
|    learning_rate        | 0.0003     |
|    loss                 | 0.129      |
|    n_updates            | 31950      |
|    policy_gradient_loss | 0.00278    |
|    std                  | 0.399      |
|    value_loss           | 37         |
----------------------------------------
---------------------------------------
| rollout/                |           |
|    ep_len_mean          | 283       |
|    ep_rew_mean          | 1.98      |
| time/                   |           |
|    fps                  | 162       |
|    iterations           | 609       |
|    time_elapsed         | 19228     |
|    total_timesteps      | 16121280  |
| train/                  |           |
|    approx_kl            | 0.0924793 |
|    clip_fraction        | 0.402     |
|    clip_range           | 0.2       |
|    entropy_loss         | -1.96     |
|    explained_variance   | 0.428     |
|    learning_rate        | 0.0003    |
|    loss                 | 0.162     |
|    n_updates            | 31960     |
|    policy_gradient_loss | 0.00461   |
|    std                  | 0.401     |
|    value_loss           | 46.4      |
---------------------------------------
-----------------------------------------
| rollout/                |             |
|    ep_len_mean          | 285         |
|    ep_rew_mean          | -4.11       |
| time/                   |             |
|    fps                  | 162         |
|    iterations           | 610         |
|    time_elapsed         | 19263       |
|    total_timesteps      | 16126400    |
| train/                  |             |
|    approx_kl            | 0.099851094 |
|    clip_fraction        | 0.401       |
|    clip_range           | 0.2         |
|    entropy_loss         | -1.97       |
|    explained_variance   | 0.269       |
|    learning_rate        | 0.0003      |
|    loss                 | 0.48        |
|    n_updates            | 31970       |
|    policy_gradient_loss | 0.00172     |
|    std                  | 0.401       |
|    value_loss           | 114         |
-----------------------------------------
----------------------------------------
| rollout/                |            |
|    ep_len_mean          | 281        |
|    ep_rew_mean          | -5.65      |
| time/                   |            |
|    fps                  | 162        |
|    iterations           | 611        |
|    time_elapsed         | 19293      |
|    total_timesteps      | 16131520   |
| train/                  |            |
|    approx_kl            | 0.11235561 |
|    clip_fraction        | 0.398      |
|    clip_range           | 0.2        |
|    entropy_loss         | -1.98      |
|    explained_variance   | 0.411      |
|    learning_rate        | 0.0003     |
|    loss                 | 0.105      |
|    n_updates            | 31980      |
|    policy_gradient_loss | 0.000748   |
|    std                  | 0.403      |
|    value_loss           | 42.6       |
----------------------------------------
----------------------------------------
| rollout/                |            |
|    ep_len_mean          | 280        |
|    ep_rew_mean          | -10.5      |
| time/                   |            |
|    fps                  | 162        |
|    iterations           | 612        |
|    time_elapsed         | 19325      |
|    total_timesteps      | 16136640   |
| train/                  |            |
|    approx_kl            | 0.09850216 |
|    clip_fraction        | 0.352      |
|    clip_range           | 0.2        |
|    entropy_loss         | -2         |
|    explained_variance   | 0.414      |
|    learning_rate        | 0.0003     |
|    loss                 | 181        |
|    n_updates            | 31990      |
|    policy_gradient_loss | 0.00444    |
|    std                  | 0.405      |
|    value_loss           | 62.9       |
----------------------------------------
-----------------------------------------
| rollout/                |             |
|    ep_len_mean          | 284         |
|    ep_rew_mean          | -12.2       |
| time/                   |             |
|    fps                  | 162         |
|    iterations           | 613         |
|    time_elapsed         | 19358       |
|    total_timesteps      | 16141760    |
| train/                  |             |
|    approx_kl            | 0.092414126 |
|    clip_fraction        | 0.319       |
|    clip_range           | 0.2         |
|    entropy_loss         | -2.01       |
|    explained_variance   | 0.623       |
|    learning_rate        | 0.0003      |
|    loss                 | 0.272       |
|    n_updates            | 32000       |
|    policy_gradient_loss | 0.00196     |
|    std                  | 0.406       |
|    value_loss           | 44.4        |
-----------------------------------------
----------------------------------------
| rollout/                |            |
|    ep_len_mean          | 287        |
|    ep_rew_mean          | -14.9      |
| time/                   |            |
|    fps                  | 162        |
|    iterations           | 614        |
|    time_elapsed         | 19384      |
|    total_timesteps      | 16146880   |
| train/                  |            |
|    approx_kl            | 0.08091631 |
|    clip_fraction        | 0.366      |
|    clip_range           | 0.2        |
|    entropy_loss         | -2.03      |
|    explained_variance   | 0.455      |
|    learning_rate        | 0.0003     |
|    loss                 | 0.175      |
|    n_updates            | 32010      |
|    policy_gradient_loss | -0.0027    |
|    std                  | 0.407      |
|    value_loss           | 46.3       |
----------------------------------------
-----------------------------------------
| rollout/                |             |
|    ep_len_mean          | 286         |
|    ep_rew_mean          | -6.48       |
| time/                   |             |
|    fps                  | 162         |
|    iterations           | 615         |
|    time_elapsed         | 19414       |
|    total_timesteps      | 16152000    |
| train/                  |             |
|    approx_kl            | 0.085387945 |
|    clip_fraction        | 0.349       |
|    clip_range           | 0.2         |
|    entropy_loss         | -2.04       |
|    explained_variance   | 0.505       |
|    learning_rate        | 0.0003      |
|    loss                 | 0.0861      |
|    n_updates            | 32020       |
|    policy_gradient_loss | -0.00147    |
|    std                  | 0.408       |
|    value_loss           | 95.2        |
-----------------------------------------
Eval num_timesteps=16153200, episode_reward=3.77 +/- 6.63
Episode length: 287.50 +/- 25.99
----------------------------------------
| eval/                   |            |
|    mean_ep_length       | 288        |
|    mean_reward          | 3.77       |
| time/                   |            |
|    total_timesteps      | 16153200   |
| train/                  |            |
|    approx_kl            | 0.11317947 |
|    clip_fraction        | 0.384      |
|    clip_range           | 0.2        |
|    entropy_loss         | -2.03      |
|    explained_variance   | 0.034      |
|    learning_rate        | 0.0003     |
|    loss                 | -0.00823   |
|    n_updates            | 32030      |
|    policy_gradient_loss | 0.000962   |
|    std                  | 0.406      |
|    value_loss           | 155        |
----------------------------------------
[episode ends] timestep 16153210: flipped=39 (23%), missed_goal=115 (66%), out_of_bounds=1 (1%), scored=18 (10%)
---------------------------------
| episode_end/       |          |
|    flipped         | 39       |
|    missed_goal     | 115      |
|    out_of_bounds   | 1        |
|    scored          | 18       |
| rollout/           |          |
|    ep_len_mean     | 291      |
|    ep_rew_mean     | -9.67    |
| time/              |          |
|    fps             | 162      |
|    iterations      | 616      |
|    time_elapsed    | 19448    |
|    total_timesteps | 16157120 |
---------------------------------
----------------------------------------
| rollout/                |            |
|    ep_len_mean          | 297        |
|    ep_rew_mean          | -10.2      |
| time/                   |            |
|    fps                  | 162        |
|    iterations           | 617        |
|    time_elapsed         | 19477      |
|    total_timesteps      | 16162240   |
| train/                  |            |
|    approx_kl            | 0.15697536 |
|    clip_fraction        | 0.438      |
|    clip_range           | 0.2        |
|    entropy_loss         | -2.03      |
|    explained_variance   | 0.537      |
|    learning_rate        | 0.0003     |
|    loss                 | 19.6       |
|    n_updates            | 32040      |
|    policy_gradient_loss | 0.00411    |
|    std                  | 0.407      |
|    value_loss           | 34.9       |
----------------------------------------
----------------------------------------
| rollout/                |            |
|    ep_len_mean          | 294        |
|    ep_rew_mean          | -8.8       |
| time/                   |            |
|    fps                  | 162        |
|    iterations           | 618        |
|    time_elapsed         | 19511      |
|    total_timesteps      | 16167360   |
| train/                  |            |
|    approx_kl            | 0.12652153 |
|    clip_fraction        | 0.384      |
|    clip_range           | 0.2        |
|    entropy_loss         | -2.03      |
|    explained_variance   | 0.578      |
|    learning_rate        | 0.0003     |
|    loss                 | 70.4       |
|    n_updates            | 32050      |
|    policy_gradient_loss | 0.00824    |
|    std                  | 0.407      |
|    value_loss           | 84.9       |
----------------------------------------
-----------------------------------------
| rollout/                |             |
|    ep_len_mean          | 294         |
|    ep_rew_mean          | -4.78       |
| time/                   |             |
|    fps                  | 162         |
|    iterations           | 619         |
|    time_elapsed         | 19543       |
|    total_timesteps      | 16172480    |
| train/                  |             |
|    approx_kl            | 0.043980982 |
|    clip_fraction        | 0.268       |
|    clip_range           | 0.2         |
|    entropy_loss         | -2.03       |
|    explained_variance   | 0.471       |
|    learning_rate        | 0.0003      |
|    loss                 | 0.513       |
|    n_updates            | 32060       |
|    policy_gradient_loss | 0.00139     |
|    std                  | 0.406       |
|    value_loss           | 20.2        |
-----------------------------------------
-----------------------------------------
| rollout/                |             |
|    ep_len_mean          | 289         |
|    ep_rew_mean          | -3.84       |
| time/                   |             |
|    fps                  | 162         |
|    iterations           | 620         |
|    time_elapsed         | 19571       |
|    total_timesteps      | 16177600    |
| train/                  |             |
|    approx_kl            | 0.070600025 |
|    clip_fraction        | 0.276       |
|    clip_range           | 0.2         |
|    entropy_loss         | -2.03       |
|    explained_variance   | 0.645       |
|    learning_rate        | 0.0003      |
|    loss                 | 4.07        |
|    n_updates            | 32070       |
|    policy_gradient_loss | 0.0016      |
|    std                  | 0.408       |
|    value_loss           | 15.6        |
-----------------------------------------
----------------------------------------
| rollout/                |            |
|    ep_len_mean          | 296        |
|    ep_rew_mean          | -3.91      |
| time/                   |            |
|    fps                  | 162        |
|    iterations           | 621        |
|    time_elapsed         | 19603      |
|    total_timesteps      | 16182720   |
| train/                  |            |
|    approx_kl            | 0.07943552 |
|    clip_fraction        | 0.323      |
|    clip_range           | 0.2        |
|    entropy_loss         | -2.05      |
|    explained_variance   | 0.626      |
|    learning_rate        | 0.0003     |
|    loss                 | 1.1        |
|    n_updates            | 32080      |
|    policy_gradient_loss | -0.00518   |
|    std                  | 0.41       |
|    value_loss           | 25.2       |
----------------------------------------
-----------------------------------------
| rollout/                |             |
|    ep_len_mean          | 288         |
|    ep_rew_mean          | -1.59       |
| time/                   |             |
|    fps                  | 162         |
|    iterations           | 622         |
|    time_elapsed         | 19635       |
|    total_timesteps      | 16187840    |
| train/                  |             |
|    approx_kl            | 0.047765534 |
|    clip_fraction        | 0.243       |
|    clip_range           | 0.2         |
|    entropy_loss         | -2.05       |
|    explained_variance   | 0.491       |
|    learning_rate        | 0.0003      |
|    loss                 | 0.304       |
|    n_updates            | 32090       |
|    policy_gradient_loss | -0.00522    |
|    std                  | 0.409       |
|    value_loss           | 12.2        |
-----------------------------------------
----------------------------------------
| rollout/                |            |
|    ep_len_mean          | 285        |
|    ep_rew_mean          | 1.01       |
| time/                   |            |
|    fps                  | 162        |
|    iterations           | 623        |
|    time_elapsed         | 19669      |
|    total_timesteps      | 16192960   |
| train/                  |            |
|    approx_kl            | 0.10228498 |
|    clip_fraction        | 0.304      |
|    clip_range           | 0.2        |
|    entropy_loss         | -2.05      |
|    explained_variance   | 0.723      |
|    learning_rate        | 0.0003     |
|    loss                 | 0.296      |
|    n_updates            | 32100      |
|    policy_gradient_loss | -0.00376   |
|    std                  | 0.408      |
|    value_loss           | 11.1       |
----------------------------------------
----------------------------------------
| rollout/                |            |
|    ep_len_mean          | 285        |
|    ep_rew_mean          | -1.01      |
| time/                   |            |
|    fps                  | 162        |
|    iterations           | 624        |
|    time_elapsed         | 19704      |
|    total_timesteps      | 16198080   |
| train/                  |            |
|    approx_kl            | 0.07821636 |
|    clip_fraction        | 0.369      |
|    clip_range           | 0.2        |
|    entropy_loss         | -2.04      |
|    explained_variance   | 0.396      |
|    learning_rate        | 0.0003     |
|    loss                 | 8.95       |
|    n_updates            | 32110      |
|    policy_gradient_loss | 0.00238    |
|    std                  | 0.408      |
|    value_loss           | 29.8       |
----------------------------------------
Eval num_timesteps=16203200, episode_reward=-16.27 +/- 32.80
Episode length: 307.20 +/- 32.89
----------------------------------------
| eval/                   |            |
|    mean_ep_length       | 307        |
|    mean_reward          | -16.3      |
| time/                   |            |
|    total_timesteps      | 16203200   |
| train/                  |            |
|    approx_kl            | 0.10201253 |
|    clip_fraction        | 0.393      |
|    clip_range           | 0.2        |
|    entropy_loss         | -2.05      |
|    explained_variance   | 0.884      |
|    learning_rate        | 0.0003     |
|    loss                 | 0.0355     |
|    n_updates            | 32120      |
|    policy_gradient_loss | 0.00348    |
|    std                  | 0.41       |
|    value_loss           | 2.49       |
----------------------------------------
---------------------------------
| rollout/           |          |
|    ep_len_mean     | 288      |
|    ep_rew_mean     | -4.5     |
| time/              |          |
|    fps             | 162      |
|    iterations      | 625      |
|    time_elapsed    | 19737    |
|    total_timesteps | 16203200 |
---------------------------------
[progress] timestep 16203210
[episode ends] timestep 16203210: flipped=49 (28%), missed_goal=106 (61%), out_of_bounds=2 (1%), scored=17 (10%)
----------------------------------------
| episode_end/            |            |
|    flipped              | 49         |
|    missed_goal          | 106        |
|    out_of_bounds        | 2          |
|    scored               | 17         |
| rollout/                |            |
|    ep_len_mean          | 292        |
|    ep_rew_mean          | -3.15      |
| time/                   |            |
|    fps                  | 162        |
|    iterations           | 626        |
|    time_elapsed         | 19770      |
|    total_timesteps      | 16208320   |
| train/                  |            |
|    approx_kl            | 0.13648812 |
|    clip_fraction        | 0.446      |
|    clip_range           | 0.2        |
|    entropy_loss         | -2.06      |
|    explained_variance   | 0.688      |
|    learning_rate        | 0.0003     |
|    loss                 | 0.27       |
|    n_updates            | 32130      |
|    policy_gradient_loss | 0.00325    |
|    std                  | 0.409      |
|    value_loss           | 15.7       |
----------------------------------------
----------------------------------------
| rollout/                |            |
|    ep_len_mean          | 293        |
|    ep_rew_mean          | -3.35      |
| time/                   |            |
|    fps                  | 162        |
|    iterations           | 627        |
|    time_elapsed         | 19799      |
|    total_timesteps      | 16213440   |
| train/                  |            |
|    approx_kl            | 0.12027208 |
|    clip_fraction        | 0.405      |
|    clip_range           | 0.2        |
|    entropy_loss         | -2.07      |
|    explained_variance   | 0.826      |
|    learning_rate        | 0.0003     |
|    loss                 | 0.15       |
|    n_updates            | 32140      |
|    policy_gradient_loss | 0.00666    |
|    std                  | 0.412      |
|    value_loss           | 2.31       |
----------------------------------------
-----------------------------------------
| rollout/                |             |
|    ep_len_mean          | 300         |
|    ep_rew_mean          | -4.63       |
| time/                   |             |
|    fps                  | 162         |
|    iterations           | 628         |
|    time_elapsed         | 19830       |
|    total_timesteps      | 16218560    |
| train/                  |             |
|    approx_kl            | 0.068383045 |
|    clip_fraction        | 0.331       |
|    clip_range           | 0.2         |
|    entropy_loss         | -2.06       |
|    explained_variance   | 0.899       |
|    learning_rate        | 0.0003      |
|    loss                 | 0.154       |
|    n_updates            | 32150       |
|    policy_gradient_loss | -0.00748    |
|    std                  | 0.408       |
|    value_loss           | 2.63        |
-----------------------------------------
----------------------------------------
| rollout/                |            |
|    ep_len_mean          | 304        |
|    ep_rew_mean          | -2.83      |
| time/                   |            |
|    fps                  | 162        |
|    iterations           | 629        |
|    time_elapsed         | 19860      |
|    total_timesteps      | 16223680   |
| train/                  |            |
|    approx_kl            | 0.09012981 |
|    clip_fraction        | 0.376      |
|    clip_range           | 0.2        |
|    entropy_loss         | -2.05      |
|    explained_variance   | 0.419      |
|    learning_rate        | 0.0003     |
|    loss                 | 0.122      |
|    n_updates            | 32160      |
|    policy_gradient_loss | -0.00199   |
|    std                  | 0.41       |
|    value_loss           | 22.6       |
----------------------------------------
----------------------------------------
| rollout/                |            |
|    ep_len_mean          | 308        |
|    ep_rew_mean          | -2.35      |
| time/                   |            |
|    fps                  | 162        |
|    iterations           | 630        |
|    time_elapsed         | 19890      |
|    total_timesteps      | 16228800   |
| train/                  |            |
|    approx_kl            | 0.07870869 |
|    clip_fraction        | 0.379      |
|    clip_range           | 0.2        |
|    entropy_loss         | -2.06      |
|    explained_variance   | 0.76       |
|    learning_rate        | 0.0003     |
|    loss                 | 22.8       |
|    n_updates            | 32170      |
|    policy_gradient_loss | -0.00699   |
|    std                  | 0.409      |
|    value_loss           | 5.55       |
----------------------------------------
---------------------------------------
| rollout/                |           |
|    ep_len_mean          | 304       |
|    ep_rew_mean          | 1.63      |
| time/                   |           |
|    fps                  | 162       |
|    iterations           | 631       |
|    time_elapsed         | 19922     |
|    total_timesteps      | 16233920  |
| train/                  |           |
|    approx_kl            | 0.1004021 |
|    clip_fraction        | 0.37      |
|    clip_range           | 0.2       |
|    entropy_loss         | -2.05     |
|    explained_variance   | 0.599     |
|    learning_rate        | 0.0003    |
|    loss                 | -0.0065   |
|    n_updates            | 32180     |
|    policy_gradient_loss | -0.0035   |
|    std                  | 0.409     |
|    value_loss           | 32.7      |
---------------------------------------
-----------------------------------------
| rollout/                |             |
|    ep_len_mean          | 303         |
|    ep_rew_mean          | 0.92        |
| time/                   |             |
|    fps                  | 162         |
|    iterations           | 632         |
|    time_elapsed         | 19954       |
|    total_timesteps      | 16239040    |
| train/                  |             |
|    approx_kl            | 0.042200282 |
|    clip_fraction        | 0.298       |
|    clip_range           | 0.2         |
|    entropy_loss         | -2.05       |
|    explained_variance   | 0.32        |
|    learning_rate        | 0.0003      |
|    loss                 | 88          |
|    n_updates            | 32190       |
|    policy_gradient_loss | -0.00697    |
|    std                  | 0.408       |
|    value_loss           | 48.8        |
-----------------------------------------
-----------------------------------------
| rollout/                |             |
|    ep_len_mean          | 292         |
|    ep_rew_mean          | 1.98        |
| time/                   |             |
|    fps                  | 162         |
|    iterations           | 633         |
|    time_elapsed         | 19985       |
|    total_timesteps      | 16244160    |
| train/                  |             |
|    approx_kl            | 0.105459556 |
|    clip_fraction        | 0.371       |
|    clip_range           | 0.2         |
|    entropy_loss         | -2.04       |
|    explained_variance   | 0.702       |
|    learning_rate        | 0.0003      |
|    loss                 | 2.08        |
|    n_updates            | 32200       |
|    policy_gradient_loss | 0.000996    |
|    std                  | 0.408       |
|    value_loss           | 9.48        |
-----------------------------------------
----------------------------------------
| rollout/                |            |
|    ep_len_mean          | 291        |
|    ep_rew_mean          | -1.91      |
| time/                   |            |
|    fps                  | 162        |
|    iterations           | 634        |
|    time_elapsed         | 20017      |
|    total_timesteps      | 16249280   |
| train/                  |            |
|    approx_kl            | 0.09103176 |
|    clip_fraction        | 0.344      |
|    clip_range           | 0.2        |
|    entropy_loss         | -2.05      |
|    explained_variance   | 0.31       |
|    learning_rate        | 0.0003     |
|    loss                 | 0.315      |
|    n_updates            | 32210      |
|    policy_gradient_loss | 0.00709    |
|    std                  | 0.409      |
|    value_loss           | 107        |
----------------------------------------
Eval num_timesteps=16253200, episode_reward=3.42 +/- 27.18
Episode length: 303.10 +/- 68.02
----------------------------------------
| eval/                   |            |
|    mean_ep_length       | 303        |
|    mean_reward          | 3.42       |
| time/                   |            |
|    total_timesteps      | 16253200   |
| train/                  |            |
|    approx_kl            | 0.08452445 |
|    clip_fraction        | 0.348      |
|    clip_range           | 0.2        |
|    entropy_loss         | -2.04      |
|    explained_variance   | 0.568      |
|    learning_rate        | 0.0003     |
|    loss                 | 0.516      |
|    n_updates            | 32220      |
|    policy_gradient_loss | 0.000601   |
|    std                  | 0.408      |
|    value_loss           | 28.4       |
----------------------------------------
[episode ends] timestep 16253210: flipped=52 (31%), missed_goal=97 (57%), out_of_bounds=3 (2%), scored=18 (11%)
---------------------------------
| episode_end/       |          |
|    flipped         | 52       |
|    missed_goal     | 97       |
|    out_of_bounds   | 3        |
|    scored          | 18       |
| rollout/           |          |
|    ep_len_mean     | 285      |
|    ep_rew_mean     | -3.86    |
| time/              |          |
|    fps             | 162      |
|    iterations      | 635      |
|    time_elapsed    | 20053    |
|    total_timesteps | 16254400 |
---------------------------------
----------------------------------------
| rollout/                |            |
|    ep_len_mean          | 290        |
|    ep_rew_mean          | -4.04      |
| time/                   |            |
|    fps                  | 162        |
|    iterations           | 636        |
|    time_elapsed         | 20088      |
|    total_timesteps      | 16259520   |
| train/                  |            |
|    approx_kl            | 0.07146402 |
|    clip_fraction        | 0.333      |
|    clip_range           | 0.2        |
|    entropy_loss         | -2.04      |
|    explained_variance   | 0.742      |
|    learning_rate        | 0.0003     |
|    loss                 | 1.08       |
|    n_updates            | 32230      |
|    policy_gradient_loss | -0.00705   |
|    std                  | 0.406      |
|    value_loss           | 4.81       |
----------------------------------------
----------------------------------------
| rollout/                |            |
|    ep_len_mean          | 290        |
|    ep_rew_mean          | -7.65      |
| time/                   |            |
|    fps                  | 162        |
|    iterations           | 637        |
|    time_elapsed         | 20119      |
|    total_timesteps      | 16264640   |
| train/                  |            |
|    approx_kl            | 0.07296812 |
|    clip_fraction        | 0.335      |
|    clip_range           | 0.2        |
|    entropy_loss         | -2.03      |
|    explained_variance   | 0.292      |
|    learning_rate        | 0.0003     |
|    loss                 | 0.151      |
|    n_updates            | 32240      |
|    policy_gradient_loss | 0.000892   |
|    std                  | 0.407      |
|    value_loss           | 40.4       |
----------------------------------------
----------------------------------------
| rollout/                |            |
|    ep_len_mean          | 291        |
|    ep_rew_mean          | -2.54      |
| time/                   |            |
|    fps                  | 162        |
|    iterations           | 638        |
|    time_elapsed         | 20151      |
|    total_timesteps      | 16269760   |
| train/                  |            |
|    approx_kl            | 0.09234563 |
|    clip_fraction        | 0.378      |
|    clip_range           | 0.2        |
|    entropy_loss         | -2.04      |
|    explained_variance   | 0.861      |
|    learning_rate        | 0.0003     |
|    loss                 | 1.34       |
|    n_updates            | 32250      |
|    policy_gradient_loss | -0.00364   |
|    std                  | 0.408      |
|    value_loss           | 2.28       |
----------------------------------------
----------------------------------------
| rollout/                |            |
|    ep_len_mean          | 289        |
|    ep_rew_mean          | -1.55      |
| time/                   |            |
|    fps                  | 162        |
|    iterations           | 639        |
|    time_elapsed         | 20182      |
|    total_timesteps      | 16274880   |
| train/                  |            |
|    approx_kl            | 0.09292043 |
|    clip_fraction        | 0.345      |
|    clip_range           | 0.2        |
|    entropy_loss         | -2.04      |
|    explained_variance   | 0.654      |
|    learning_rate        | 0.0003     |
|    loss                 | 0.0988     |
|    n_updates            | 32260      |
|    policy_gradient_loss | -0.0067    |
|    std                  | 0.407      |
|    value_loss           | 6.53       |
----------------------------------------
----------------------------------------
| rollout/                |            |
|    ep_len_mean          | 289        |
|    ep_rew_mean          | -1.48      |
| time/                   |            |
|    fps                  | 162        |
|    iterations           | 640        |
|    time_elapsed         | 20214      |
|    total_timesteps      | 16280000   |
| train/                  |            |
|    approx_kl            | 0.07355042 |
|    clip_fraction        | 0.364      |
|    clip_range           | 0.2        |
|    entropy_loss         | -2.02      |
|    explained_variance   | 0.74       |
|    learning_rate        | 0.0003     |
|    loss                 | 0.00493    |
|    n_updates            | 32270      |
|    policy_gradient_loss | -0.0126    |
|    std                  | 0.405      |
|    value_loss           | 3.68       |
----------------------------------------
----------------------------------------
| rollout/                |            |
|    ep_len_mean          | 292        |
|    ep_rew_mean          | -0.655     |
| time/                   |            |
|    fps                  | 162        |
|    iterations           | 641        |
|    time_elapsed         | 20246      |
|    total_timesteps      | 16285120   |
| train/                  |            |
|    approx_kl            | 0.07440388 |
|    clip_fraction        | 0.358      |
|    clip_range           | 0.2        |
|    entropy_loss         | -2.01      |
|    explained_variance   | 0.168      |
|    learning_rate        | 0.0003     |
|    loss                 | 0.0824     |
|    n_updates            | 32280      |
|    policy_gradient_loss | -0.00875   |
|    std                  | 0.404      |
|    value_loss           | 33.9       |
----------------------------------------
-----------------------------------------
| rollout/                |             |
|    ep_len_mean          | 288         |
|    ep_rew_mean          | -3.05       |
| time/                   |             |
|    fps                  | 162         |
|    iterations           | 642         |
|    time_elapsed         | 20280       |
|    total_timesteps      | 16290240    |
| train/                  |             |
|    approx_kl            | 0.068183206 |
|    clip_fraction        | 0.355       |
|    clip_range           | 0.2         |
|    entropy_loss         | -2.01       |
|    explained_variance   | 0.364       |
|    learning_rate        | 0.0003      |
|    loss                 | -0.0169     |
|    n_updates            | 32290       |
|    policy_gradient_loss | -0.00341    |
|    std                  | 0.405       |
|    value_loss           | 31.9        |
-----------------------------------------
----------------------------------------
| rollout/                |            |
|    ep_len_mean          | 288        |
|    ep_rew_mean          | -9.12      |
| time/                   |            |
|    fps                  | 162        |
|    iterations           | 643        |
|    time_elapsed         | 20309      |
|    total_timesteps      | 16295360   |
| train/                  |            |
|    approx_kl            | 0.07014238 |
|    clip_fraction        | 0.347      |
|    clip_range           | 0.2        |
|    entropy_loss         | -2.02      |
|    explained_variance   | 0.202      |
|    learning_rate        | 0.0003     |
|    loss                 | 0.644      |
|    n_updates            | 32300      |
|    policy_gradient_loss | -0.00399   |
|    std                  | 0.405      |
|    value_loss           | 113        |
----------------------------------------
---------------------------------------
| rollout/                |           |
|    ep_len_mean          | 286       |
|    ep_rew_mean          | -8.31     |
| time/                   |           |
|    fps                  | 162       |
|    iterations           | 644       |
|    time_elapsed         | 20342     |
|    total_timesteps      | 16300480  |
| train/                  |           |
|    approx_kl            | 0.1387312 |
|    clip_fraction        | 0.4       |
|    clip_range           | 0.2       |
|    entropy_loss         | -2.01     |
|    explained_variance   | 0.453     |
|    learning_rate        | 0.0003    |
|    loss                 | 0.0825    |
|    n_updates            | 32310     |
|    policy_gradient_loss | 0.00926   |
|    std                  | 0.404     |
|    value_loss           | 35.8      |
---------------------------------------
Eval num_timesteps=16303200, episode_reward=-38.18 +/- 58.03
Episode length: 305.60 +/- 56.17
----------------------------------------
| eval/                   |            |
|    mean_ep_length       | 306        |
|    mean_reward          | -38.2      |
| time/                   |            |
|    total_timesteps      | 16303200   |
| train/                  |            |
|    approx_kl            | 0.04229065 |
|    clip_fraction        | 0.336      |
|    clip_range           | 0.2        |
|    entropy_loss         | -2         |
|    explained_variance   | 0.43       |
|    learning_rate        | 0.0003     |
|    loss                 | 0.452      |
|    n_updates            | 32320      |
|    policy_gradient_loss | -0.00124   |
|    std                  | 0.401      |
|    value_loss           | 48.4       |
----------------------------------------
[progress] timestep 16303210
[episode ends] timestep 16303210: flipped=50 (29%), missed_goal=113 (65%), scored=10 (6%)
---------------------------------
| episode_end/       |          |
|    flipped         | 50       |
|    missed_goal     | 113      |
|    scored          | 10       |
| rollout/           |          |
|    ep_len_mean     | 284      |
|    ep_rew_mean     | -14.1    |
| time/              |          |
|    fps             | 162      |
|    iterations      | 645      |
|    time_elapsed    | 20379    |
|    total_timesteps | 16305600 |
---------------------------------
-----------------------------------------
| rollout/                |             |
|    ep_len_mean          | 282         |
|    ep_rew_mean          | -15.1       |
| time/                   |             |
|    fps                  | 162         |
|    iterations           | 646         |
|    time_elapsed         | 20411       |
|    total_timesteps      | 16310720    |
| train/                  |             |
|    approx_kl            | 0.057985496 |
|    clip_fraction        | 0.361       |
|    clip_range           | 0.2         |
|    entropy_loss         | -1.99       |
|    explained_variance   | 0.519       |
|    learning_rate        | 0.0003      |
|    loss                 | 95.9        |
|    n_updates            | 32330       |
|    policy_gradient_loss | 0.000389    |
|    std                  | 0.401       |
|    value_loss           | 29.2        |
-----------------------------------------
-----------------------------------------
| rollout/                |             |
|    ep_len_mean          | 278         |
|    ep_rew_mean          | -14.5       |
| time/                   |             |
|    fps                  | 162         |
|    iterations           | 647         |
|    time_elapsed         | 20440       |
|    total_timesteps      | 16315840    |
| train/                  |             |
|    approx_kl            | 0.053211443 |
|    clip_fraction        | 0.3         |
|    clip_range           | 0.2         |
|    entropy_loss         | -1.98       |
|    explained_variance   | 0.433       |
|    learning_rate        | 0.0003      |
|    loss                 | 0.0115      |
|    n_updates            | 32340       |
|    policy_gradient_loss | -0.00265    |
|    std                  | 0.401       |
|    value_loss           | 44.5        |
-----------------------------------------
-----------------------------------------
| rollout/                |             |
|    ep_len_mean          | 272         |
|    ep_rew_mean          | -9.42       |
| time/                   |             |
|    fps                  | 162         |
|    iterations           | 648         |
|    time_elapsed         | 20473       |
|    total_timesteps      | 16320960    |
| train/                  |             |
|    approx_kl            | 0.061068248 |
|    clip_fraction        | 0.302       |
|    clip_range           | 0.2         |
|    entropy_loss         | -1.98       |
|    explained_variance   | 0.576       |
|    learning_rate        | 0.0003      |
|    loss                 | 1.07        |
|    n_updates            | 32350       |
|    policy_gradient_loss | -0.00532    |
|    std                  | 0.401       |
|    value_loss           | 31.3        |
-----------------------------------------
----------------------------------------
| rollout/                |            |
|    ep_len_mean          | 271        |
|    ep_rew_mean          | -7.22      |
| time/                   |            |
|    fps                  | 162        |
|    iterations           | 649        |
|    time_elapsed         | 20503      |
|    total_timesteps      | 16326080   |
| train/                  |            |
|    approx_kl            | 0.06636532 |
|    clip_fraction        | 0.331      |
|    clip_range           | 0.2        |
|    entropy_loss         | -1.97      |
|    explained_variance   | 0.539      |
|    learning_rate        | 0.0003     |
|    loss                 | 0.496      |
|    n_updates            | 32360      |
|    policy_gradient_loss | -4.89e-05  |
|    std                  | 0.399      |
|    value_loss           | 16         |
----------------------------------------
-----------------------------------------
| rollout/                |             |
|    ep_len_mean          | 275         |
|    ep_rew_mean          | -10.5       |
| time/                   |             |
|    fps                  | 162         |
|    iterations           | 650         |
|    time_elapsed         | 20537       |
|    total_timesteps      | 16331200    |
| train/                  |             |
|    approx_kl            | 0.044728737 |
|    clip_fraction        | 0.259       |
|    clip_range           | 0.2         |
|    entropy_loss         | -1.95       |
|    explained_variance   | 0.206       |
|    learning_rate        | 0.0003      |
|    loss                 | 1.03        |
|    n_updates            | 32370       |
|    policy_gradient_loss | -0.00701    |
|    std                  | 0.397       |
|    value_loss           | 259         |
-----------------------------------------
----------------------------------------
| rollout/                |            |
|    ep_len_mean          | 279        |
|    ep_rew_mean          | -10.6      |
| time/                   |            |
|    fps                  | 162        |
|    iterations           | 651        |
|    time_elapsed         | 20564      |
|    total_timesteps      | 16336320   |
| train/                  |            |
|    approx_kl            | 0.13733664 |
|    clip_fraction        | 0.364      |
|    clip_range           | 0.2        |
|    entropy_loss         | -1.95      |
|    explained_variance   | 0.729      |
|    learning_rate        | 0.0003     |
|    loss                 | 1.98       |
|    n_updates            | 32380      |
|    policy_gradient_loss | 0.00568    |
|    std                  | 0.398      |
|    value_loss           | 8.2        |
----------------------------------------
----------------------------------------
| rollout/                |            |
|    ep_len_mean          | 278        |
|    ep_rew_mean          | -8.93      |
| time/                   |            |
|    fps                  | 162        |
|    iterations           | 652        |
|    time_elapsed         | 20598      |
|    total_timesteps      | 16341440   |
| train/                  |            |
|    approx_kl            | 0.06839006 |
|    clip_fraction        | 0.308      |
|    clip_range           | 0.2        |
|    entropy_loss         | -1.95      |
|    explained_variance   | 0.708      |
|    learning_rate        | 0.0003     |
|    loss                 | 0.814      |
|    n_updates            | 32390      |
|    policy_gradient_loss | -0.000736  |
|    std                  | 0.398      |
|    value_loss           | 10.6       |
----------------------------------------
-----------------------------------------
| rollout/                |             |
|    ep_len_mean          | 282         |
|    ep_rew_mean          | -8.27       |
| time/                   |             |
|    fps                  | 162         |
|    iterations           | 653         |
|    time_elapsed         | 20630       |
|    total_timesteps      | 16346560    |
| train/                  |             |
|    approx_kl            | 0.048944183 |
|    clip_fraction        | 0.298       |
|    clip_range           | 0.2         |
|    entropy_loss         | -1.94       |
|    explained_variance   | 0.363       |
|    learning_rate        | 0.0003      |
|    loss                 | 0.256       |
|    n_updates            | 32400       |
|    policy_gradient_loss | -0.00661    |
|    std                  | 0.395       |
|    value_loss           | 59.7        |
-----------------------------------------
----------------------------------------
| rollout/                |            |
|    ep_len_mean          | 280        |
|    ep_rew_mean          | -11.4      |
| time/                   |            |
|    fps                  | 162        |
|    iterations           | 654        |
|    time_elapsed         | 20660      |
|    total_timesteps      | 16351680   |
| train/                  |            |
|    approx_kl            | 0.11842376 |
|    clip_fraction        | 0.387      |
|    clip_range           | 0.2        |
|    entropy_loss         | -1.94      |
|    explained_variance   | 0.252      |
|    learning_rate        | 0.0003     |
|    loss                 | 0.0249     |
|    n_updates            | 32410      |
|    policy_gradient_loss | -0.00576   |
|    std                  | 0.396      |
|    value_loss           | 59.5       |
----------------------------------------
Eval num_timesteps=16353200, episode_reward=4.71 +/- 25.17
Episode length: 278.30 +/- 51.55
-----------------------------------------
| eval/                   |             |
|    mean_ep_length       | 278         |
|    mean_reward          | 4.71        |
| time/                   |             |
|    total_timesteps      | 16353200    |
| train/                  |             |
|    approx_kl            | 0.058928512 |
|    clip_fraction        | 0.279       |
|    clip_range           | 0.2         |
|    entropy_loss         | -1.93       |
|    explained_variance   | 0.364       |
|    learning_rate        | 0.0003      |
|    loss                 | 0.371       |
|    n_updates            | 32420       |
|    policy_gradient_loss | 0.00177     |
|    std                  | 0.395       |
|    value_loss           | 49          |
-----------------------------------------
[episode ends] timestep 16353210: flipped=67 (37%), missed_goal=97 (54%), scored=16 (9%)
---------------------------------
| episode_end/       |          |
|    flipped         | 67       |
|    missed_goal     | 97       |
|    scored          | 16       |
| rollout/           |          |
|    ep_len_mean     | 283      |
|    ep_rew_mean     | -8.35    |
| time/              |          |
|    fps             | 162      |
|    iterations      | 655      |
|    time_elapsed    | 20694    |
|    total_timesteps | 16356800 |
---------------------------------
----------------------------------------
| rollout/                |            |
|    ep_len_mean          | 276        |
|    ep_rew_mean          | -9.27      |
| time/                   |            |
|    fps                  | 162        |
|    iterations           | 656        |
|    time_elapsed         | 20726      |
|    total_timesteps      | 16361920   |
| train/                  |            |
|    approx_kl            | 0.11938876 |
|    clip_fraction        | 0.394      |
|    clip_range           | 0.2        |
|    entropy_loss         | -1.92      |
|    explained_variance   | 0.823      |
|    learning_rate        | 0.0003     |
|    loss                 | -0.0122    |
|    n_updates            | 32430      |
|    policy_gradient_loss | -0.00791   |
|    std                  | 0.395      |
|    value_loss           | 2.79       |
----------------------------------------
----------------------------------------
| rollout/                |            |
|    ep_len_mean          | 279        |
|    ep_rew_mean          | -8.59      |
| time/                   |            |
|    fps                  | 162        |
|    iterations           | 657        |
|    time_elapsed         | 20756      |
|    total_timesteps      | 16367040   |
| train/                  |            |
|    approx_kl            | 0.05712219 |
|    clip_fraction        | 0.299      |
|    clip_range           | 0.2        |
|    entropy_loss         | -1.92      |
|    explained_variance   | 0.483      |
|    learning_rate        | 0.0003     |
|    loss                 | 113        |
|    n_updates            | 32440      |
|    policy_gradient_loss | -0.0103    |
|    std                  | 0.395      |
|    value_loss           | 45.1       |
----------------------------------------
-----------------------------------------
| rollout/                |             |
|    ep_len_mean          | 279         |
|    ep_rew_mean          | -8.4        |
| time/                   |             |
|    fps                  | 162         |
|    iterations           | 658         |
|    time_elapsed         | 20787       |
|    total_timesteps      | 16372160    |
| train/                  |             |
|    approx_kl            | 0.054081418 |
|    clip_fraction        | 0.287       |
|    clip_range           | 0.2         |
|    entropy_loss         | -1.93       |
|    explained_variance   | 0.382       |
|    learning_rate        | 0.0003      |
|    loss                 | 0.0569      |
|    n_updates            | 32450       |
|    policy_gradient_loss | -0.00699    |
|    std                  | 0.395       |
|    value_loss           | 40.9        |
-----------------------------------------
----------------------------------------
| rollout/                |            |
|    ep_len_mean          | 281        |
|    ep_rew_mean          | -7.76      |
| time/                   |            |
|    fps                  | 162        |
|    iterations           | 659        |
|    time_elapsed         | 20819      |
|    total_timesteps      | 16377280   |
| train/                  |            |
|    approx_kl            | 0.10465641 |
|    clip_fraction        | 0.411      |
|    clip_range           | 0.2        |
|    entropy_loss         | -1.92      |
|    explained_variance   | 0.469      |
|    learning_rate        | 0.0003     |
|    loss                 | 0.0131     |
|    n_updates            | 32460      |
|    policy_gradient_loss | 0.00217    |
|    std                  | 0.395      |
|    value_loss           | 18.9       |
----------------------------------------
----------------------------------------
| rollout/                |            |
|    ep_len_mean          | 286        |
|    ep_rew_mean          | -9.31      |
| time/                   |            |
|    fps                  | 162        |
|    iterations           | 660        |
|    time_elapsed         | 20850      |
|    total_timesteps      | 16382400   |
| train/                  |            |
|    approx_kl            | 0.06840765 |
|    clip_fraction        | 0.338      |
|    clip_range           | 0.2        |
|    entropy_loss         | -1.91      |
|    explained_variance   | 0.274      |
|    learning_rate        | 0.0003     |
|    loss                 | 328        |
|    n_updates            | 32470      |
|    policy_gradient_loss | -0.00241   |
|    std                  | 0.394      |
|    value_loss           | 91.2       |
----------------------------------------
--------------------------------------
| rollout/                |          |
|    ep_len_mean          | 284      |
|    ep_rew_mean          | -17.7    |
| time/                   |          |
|    fps                  | 162      |
|    iterations           | 661      |
|    time_elapsed         | 20879    |
|    total_timesteps      | 16387520 |
| train/                  |          |
|    approx_kl            | 0.101072 |
|    clip_fraction        | 0.362    |
|    clip_range           | 0.2      |
|    entropy_loss         | -1.92    |
|    explained_variance   | 0.326    |
|    learning_rate        | 0.0003   |
|    loss                 | 26       |
|    n_updates            | 32480    |
|    policy_gradient_loss | 0.000523 |
|    std                  | 0.396    |
|    value_loss           | 116      |
--------------------------------------
----------------------------------------
| rollout/                |            |
|    ep_len_mean          | 285        |
|    ep_rew_mean          | -11.8      |
| time/                   |            |
|    fps                  | 162        |
|    iterations           | 662        |
|    time_elapsed         | 20907      |
|    total_timesteps      | 16392640   |
| train/                  |            |
|    approx_kl            | 0.11643846 |
|    clip_fraction        | 0.363      |
|    clip_range           | 0.2        |
|    entropy_loss         | -1.94      |
|    explained_variance   | 0.407      |
|    learning_rate        | 0.0003     |
|    loss                 | 0.51       |
|    n_updates            | 32490      |
|    policy_gradient_loss | -0.00153   |
|    std                  | 0.398      |
|    value_loss           | 66.9       |
----------------------------------------
----------------------------------------
| rollout/                |            |
|    ep_len_mean          | 288        |
|    ep_rew_mean          | -8.04      |
| time/                   |            |
|    fps                  | 162        |
|    iterations           | 663        |
|    time_elapsed         | 20940      |
|    total_timesteps      | 16397760   |
| train/                  |            |
|    approx_kl            | 0.08471897 |
|    clip_fraction        | 0.33       |
|    clip_range           | 0.2        |
|    entropy_loss         | -1.95      |
|    explained_variance   | 0.431      |
|    learning_rate        | 0.0003     |
|    loss                 | 0.108      |
|    n_updates            | 32500      |
|    policy_gradient_loss | -0.00295   |
|    std                  | 0.398      |
|    value_loss           | 19.4       |
----------------------------------------
----------------------------------------
| rollout/                |            |
|    ep_len_mean          | 289        |
|    ep_rew_mean          | -8.47      |
| time/                   |            |
|    fps                  | 162        |
|    iterations           | 664        |
|    time_elapsed         | 20972      |
|    total_timesteps      | 16402880   |
| train/                  |            |
|    approx_kl            | 0.07935501 |
|    clip_fraction        | 0.395      |
|    clip_range           | 0.2        |
|    entropy_loss         | -1.96      |
|    explained_variance   | 0.378      |
|    learning_rate        | 0.0003     |
|    loss                 | 0.815      |
|    n_updates            | 32510      |
|    policy_gradient_loss | -0.000975  |
|    std                  | 0.398      |
|    value_loss           | 61         |
----------------------------------------
Eval num_timesteps=16403200, episode_reward=-22.30 +/- 43.92
Episode length: 268.50 +/- 78.75
--------------------------------------
| eval/                   |          |
|    mean_ep_length       | 268      |
|    mean_reward          | -22.3    |
| time/                   |          |
|    total_timesteps      | 16403200 |
| train/                  |          |
|    approx_kl            | 0.231776 |
|    clip_fraction        | 0.376    |
|    clip_range           | 0.2      |
|    entropy_loss         | -1.95    |
|    explained_variance   | 0.725    |
|    learning_rate        | 0.0003   |
|    loss                 | 3.88     |
|    n_updates            | 32520    |
|    policy_gradient_loss | 0.000831 |
|    std                  | 0.398    |
|    value_loss           | 5.18     |
--------------------------------------
[progress] timestep 16403210
[episode ends] timestep 16403210: flipped=58 (33%), missed_goal=106 (60%), scored=12 (7%)
---------------------------------
| episode_end/       |          |
|    flipped         | 58       |
|    missed_goal     | 106      |
|    scored          | 12       |
| rollout/           |          |
|    ep_len_mean     | 290      |
|    ep_rew_mean     | -6.46    |
| time/              |          |
|    fps             | 162      |
|    iterations      | 665      |
|    time_elapsed    | 21008    |
|    total_timesteps | 16408000 |
---------------------------------
----------------------------------------
| rollout/                |            |
|    ep_len_mean          | 288        |
|    ep_rew_mean          | -0.65      |
| time/                   |            |
|    fps                  | 162        |
|    iterations           | 666        |
|    time_elapsed         | 21036      |
|    total_timesteps      | 16413120   |
| train/                  |            |
|    approx_kl            | 0.09071944 |
|    clip_fraction        | 0.343      |
|    clip_range           | 0.2        |
|    entropy_loss         | -1.95      |
|    explained_variance   | 0.703      |
|    learning_rate        | 0.0003     |
|    loss                 | 0.476      |
|    n_updates            | 32530      |
|    policy_gradient_loss | -0.00211   |
|    std                  | 0.399      |
|    value_loss           | 6.69       |
----------------------------------------
-----------------------------------------
| rollout/                |             |
|    ep_len_mean          | 286         |
|    ep_rew_mean          | 1.4         |
| time/                   |             |
|    fps                  | 162         |
|    iterations           | 667         |
|    time_elapsed         | 21069       |
|    total_timesteps      | 16418240    |
| train/                  |             |
|    approx_kl            | 0.094075225 |
|    clip_fraction        | 0.38        |
|    clip_range           | 0.2         |
|    entropy_loss         | -1.96       |
|    explained_variance   | 0.868       |
|    learning_rate        | 0.0003      |
|    loss                 | 0.0991      |
|    n_updates            | 32540       |
|    policy_gradient_loss | -0.00404    |
|    std                  | 0.4         |
|    value_loss           | 2.21        |
-----------------------------------------
----------------------------------------
| rollout/                |            |
|    ep_len_mean          | 290        |
|    ep_rew_mean          | -0.368     |
| time/                   |            |
|    fps                  | 162        |
|    iterations           | 668        |
|    time_elapsed         | 21104      |
|    total_timesteps      | 16423360   |
| train/                  |            |
|    approx_kl            | 0.09106232 |
|    clip_fraction        | 0.378      |
|    clip_range           | 0.2        |
|    entropy_loss         | -1.96      |
|    explained_variance   | 0.921      |
|    learning_rate        | 0.0003     |
|    loss                 | 0.0571     |
|    n_updates            | 32550      |
|    policy_gradient_loss | -0.0109    |
|    std                  | 0.399      |
|    value_loss           | 2.61       |
----------------------------------------
----------------------------------------
| rollout/                |            |
|    ep_len_mean          | 287        |
|    ep_rew_mean          | -2.24      |
| time/                   |            |
|    fps                  | 162        |
|    iterations           | 669        |
|    time_elapsed         | 21134      |
|    total_timesteps      | 16428480   |
| train/                  |            |
|    approx_kl            | 0.07973506 |
|    clip_fraction        | 0.39       |
|    clip_range           | 0.2        |
|    entropy_loss         | -1.95      |
|    explained_variance   | 0.892      |
|    learning_rate        | 0.0003     |
|    loss                 | 0.104      |
|    n_updates            | 32560      |
|    policy_gradient_loss | -0.00705   |
|    std                  | 0.399      |
|    value_loss           | 1.6        |
----------------------------------------
-----------------------------------------
| rollout/                |             |
|    ep_len_mean          | 286         |
|    ep_rew_mean          | -3.02       |
| time/                   |             |
|    fps                  | 162         |
|    iterations           | 670         |
|    time_elapsed         | 21167       |
|    total_timesteps      | 16433600    |
| train/                  |             |
|    approx_kl            | 0.073885754 |
|    clip_fraction        | 0.337       |
|    clip_range           | 0.2         |
|    entropy_loss         | -1.95       |
|    explained_variance   | 0.276       |
|    learning_rate        | 0.0003      |
|    loss                 | 0.252       |
|    n_updates            | 32570       |
|    policy_gradient_loss | -0.00524    |
|    std                  | 0.399       |
|    value_loss           | 75.1        |
-----------------------------------------
----------------------------------------
| rollout/                |            |
|    ep_len_mean          | 287        |
|    ep_rew_mean          | -2.25      |
| time/                   |            |
|    fps                  | 162        |
|    iterations           | 671        |
|    time_elapsed         | 21199      |
|    total_timesteps      | 16438720   |
| train/                  |            |
|    approx_kl            | 0.11667836 |
|    clip_fraction        | 0.409      |
|    clip_range           | 0.2        |
|    entropy_loss         | -1.95      |
|    explained_variance   | 0.767      |
|    learning_rate        | 0.0003     |
|    loss                 | 0.0485     |
|    n_updates            | 32580      |
|    policy_gradient_loss | 0.00177    |
|    std                  | 0.398      |
|    value_loss           | 5.64       |
----------------------------------------
----------------------------------------
| rollout/                |            |
|    ep_len_mean          | 291        |
|    ep_rew_mean          | -2.46      |
| time/                   |            |
|    fps                  | 162        |
|    iterations           | 672        |
|    time_elapsed         | 21230      |
|    total_timesteps      | 16443840   |
| train/                  |            |
|    approx_kl            | 0.07718365 |
|    clip_fraction        | 0.401      |
|    clip_range           | 0.2        |
|    entropy_loss         | -1.94      |
|    explained_variance   | 0.832      |
|    learning_rate        | 0.0003     |
|    loss                 | 0.0738     |
|    n_updates            | 32590      |
|    policy_gradient_loss | -0.00918   |
|    std                  | 0.397      |
|    value_loss           | 4.86       |
----------------------------------------
----------------------------------------
| rollout/                |            |
|    ep_len_mean          | 295        |
|    ep_rew_mean          | -4.64      |
| time/                   |            |
|    fps                  | 162        |
|    iterations           | 673        |
|    time_elapsed         | 21261      |
|    total_timesteps      | 16448960   |
| train/                  |            |
|    approx_kl            | 0.10921241 |
|    clip_fraction        | 0.36       |
|    clip_range           | 0.2        |
|    entropy_loss         | -1.93      |
|    explained_variance   | 0.966      |
|    learning_rate        | 0.0003     |
|    loss                 | 0.314      |
|    n_updates            | 32600      |
|    policy_gradient_loss | -0.00772   |
|    std                  | 0.397      |
|    value_loss           | 1.11       |
----------------------------------------
Eval num_timesteps=16453200, episode_reward=-33.23 +/- 62.53
Episode length: 255.40 +/- 63.64
---------------------------------------
| eval/                   |           |
|    mean_ep_length       | 255       |
|    mean_reward          | -33.2     |
| time/                   |           |
|    total_timesteps      | 16453200  |
| train/                  |           |
|    approx_kl            | 0.0945928 |
|    clip_fraction        | 0.366     |
|    clip_range           | 0.2       |
|    entropy_loss         | -1.92     |
|    explained_variance   | 0.668     |
|    learning_rate        | 0.0003    |
|    loss                 | 17.8      |
|    n_updates            | 32610     |
|    policy_gradient_loss | -0.00767  |
|    std                  | 0.395     |
|    value_loss           | 20.8      |
---------------------------------------
[episode ends] timestep 16453210: flipped=52 (31%), missed_goal=107 (64%), out_of_bounds=2 (1%), scored=5 (3%)
---------------------------------
| episode_end/       |          |
|    flipped         | 52       |
|    missed_goal     | 107      |
|    out_of_bounds   | 2        |
|    scored          | 5        |
| rollout/           |          |
|    ep_len_mean     | 296      |
|    ep_rew_mean     | -6.96    |
| time/              |          |
|    fps             | 162      |
|    iterations      | 674      |
|    time_elapsed    | 21297    |
|    total_timesteps | 16454080 |
---------------------------------
----------------------------------------
| rollout/                |            |
|    ep_len_mean          | 301        |
|    ep_rew_mean          | -4.3       |
| time/                   |            |
|    fps                  | 162        |
|    iterations           | 675        |
|    time_elapsed         | 21326      |
|    total_timesteps      | 16459200   |
| train/                  |            |
|    approx_kl            | 0.06792087 |
|    clip_fraction        | 0.357      |
|    clip_range           | 0.2        |
|    entropy_loss         | -1.92      |
|    explained_variance   | 0.553      |
|    learning_rate        | 0.0003     |
|    loss                 | -0.0238    |
|    n_updates            | 32620      |
|    policy_gradient_loss | -0.0156    |
|    std                  | 0.396      |
|    value_loss           | 40.1       |
----------------------------------------
----------------------------------------
| rollout/                |            |
|    ep_len_mean          | 299        |
|    ep_rew_mean          | -4.47      |
| time/                   |            |
|    fps                  | 162        |
|    iterations           | 676        |
|    time_elapsed         | 21357      |
|    total_timesteps      | 16464320   |
| train/                  |            |
|    approx_kl            | 0.08593731 |
|    clip_fraction        | 0.322      |
|    clip_range           | 0.2        |
|    entropy_loss         | -1.92      |
|    explained_variance   | 0.331      |
|    learning_rate        | 0.0003     |
|    loss                 | -0.0175    |
|    n_updates            | 32630      |
|    policy_gradient_loss | -0.00891   |
|    std                  | 0.397      |
|    value_loss           | 49         |
----------------------------------------
----------------------------------------
| rollout/                |            |
|    ep_len_mean          | 297        |
|    ep_rew_mean          | -6.7       |
| time/                   |            |
|    fps                  | 162        |
|    iterations           | 677        |
|    time_elapsed         | 21389      |
|    total_timesteps      | 16469440   |
| train/                  |            |
|    approx_kl            | 0.06692779 |
|    clip_fraction        | 0.322      |
|    clip_range           | 0.2        |
|    entropy_loss         | -1.93      |
|    explained_variance   | 0.672      |
|    learning_rate        | 0.0003     |
|    loss                 | 0.00926    |
|    n_updates            | 32640      |
|    policy_gradient_loss | -0.00378   |
|    std                  | 0.397      |
|    value_loss           | 6.37       |
----------------------------------------
----------------------------------------
| rollout/                |            |
|    ep_len_mean          | 294        |
|    ep_rew_mean          | -6.41      |
| time/                   |            |
|    fps                  | 162        |
|    iterations           | 678        |
|    time_elapsed         | 21422      |
|    total_timesteps      | 16474560   |
| train/                  |            |
|    approx_kl            | 0.08984402 |
|    clip_fraction        | 0.391      |
|    clip_range           | 0.2        |
|    entropy_loss         | -1.93      |
|    explained_variance   | 0.201      |
|    learning_rate        | 0.0003     |
|    loss                 | 0.00855    |
|    n_updates            | 32650      |
|    policy_gradient_loss | -0.00405   |
|    std                  | 0.397      |
|    value_loss           | 70.5       |
----------------------------------------
----------------------------------------
| rollout/                |            |
|    ep_len_mean          | 293        |
|    ep_rew_mean          | -3.29      |
| time/                   |            |
|    fps                  | 162        |
|    iterations           | 679        |
|    time_elapsed         | 21453      |
|    total_timesteps      | 16479680   |
| train/                  |            |
|    approx_kl            | 0.07852765 |
|    clip_fraction        | 0.355      |
|    clip_range           | 0.2        |
|    entropy_loss         | -1.92      |
|    explained_variance   | 0.661      |
|    learning_rate        | 0.0003     |
|    loss                 | 10.8       |
|    n_updates            | 32660      |
|    policy_gradient_loss | -0.00305   |
|    std                  | 0.396      |
|    value_loss           | 4.53       |
----------------------------------------
----------------------------------------
| rollout/                |            |
|    ep_len_mean          | 300        |
|    ep_rew_mean          | -1.53      |
| time/                   |            |
|    fps                  | 162        |
|    iterations           | 680        |
|    time_elapsed         | 21482      |
|    total_timesteps      | 16484800   |
| train/                  |            |
|    approx_kl            | 0.09668511 |
|    clip_fraction        | 0.378      |
|    clip_range           | 0.2        |
|    entropy_loss         | -1.91      |
|    explained_variance   | 0.866      |
|    learning_rate        | 0.0003     |
|    loss                 | 0.913      |
|    n_updates            | 32670      |
|    policy_gradient_loss | -0.013     |
|    std                  | 0.395      |
|    value_loss           | 2.19       |
----------------------------------------
----------------------------------------
| rollout/                |            |
|    ep_len_mean          | 305        |
|    ep_rew_mean          | -9.95      |
| time/                   |            |
|    fps                  | 162        |
|    iterations           | 681        |
|    time_elapsed         | 21510      |
|    total_timesteps      | 16489920   |
| train/                  |            |
|    approx_kl            | 0.12823942 |
|    clip_fraction        | 0.365      |
|    clip_range           | 0.2        |
|    entropy_loss         | -1.91      |
|    explained_variance   | 0.879      |
|    learning_rate        | 0.0003     |
|    loss                 | 0.029      |
|    n_updates            | 32680      |
|    policy_gradient_loss | -0.00933   |
|    std                  | 0.395      |
|    value_loss           | 5.07       |
----------------------------------------
-----------------------------------------
| rollout/                |             |
|    ep_len_mean          | 306         |
|    ep_rew_mean          | -9.12       |
| time/                   |             |
|    fps                  | 162         |
|    iterations           | 682         |
|    time_elapsed         | 21541       |
|    total_timesteps      | 16495040    |
| train/                  |             |
|    approx_kl            | 0.091525264 |
|    clip_fraction        | 0.355       |
|    clip_range           | 0.2         |
|    entropy_loss         | -1.92       |
|    explained_variance   | 0.221       |
|    learning_rate        | 0.0003      |
|    loss                 | 0.0281      |
|    n_updates            | 32690       |
|    policy_gradient_loss | -0.0137     |
|    std                  | 0.397       |
|    value_loss           | 223         |
-----------------------------------------
----------------------------------------
| rollout/                |            |
|    ep_len_mean          | 306        |
|    ep_rew_mean          | -8.98      |
| time/                   |            |
|    fps                  | 162        |
|    iterations           | 683        |
|    time_elapsed         | 21575      |
|    total_timesteps      | 16500160   |
| train/                  |            |
|    approx_kl            | 0.07527171 |
|    clip_fraction        | 0.354      |
|    clip_range           | 0.2        |
|    entropy_loss         | -1.92      |
|    explained_variance   | 0.469      |
|    learning_rate        | 0.0003     |
|    loss                 | 8.89       |
|    n_updates            | 32700      |
|    policy_gradient_loss | -0.0023    |
|    std                  | 0.395      |
|    value_loss           | 11.2       |
----------------------------------------
Eval num_timesteps=16503200, episode_reward=6.34 +/- 25.27
Episode length: 280.30 +/- 41.98
-----------------------------------------
| eval/                   |             |
|    mean_ep_length       | 280         |
|    mean_reward          | 6.34        |
| time/                   |             |
|    total_timesteps      | 16503200    |
| train/                  |             |
|    approx_kl            | 0.117105484 |
|    clip_fraction        | 0.402       |
|    clip_range           | 0.2         |
|    entropy_loss         | -1.91       |
|    explained_variance   | 0.521       |
|    learning_rate        | 0.0003      |
|    loss                 | -0.00409    |
|    n_updates            | 32710       |
|    policy_gradient_loss | -0.00366    |
|    std                  | 0.393       |
|    value_loss           | 34.3        |
-----------------------------------------
[progress] timestep 16503210
[episode ends] timestep 16503210: flipped=39 (23%), missed_goal=121 (71%), out_of_bounds=3 (2%), scored=7 (4%)
---------------------------------
| episode_end/       |          |
|    flipped         | 39       |
|    missed_goal     | 121      |
|    out_of_bounds   | 3        |
|    scored          | 7        |
| rollout/           |          |
|    ep_len_mean     | 306      |
|    ep_rew_mean     | -9.95    |
| time/              |          |
|    fps             | 162      |
|    iterations      | 684      |
|    time_elapsed    | 21607    |
|    total_timesteps | 16505280 |
---------------------------------
-----------------------------------------
| rollout/                |             |
|    ep_len_mean          | 296         |
|    ep_rew_mean          | -11         |
| time/                   |             |
|    fps                  | 162         |
|    iterations           | 685         |
|    time_elapsed         | 21637       |
|    total_timesteps      | 16510400    |
| train/                  |             |
|    approx_kl            | 0.074171975 |
|    clip_fraction        | 0.296       |
|    clip_range           | 0.2         |
|    entropy_loss         | -1.89       |
|    explained_variance   | 0.248       |
|    learning_rate        | 0.0003      |
|    loss                 | 0.0769      |
|    n_updates            | 32720       |
|    policy_gradient_loss | -0.0107     |
|    std                  | 0.392       |
|    value_loss           | 60.6        |
-----------------------------------------
----------------------------------------
| rollout/                |            |
|    ep_len_mean          | 283        |
|    ep_rew_mean          | -5.22      |
| time/                   |            |
|    fps                  | 162        |
|    iterations           | 686        |
|    time_elapsed         | 21669      |
|    total_timesteps      | 16515520   |
| train/                  |            |
|    approx_kl            | 0.08872322 |
|    clip_fraction        | 0.321      |
|    clip_range           | 0.2        |
|    entropy_loss         | -1.88      |
|    explained_variance   | 0.0959     |
|    learning_rate        | 0.0003     |
|    loss                 | 0.0288     |
|    n_updates            | 32730      |
|    policy_gradient_loss | 0.0022     |
|    std                  | 0.391      |
|    value_loss           | 67.4       |
----------------------------------------
-----------------------------------------
| rollout/                |             |
|    ep_len_mean          | 274         |
|    ep_rew_mean          | 2.33        |
| time/                   |             |
|    fps                  | 162         |
|    iterations           | 687         |
|    time_elapsed         | 21701       |
|    total_timesteps      | 16520640    |
| train/                  |             |
|    approx_kl            | 0.037026647 |
|    clip_fraction        | 0.233       |
|    clip_range           | 0.2         |
|    entropy_loss         | -1.87       |
|    explained_variance   | 0.427       |
|    learning_rate        | 0.0003      |
|    loss                 | 2           |
|    n_updates            | 32740       |
|    policy_gradient_loss | -0.00607    |
|    std                  | 0.391       |
|    value_loss           | 19.5        |
-----------------------------------------
-----------------------------------------
| rollout/                |             |
|    ep_len_mean          | 273         |
|    ep_rew_mean          | -0.875      |
| time/                   |             |
|    fps                  | 162         |
|    iterations           | 688         |
|    time_elapsed         | 21732       |
|    total_timesteps      | 16525760    |
| train/                  |             |
|    approx_kl            | 0.057440102 |
|    clip_fraction        | 0.278       |
|    clip_range           | 0.2         |
|    entropy_loss         | -1.87       |
|    explained_variance   | 0.47        |
|    learning_rate        | 0.0003      |
|    loss                 | 130         |
|    n_updates            | 32750       |
|    policy_gradient_loss | -1.97e-05   |
|    std                  | 0.39        |
|    value_loss           | 27.6        |
-----------------------------------------
----------------------------------------
| rollout/                |            |
|    ep_len_mean          | 269        |
|    ep_rew_mean          | -3.41      |
| time/                   |            |
|    fps                  | 162        |
|    iterations           | 689        |
|    time_elapsed         | 21765      |
|    total_timesteps      | 16530880   |
| train/                  |            |
|    approx_kl            | 0.03240799 |
|    clip_fraction        | 0.188      |
|    clip_range           | 0.2        |
|    entropy_loss         | -1.86      |
|    explained_variance   | 0.364      |
|    learning_rate        | 0.0003     |
|    loss                 | 63.5       |
|    n_updates            | 32760      |
|    policy_gradient_loss | -0.00787   |
|    std                  | 0.389      |
|    value_loss           | 86.7       |
----------------------------------------
-----------------------------------------
| rollout/                |             |
|    ep_len_mean          | 263         |
|    ep_rew_mean          | -2.59       |
| time/                   |             |
|    fps                  | 162         |
|    iterations           | 690         |
|    time_elapsed         | 21800       |
|    total_timesteps      | 16536000    |
| train/                  |             |
|    approx_kl            | 0.019875862 |
|    clip_fraction        | 0.133       |
|    clip_range           | 0.2         |
|    entropy_loss         | -1.85       |
|    explained_variance   | 0.234       |
|    learning_rate        | 0.0003      |
|    loss                 | 1.81        |
|    n_updates            | 32770       |
|    policy_gradient_loss | -0.0098     |
|    std                  | 0.389       |
|    value_loss           | 234         |
-----------------------------------------
----------------------------------------
| rollout/                |            |
|    ep_len_mean          | 261        |
|    ep_rew_mean          | -6.95      |
| time/                   |            |
|    fps                  | 162        |
|    iterations           | 691        |
|    time_elapsed         | 21830      |
|    total_timesteps      | 16541120   |
| train/                  |            |
|    approx_kl            | 0.07687362 |
|    clip_fraction        | 0.286      |
|    clip_range           | 0.2        |
|    entropy_loss         | -1.85      |
|    explained_variance   | 0.453      |
|    learning_rate        | 0.0003     |
|    loss                 | 1.35       |
|    n_updates            | 32780      |
|    policy_gradient_loss | 0.0056     |
|    std                  | 0.389      |
|    value_loss           | 52.5       |
----------------------------------------
-----------------------------------------
| rollout/                |             |
|    ep_len_mean          | 263         |
|    ep_rew_mean          | -13         |
| time/                   |             |
|    fps                  | 162         |
|    iterations           | 692         |
|    time_elapsed         | 21863       |
|    total_timesteps      | 16546240    |
| train/                  |             |
|    approx_kl            | 0.050032217 |
|    clip_fraction        | 0.186       |
|    clip_range           | 0.2         |
|    entropy_loss         | -1.85       |
|    explained_variance   | 0.587       |
|    learning_rate        | 0.0003      |
|    loss                 | 0.753       |
|    n_updates            | 32790       |
|    policy_gradient_loss | -0.00724    |
|    std                  | 0.389       |
|    value_loss           | 52.4        |
-----------------------------------------
----------------------------------------
| rollout/                |            |
|    ep_len_mean          | 261        |
|    ep_rew_mean          | -14.3      |
| time/                   |            |
|    fps                  | 162        |
|    iterations           | 693        |
|    time_elapsed         | 21896      |
|    total_timesteps      | 16551360   |
| train/                  |            |
|    approx_kl            | 0.06609959 |
|    clip_fraction        | 0.324      |
|    clip_range           | 0.2        |
|    entropy_loss         | -1.86      |
|    explained_variance   | 0.235      |
|    learning_rate        | 0.0003     |
|    loss                 | 0.146      |
|    n_updates            | 32800      |
|    policy_gradient_loss | 0.0062     |
|    std                  | 0.39       |
|    value_loss           | 51.3       |
----------------------------------------
Eval num_timesteps=16553200, episode_reward=-10.61 +/- 45.39
Episode length: 269.00 +/- 34.72
----------------------------------------
| eval/                   |            |
|    mean_ep_length       | 269        |
|    mean_reward          | -10.6      |
| time/                   |            |
|    total_timesteps      | 16553200   |
| train/                  |            |
|    approx_kl            | 0.09556017 |
|    clip_fraction        | 0.342      |
|    clip_range           | 0.2        |
|    entropy_loss         | -1.86      |
|    explained_variance   | 0.376      |
|    learning_rate        | 0.0003     |
|    loss                 | 0.464      |
|    n_updates            | 32810      |
|    policy_gradient_loss | 0.0033     |
|    std                  | 0.389      |
|    value_loss           | 72.8       |
----------------------------------------
[episode ends] timestep 16553210: flipped=82 (44%), missed_goal=62 (33%), out_of_bounds=1 (1%), scored=42 (22%)
---------------------------------
| episode_end/       |          |
|    flipped         | 82       |
|    missed_goal     | 62       |
|    out_of_bounds   | 1        |
|    scored          | 42       |
| rollout/           |          |
|    ep_len_mean     | 265      |
|    ep_rew_mean     | -6.78    |
| time/              |          |
|    fps             | 162      |
|    iterations      | 694      |
|    time_elapsed    | 21931    |
|    total_timesteps | 16556480 |
---------------------------------
----------------------------------------
| rollout/                |            |
|    ep_len_mean          | 270        |
|    ep_rew_mean          | -4.93      |
| time/                   |            |
|    fps                  | 162        |
|    iterations           | 695        |
|    time_elapsed         | 21964      |
|    total_timesteps      | 16561600   |
| train/                  |            |
|    approx_kl            | 0.22249877 |
|    clip_fraction        | 0.426      |
|    clip_range           | 0.2        |
|    entropy_loss         | -1.86      |
|    explained_variance   | 0.26       |
|    learning_rate        | 0.0003     |
|    loss                 | 6.78       |
|    n_updates            | 32820      |
|    policy_gradient_loss | 0.00859    |
|    std                  | 0.39       |
|    value_loss           | 38.3       |
----------------------------------------
-----------------------------------------
| rollout/                |             |
|    ep_len_mean          | 271         |
|    ep_rew_mean          | -1.06       |
| time/                   |             |
|    fps                  | 162         |
|    iterations           | 696         |
|    time_elapsed         | 21996       |
|    total_timesteps      | 16566720    |
| train/                  |             |
|    approx_kl            | 0.062548585 |
|    clip_fraction        | 0.294       |
|    clip_range           | 0.2         |
|    entropy_loss         | -1.87       |
|    explained_variance   | 0.485       |
|    learning_rate        | 0.0003      |
|    loss                 | 0.102       |
|    n_updates            | 32830       |
|    policy_gradient_loss | 0.00087     |
|    std                  | 0.389       |
|    value_loss           | 17.6        |
-----------------------------------------
-----------------------------------------
| rollout/                |             |
|    ep_len_mean          | 270         |
|    ep_rew_mean          | 0.578       |
| time/                   |             |
|    fps                  | 161         |
|    iterations           | 697         |
|    time_elapsed         | 22029       |
|    total_timesteps      | 16571840    |
| train/                  |             |
|    approx_kl            | 0.060169257 |
|    clip_fraction        | 0.272       |
|    clip_range           | 0.2         |
|    entropy_loss         | -1.86       |
|    explained_variance   | 0.531       |
|    learning_rate        | 0.0003      |
|    loss                 | 0.305       |
|    n_updates            | 32840       |
|    policy_gradient_loss | -0.00311    |
|    std                  | 0.389       |
|    value_loss           | 37.5        |
-----------------------------------------
-----------------------------------------
| rollout/                |             |
|    ep_len_mean          | 271         |
|    ep_rew_mean          | 0.237       |
| time/                   |             |
|    fps                  | 162         |
|    iterations           | 698         |
|    time_elapsed         | 22059       |
|    total_timesteps      | 16576960    |
| train/                  |             |
|    approx_kl            | 0.043624803 |
|    clip_fraction        | 0.261       |
|    clip_range           | 0.2         |
|    entropy_loss         | -1.86       |
|    explained_variance   | 0.494       |
|    learning_rate        | 0.0003      |
|    loss                 | 1.28        |
|    n_updates            | 32850       |
|    policy_gradient_loss | -0.00487    |
|    std                  | 0.389       |
|    value_loss           | 63.4        |
-----------------------------------------
-----------------------------------------
| rollout/                |             |
|    ep_len_mean          | 268         |
|    ep_rew_mean          | 4.01        |
| time/                   |             |
|    fps                  | 162         |
|    iterations           | 699         |
|    time_elapsed         | 22090       |
|    total_timesteps      | 16582080    |
| train/                  |             |
|    approx_kl            | 0.062677965 |
|    clip_fraction        | 0.26        |
|    clip_range           | 0.2         |
|    entropy_loss         | -1.86       |
|    explained_variance   | 0.483       |
|    learning_rate        | 0.0003      |
|    loss                 | 2           |
|    n_updates            | 32860       |
|    policy_gradient_loss | -0.000112   |
|    std                  | 0.389       |
|    value_loss           | 77.4        |
-----------------------------------------
----------------------------------------
| rollout/                |            |
|    ep_len_mean          | 271        |
|    ep_rew_mean          | -4.29      |
| time/                   |            |
|    fps                  | 161        |
|    iterations           | 700        |
|    time_elapsed         | 22123      |
|    total_timesteps      | 16587200   |
| train/                  |            |
|    approx_kl            | 0.13909161 |
|    clip_fraction        | 0.446      |
|    clip_range           | 0.2        |
|    entropy_loss         | -1.86      |
|    explained_variance   | 0.3        |
|    learning_rate        | 0.0003     |
|    loss                 | 0.0778     |
|    n_updates            | 32870      |
|    policy_gradient_loss | 0.00913    |
|    std                  | 0.388      |
|    value_loss           | 47.3       |
----------------------------------------
----------------------------------------
| rollout/                |            |
|    ep_len_mean          | 278        |
|    ep_rew_mean          | -12.6      |
| time/                   |            |
|    fps                  | 162        |
|    iterations           | 701        |
|    time_elapsed         | 22153      |
|    total_timesteps      | 16592320   |
| train/                  |            |
|    approx_kl            | 0.15509276 |
|    clip_fraction        | 0.424      |
|    clip_range           | 0.2        |
|    entropy_loss         | -1.86      |
|    explained_variance   | 0.696      |
|    learning_rate        | 0.0003     |
|    loss                 | 0.222      |
|    n_updates            | 32880      |
|    policy_gradient_loss | 0.00662    |
|    std                  | 0.388      |
|    value_loss           | 14.3       |
----------------------------------------
----------------------------------------
| rollout/                |            |
|    ep_len_mean          | 285        |
|    ep_rew_mean          | -14.7      |
| time/                   |            |
|    fps                  | 162        |
|    iterations           | 702        |
|    time_elapsed         | 22181      |
|    total_timesteps      | 16597440   |
| train/                  |            |
|    approx_kl            | 0.18416384 |
|    clip_fraction        | 0.443      |
|    clip_range           | 0.2        |
|    entropy_loss         | -1.86      |
|    explained_variance   | 0.376      |
|    learning_rate        | 0.0003     |
|    loss                 | 1.15       |
|    n_updates            | 32890      |
|    policy_gradient_loss | 0.0175     |
|    std                  | 0.39       |
|    value_loss           | 134        |
----------------------------------------
----------------------------------------
| rollout/                |            |
|    ep_len_mean          | 290        |
|    ep_rew_mean          | -14.8      |
| time/                   |            |
|    fps                  | 162        |
|    iterations           | 703        |
|    time_elapsed         | 22208      |
|    total_timesteps      | 16602560   |
| train/                  |            |
|    approx_kl            | 0.20053045 |
|    clip_fraction        | 0.438      |
|    clip_range           | 0.2        |
|    entropy_loss         | -1.89      |
|    explained_variance   | 0.303      |
|    learning_rate        | 0.0003     |
|    loss                 | 1.31       |
|    n_updates            | 32900      |
|    policy_gradient_loss | 0.0197     |
|    std                  | 0.392      |
|    value_loss           | 98.3       |
----------------------------------------
Eval num_timesteps=16603200, episode_reward=-11.64 +/- 44.27
Episode length: 284.70 +/- 48.80
----------------------------------------
| eval/                   |            |
|    mean_ep_length       | 285        |
|    mean_reward          | -11.6      |
| time/                   |            |
|    total_timesteps      | 16603200   |
| train/                  |            |
|    approx_kl            | 0.07584292 |
|    clip_fraction        | 0.356      |
|    clip_range           | 0.2        |
|    entropy_loss         | -1.9       |
|    explained_variance   | 0.737      |
|    learning_rate        | 0.0003     |
|    loss                 | 0.0194     |
|    n_updates            | 32910      |
|    policy_gradient_loss | -0.00117   |
|    std                  | 0.393      |
|    value_loss           | 9.51       |
----------------------------------------
[progress] timestep 16603210
[episode ends] timestep 16603210: flipped=66 (38%), missed_goal=83 (47%), scored=26 (15%)
---------------------------------
| episode_end/       |          |
|    flipped         | 66       |
|    missed_goal     | 83       |
|    scored          | 26       |
| rollout/           |          |
|    ep_len_mean     | 300      |
|    ep_rew_mean     | -13.1    |
| time/              |          |
|    fps             | 162      |
|    iterations      | 704      |
|    time_elapsed    | 22242    |
|    total_timesteps | 16607680 |
---------------------------------
----------------------------------------
| rollout/                |            |
|    ep_len_mean          | 307        |
|    ep_rew_mean          | -12.9      |
| time/                   |            |
|    fps                  | 162        |
|    iterations           | 705        |
|    time_elapsed         | 22272      |
|    total_timesteps      | 16612800   |
| train/                  |            |
|    approx_kl            | 0.14283104 |
|    clip_fraction        | 0.435      |
|    clip_range           | 0.2        |
|    entropy_loss         | -1.9       |
|    explained_variance   | 0.788      |
|    learning_rate        | 0.0003     |
|    loss                 | 0.486      |
|    n_updates            | 32920      |
|    policy_gradient_loss | 0.000697   |
|    std                  | 0.393      |
|    value_loss           | 2.28       |
----------------------------------------
---------------------------------------
| rollout/                |           |
|    ep_len_mean          | 311       |
|    ep_rew_mean          | -7.12     |
| time/                   |           |
|    fps                  | 162       |
|    iterations           | 706       |
|    time_elapsed         | 22300     |
|    total_timesteps      | 16617920  |
| train/                  |           |
|    approx_kl            | 0.2949025 |
|    clip_fraction        | 0.448     |
|    clip_range           | 0.2       |
|    entropy_loss         | -1.9      |
|    explained_variance   | 0.46      |
|    learning_rate        | 0.0003    |
|    loss                 | 0.185     |
|    n_updates            | 32930     |
|    policy_gradient_loss | 0.00862   |
|    std                  | 0.393     |
|    value_loss           | 24.8      |
---------------------------------------
----------------------------------------
| rollout/                |            |
|    ep_len_mean          | 312        |
|    ep_rew_mean          | -2.82      |
| time/                   |            |
|    fps                  | 162        |
|    iterations           | 707        |
|    time_elapsed         | 22331      |
|    total_timesteps      | 16623040   |
| train/                  |            |
|    approx_kl            | 0.10620942 |
|    clip_fraction        | 0.367      |
|    clip_range           | 0.2        |
|    entropy_loss         | -1.91      |
|    explained_variance   | 0.966      |
|    learning_rate        | 0.0003     |
|    loss                 | 0.253      |
|    n_updates            | 32940      |
|    policy_gradient_loss | -0.00763   |
|    std                  | 0.393      |
|    value_loss           | 0.675      |
----------------------------------------
----------------------------------------
| rollout/                |            |
|    ep_len_mean          | 313        |
|    ep_rew_mean          | -6.97      |
| time/                   |            |
|    fps                  | 162        |
|    iterations           | 708        |
|    time_elapsed         | 22360      |
|    total_timesteps      | 16628160   |
| train/                  |            |
|    approx_kl            | 0.09823781 |
|    clip_fraction        | 0.381      |
|    clip_range           | 0.2        |
|    entropy_loss         | -1.9       |
|    explained_variance   | 0.884      |
|    learning_rate        | 0.0003     |
|    loss                 | 0.0606     |
|    n_updates            | 32950      |
|    policy_gradient_loss | -0.00845   |
|    std                  | 0.392      |
|    value_loss           | 2.78       |
----------------------------------------
----------------------------------------
| rollout/                |            |
|    ep_len_mean          | 314        |
|    ep_rew_mean          | -8.72      |
| time/                   |            |
|    fps                  | 162        |
|    iterations           | 709        |
|    time_elapsed         | 22387      |
|    total_timesteps      | 16633280   |
| train/                  |            |
|    approx_kl            | 0.06670259 |
|    clip_fraction        | 0.302      |
|    clip_range           | 0.2        |
|    entropy_loss         | -1.89      |
|    explained_variance   | 0.234      |
|    learning_rate        | 0.0003     |
|    loss                 | 10.2       |
|    n_updates            | 32960      |
|    policy_gradient_loss | -0.00657   |
|    std                  | 0.392      |
|    value_loss           | 162        |
----------------------------------------
----------------------------------------
| rollout/                |            |
|    ep_len_mean          | 313        |
|    ep_rew_mean          | -8.76      |
| time/                   |            |
|    fps                  | 162        |
|    iterations           | 710        |
|    time_elapsed         | 22418      |
|    total_timesteps      | 16638400   |
| train/                  |            |
|    approx_kl            | 0.11480887 |
|    clip_fraction        | 0.384      |
|    clip_range           | 0.2        |
|    entropy_loss         | -1.89      |
|    explained_variance   | 0.805      |
|    learning_rate        | 0.0003     |
|    loss                 | -0.0475    |
|    n_updates            | 32970      |
|    policy_gradient_loss | -0.00785   |
|    std                  | 0.391      |
|    value_loss           | 3.01       |
----------------------------------------
----------------------------------------
| rollout/                |            |
|    ep_len_mean          | 316        |
|    ep_rew_mean          | -7.66      |
| time/                   |            |
|    fps                  | 162        |
|    iterations           | 711        |
|    time_elapsed         | 22449      |
|    total_timesteps      | 16643520   |
| train/                  |            |
|    approx_kl            | 0.07410636 |
|    clip_fraction        | 0.362      |
|    clip_range           | 0.2        |
|    entropy_loss         | -1.89      |
|    explained_variance   | 0.653      |
|    learning_rate        | 0.0003     |
|    loss                 | 0.093      |
|    n_updates            | 32980      |
|    policy_gradient_loss | -0.00603   |
|    std                  | 0.392      |
|    value_loss           | 4.38       |
----------------------------------------
----------------------------------------
| rollout/                |            |
|    ep_len_mean          | 311        |
|    ep_rew_mean          | -6.9       |
| time/                   |            |
|    fps                  | 162        |
|    iterations           | 712        |
|    time_elapsed         | 22478      |
|    total_timesteps      | 16648640   |
| train/                  |            |
|    approx_kl            | 0.10612948 |
|    clip_fraction        | 0.398      |
|    clip_range           | 0.2        |
|    entropy_loss         | -1.88      |
|    explained_variance   | 0.928      |
|    learning_rate        | 0.0003     |
|    loss                 | 0.129      |
|    n_updates            | 32990      |
|    policy_gradient_loss | -0.0041    |
|    std                  | 0.39       |
|    value_loss           | 0.683      |
----------------------------------------
Eval num_timesteps=16653200, episode_reward=2.75 +/- 10.13
Episode length: 310.00 +/- 26.07
----------------------------------------
| eval/                   |            |
|    mean_ep_length       | 310        |
|    mean_reward          | 2.75       |
| time/                   |            |
|    total_timesteps      | 16653200   |
| train/                  |            |
|    approx_kl            | 0.08597015 |
|    clip_fraction        | 0.331      |
|    clip_range           | 0.2        |
|    entropy_loss         | -1.87      |
|    explained_variance   | 0.541      |
|    learning_rate        | 0.0003     |
|    loss                 | 0.122      |
|    n_updates            | 33000      |
|    policy_gradient_loss | -0.00569   |
|    std                  | 0.39       |
|    value_loss           | 15.8       |
----------------------------------------
[episode ends] timestep 16653210: flipped=33 (20%), missed_goal=124 (76%), out_of_bounds=1 (1%), scored=5 (3%)
---------------------------------
| episode_end/       |          |
|    flipped         | 33       |
|    missed_goal     | 124      |
|    out_of_bounds   | 1        |
|    scored          | 5        |
| rollout/           |          |
|    ep_len_mean     | 309      |
|    ep_rew_mean     | -7.27    |
| time/              |          |
|    fps             | 162      |
|    iterations      | 713      |
|    time_elapsed    | 22511    |
|    total_timesteps | 16653760 |
---------------------------------
-----------------------------------------
| rollout/                |             |
|    ep_len_mean          | 311         |
|    ep_rew_mean          | -1.54       |
| time/                   |             |
|    fps                  | 162         |
|    iterations           | 714         |
|    time_elapsed         | 22541       |
|    total_timesteps      | 16658880    |
| train/                  |             |
|    approx_kl            | 0.064779185 |
|    clip_fraction        | 0.35        |
|    clip_range           | 0.2         |
|    entropy_loss         | -1.87       |
|    explained_variance   | 0.45        |
|    learning_rate        | 0.0003      |
|    loss                 | -0.03       |
|    n_updates            | 33010       |
|    policy_gradient_loss | -0.007      |
|    std                  | 0.39        |
|    value_loss           | 26.9        |
-----------------------------------------
----------------------------------------
| rollout/                |            |
|    ep_len_mean          | 312        |
|    ep_rew_mean          | -2.85      |
| time/                   |            |
|    fps                  | 162        |
|    iterations           | 715        |
|    time_elapsed         | 22569      |
|    total_timesteps      | 16664000   |
| train/                  |            |
|    approx_kl            | 0.09254341 |
|    clip_fraction        | 0.354      |
|    clip_range           | 0.2        |
|    entropy_loss         | -1.86      |
|    explained_variance   | 0.313      |
|    learning_rate        | 0.0003     |
|    loss                 | 0.31       |
|    n_updates            | 33020      |
|    policy_gradient_loss | -0.0014    |
|    std                  | 0.389      |
|    value_loss           | 71.5       |
----------------------------------------
----------------------------------------
| rollout/                |            |
|    ep_len_mean          | 310        |
|    ep_rew_mean          | -7.71      |
| time/                   |            |
|    fps                  | 162        |
|    iterations           | 716        |
|    time_elapsed         | 22597      |
|    total_timesteps      | 16669120   |
| train/                  |            |
|    approx_kl            | 0.08003575 |
|    clip_fraction        | 0.331      |
|    clip_range           | 0.2        |
|    entropy_loss         | -1.85      |
|    explained_variance   | 0.777      |
|    learning_rate        | 0.0003     |
|    loss                 | 0.244      |
|    n_updates            | 33030      |
|    policy_gradient_loss | -0.00704   |
|    std                  | 0.387      |
|    value_loss           | 3.05       |
----------------------------------------
----------------------------------------
| rollout/                |            |
|    ep_len_mean          | 308        |
|    ep_rew_mean          | -5.98      |
| time/                   |            |
|    fps                  | 162        |
|    iterations           | 717        |
|    time_elapsed         | 22626      |
|    total_timesteps      | 16674240   |
| train/                  |            |
|    approx_kl            | 0.11613323 |
|    clip_fraction        | 0.342      |
|    clip_range           | 0.2        |
|    entropy_loss         | -1.84      |
|    explained_variance   | 0.183      |
|    learning_rate        | 0.0003     |
|    loss                 | -0.0146    |
|    n_updates            | 33040      |
|    policy_gradient_loss | -0.00626   |
|    std                  | 0.386      |
|    value_loss           | 119        |
----------------------------------------
-----------------------------------------
| rollout/                |             |
|    ep_len_mean          | 311         |
|    ep_rew_mean          | -5.05       |
| time/                   |             |
|    fps                  | 162         |
|    iterations           | 718         |
|    time_elapsed         | 22655       |
|    total_timesteps      | 16679360    |
| train/                  |             |
|    approx_kl            | 0.071693584 |
|    clip_fraction        | 0.35        |
|    clip_range           | 0.2         |
|    entropy_loss         | -1.84       |
|    explained_variance   | 0.721       |
|    learning_rate        | 0.0003      |
|    loss                 | 1.86        |
|    n_updates            | 33050       |
|    policy_gradient_loss | -0.014      |
|    std                  | 0.386       |
|    value_loss           | 5           |
-----------------------------------------
----------------------------------------
| rollout/                |            |
|    ep_len_mean          | 313        |
|    ep_rew_mean          | -4.75      |
| time/                   |            |
|    fps                  | 162        |
|    iterations           | 719        |
|    time_elapsed         | 22685      |
|    total_timesteps      | 16684480   |
| train/                  |            |
|    approx_kl            | 0.10807784 |
|    clip_fraction        | 0.377      |
|    clip_range           | 0.2        |
|    entropy_loss         | -1.82      |
|    explained_variance   | 0.736      |
|    learning_rate        | 0.0003     |
|    loss                 | 0.00756    |
|    n_updates            | 33060      |
|    policy_gradient_loss | -0.0107    |
|    std                  | 0.385      |
|    value_loss           | 2.07       |
----------------------------------------
----------------------------------------
| rollout/                |            |
|    ep_len_mean          | 313        |
|    ep_rew_mean          | -1.73      |
| time/                   |            |
|    fps                  | 162        |
|    iterations           | 720        |
|    time_elapsed         | 22712      |
|    total_timesteps      | 16689600   |
| train/                  |            |
|    approx_kl            | 0.10227491 |
|    clip_fraction        | 0.408      |
|    clip_range           | 0.2        |
|    entropy_loss         | -1.81      |
|    explained_variance   | 0.847      |
|    learning_rate        | 0.0003     |
|    loss                 | 0.249      |
|    n_updates            | 33070      |
|    policy_gradient_loss | -0.00494   |
|    std                  | 0.384      |
|    value_loss           | 1.27       |
----------------------------------------
----------------------------------------
| rollout/                |            |
|    ep_len_mean          | 309        |
|    ep_rew_mean          | 0.735      |
| time/                   |            |
|    fps                  | 162        |
|    iterations           | 721        |
|    time_elapsed         | 22740      |
|    total_timesteps      | 16694720   |
| train/                  |            |
|    approx_kl            | 0.12892526 |
|    clip_fraction        | 0.403      |
|    clip_range           | 0.2        |
|    entropy_loss         | -1.79      |
|    explained_variance   | 0.984      |
|    learning_rate        | 0.0003     |
|    loss                 | 0.0237     |
|    n_updates            | 33080      |
|    policy_gradient_loss | -0.0179    |
|    std                  | 0.38       |
|    value_loss           | 0.161      |
----------------------------------------
----------------------------------------
| rollout/                |            |
|    ep_len_mean          | 316        |
|    ep_rew_mean          | 3.24       |
| time/                   |            |
|    fps                  | 162        |
|    iterations           | 722        |
|    time_elapsed         | 22770      |
|    total_timesteps      | 16699840   |
| train/                  |            |
|    approx_kl            | 0.11264174 |
|    clip_fraction        | 0.394      |
|    clip_range           | 0.2        |
|    entropy_loss         | -1.76      |
|    explained_variance   | 0.957      |
|    learning_rate        | 0.0003     |
|    loss                 | -0.0118    |
|    n_updates            | 33090      |
|    policy_gradient_loss | -0.0109    |
|    std                  | 0.378      |
|    value_loss           | 1.04       |
----------------------------------------
Eval num_timesteps=16703200, episode_reward=16.27 +/- 29.74
Episode length: 290.60 +/- 38.18
----------------------------------------
| eval/                   |            |
|    mean_ep_length       | 291        |
|    mean_reward          | 16.3       |
| time/                   |            |
|    total_timesteps      | 16703200   |
| train/                  |            |
|    approx_kl            | 0.08170186 |
|    clip_fraction        | 0.357      |
|    clip_range           | 0.2        |
|    entropy_loss         | -1.75      |
|    explained_variance   | 0.406      |
|    learning_rate        | 0.0003     |
|    loss                 | 0.0596     |
|    n_updates            | 33100      |
|    policy_gradient_loss | -0.018     |
|    std                  | 0.377      |
|    value_loss           | 54.9       |
----------------------------------------
[progress] timestep 16703210
[episode ends] timestep 16703210: flipped=25 (16%), missed_goal=131 (81%), scored=5 (3%)
---------------------------------
| episode_end/       |          |
|    flipped         | 25       |
|    missed_goal     | 131      |
|    scored          | 5        |
| rollout/           |          |
|    ep_len_mean     | 310      |
|    ep_rew_mean     | 2.51     |
| time/              |          |
|    fps             | 162      |
|    iterations      | 723      |
|    time_elapsed    | 22805    |
|    total_timesteps | 16704960 |
---------------------------------
---------------------------------------
| rollout/                |           |
|    ep_len_mean          | 308       |
|    ep_rew_mean          | 1.89      |
| time/                   |           |
|    fps                  | 162       |
|    iterations           | 724       |
|    time_elapsed         | 22835     |
|    total_timesteps      | 16710080  |
| train/                  |           |
|    approx_kl            | 0.1021633 |
|    clip_fraction        | 0.371     |
|    clip_range           | 0.2       |
|    entropy_loss         | -1.73     |
|    explained_variance   | 0.462     |
|    learning_rate        | 0.0003    |
|    loss                 | -0.0288   |
|    n_updates            | 33110     |
|    policy_gradient_loss | -0.00702  |
|    std                  | 0.375     |
|    value_loss           | 2.92      |
---------------------------------------
----------------------------------------
| rollout/                |            |
|    ep_len_mean          | 301        |
|    ep_rew_mean          | -1.03      |
| time/                   |            |
|    fps                  | 162        |
|    iterations           | 725        |
|    time_elapsed         | 22864      |
|    total_timesteps      | 16715200   |
| train/                  |            |
|    approx_kl            | 0.09327193 |
|    clip_fraction        | 0.346      |
|    clip_range           | 0.2        |
|    entropy_loss         | -1.71      |
|    explained_variance   | 0.898      |
|    learning_rate        | 0.0003     |
|    loss                 | 1.25       |
|    n_updates            | 33120      |
|    policy_gradient_loss | -0.00545   |
|    std                  | 0.375      |
|    value_loss           | 1.65       |
----------------------------------------
----------------------------------------
| rollout/                |            |
|    ep_len_mean          | 297        |
|    ep_rew_mean          | -1.54      |
| time/                   |            |
|    fps                  | 162        |
|    iterations           | 726        |
|    time_elapsed         | 22894      |
|    total_timesteps      | 16720320   |
| train/                  |            |
|    approx_kl            | 0.06826887 |
|    clip_fraction        | 0.323      |
|    clip_range           | 0.2        |
|    entropy_loss         | -1.72      |
|    explained_variance   | 0.35       |
|    learning_rate        | 0.0003     |
|    loss                 | 506        |
|    n_updates            | 33130      |
|    policy_gradient_loss | -0.00365   |
|    std                  | 0.376      |
|    value_loss           | 73.5       |
----------------------------------------
----------------------------------------
| rollout/                |            |
|    ep_len_mean          | 292        |
|    ep_rew_mean          | -2.09      |
| time/                   |            |
|    fps                  | 162        |
|    iterations           | 727        |
|    time_elapsed         | 22926      |
|    total_timesteps      | 16725440   |
| train/                  |            |
|    approx_kl            | 0.06461373 |
|    clip_fraction        | 0.309      |
|    clip_range           | 0.2        |
|    entropy_loss         | -1.71      |
|    explained_variance   | 0.406      |
|    learning_rate        | 0.0003     |
|    loss                 | 0.906      |
|    n_updates            | 33140      |
|    policy_gradient_loss | -0.00693   |
|    std                  | 0.374      |
|    value_loss           | 31.9       |
----------------------------------------
----------------------------------------
| rollout/                |            |
|    ep_len_mean          | 289        |
|    ep_rew_mean          | -2.57      |
| time/                   |            |
|    fps                  | 162        |
|    iterations           | 728        |
|    time_elapsed         | 22958      |
|    total_timesteps      | 16730560   |
| train/                  |            |
|    approx_kl            | 0.07954093 |
|    clip_fraction        | 0.298      |
|    clip_range           | 0.2        |
|    entropy_loss         | -1.7       |
|    explained_variance   | 0.337      |
|    learning_rate        | 0.0003     |
|    loss                 | 0.0889     |
|    n_updates            | 33150      |
|    policy_gradient_loss | -0.00108   |
|    std                  | 0.374      |
|    value_loss           | 90.1       |
----------------------------------------
-----------------------------------------
| rollout/                |             |
|    ep_len_mean          | 283         |
|    ep_rew_mean          | -7.45       |
| time/                   |             |
|    fps                  | 162         |
|    iterations           | 729         |
|    time_elapsed         | 22984       |
|    total_timesteps      | 16735680    |
| train/                  |             |
|    approx_kl            | 0.050707288 |
|    clip_fraction        | 0.289       |
|    clip_range           | 0.2         |
|    entropy_loss         | -1.7        |
|    explained_variance   | 0.476       |
|    learning_rate        | 0.0003      |
|    loss                 | 0.0756      |
|    n_updates            | 33160       |
|    policy_gradient_loss | -0.00077    |
|    std                  | 0.374       |
|    value_loss           | 35.7        |
-----------------------------------------
----------------------------------------
| rollout/                |            |
|    ep_len_mean          | 284        |
|    ep_rew_mean          | -4.09      |
| time/                   |            |
|    fps                  | 162        |
|    iterations           | 730        |
|    time_elapsed         | 23018      |
|    total_timesteps      | 16740800   |
| train/                  |            |
|    approx_kl            | 0.03447225 |
|    clip_fraction        | 0.249      |
|    clip_range           | 0.2        |
|    entropy_loss         | -1.7       |
|    explained_variance   | 0.406      |
|    learning_rate        | 0.0003     |
|    loss                 | 1.37       |
|    n_updates            | 33170      |
|    policy_gradient_loss | -0.00402   |
|    std                  | 0.374      |
|    value_loss           | 88.6       |
----------------------------------------
----------------------------------------
| rollout/                |            |
|    ep_len_mean          | 287        |
|    ep_rew_mean          | -1.45      |
| time/                   |            |
|    fps                  | 162        |
|    iterations           | 731        |
|    time_elapsed         | 23049      |
|    total_timesteps      | 16745920   |
| train/                  |            |
|    approx_kl            | 0.03796511 |
|    clip_fraction        | 0.213      |
|    clip_range           | 0.2        |
|    entropy_loss         | -1.7       |
|    explained_variance   | 0.819      |
|    learning_rate        | 0.0003     |
|    loss                 | 0.164      |
|    n_updates            | 33180      |
|    policy_gradient_loss | -0.00317   |
|    std                  | 0.373      |
|    value_loss           | 14.7       |
----------------------------------------
----------------------------------------
| rollout/                |            |
|    ep_len_mean          | 288        |
|    ep_rew_mean          | -1.61      |
| time/                   |            |
|    fps                  | 162        |
|    iterations           | 732        |
|    time_elapsed         | 23080      |
|    total_timesteps      | 16751040   |
| train/                  |            |
|    approx_kl            | 0.13400777 |
|    clip_fraction        | 0.352      |
|    clip_range           | 0.2        |
|    entropy_loss         | -1.69      |
|    explained_variance   | 0.934      |
|    learning_rate        | 0.0003     |
|    loss                 | 1.77       |
|    n_updates            | 33190      |
|    policy_gradient_loss | -0.00426   |
|    std                  | 0.372      |
|    value_loss           | 1.66       |
----------------------------------------
Eval num_timesteps=16753200, episode_reward=-4.35 +/- 31.05
Episode length: 249.10 +/- 70.56
----------------------------------------
| eval/                   |            |
|    mean_ep_length       | 249        |
|    mean_reward          | -4.35      |
| time/                   |            |
|    total_timesteps      | 16753200   |
| train/                  |            |
|    approx_kl            | 0.15247324 |
|    clip_fraction        | 0.381      |
|    clip_range           | 0.2        |
|    entropy_loss         | -1.69      |
|    explained_variance   | 0.305      |
|    learning_rate        | 0.0003     |
|    loss                 | 1.05       |
|    n_updates            | 33200      |
|    policy_gradient_loss | 0.00152    |
|    std                  | 0.373      |
|    value_loss           | 63.6       |
----------------------------------------
[episode ends] timestep 16753210: flipped=60 (35%), missed_goal=88 (51%), scored=23 (13%)
---------------------------------
| episode_end/       |          |
|    flipped         | 60       |
|    missed_goal     | 88       |
|    scored          | 23       |
| rollout/           |          |
|    ep_len_mean     | 291      |
|    ep_rew_mean     | 0.313    |
| time/              |          |
|    fps             | 162      |
|    iterations      | 733      |
|    time_elapsed    | 23110    |
|    total_timesteps | 16756160 |
---------------------------------
-----------------------------------------
| rollout/                |             |
|    ep_len_mean          | 289         |
|    ep_rew_mean          | -2.02       |
| time/                   |             |
|    fps                  | 162         |
|    iterations           | 734         |
|    time_elapsed         | 23139       |
|    total_timesteps      | 16761280    |
| train/                  |             |
|    approx_kl            | 0.092621975 |
|    clip_fraction        | 0.315       |
|    clip_range           | 0.2         |
|    entropy_loss         | -1.7        |
|    explained_variance   | 0.732       |
|    learning_rate        | 0.0003      |
|    loss                 | 0.0209      |
|    n_updates            | 33210       |
|    policy_gradient_loss | -0.0124     |
|    std                  | 0.372       |
|    value_loss           | 21.2        |
-----------------------------------------
-----------------------------------------
| rollout/                |             |
|    ep_len_mean          | 299         |
|    ep_rew_mean          | -5.33       |
| time/                   |             |
|    fps                  | 162         |
|    iterations           | 735         |
|    time_elapsed         | 23170       |
|    total_timesteps      | 16766400    |
| train/                  |             |
|    approx_kl            | 0.053468935 |
|    clip_fraction        | 0.323       |
|    clip_range           | 0.2         |
|    entropy_loss         | -1.69       |
|    explained_variance   | 0.178       |
|    learning_rate        | 0.0003      |
|    loss                 | -0.0203     |
|    n_updates            | 33220       |
|    policy_gradient_loss | -0.00543    |
|    std                  | 0.373       |
|    value_loss           | 166         |
-----------------------------------------
-----------------------------------------
| rollout/                |             |
|    ep_len_mean          | 300         |
|    ep_rew_mean          | -10.4       |
| time/                   |             |
|    fps                  | 162         |
|    iterations           | 736         |
|    time_elapsed         | 23204       |
|    total_timesteps      | 16771520    |
| train/                  |             |
|    approx_kl            | 0.114279285 |
|    clip_fraction        | 0.329       |
|    clip_range           | 0.2         |
|    entropy_loss         | -1.69       |
|    explained_variance   | 0.786       |
|    learning_rate        | 0.0003      |
|    loss                 | 0.0121      |
|    n_updates            | 33230       |
|    policy_gradient_loss | -0.00634    |
|    std                  | 0.372       |
|    value_loss           | 10.6        |
-----------------------------------------
----------------------------------------
| rollout/                |            |
|    ep_len_mean          | 299        |
|    ep_rew_mean          | -8.8       |
| time/                   |            |
|    fps                  | 162        |
|    iterations           | 737        |
|    time_elapsed         | 23230      |
|    total_timesteps      | 16776640   |
| train/                  |            |
|    approx_kl            | 0.09443079 |
|    clip_fraction        | 0.334      |
|    clip_range           | 0.2        |
|    entropy_loss         | -1.69      |
|    explained_variance   | 0.115      |
|    learning_rate        | 0.0003     |
|    loss                 | 4.24       |
|    n_updates            | 33240      |
|    policy_gradient_loss | 0.00571    |
|    std                  | 0.373      |
|    value_loss           | 81.1       |
----------------------------------------
----------------------------------------
| rollout/                |            |
|    ep_len_mean          | 297        |
|    ep_rew_mean          | -7.09      |
| time/                   |            |
|    fps                  | 162        |
|    iterations           | 738        |
|    time_elapsed         | 23262      |
|    total_timesteps      | 16781760   |
| train/                  |            |
|    approx_kl            | 0.12985015 |
|    clip_fraction        | 0.36       |
|    clip_range           | 0.2        |
|    entropy_loss         | -1.7       |
|    explained_variance   | 0.207      |
|    learning_rate        | 0.0003     |
|    loss                 | 0.997      |
|    n_updates            | 33250      |
|    policy_gradient_loss | 0.00983    |
|    std                  | 0.373      |
|    value_loss           | 56.6       |
----------------------------------------
----------------------------------------
| rollout/                |            |
|    ep_len_mean          | 294        |
|    ep_rew_mean          | -11.7      |
| time/                   |            |
|    fps                  | 162        |
|    iterations           | 739        |
|    time_elapsed         | 23292      |
|    total_timesteps      | 16786880   |
| train/                  |            |
|    approx_kl            | 0.06915186 |
|    clip_fraction        | 0.302      |
|    clip_range           | 0.2        |
|    entropy_loss         | -1.71      |
|    explained_variance   | 0.535      |
|    learning_rate        | 0.0003     |
|    loss                 | 17.9       |
|    n_updates            | 33260      |
|    policy_gradient_loss | -0.00133   |
|    std                  | 0.374      |
|    value_loss           | 46.8       |
----------------------------------------
-----------------------------------------
| rollout/                |             |
|    ep_len_mean          | 298         |
|    ep_rew_mean          | -9.13       |
| time/                   |             |
|    fps                  | 162         |
|    iterations           | 740         |
|    time_elapsed         | 23324       |
|    total_timesteps      | 16792000    |
| train/                  |             |
|    approx_kl            | 0.069712296 |
|    clip_fraction        | 0.288       |
|    clip_range           | 0.2         |
|    entropy_loss         | -1.71       |
|    explained_variance   | 0.247       |
|    learning_rate        | 0.0003      |
|    loss                 | 2.36        |
|    n_updates            | 33270       |
|    policy_gradient_loss | -0.00554    |
|    std                  | 0.374       |
|    value_loss           | 113         |
-----------------------------------------
-----------------------------------------
| rollout/                |             |
|    ep_len_mean          | 293         |
|    ep_rew_mean          | -10.5       |
| time/                   |             |
|    fps                  | 162         |
|    iterations           | 741         |
|    time_elapsed         | 23355       |
|    total_timesteps      | 16797120    |
| train/                  |             |
|    approx_kl            | 0.098785505 |
|    clip_fraction        | 0.346       |
|    clip_range           | 0.2         |
|    entropy_loss         | -1.71       |
|    explained_variance   | 0.679       |
|    learning_rate        | 0.0003      |
|    loss                 | 0.0703      |
|    n_updates            | 33280       |
|    policy_gradient_loss | 0.00211     |
|    std                  | 0.374       |
|    value_loss           | 15.7        |
-----------------------------------------
----------------------------------------
| rollout/                |            |
|    ep_len_mean          | 294        |
|    ep_rew_mean          | -14.6      |
| time/                   |            |
|    fps                  | 162        |
|    iterations           | 742        |
|    time_elapsed         | 23384      |
|    total_timesteps      | 16802240   |
| train/                  |            |
|    approx_kl            | 0.14488524 |
|    clip_fraction        | 0.413      |
|    clip_range           | 0.2        |
|    entropy_loss         | -1.71      |
|    explained_variance   | 0.298      |
|    learning_rate        | 0.0003     |
|    loss                 | 167        |
|    n_updates            | 33290      |
|    policy_gradient_loss | 0.00739    |
|    std                  | 0.375      |
|    value_loss           | 82.8       |
----------------------------------------
Eval num_timesteps=16803200, episode_reward=-7.56 +/- 37.51
Episode length: 306.90 +/- 22.44
----------------------------------------
| eval/                   |            |
|    mean_ep_length       | 307        |
|    mean_reward          | -7.56      |
| time/                   |            |
|    total_timesteps      | 16803200   |
| train/                  |            |
|    approx_kl            | 0.13672544 |
|    clip_fraction        | 0.353      |
|    clip_range           | 0.2        |
|    entropy_loss         | -1.7       |
|    explained_variance   | 0.402      |
|    learning_rate        | 0.0003     |
|    loss                 | 0.512      |
|    n_updates            | 33300      |
|    policy_gradient_loss | 0.00372    |
|    std                  | 0.372      |
|    value_loss           | 69         |
----------------------------------------
[progress] timestep 16803210
[episode ends] timestep 16803210: flipped=60 (36%), missed_goal=80 (47%), out_of_bounds=1 (1%), scored=28 (17%)
---------------------------------
| episode_end/       |          |
|    flipped         | 60       |
|    missed_goal     | 80       |
|    out_of_bounds   | 1        |
|    scored          | 28       |
| rollout/           |          |
|    ep_len_mean     | 297      |
|    ep_rew_mean     | -17.4    |
| time/              |          |
|    fps             | 162      |
|    iterations      | 743      |
|    time_elapsed    | 23419    |
|    total_timesteps | 16807360 |
---------------------------------
----------------------------------------
| rollout/                |            |
|    ep_len_mean          | 293        |
|    ep_rew_mean          | -20.7      |
| time/                   |            |
|    fps                  | 162        |
|    iterations           | 744        |
|    time_elapsed         | 23448      |
|    total_timesteps      | 16812480   |
| train/                  |            |
|    approx_kl            | 0.26580748 |
|    clip_fraction        | 0.394      |
|    clip_range           | 0.2        |
|    entropy_loss         | -1.69      |
|    explained_variance   | 0.34       |
|    learning_rate        | 0.0003     |
|    loss                 | 0.523      |
|    n_updates            | 33310      |
|    policy_gradient_loss | 0.0106     |
|    std                  | 0.373      |
|    value_loss           | 47.4       |
----------------------------------------
---------------------------------------
| rollout/                |           |
|    ep_len_mean          | 296       |
|    ep_rew_mean          | -19.6     |
| time/                   |           |
|    fps                  | 162       |
|    iterations           | 745       |
|    time_elapsed         | 23482     |
|    total_timesteps      | 16817600  |
| train/                  |           |
|    approx_kl            | 0.1761753 |
|    clip_fraction        | 0.394     |
|    clip_range           | 0.2       |
|    entropy_loss         | -1.7      |
|    explained_variance   | 0.318     |
|    learning_rate        | 0.0003    |
|    loss                 | 480       |
|    n_updates            | 33320     |
|    policy_gradient_loss | 0.0101    |
|    std                  | 0.373     |
|    value_loss           | 147       |
---------------------------------------
----------------------------------------
| rollout/                |            |
|    ep_len_mean          | 296        |
|    ep_rew_mean          | -25.1      |
| time/                   |            |
|    fps                  | 162        |
|    iterations           | 746        |
|    time_elapsed         | 23511      |
|    total_timesteps      | 16822720   |
| train/                  |            |
|    approx_kl            | 0.07399635 |
|    clip_fraction        | 0.318      |
|    clip_range           | 0.2        |
|    entropy_loss         | -1.7       |
|    explained_variance   | 0.408      |
|    learning_rate        | 0.0003     |
|    loss                 | 0.0536     |
|    n_updates            | 33330      |
|    policy_gradient_loss | -0.00845   |
|    std                  | 0.373      |
|    value_loss           | 59.9       |
----------------------------------------
----------------------------------------
| rollout/                |            |
|    ep_len_mean          | 293        |
|    ep_rew_mean          | -22.7      |
| time/                   |            |
|    fps                  | 162        |
|    iterations           | 747        |
|    time_elapsed         | 23541      |
|    total_timesteps      | 16827840   |
| train/                  |            |
|    approx_kl            | 0.24265763 |
|    clip_fraction        | 0.382      |
|    clip_range           | 0.2        |
|    entropy_loss         | -1.7       |
|    explained_variance   | 0.485      |
|    learning_rate        | 0.0003     |
|    loss                 | 0.608      |
|    n_updates            | 33340      |
|    policy_gradient_loss | 0.000819   |
|    std                  | 0.373      |
|    value_loss           | 45.3       |
----------------------------------------
----------------------------------------
| rollout/                |            |
|    ep_len_mean          | 294        |
|    ep_rew_mean          | -22.4      |
| time/                   |            |
|    fps                  | 162        |
|    iterations           | 748        |
|    time_elapsed         | 23573      |
|    total_timesteps      | 16832960   |
| train/                  |            |
|    approx_kl            | 0.11094563 |
|    clip_fraction        | 0.374      |
|    clip_range           | 0.2        |
|    entropy_loss         | -1.7       |
|    explained_variance   | 0.571      |
|    learning_rate        | 0.0003     |
|    loss                 | 89.3       |
|    n_updates            | 33350      |
|    policy_gradient_loss | 0.00353    |
|    std                  | 0.374      |
|    value_loss           | 67.7       |
----------------------------------------
-----------------------------------------
| rollout/                |             |
|    ep_len_mean          | 291         |
|    ep_rew_mean          | -20.8       |
| time/                   |             |
|    fps                  | 162         |
|    iterations           | 749         |
|    time_elapsed         | 23603       |
|    total_timesteps      | 16838080    |
| train/                  |             |
|    approx_kl            | 0.074129656 |
|    clip_fraction        | 0.292       |
|    clip_range           | 0.2         |
|    entropy_loss         | -1.7        |
|    explained_variance   | 0.433       |
|    learning_rate        | 0.0003      |
|    loss                 | 0.344       |
|    n_updates            | 33360       |
|    policy_gradient_loss | -0.00541    |
|    std                  | 0.373       |
|    value_loss           | 29.9        |
-----------------------------------------
----------------------------------------
| rollout/                |            |
|    ep_len_mean          | 292        |
|    ep_rew_mean          | -13.9      |
| time/                   |            |
|    fps                  | 162        |
|    iterations           | 750        |
|    time_elapsed         | 23635      |
|    total_timesteps      | 16843200   |
| train/                  |            |
|    approx_kl            | 0.29445773 |
|    clip_fraction        | 0.33       |
|    clip_range           | 0.2        |
|    entropy_loss         | -1.71      |
|    explained_variance   | 0.416      |
|    learning_rate        | 0.0003     |
|    loss                 | 0.743      |
|    n_updates            | 33370      |
|    policy_gradient_loss | -0.00169   |
|    std                  | 0.375      |
|    value_loss           | 62.5       |
----------------------------------------
-----------------------------------------
| rollout/                |             |
|    ep_len_mean          | 292         |
|    ep_rew_mean          | -10         |
| time/                   |             |
|    fps                  | 162         |
|    iterations           | 751         |
|    time_elapsed         | 23665       |
|    total_timesteps      | 16848320    |
| train/                  |             |
|    approx_kl            | 0.059698798 |
|    clip_fraction        | 0.255       |
|    clip_range           | 0.2         |
|    entropy_loss         | -1.72       |
|    explained_variance   | 0.454       |
|    learning_rate        | 0.0003      |
|    loss                 | 0.127       |
|    n_updates            | 33380       |
|    policy_gradient_loss | -0.00874    |
|    std                  | 0.374       |
|    value_loss           | 60.9        |
-----------------------------------------
Eval num_timesteps=16853200, episode_reward=-72.93 +/- 125.97
Episode length: 275.90 +/- 39.37
----------------------------------------
| eval/                   |            |
|    mean_ep_length       | 276        |
|    mean_reward          | -72.9      |
| time/                   |            |
|    total_timesteps      | 16853200   |
| train/                  |            |
|    approx_kl            | 0.44835085 |
|    clip_fraction        | 0.425      |
|    clip_range           | 0.2        |
|    entropy_loss         | -1.72      |
|    explained_variance   | 0.823      |
|    learning_rate        | 0.0003     |
|    loss                 | 0.223      |
|    n_updates            | 33390      |
|    policy_gradient_loss | 0.00819    |
|    std                  | 0.376      |
|    value_loss           | 3.97       |
----------------------------------------
[episode ends] timestep 16853210: flipped=62 (37%), missed_goal=92 (54%), scored=15 (9%)
---------------------------------
| episode_end/       |          |
|    flipped         | 62       |
|    missed_goal     | 92       |
|    scored          | 15       |
| rollout/           |          |
|    ep_len_mean     | 296      |
|    ep_rew_mean     | -8.64    |
| time/              |          |
|    fps             | 162      |
|    iterations      | 752      |
|    time_elapsed    | 23698    |
|    total_timesteps | 16853440 |
---------------------------------
----------------------------------------
| rollout/                |            |
|    ep_len_mean          | 299        |
|    ep_rew_mean          | -17.5      |
| time/                   |            |
|    fps                  | 162        |
|    iterations           | 753        |
|    time_elapsed         | 23729      |
|    total_timesteps      | 16858560   |
| train/                  |            |
|    approx_kl            | 0.13346359 |
|    clip_fraction        | 0.399      |
|    clip_range           | 0.2        |
|    entropy_loss         | -1.73      |
|    explained_variance   | 0.304      |
|    learning_rate        | 0.0003     |
|    loss                 | -0.00626   |
|    n_updates            | 33400      |
|    policy_gradient_loss | 0.00306    |
|    std                  | 0.376      |
|    value_loss           | 128        |
----------------------------------------
---------------------------------------
| rollout/                |           |
|    ep_len_mean          | 296       |
|    ep_rew_mean          | -18.4     |
| time/                   |           |
|    fps                  | 162       |
|    iterations           | 754       |
|    time_elapsed         | 23760     |
|    total_timesteps      | 16863680  |
| train/                  |           |
|    approx_kl            | 0.2055527 |
|    clip_fraction        | 0.387     |
|    clip_range           | 0.2       |
|    entropy_loss         | -1.75     |
|    explained_variance   | 0.375     |
|    learning_rate        | 0.0003    |
|    loss                 | 0.0221    |
|    n_updates            | 33410     |
|    policy_gradient_loss | 0.0108    |
|    std                  | 0.379     |
|    value_loss           | 134       |
---------------------------------------
----------------------------------------
| rollout/                |            |
|    ep_len_mean          | 297        |
|    ep_rew_mean          | -19.1      |
| time/                   |            |
|    fps                  | 162        |
|    iterations           | 755        |
|    time_elapsed         | 23790      |
|    total_timesteps      | 16868800   |
| train/                  |            |
|    approx_kl            | 0.15853617 |
|    clip_fraction        | 0.365      |
|    clip_range           | 0.2        |
|    entropy_loss         | -1.78      |
|    explained_variance   | 0.545      |
|    learning_rate        | 0.0003     |
|    loss                 | 0.183      |
|    n_updates            | 33420      |
|    policy_gradient_loss | 0.00215    |
|    std                  | 0.38       |
|    value_loss           | 37.9       |
----------------------------------------
----------------------------------------
| rollout/                |            |
|    ep_len_mean          | 297        |
|    ep_rew_mean          | -26.2      |
| time/                   |            |
|    fps                  | 162        |
|    iterations           | 756        |
|    time_elapsed         | 23821      |
|    total_timesteps      | 16873920   |
| train/                  |            |
|    approx_kl            | 0.12261109 |
|    clip_fraction        | 0.352      |
|    clip_range           | 0.2        |
|    entropy_loss         | -1.78      |
|    explained_variance   | 0.458      |
|    learning_rate        | 0.0003     |
|    loss                 | 0.136      |
|    n_updates            | 33430      |
|    policy_gradient_loss | -0.00038   |
|    std                  | 0.38       |
|    value_loss           | 66.5       |
----------------------------------------
---------------------------------------
| rollout/                |           |
|    ep_len_mean          | 297       |
|    ep_rew_mean          | -28.8     |
| time/                   |           |
|    fps                  | 162       |
|    iterations           | 757       |
|    time_elapsed         | 23852     |
|    total_timesteps      | 16879040  |
| train/                  |           |
|    approx_kl            | 0.1049815 |
|    clip_fraction        | 0.359     |
|    clip_range           | 0.2       |
|    entropy_loss         | -1.79     |
|    explained_variance   | 0.461     |
|    learning_rate        | 0.0003    |
|    loss                 | 143       |
|    n_updates            | 33440     |
|    policy_gradient_loss | 0.00793   |
|    std                  | 0.382     |
|    value_loss           | 73.5      |
---------------------------------------
--------------------------------------
| rollout/                |          |
|    ep_len_mean          | 292      |
|    ep_rew_mean          | -26.1    |
| time/                   |          |
|    fps                  | 162      |
|    iterations           | 758      |
|    time_elapsed         | 23882    |
|    total_timesteps      | 16884160 |
| train/                  |          |
|    approx_kl            | 0.082738 |
|    clip_fraction        | 0.353    |
|    clip_range           | 0.2      |
|    entropy_loss         | -1.79    |
|    explained_variance   | 0.531    |
|    learning_rate        | 0.0003   |
|    loss                 | 0.18     |
|    n_updates            | 33450    |
|    policy_gradient_loss | 0.000311 |
|    std                  | 0.38     |
|    value_loss           | 43.1     |
--------------------------------------
----------------------------------------
| rollout/                |            |
|    ep_len_mean          | 295        |
|    ep_rew_mean          | -19.4      |
| time/                   |            |
|    fps                  | 162        |
|    iterations           | 759        |
|    time_elapsed         | 23914      |
|    total_timesteps      | 16889280   |
| train/                  |            |
|    approx_kl            | 0.15553622 |
|    clip_fraction        | 0.364      |
|    clip_range           | 0.2        |
|    entropy_loss         | -1.77      |
|    explained_variance   | 0.265      |
|    learning_rate        | 0.0003     |
|    loss                 | 8.18       |
|    n_updates            | 33460      |
|    policy_gradient_loss | 0.00145    |
|    std                  | 0.38       |
|    value_loss           | 70.9       |
----------------------------------------
----------------------------------------
| rollout/                |            |
|    ep_len_mean          | 297        |
|    ep_rew_mean          | -14.7      |
| time/                   |            |
|    fps                  | 162        |
|    iterations           | 760        |
|    time_elapsed         | 23947      |
|    total_timesteps      | 16894400   |
| train/                  |            |
|    approx_kl            | 0.09582467 |
|    clip_fraction        | 0.34       |
|    clip_range           | 0.2        |
|    entropy_loss         | -1.77      |
|    explained_variance   | 0.331      |
|    learning_rate        | 0.0003     |
|    loss                 | 0.227      |
|    n_updates            | 33470      |
|    policy_gradient_loss | -0.00195   |
|    std                  | 0.378      |
|    value_loss           | 45.1       |
----------------------------------------
----------------------------------------
| rollout/                |            |
|    ep_len_mean          | 294        |
|    ep_rew_mean          | -11.5      |
| time/                   |            |
|    fps                  | 162        |
|    iterations           | 761        |
|    time_elapsed         | 23975      |
|    total_timesteps      | 16899520   |
| train/                  |            |
|    approx_kl            | 0.16869445 |
|    clip_fraction        | 0.408      |
|    clip_range           | 0.2        |
|    entropy_loss         | -1.75      |
|    explained_variance   | 0.498      |
|    learning_rate        | 0.0003     |
|    loss                 | 0.559      |
|    n_updates            | 33480      |
|    policy_gradient_loss | 0.00437    |
|    std                  | 0.378      |
|    value_loss           | 20.6       |
----------------------------------------
Eval num_timesteps=16903200, episode_reward=-31.83 +/- 66.77
Episode length: 293.30 +/- 42.97
----------------------------------------
| eval/                   |            |
|    mean_ep_length       | 293        |
|    mean_reward          | -31.8      |
| time/                   |            |
|    total_timesteps      | 16903200   |
| train/                  |            |
|    approx_kl            | 0.18307176 |
|    clip_fraction        | 0.404      |
|    clip_range           | 0.2        |
|    entropy_loss         | -1.76      |
|    explained_variance   | 0.677      |
|    learning_rate        | 0.0003     |
|    loss                 | 0.102      |
|    n_updates            | 33490      |
|    policy_gradient_loss | 0.00364    |
|    std                  | 0.379      |
|    value_loss           | 11.7       |
----------------------------------------
[progress] timestep 16903210
[episode ends] timestep 16903210: flipped=53 (32%), missed_goal=95 (57%), out_of_bounds=2 (1%), scored=18 (11%)
---------------------------------
| episode_end/       |          |
|    flipped         | 53       |
|    missed_goal     | 95       |
|    out_of_bounds   | 2        |
|    scored          | 18       |
| rollout/           |          |
|    ep_len_mean     | 298      |
|    ep_rew_mean     | -4.37    |
| time/              |          |
|    fps             | 162      |
|    iterations      | 762      |
|    time_elapsed    | 24010    |
|    total_timesteps | 16904640 |
---------------------------------
----------------------------------------
| rollout/                |            |
|    ep_len_mean          | 294        |
|    ep_rew_mean          | -0.826     |
| time/                   |            |
|    fps                  | 162        |
|    iterations           | 763        |
|    time_elapsed         | 24042      |
|    total_timesteps      | 16909760   |
| train/                  |            |
|    approx_kl            | 0.20644668 |
|    clip_fraction        | 0.447      |
|    clip_range           | 0.2        |
|    entropy_loss         | -1.77      |
|    explained_variance   | 0.453      |
|    learning_rate        | 0.0003     |
|    loss                 | 0.333      |
|    n_updates            | 33500      |
|    policy_gradient_loss | 0.0118     |
|    std                  | 0.379      |
|    value_loss           | 27.5       |
----------------------------------------
----------------------------------------
| rollout/                |            |
|    ep_len_mean          | 299        |
|    ep_rew_mean          | -2         |
| time/                   |            |
|    fps                  | 162        |
|    iterations           | 764        |
|    time_elapsed         | 24072      |
|    total_timesteps      | 16914880   |
| train/                  |            |
|    approx_kl            | 0.13050789 |
|    clip_fraction        | 0.387      |
|    clip_range           | 0.2        |
|    entropy_loss         | -1.78      |
|    explained_variance   | 0.718      |
|    learning_rate        | 0.0003     |
|    loss                 | 0.154      |
|    n_updates            | 33510      |
|    policy_gradient_loss | -0.00651   |
|    std                  | 0.381      |
|    value_loss           | 7.3        |
----------------------------------------
---------------------------------------
| rollout/                |           |
|    ep_len_mean          | 299       |
|    ep_rew_mean          | -5.15     |
| time/                   |           |
|    fps                  | 162       |
|    iterations           | 765       |
|    time_elapsed         | 24102     |
|    total_timesteps      | 16920000  |
| train/                  |           |
|    approx_kl            | 0.2716629 |
|    clip_fraction        | 0.441     |
|    clip_range           | 0.2       |
|    entropy_loss         | -1.79     |
|    explained_variance   | 0.371     |
|    learning_rate        | 0.0003    |
|    loss                 | 0.152     |
|    n_updates            | 33520     |
|    policy_gradient_loss | 0.0137    |
|    std                  | 0.381     |
|    value_loss           | 98.5      |
---------------------------------------
----------------------------------------
| rollout/                |            |
|    ep_len_mean          | 298        |
|    ep_rew_mean          | -6         |
| time/                   |            |
|    fps                  | 162        |
|    iterations           | 766        |
|    time_elapsed         | 24131      |
|    total_timesteps      | 16925120   |
| train/                  |            |
|    approx_kl            | 0.08274508 |
|    clip_fraction        | 0.373      |
|    clip_range           | 0.2        |
|    entropy_loss         | -1.79      |
|    explained_variance   | 0.464      |
|    learning_rate        | 0.0003     |
|    loss                 | 0.211      |
|    n_updates            | 33530      |
|    policy_gradient_loss | 0.000132   |
|    std                  | 0.381      |
|    value_loss           | 69.3       |
----------------------------------------
----------------------------------------
| rollout/                |            |
|    ep_len_mean          | 300        |
|    ep_rew_mean          | -7.16      |
| time/                   |            |
|    fps                  | 162        |
|    iterations           | 767        |
|    time_elapsed         | 24163      |
|    total_timesteps      | 16930240   |
| train/                  |            |
|    approx_kl            | 0.09524283 |
|    clip_fraction        | 0.298      |
|    clip_range           | 0.2        |
|    entropy_loss         | -1.77      |
|    explained_variance   | 0.467      |
|    learning_rate        | 0.0003     |
|    loss                 | 57.9       |
|    n_updates            | 33540      |
|    policy_gradient_loss | -0.000728  |
|    std                  | 0.379      |
|    value_loss           | 32.8       |
----------------------------------------
----------------------------------------
| rollout/                |            |
|    ep_len_mean          | 295        |
|    ep_rew_mean          | -10.2      |
| time/                   |            |
|    fps                  | 162        |
|    iterations           | 768        |
|    time_elapsed         | 24193      |
|    total_timesteps      | 16935360   |
| train/                  |            |
|    approx_kl            | 0.16012104 |
|    clip_fraction        | 0.398      |
|    clip_range           | 0.2        |
|    entropy_loss         | -1.76      |
|    explained_variance   | 0.519      |
|    learning_rate        | 0.0003     |
|    loss                 | 6.83       |
|    n_updates            | 33550      |
|    policy_gradient_loss | 0.00165    |
|    std                  | 0.378      |
|    value_loss           | 42         |
----------------------------------------
----------------------------------------
| rollout/                |            |
|    ep_len_mean          | 297        |
|    ep_rew_mean          | -9.2       |
| time/                   |            |
|    fps                  | 162        |
|    iterations           | 769        |
|    time_elapsed         | 24226      |
|    total_timesteps      | 16940480   |
| train/                  |            |
|    approx_kl            | 0.09570104 |
|    clip_fraction        | 0.364      |
|    clip_range           | 0.2        |
|    entropy_loss         | -1.75      |
|    explained_variance   | 0.505      |
|    learning_rate        | 0.0003     |
|    loss                 | 10.5       |
|    n_updates            | 33560      |
|    policy_gradient_loss | 0.00597    |
|    std                  | 0.377      |
|    value_loss           | 40.9       |
----------------------------------------
----------------------------------------
| rollout/                |            |
|    ep_len_mean          | 292        |
|    ep_rew_mean          | -6.35      |
| time/                   |            |
|    fps                  | 162        |
|    iterations           | 770        |
|    time_elapsed         | 24257      |
|    total_timesteps      | 16945600   |
| train/                  |            |
|    approx_kl            | 0.42954016 |
|    clip_fraction        | 0.405      |
|    clip_range           | 0.2        |
|    entropy_loss         | -1.74      |
|    explained_variance   | 0.855      |
|    learning_rate        | 0.0003     |
|    loss                 | -0.0343    |
|    n_updates            | 33570      |
|    policy_gradient_loss | 0.00897    |
|    std                  | 0.377      |
|    value_loss           | 9.45       |
----------------------------------------
-----------------------------------------
| rollout/                |             |
|    ep_len_mean          | 290         |
|    ep_rew_mean          | -7.12       |
| time/                   |             |
|    fps                  | 162         |
|    iterations           | 771         |
|    time_elapsed         | 24288       |
|    total_timesteps      | 16950720    |
| train/                  |             |
|    approx_kl            | 0.057629995 |
|    clip_fraction        | 0.314       |
|    clip_range           | 0.2         |
|    entropy_loss         | -1.75       |
|    explained_variance   | 0.343       |
|    learning_rate        | 0.0003      |
|    loss                 | 7.69        |
|    n_updates            | 33580       |
|    policy_gradient_loss | -0.00154    |
|    std                  | 0.379       |
|    value_loss           | 95.7        |
-----------------------------------------
Eval num_timesteps=16953200, episode_reward=20.59 +/- 42.29
Episode length: 295.70 +/- 45.91
-----------------------------------------
| eval/                   |             |
|    mean_ep_length       | 296         |
|    mean_reward          | 20.6        |
| time/                   |             |
|    total_timesteps      | 16953200    |
| train/                  |             |
|    approx_kl            | 0.103100955 |
|    clip_fraction        | 0.389       |
|    clip_range           | 0.2         |
|    entropy_loss         | -1.76       |
|    explained_variance   | 0.632       |
|    learning_rate        | 0.0003      |
|    loss                 | 209         |
|    n_updates            | 33590       |
|    policy_gradient_loss | 0.00219     |
|    std                  | 0.379       |
|    value_loss           | 29.8        |
-----------------------------------------
[episode ends] timestep 16953210: flipped=58 (33%), missed_goal=90 (51%), scored=27 (15%)
---------------------------------
| episode_end/       |          |
|    flipped         | 58       |
|    missed_goal     | 90       |
|    scored          | 27       |
| rollout/           |          |
|    ep_len_mean     | 286      |
|    ep_rew_mean     | -8.02    |
| time/              |          |
|    fps             | 162      |
|    iterations      | 772      |
|    time_elapsed    | 24324    |
|    total_timesteps | 16955840 |
---------------------------------
----------------------------------------
| rollout/                |            |
|    ep_len_mean          | 286        |
|    ep_rew_mean          | -9.92      |
| time/                   |            |
|    fps                  | 162        |
|    iterations           | 773        |
|    time_elapsed         | 24354      |
|    total_timesteps      | 16960960   |
| train/                  |            |
|    approx_kl            | 0.05880903 |
|    clip_fraction        | 0.329      |
|    clip_range           | 0.2        |
|    entropy_loss         | -1.76      |
|    explained_variance   | 0.212      |
|    learning_rate        | 0.0003     |
|    loss                 | 0.91       |
|    n_updates            | 33600      |
|    policy_gradient_loss | 0.00343    |
|    std                  | 0.379      |
|    value_loss           | 196        |
----------------------------------------
----------------------------------------
| rollout/                |            |
|    ep_len_mean          | 284        |
|    ep_rew_mean          | -10.3      |
| time/                   |            |
|    fps                  | 162        |
|    iterations           | 774        |
|    time_elapsed         | 24385      |
|    total_timesteps      | 16966080   |
| train/                  |            |
|    approx_kl            | 0.17697975 |
|    clip_fraction        | 0.358      |
|    clip_range           | 0.2        |
|    entropy_loss         | -1.75      |
|    explained_variance   | 0.5        |
|    learning_rate        | 0.0003     |
|    loss                 | 0.515      |
|    n_updates            | 33610      |
|    policy_gradient_loss | 0.00224    |
|    std                  | 0.378      |
|    value_loss           | 22.4       |
----------------------------------------
----------------------------------------
| rollout/                |            |
|    ep_len_mean          | 280        |
|    ep_rew_mean          | -12.4      |
| time/                   |            |
|    fps                  | 162        |
|    iterations           | 775        |
|    time_elapsed         | 24414      |
|    total_timesteps      | 16971200   |
| train/                  |            |
|    approx_kl            | 0.11520914 |
|    clip_fraction        | 0.359      |
|    clip_range           | 0.2        |
|    entropy_loss         | -1.74      |
|    explained_variance   | 0.647      |
|    learning_rate        | 0.0003     |
|    loss                 | 0.0396     |
|    n_updates            | 33620      |
|    policy_gradient_loss | 0.00461    |
|    std                  | 0.377      |
|    value_loss           | 14.1       |
----------------------------------------
----------------------------------------
| rollout/                |            |
|    ep_len_mean          | 285        |
|    ep_rew_mean          | -1.32      |
| time/                   |            |
|    fps                  | 162        |
|    iterations           | 776        |
|    time_elapsed         | 24445      |
|    total_timesteps      | 16976320   |
| train/                  |            |
|    approx_kl            | 0.31854165 |
|    clip_fraction        | 0.395      |
|    clip_range           | 0.2        |
|    entropy_loss         | -1.74      |
|    explained_variance   | 0.344      |
|    learning_rate        | 0.0003     |
|    loss                 | 265        |
|    n_updates            | 33630      |
|    policy_gradient_loss | 0.00857    |
|    std                  | 0.378      |
|    value_loss           | 45.8       |
----------------------------------------
----------------------------------------
| rollout/                |            |
|    ep_len_mean          | 283        |
|    ep_rew_mean          | 2.19       |
| time/                   |            |
|    fps                  | 162        |
|    iterations           | 777        |
|    time_elapsed         | 24477      |
|    total_timesteps      | 16981440   |
| train/                  |            |
|    approx_kl            | 0.17488757 |
|    clip_fraction        | 0.372      |
|    clip_range           | 0.2        |
|    entropy_loss         | -1.75      |
|    explained_variance   | 0.848      |
|    learning_rate        | 0.0003     |
|    loss                 | 1.21       |
|    n_updates            | 33640      |
|    policy_gradient_loss | -0.00127   |
|    std                  | 0.378      |
|    value_loss           | 4.34       |
----------------------------------------
----------------------------------------
| rollout/                |            |
|    ep_len_mean          | 283        |
|    ep_rew_mean          | 7.59       |
| time/                   |            |
|    fps                  | 162        |
|    iterations           | 778        |
|    time_elapsed         | 24509      |
|    total_timesteps      | 16986560   |
| train/                  |            |
|    approx_kl            | 0.15982553 |
|    clip_fraction        | 0.396      |
|    clip_range           | 0.2        |
|    entropy_loss         | -1.75      |
|    explained_variance   | 0.579      |
|    learning_rate        | 0.0003     |
|    loss                 | 0.0976     |
|    n_updates            | 33650      |
|    policy_gradient_loss | 0.00619    |
|    std                  | 0.378      |
|    value_loss           | 33.9       |
----------------------------------------
----------------------------------------
| rollout/                |            |
|    ep_len_mean          | 292        |
|    ep_rew_mean          | 7.48       |
| time/                   |            |
|    fps                  | 162        |
|    iterations           | 779        |
|    time_elapsed         | 24538      |
|    total_timesteps      | 16991680   |
| train/                  |            |
|    approx_kl            | 0.10845405 |
|    clip_fraction        | 0.272      |
|    clip_range           | 0.2        |
|    entropy_loss         | -1.76      |
|    explained_variance   | 0.746      |
|    learning_rate        | 0.0003     |
|    loss                 | 0.0367     |
|    n_updates            | 33660      |
|    policy_gradient_loss | -0.00359   |
|    std                  | 0.379      |
|    value_loss           | 13.2       |
----------------------------------------
----------------------------------------
| rollout/                |            |
|    ep_len_mean          | 289        |
|    ep_rew_mean          | 10.2       |
| time/                   |            |
|    fps                  | 162        |
|    iterations           | 780        |
|    time_elapsed         | 24569      |
|    total_timesteps      | 16996800   |
| train/                  |            |
|    approx_kl            | 0.14098811 |
|    clip_fraction        | 0.404      |
|    clip_range           | 0.2        |
|    entropy_loss         | -1.77      |
|    explained_variance   | 0.386      |
|    learning_rate        | 0.0003     |
|    loss                 | 0.0896     |
|    n_updates            | 33670      |
|    policy_gradient_loss | 0.0115     |
|    std                  | 0.38       |
|    value_loss           | 97.3       |
----------------------------------------
----------------------------------------
| rollout/                |            |
|    ep_len_mean          | 287        |
|    ep_rew_mean          | 4.57       |
| time/                   |            |
|    fps                  | 162        |
|    iterations           | 781        |
|    time_elapsed         | 24599      |
|    total_timesteps      | 17001920   |
| train/                  |            |
|    approx_kl            | 0.08104931 |
|    clip_fraction        | 0.312      |
|    clip_range           | 0.2        |
|    entropy_loss         | -1.77      |
|    explained_variance   | 0.604      |
|    learning_rate        | 0.0003     |
|    loss                 | 0.414      |
|    n_updates            | 33680      |
|    policy_gradient_loss | -0.00363   |
|    std                  | 0.379      |
|    value_loss           | 13.2       |
----------------------------------------
Eval num_timesteps=17003200, episode_reward=-14.53 +/- 49.91
Episode length: 277.10 +/- 87.24
-----------------------------------------
| eval/                   |             |
|    mean_ep_length       | 277         |
|    mean_reward          | -14.5       |
| time/                   |             |
|    total_timesteps      | 17003200    |
| train/                  |             |
|    approx_kl            | 0.063273445 |
|    clip_fraction        | 0.28        |
|    clip_range           | 0.2         |
|    entropy_loss         | -1.75       |
|    explained_variance   | 0.454       |
|    learning_rate        | 0.0003      |
|    loss                 | 0.139       |
|    n_updates            | 33690       |
|    policy_gradient_loss | -0.00598    |
|    std                  | 0.377       |
|    value_loss           | 45.1        |
-----------------------------------------
[progress] timestep 17003210
[episode ends] timestep 17003210: flipped=61 (34%), missed_goal=84 (47%), out_of_bounds=2 (1%), scored=30 (17%)
---------------------------------
| episode_end/       |          |
|    flipped         | 61       |
|    missed_goal     | 84       |
|    out_of_bounds   | 2        |
|    scored          | 30       |
| rollout/           |          |
|    ep_len_mean     | 282      |
|    ep_rew_mean     | -0.975   |
| time/              |          |
|    fps             | 162      |
|    iterations      | 782      |
|    time_elapsed    | 24635    |
|    total_timesteps | 17007040 |
---------------------------------
Continuation training complete. Model saved to drone_soccer_ppo_v7.zip
