pybullet build time: Sep 16 2026 22:14:57
pybullet build time: Sep 16 2026 22:14:57
pybullet build time: Sep 16 2026 22:14:57
pybullet build time: Sep 16 2026 22:14:57
pybullet build time: Sep 16 2026 22:14:57
pybullet build time: Sep 16 2026 22:14:57
pybullet build time: Sep 16 2026 22:14:57
pybullet build time: Sep 16 2026 22:14:57
pybullet build time: Sep 16 2026 22:14:57
pybullet build time: Sep 16 2026 22:14:57
pybullet build time: Sep 16 2026 22:14:57
Logging to ./tb_logs/RecurrentPPO_v5_continued_0
C:\Users\Oat\OneDrive - UTS\Spring 2026\Reinforcement Learning\A3\Precision-Strike\.venv\Lib\site-packages\stable_baselines3\common\callbacks.py:419: UserWarning: Training and eval env are not of the same type<stable_baselines3.common.vec_env.subproc_vec_env.SubprocVecEnv object at 0x0000014DFF6AA1D0> != <stable_baselines3.common.vec_env.dummy_vec_env.DummyVecEnv object at 0x0000014E2995F6D0>
  warnings.warn("Training and eval env are not of the same type" f"{self.training_env} != {self.eval_env}")
[progress] timestep 11211210
---------------------------------
| rollout/           |          |
|    ep_len_mean     | 285      |
|    ep_rew_mean     | 4.28     |
| time/              |          |
|    fps             | 1755     |
|    iterations      | 1        |
|    time_elapsed    | 2        |
|    total_timesteps | 11216320 |
---------------------------------
---------------------------------------
| rollout/                |           |
|    ep_len_mean          | 288       |
|    ep_rew_mean          | 4.91      |
| time/                   |           |
|    fps                  | 273       |
|    iterations           | 2         |
|    time_elapsed         | 37        |
|    total_timesteps      | 11221440  |
| train/                  |           |
|    approx_kl            | 0.0737945 |
|    clip_fraction        | 0.34      |
|    clip_range           | 0.2       |
|    entropy_loss         | -2.1      |
|    explained_variance   | 0.236     |
|    learning_rate        | 0.0003    |
|    loss                 | 0.0396    |
|    n_updates            | 22390     |
|    policy_gradient_loss | 0.00423   |
|    std                  | 0.418     |
|    value_loss           | 50.1      |
---------------------------------------
-----------------------------------------
| rollout/                |             |
|    ep_len_mean          | 289         |
|    ep_rew_mean          | 6.83        |
| time/                   |             |
|    fps                  | 216         |
|    iterations           | 3           |
|    time_elapsed         | 70          |
|    total_timesteps      | 11226560    |
| train/                  |             |
|    approx_kl            | 0.060377114 |
|    clip_fraction        | 0.31        |
|    clip_range           | 0.2         |
|    entropy_loss         | -2.09       |
|    explained_variance   | 0.33        |
|    learning_rate        | 0.0003      |
|    loss                 | 0.115       |
|    n_updates            | 22400       |
|    policy_gradient_loss | 0.00291     |
|    std                  | 0.417       |
|    value_loss           | 21.3        |
-----------------------------------------
-----------------------------------------
| rollout/                |             |
|    ep_len_mean          | 289         |
|    ep_rew_mean          | 5.07        |
| time/                   |             |
|    fps                  | 206         |
|    iterations           | 4           |
|    time_elapsed         | 99          |
|    total_timesteps      | 11231680    |
| train/                  |             |
|    approx_kl            | 0.030889478 |
|    clip_fraction        | 0.174       |
|    clip_range           | 0.2         |
|    entropy_loss         | -2.09       |
|    explained_variance   | 0.711       |
|    learning_rate        | 0.0003      |
|    loss                 | 0.726       |
|    n_updates            | 22410       |
|    policy_gradient_loss | -0.00815    |
|    std                  | 0.416       |
|    value_loss           | 9.02        |
-----------------------------------------
---------------------------------------
| rollout/                |           |
|    ep_len_mean          | 284       |
|    ep_rew_mean          | 0.394     |
| time/                   |           |
|    fps                  | 194       |
|    iterations           | 5         |
|    time_elapsed         | 131       |
|    total_timesteps      | 11236800  |
| train/                  |           |
|    approx_kl            | 0.057288  |
|    clip_fraction        | 0.277     |
|    clip_range           | 0.2       |
|    entropy_loss         | -2.09     |
|    explained_variance   | 0.495     |
|    learning_rate        | 0.0003    |
|    loss                 | 0.678     |
|    n_updates            | 22420     |
|    policy_gradient_loss | -0.000494 |
|    std                  | 0.418     |
|    value_loss           | 53.4      |
---------------------------------------
----------------------------------------
| rollout/                |            |
|    ep_len_mean          | 286        |
|    ep_rew_mean          | 1.46       |
| time/                   |            |
|    fps                  | 185        |
|    iterations           | 6          |
|    time_elapsed         | 165        |
|    total_timesteps      | 11241920   |
| train/                  |            |
|    approx_kl            | 0.03048991 |
|    clip_fraction        | 0.243      |
|    clip_range           | 0.2        |
|    entropy_loss         | -2.11      |
|    explained_variance   | 0.374      |
|    learning_rate        | 0.0003     |
|    loss                 | 0.211      |
|    n_updates            | 22430      |
|    policy_gradient_loss | -0.00565   |
|    std                  | 0.42       |
|    value_loss           | 61.9       |
----------------------------------------
-----------------------------------------
| rollout/                |             |
|    ep_len_mean          | 288         |
|    ep_rew_mean          | 2.67        |
| time/                   |             |
|    fps                  | 178         |
|    iterations           | 7           |
|    time_elapsed         | 200         |
|    total_timesteps      | 11247040    |
| train/                  |             |
|    approx_kl            | 0.027819637 |
|    clip_fraction        | 0.168       |
|    clip_range           | 0.2         |
|    entropy_loss         | -2.12       |
|    explained_variance   | 0.604       |
|    learning_rate        | 0.0003      |
|    loss                 | 14.2        |
|    n_updates            | 22440       |
|    policy_gradient_loss | -0.0125     |
|    std                  | 0.42        |
|    value_loss           | 22.6        |
-----------------------------------------
-----------------------------------------
| rollout/                |             |
|    ep_len_mean          | 284         |
|    ep_rew_mean          | -3.27       |
| time/                   |             |
|    fps                  | 176         |
|    iterations           | 8           |
|    time_elapsed         | 232         |
|    total_timesteps      | 11252160    |
| train/                  |             |
|    approx_kl            | 0.079768226 |
|    clip_fraction        | 0.319       |
|    clip_range           | 0.2         |
|    entropy_loss         | -2.12       |
|    explained_variance   | 0.735       |
|    learning_rate        | 0.0003      |
|    loss                 | 0.23        |
|    n_updates            | 22450       |
|    policy_gradient_loss | 0.00216     |
|    std                  | 0.42        |
|    value_loss           | 10.9        |
-----------------------------------------
----------------------------------------
| rollout/                |            |
|    ep_len_mean          | 285        |
|    ep_rew_mean          | -6.02      |
| time/                   |            |
|    fps                  | 171        |
|    iterations           | 9          |
|    time_elapsed         | 268        |
|    total_timesteps      | 11257280   |
| train/                  |            |
|    approx_kl            | 0.10038167 |
|    clip_fraction        | 0.395      |
|    clip_range           | 0.2        |
|    entropy_loss         | -2.11      |
|    explained_variance   | 0.364      |
|    learning_rate        | 0.0003     |
|    loss                 | 0.327      |
|    n_updates            | 22460      |
|    policy_gradient_loss | 0.0134     |
|    std                  | 0.419      |
|    value_loss           | 128        |
----------------------------------------
Eval num_timesteps=11261200, episode_reward=-5.84 +/- 10.83
Episode length: 286.30 +/- 50.33
----------------------------------------
| eval/                   |            |
|    mean_ep_length       | 286        |
|    mean_reward          | -5.84      |
| time/                   |            |
|    total_timesteps      | 11261200   |
| train/                  |            |
|    approx_kl            | 0.08533864 |
|    clip_fraction        | 0.324      |
|    clip_range           | 0.2        |
|    entropy_loss         | -2.1       |
|    explained_variance   | 0.342      |
|    learning_rate        | 0.0003     |
|    loss                 | 0.603      |
|    n_updates            | 22470      |
|    policy_gradient_loss | -2.3e-05   |
|    std                  | 0.419      |
|    value_loss           | 60.6       |
----------------------------------------
New best mean reward!
[episode ends] timestep 11261210: crashed=1 (1%), flipped=78 (45%), missed_goal=61 (35%), out_of_bounds=1 (1%), scored=31 (18%)
---------------------------------
| episode_end/       |          |
|    crashed         | 1        |
|    flipped         | 78       |
|    missed_goal     | 61       |
|    out_of_bounds   | 1        |
|    scored          | 31       |
| rollout/           |          |
|    ep_len_mean     | 282      |
|    ep_rew_mean     | -6.33    |
| time/              |          |
|    fps             | 165      |
|    iterations      | 10       |
|    time_elapsed    | 309      |
|    total_timesteps | 11262400 |
---------------------------------
----------------------------------------
| rollout/                |            |
|    ep_len_mean          | 286        |
|    ep_rew_mean          | -6.16      |
| time/                   |            |
|    fps                  | 165        |
|    iterations           | 11         |
|    time_elapsed         | 339        |
|    total_timesteps      | 11267520   |
| train/                  |            |
|    approx_kl            | 0.12118149 |
|    clip_fraction        | 0.406      |
|    clip_range           | 0.2        |
|    entropy_loss         | -2.1       |
|    explained_variance   | 0.818      |
|    learning_rate        | 0.0003     |
|    loss                 | 0.0568     |
|    n_updates            | 22480      |
|    policy_gradient_loss | 0.00924    |
|    std                  | 0.419      |
|    value_loss           | 5.12       |
----------------------------------------
---------------------------------------
| rollout/                |           |
|    ep_len_mean          | 280       |
|    ep_rew_mean          | -10.6     |
| time/                   |           |
|    fps                  | 164       |
|    iterations           | 12        |
|    time_elapsed         | 373       |
|    total_timesteps      | 11272640  |
| train/                  |           |
|    approx_kl            | 0.1152565 |
|    clip_fraction        | 0.39      |
|    clip_range           | 0.2       |
|    entropy_loss         | -2.1      |
|    explained_variance   | 0.735     |
|    learning_rate        | 0.0003    |
|    loss                 | 0.0833    |
|    n_updates            | 22490     |
|    policy_gradient_loss | 0.00565   |
|    std                  | 0.419     |
|    value_loss           | 4.53      |
---------------------------------------
----------------------------------------
| rollout/                |            |
|    ep_len_mean          | 279        |
|    ep_rew_mean          | -15.8      |
| time/                   |            |
|    fps                  | 161        |
|    iterations           | 13         |
|    time_elapsed         | 412        |
|    total_timesteps      | 11277760   |
| train/                  |            |
|    approx_kl            | 0.07187831 |
|    clip_fraction        | 0.328      |
|    clip_range           | 0.2        |
|    entropy_loss         | -2.12      |
|    explained_variance   | 0.211      |
|    learning_rate        | 0.0003     |
|    loss                 | 1.26       |
|    n_updates            | 22500      |
|    policy_gradient_loss | 0.0105     |
|    std                  | 0.421      |
|    value_loss           | 128        |
----------------------------------------
----------------------------------------
| rollout/                |            |
|    ep_len_mean          | 279        |
|    ep_rew_mean          | -11.6      |
| time/                   |            |
|    fps                  | 160        |
|    iterations           | 14         |
|    time_elapsed         | 446        |
|    total_timesteps      | 11282880   |
| train/                  |            |
|    approx_kl            | 0.06963444 |
|    clip_fraction        | 0.328      |
|    clip_range           | 0.2        |
|    entropy_loss         | -2.13      |
|    explained_variance   | 0.638      |
|    learning_rate        | 0.0003     |
|    loss                 | 0.823      |
|    n_updates            | 22510      |
|    policy_gradient_loss | 0.00138    |
|    std                  | 0.421      |
|    value_loss           | 8.24       |
----------------------------------------
-----------------------------------------
| rollout/                |             |
|    ep_len_mean          | 282         |
|    ep_rew_mean          | -7.72       |
| time/                   |             |
|    fps                  | 160         |
|    iterations           | 15          |
|    time_elapsed         | 478         |
|    total_timesteps      | 11288000    |
| train/                  |             |
|    approx_kl            | 0.088617705 |
|    clip_fraction        | 0.401       |
|    clip_range           | 0.2         |
|    entropy_loss         | -2.13       |
|    explained_variance   | 0.549       |
|    learning_rate        | 0.0003      |
|    loss                 | 0.613       |
|    n_updates            | 22520       |
|    policy_gradient_loss | 0.0114      |
|    std                  | 0.421       |
|    value_loss           | 14.6        |
-----------------------------------------
----------------------------------------
| rollout/                |            |
|    ep_len_mean          | 282        |
|    ep_rew_mean          | -6.82      |
| time/                   |            |
|    fps                  | 160        |
|    iterations           | 16         |
|    time_elapsed         | 511        |
|    total_timesteps      | 11293120   |
| train/                  |            |
|    approx_kl            | 0.11780373 |
|    clip_fraction        | 0.424      |
|    clip_range           | 0.2        |
|    entropy_loss         | -2.13      |
|    explained_variance   | 0.422      |
|    learning_rate        | 0.0003     |
|    loss                 | 0.0298     |
|    n_updates            | 22530      |
|    policy_gradient_loss | 0.00643    |
|    std                  | 0.421      |
|    value_loss           | 48.8       |
----------------------------------------
---------------------------------------
| rollout/                |           |
|    ep_len_mean          | 292       |
|    ep_rew_mean          | -2.75     |
| time/                   |           |
|    fps                  | 160       |
|    iterations           | 17        |
|    time_elapsed         | 543       |
|    total_timesteps      | 11298240  |
| train/                  |           |
|    approx_kl            | 0.0733797 |
|    clip_fraction        | 0.388     |
|    clip_range           | 0.2       |
|    entropy_loss         | -2.13     |
|    explained_variance   | 0.687     |
|    learning_rate        | 0.0003    |
|    loss                 | 0.00662   |
|    n_updates            | 22540     |
|    policy_gradient_loss | 0.00962   |
|    std                  | 0.422     |
|    value_loss           | 7.15      |
---------------------------------------
-----------------------------------------
| rollout/                |             |
|    ep_len_mean          | 300         |
|    ep_rew_mean          | 2.21        |
| time/                   |             |
|    fps                  | 159         |
|    iterations           | 18          |
|    time_elapsed         | 578         |
|    total_timesteps      | 11303360    |
| train/                  |             |
|    approx_kl            | 0.101896785 |
|    clip_fraction        | 0.376       |
|    clip_range           | 0.2         |
|    entropy_loss         | -2.13       |
|    explained_variance   | 0.438       |
|    learning_rate        | 0.0003      |
|    loss                 | 0.188       |
|    n_updates            | 22550       |
|    policy_gradient_loss | 0.0116      |
|    std                  | 0.42        |
|    value_loss           | 25          |
-----------------------------------------
-----------------------------------------
| rollout/                |             |
|    ep_len_mean          | 304         |
|    ep_rew_mean          | 4.35        |
| time/                   |             |
|    fps                  | 159         |
|    iterations           | 19          |
|    time_elapsed         | 610         |
|    total_timesteps      | 11308480    |
| train/                  |             |
|    approx_kl            | 0.079661235 |
|    clip_fraction        | 0.402       |
|    clip_range           | 0.2         |
|    entropy_loss         | -2.13       |
|    explained_variance   | 0.492       |
|    learning_rate        | 0.0003      |
|    loss                 | 0.432       |
|    n_updates            | 22560       |
|    policy_gradient_loss | 0.00781     |
|    std                  | 0.422       |
|    value_loss           | 11.8        |
-----------------------------------------
Eval num_timesteps=11311200, episode_reward=-3.86 +/- 14.75
Episode length: 331.90 +/- 94.30
-----------------------------------------
| eval/                   |             |
|    mean_ep_length       | 332         |
|    mean_reward          | -3.86       |
| time/                   |             |
|    total_timesteps      | 11311200    |
| train/                  |             |
|    approx_kl            | 0.079270884 |
|    clip_fraction        | 0.359       |
|    clip_range           | 0.2         |
|    entropy_loss         | -2.13       |
|    explained_variance   | 0.836       |
|    learning_rate        | 0.0003      |
|    loss                 | 2.18        |
|    n_updates            | 22570       |
|    policy_gradient_loss | -0.00434    |
|    std                  | 0.422       |
|    value_loss           | 3.92        |
-----------------------------------------
New best mean reward!
[progress] timestep 11311210
[episode ends] timestep 11311210: flipped=77 (45%), missed_goal=73 (43%), scored=20 (12%)
---------------------------------
| episode_end/       |          |
|    flipped         | 77       |
|    missed_goal     | 73       |
|    scored          | 20       |
| rollout/           |          |
|    ep_len_mean     | 306      |
|    ep_rew_mean     | 6.02     |
| time/              |          |
|    fps             | 158      |
|    iterations      | 20       |
|    time_elapsed    | 647      |
|    total_timesteps | 11313600 |
---------------------------------
----------------------------------------
| rollout/                |            |
|    ep_len_mean          | 305        |
|    ep_rew_mean          | 3.57       |
| time/                   |            |
|    fps                  | 158        |
|    iterations           | 21         |
|    time_elapsed         | 677        |
|    total_timesteps      | 11318720   |
| train/                  |            |
|    approx_kl            | 0.06722149 |
|    clip_fraction        | 0.283      |
|    clip_range           | 0.2        |
|    entropy_loss         | -2.14      |
|    explained_variance   | 0.32       |
|    learning_rate        | 0.0003     |
|    loss                 | 54         |
|    n_updates            | 22580      |
|    policy_gradient_loss | 0.00132    |
|    std                  | 0.422      |
|    value_loss           | 41.8       |
----------------------------------------
-----------------------------------------
| rollout/                |             |
|    ep_len_mean          | 307         |
|    ep_rew_mean          | -0.548      |
| time/                   |             |
|    fps                  | 158         |
|    iterations           | 22          |
|    time_elapsed         | 710         |
|    total_timesteps      | 11323840    |
| train/                  |             |
|    approx_kl            | 0.060394924 |
|    clip_fraction        | 0.236       |
|    clip_range           | 0.2         |
|    entropy_loss         | -2.15       |
|    explained_variance   | 0.672       |
|    learning_rate        | 0.0003      |
|    loss                 | 0.12        |
|    n_updates            | 22590       |
|    policy_gradient_loss | -0.00289    |
|    std                  | 0.423       |
|    value_loss           | 10.1        |
-----------------------------------------
----------------------------------------
| rollout/                |            |
|    ep_len_mean          | 307        |
|    ep_rew_mean          | -2.16      |
| time/                   |            |
|    fps                  | 158        |
|    iterations           | 23         |
|    time_elapsed         | 742        |
|    total_timesteps      | 11328960   |
| train/                  |            |
|    approx_kl            | 0.06452003 |
|    clip_fraction        | 0.284      |
|    clip_range           | 0.2        |
|    entropy_loss         | -2.14      |
|    explained_variance   | 0.193      |
|    learning_rate        | 0.0003     |
|    loss                 | 1.46       |
|    n_updates            | 22600      |
|    policy_gradient_loss | -0.00117   |
|    std                  | 0.422      |
|    value_loss           | 147        |
----------------------------------------
-----------------------------------------
| rollout/                |             |
|    ep_len_mean          | 305         |
|    ep_rew_mean          | 1.7         |
| time/                   |             |
|    fps                  | 157         |
|    iterations           | 24          |
|    time_elapsed         | 779         |
|    total_timesteps      | 11334080    |
| train/                  |             |
|    approx_kl            | 0.072265476 |
|    clip_fraction        | 0.323       |
|    clip_range           | 0.2         |
|    entropy_loss         | -2.14       |
|    explained_variance   | 0.601       |
|    learning_rate        | 0.0003      |
|    loss                 | 3.19        |
|    n_updates            | 22610       |
|    policy_gradient_loss | 0.00623     |
|    std                  | 0.422       |
|    value_loss           | 17.5        |
-----------------------------------------
----------------------------------------
| rollout/                |            |
|    ep_len_mean          | 299        |
|    ep_rew_mean          | -1.94      |
| time/                   |            |
|    fps                  | 157        |
|    iterations           | 25         |
|    time_elapsed         | 812        |
|    total_timesteps      | 11339200   |
| train/                  |            |
|    approx_kl            | 0.03739874 |
|    clip_fraction        | 0.232      |
|    clip_range           | 0.2        |
|    entropy_loss         | -2.14      |
|    explained_variance   | 0.711      |
|    learning_rate        | 0.0003     |
|    loss                 | 0.656      |
|    n_updates            | 22620      |
|    policy_gradient_loss | -0.00578   |
|    std                  | 0.422      |
|    value_loss           | 8.18       |
----------------------------------------
-----------------------------------------
| rollout/                |             |
|    ep_len_mean          | 301         |
|    ep_rew_mean          | 0.741       |
| time/                   |             |
|    fps                  | 157         |
|    iterations           | 26          |
|    time_elapsed         | 847         |
|    total_timesteps      | 11344320    |
| train/                  |             |
|    approx_kl            | 0.058682032 |
|    clip_fraction        | 0.304       |
|    clip_range           | 0.2         |
|    entropy_loss         | -2.14       |
|    explained_variance   | 0.349       |
|    learning_rate        | 0.0003      |
|    loss                 | 1.22        |
|    n_updates            | 22630       |
|    policy_gradient_loss | -0.00203    |
|    std                  | 0.422       |
|    value_loss           | 63.1        |
-----------------------------------------
---------------------------------------
| rollout/                |           |
|    ep_len_mean          | 296       |
|    ep_rew_mean          | -1.36     |
| time/                   |           |
|    fps                  | 156       |
|    iterations           | 27        |
|    time_elapsed         | 884       |
|    total_timesteps      | 11349440  |
| train/                  |           |
|    approx_kl            | 0.1662889 |
|    clip_fraction        | 0.422     |
|    clip_range           | 0.2       |
|    entropy_loss         | -2.13     |
|    explained_variance   | 0.699     |
|    learning_rate        | 0.0003    |
|    loss                 | 8.74      |
|    n_updates            | 22640     |
|    policy_gradient_loss | 0.00453   |
|    std                  | 0.421     |
|    value_loss           | 8.75      |
---------------------------------------
----------------------------------------
| rollout/                |            |
|    ep_len_mean          | 295        |
|    ep_rew_mean          | 2.2        |
| time/                   |            |
|    fps                  | 156        |
|    iterations           | 28         |
|    time_elapsed         | 917        |
|    total_timesteps      | 11354560   |
| train/                  |            |
|    approx_kl            | 0.06920967 |
|    clip_fraction        | 0.328      |
|    clip_range           | 0.2        |
|    entropy_loss         | -2.13      |
|    explained_variance   | 0.652      |
|    learning_rate        | 0.0003     |
|    loss                 | 16.3       |
|    n_updates            | 22650      |
|    policy_gradient_loss | 0.00697    |
|    std                  | 0.422      |
|    value_loss           | 7.29       |
----------------------------------------
---------------------------------------
| rollout/                |           |
|    ep_len_mean          | 284       |
|    ep_rew_mean          | -0.037    |
| time/                   |           |
|    fps                  | 155       |
|    iterations           | 29        |
|    time_elapsed         | 954       |
|    total_timesteps      | 11359680  |
| train/                  |           |
|    approx_kl            | 0.2339069 |
|    clip_fraction        | 0.338     |
|    clip_range           | 0.2       |
|    entropy_loss         | -2.15     |
|    explained_variance   | 0.372     |
|    learning_rate        | 0.0003    |
|    loss                 | 13        |
|    n_updates            | 22660     |
|    policy_gradient_loss | 0.0119    |
|    std                  | 0.424     |
|    value_loss           | 69.1      |
---------------------------------------
Eval num_timesteps=11361200, episode_reward=11.24 +/- 33.30
Episode length: 279.90 +/- 53.68
-----------------------------------------
| eval/                   |             |
|    mean_ep_length       | 280         |
|    mean_reward          | 11.2        |
| time/                   |             |
|    total_timesteps      | 11361200    |
| train/                  |             |
|    approx_kl            | 0.063547716 |
|    clip_fraction        | 0.263       |
|    clip_range           | 0.2         |
|    entropy_loss         | -2.16       |
|    explained_variance   | 0.588       |
|    learning_rate        | 0.0003      |
|    loss                 | 0.982       |
|    n_updates            | 22670       |
|    policy_gradient_loss | 0.00172     |
|    std                  | 0.424       |
|    value_loss           | 14.4        |
-----------------------------------------
New best mean reward!
[episode ends] timestep 11361210: flipped=77 (46%), missed_goal=66 (39%), scored=25 (15%)
---------------------------------
| episode_end/       |          |
|    flipped         | 77       |
|    missed_goal     | 66       |
|    scored          | 25       |
| rollout/           |          |
|    ep_len_mean     | 281      |
|    ep_rew_mean     | -4.02    |
| time/              |          |
|    fps             | 154      |
|    iterations      | 30       |
|    time_elapsed    | 995      |
|    total_timesteps | 11364800 |
---------------------------------
----------------------------------------
| rollout/                |            |
|    ep_len_mean          | 281        |
|    ep_rew_mean          | -1.56      |
| time/                   |            |
|    fps                  | 154        |
|    iterations           | 31         |
|    time_elapsed         | 1028       |
|    total_timesteps      | 11369920   |
| train/                  |            |
|    approx_kl            | 0.09625009 |
|    clip_fraction        | 0.366      |
|    clip_range           | 0.2        |
|    entropy_loss         | -2.14      |
|    explained_variance   | 0.305      |
|    learning_rate        | 0.0003     |
|    loss                 | 15.2       |
|    n_updates            | 22680      |
|    policy_gradient_loss | 0.0107     |
|    std                  | 0.42       |
|    value_loss           | 42.4       |
----------------------------------------
-----------------------------------------
| rollout/                |             |
|    ep_len_mean          | 282         |
|    ep_rew_mean          | -0.334      |
| time/                   |             |
|    fps                  | 154         |
|    iterations           | 32          |
|    time_elapsed         | 1061        |
|    total_timesteps      | 11375040    |
| train/                  |             |
|    approx_kl            | 0.049739264 |
|    clip_fraction        | 0.309       |
|    clip_range           | 0.2         |
|    entropy_loss         | -2.12       |
|    explained_variance   | 0.701       |
|    learning_rate        | 0.0003      |
|    loss                 | 0.41        |
|    n_updates            | 22690       |
|    policy_gradient_loss | -0.00429    |
|    std                  | 0.419       |
|    value_loss           | 12.8        |
-----------------------------------------
---------------------------------------
| rollout/                |           |
|    ep_len_mean          | 276       |
|    ep_rew_mean          | -0.682    |
| time/                   |           |
|    fps                  | 154       |
|    iterations           | 33        |
|    time_elapsed         | 1093      |
|    total_timesteps      | 11380160  |
| train/                  |           |
|    approx_kl            | 0.1426969 |
|    clip_fraction        | 0.41      |
|    clip_range           | 0.2       |
|    entropy_loss         | -2.09     |
|    explained_variance   | 0.628     |
|    learning_rate        | 0.0003    |
|    loss                 | 2.11      |
|    n_updates            | 22700     |
|    policy_gradient_loss | 0.0304    |
|    std                  | 0.415     |
|    value_loss           | 17.2      |
---------------------------------------
---------------------------------------
| rollout/                |           |
|    ep_len_mean          | 281       |
|    ep_rew_mean          | -0.666    |
| time/                   |           |
|    fps                  | 154       |
|    iterations           | 34        |
|    time_elapsed         | 1127      |
|    total_timesteps      | 11385280  |
| train/                  |           |
|    approx_kl            | 0.1064278 |
|    clip_fraction        | 0.436     |
|    clip_range           | 0.2       |
|    entropy_loss         | -2.09     |
|    explained_variance   | 0.509     |
|    learning_rate        | 0.0003    |
|    loss                 | 1.9       |
|    n_updates            | 22710     |
|    policy_gradient_loss | 0.00826   |
|    std                  | 0.417     |
|    value_loss           | 31.1      |
---------------------------------------
----------------------------------------
| rollout/                |            |
|    ep_len_mean          | 283        |
|    ep_rew_mean          | -4.44      |
| time/                   |            |
|    fps                  | 154        |
|    iterations           | 35         |
|    time_elapsed         | 1160       |
|    total_timesteps      | 11390400   |
| train/                  |            |
|    approx_kl            | 0.07413573 |
|    clip_fraction        | 0.279      |
|    clip_range           | 0.2        |
|    entropy_loss         | -2.1       |
|    explained_variance   | 0.149      |
|    learning_rate        | 0.0003     |
|    loss                 | 1.02       |
|    n_updates            | 22720      |
|    policy_gradient_loss | -0.000676  |
|    std                  | 0.416      |
|    value_loss           | 115        |
----------------------------------------
----------------------------------------
| rollout/                |            |
|    ep_len_mean          | 286        |
|    ep_rew_mean          | -3.52      |
| time/                   |            |
|    fps                  | 154        |
|    iterations           | 36         |
|    time_elapsed         | 1192       |
|    total_timesteps      | 11395520   |
| train/                  |            |
|    approx_kl            | 0.07840856 |
|    clip_fraction        | 0.379      |
|    clip_range           | 0.2        |
|    entropy_loss         | -2.08      |
|    explained_variance   | 0.136      |
|    learning_rate        | 0.0003     |
|    loss                 | 1.43       |
|    n_updates            | 22730      |
|    policy_gradient_loss | 0.00324    |
|    std                  | 0.415      |
|    value_loss           | 184        |
----------------------------------------
-----------------------------------------
| rollout/                |             |
|    ep_len_mean          | 289         |
|    ep_rew_mean          | -3.84       |
| time/                   |             |
|    fps                  | 154         |
|    iterations           | 37          |
|    time_elapsed         | 1225        |
|    total_timesteps      | 11400640    |
| train/                  |             |
|    approx_kl            | 0.081176035 |
|    clip_fraction        | 0.263       |
|    clip_range           | 0.2         |
|    entropy_loss         | -2.08       |
|    explained_variance   | 0.538       |
|    learning_rate        | 0.0003      |
|    loss                 | 0.138       |
|    n_updates            | 22740       |
|    policy_gradient_loss | 0.00495     |
|    std                  | 0.417       |
|    value_loss           | 25.5        |
-----------------------------------------
-----------------------------------------
| rollout/                |             |
|    ep_len_mean          | 286         |
|    ep_rew_mean          | -8.16       |
| time/                   |             |
|    fps                  | 154         |
|    iterations           | 38          |
|    time_elapsed         | 1258        |
|    total_timesteps      | 11405760    |
| train/                  |             |
|    approx_kl            | 0.073365785 |
|    clip_fraction        | 0.335       |
|    clip_range           | 0.2         |
|    entropy_loss         | -2.1        |
|    explained_variance   | 0.793       |
|    learning_rate        | 0.0003      |
|    loss                 | 0.643       |
|    n_updates            | 22750       |
|    policy_gradient_loss | 0.000969    |
|    std                  | 0.418       |
|    value_loss           | 5.58        |
-----------------------------------------
-----------------------------------------
| rollout/                |             |
|    ep_len_mean          | 283         |
|    ep_rew_mean          | -10.8       |
| time/                   |             |
|    fps                  | 154         |
|    iterations           | 39          |
|    time_elapsed         | 1292        |
|    total_timesteps      | 11410880    |
| train/                  |             |
|    approx_kl            | 0.062536076 |
|    clip_fraction        | 0.284       |
|    clip_range           | 0.2         |
|    entropy_loss         | -2.1        |
|    explained_variance   | 0.583       |
|    learning_rate        | 0.0003      |
|    loss                 | 0.622       |
|    n_updates            | 22760       |
|    policy_gradient_loss | -0.00107    |
|    std                  | 0.418       |
|    value_loss           | 27.6        |
-----------------------------------------
Eval num_timesteps=11411200, episode_reward=-24.43 +/- 53.17
Episode length: 256.60 +/- 54.33
----------------------------------------
| eval/                   |            |
|    mean_ep_length       | 257        |
|    mean_reward          | -24.4      |
| time/                   |            |
|    total_timesteps      | 11411200   |
| train/                  |            |
|    approx_kl            | 0.07703819 |
|    clip_fraction        | 0.306      |
|    clip_range           | 0.2        |
|    entropy_loss         | -2.11      |
|    explained_variance   | 0.408      |
|    learning_rate        | 0.0003     |
|    loss                 | 3.26       |
|    n_updates            | 22770      |
|    policy_gradient_loss | 0.00545    |
|    std                  | 0.419      |
|    value_loss           | 104        |
----------------------------------------
[progress] timestep 11411210
[episode ends] timestep 11411210: flipped=79 (44%), missed_goal=68 (38%), out_of_bounds=5 (3%), scored=27 (15%)
---------------------------------
| episode_end/       |          |
|    flipped         | 79       |
|    missed_goal     | 68       |
|    out_of_bounds   | 5        |
|    scored          | 27       |
| rollout/           |          |
|    ep_len_mean     | 276      |
|    ep_rew_mean     | -15.4    |
| time/              |          |
|    fps             | 154      |
|    iterations      | 40       |
|    time_elapsed    | 1327     |
|    total_timesteps | 11416000 |
---------------------------------
---------------------------------------
| rollout/                |           |
|    ep_len_mean          | 278       |
|    ep_rew_mean          | -10       |
| time/                   |           |
|    fps                  | 154       |
|    iterations           | 41        |
|    time_elapsed         | 1359      |
|    total_timesteps      | 11421120  |
| train/                  |           |
|    approx_kl            | 0.0412559 |
|    clip_fraction        | 0.262     |
|    clip_range           | 0.2       |
|    entropy_loss         | -2.11     |
|    explained_variance   | 0.409     |
|    learning_rate        | 0.0003    |
|    loss                 | 0.312     |
|    n_updates            | 22780     |
|    policy_gradient_loss | -0.00373  |
|    std                  | 0.418     |
|    value_loss           | 55.4      |
---------------------------------------
-----------------------------------------
| rollout/                |             |
|    ep_len_mean          | 278         |
|    ep_rew_mean          | -8.6        |
| time/                   |             |
|    fps                  | 153         |
|    iterations           | 42          |
|    time_elapsed         | 1397        |
|    total_timesteps      | 11426240    |
| train/                  |             |
|    approx_kl            | 0.051445317 |
|    clip_fraction        | 0.255       |
|    clip_range           | 0.2         |
|    entropy_loss         | -2.1        |
|    explained_variance   | 0.641       |
|    learning_rate        | 0.0003      |
|    loss                 | 0.316       |
|    n_updates            | 22790       |
|    policy_gradient_loss | -0.00572    |
|    std                  | 0.418       |
|    value_loss           | 25.5        |
-----------------------------------------
----------------------------------------
| rollout/                |            |
|    ep_len_mean          | 279        |
|    ep_rew_mean          | -5.24      |
| time/                   |            |
|    fps                  | 153        |
|    iterations           | 43         |
|    time_elapsed         | 1430       |
|    total_timesteps      | 11431360   |
| train/                  |            |
|    approx_kl            | 0.09996953 |
|    clip_fraction        | 0.39       |
|    clip_range           | 0.2        |
|    entropy_loss         | -2.09      |
|    explained_variance   | 0.649      |
|    learning_rate        | 0.0003     |
|    loss                 | 0.0644     |
|    n_updates            | 22800      |
|    policy_gradient_loss | 0.00489    |
|    std                  | 0.416      |
|    value_loss           | 15         |
----------------------------------------
-----------------------------------------
| rollout/                |             |
|    ep_len_mean          | 281         |
|    ep_rew_mean          | -7.91       |
| time/                   |             |
|    fps                  | 153         |
|    iterations           | 44          |
|    time_elapsed         | 1464        |
|    total_timesteps      | 11436480    |
| train/                  |             |
|    approx_kl            | 0.110997714 |
|    clip_fraction        | 0.39        |
|    clip_range           | 0.2         |
|    entropy_loss         | -2.08       |
|    explained_variance   | 0.159       |
|    learning_rate        | 0.0003      |
|    loss                 | 0.569       |
|    n_updates            | 22810       |
|    policy_gradient_loss | 0.00926     |
|    std                  | 0.416       |
|    value_loss           | 12.7        |
-----------------------------------------
----------------------------------------
| rollout/                |            |
|    ep_len_mean          | 285        |
|    ep_rew_mean          | -6.27      |
| time/                   |            |
|    fps                  | 153        |
|    iterations           | 45         |
|    time_elapsed         | 1501       |
|    total_timesteps      | 11441600   |
| train/                  |            |
|    approx_kl            | 0.14172223 |
|    clip_fraction        | 0.408      |
|    clip_range           | 0.2        |
|    entropy_loss         | -2.08      |
|    explained_variance   | 0.199      |
|    learning_rate        | 0.0003     |
|    loss                 | 8.3        |
|    n_updates            | 22820      |
|    policy_gradient_loss | 0.00926    |
|    std                  | 0.416      |
|    value_loss           | 138        |
----------------------------------------
-----------------------------------------
| rollout/                |             |
|    ep_len_mean          | 287         |
|    ep_rew_mean          | -3.54       |
| time/                   |             |
|    fps                  | 153         |
|    iterations           | 46          |
|    time_elapsed         | 1534        |
|    total_timesteps      | 11446720    |
| train/                  |             |
|    approx_kl            | 0.116252646 |
|    clip_fraction        | 0.354       |
|    clip_range           | 0.2         |
|    entropy_loss         | -2.08       |
|    explained_variance   | 0.326       |
|    learning_rate        | 0.0003      |
|    loss                 | 99.6        |
|    n_updates            | 22830       |
|    policy_gradient_loss | 0.00446     |
|    std                  | 0.416       |
|    value_loss           | 60.1        |
-----------------------------------------
----------------------------------------
| rollout/                |            |
|    ep_len_mean          | 284        |
|    ep_rew_mean          | -5.83      |
| time/                   |            |
|    fps                  | 153        |
|    iterations           | 47         |
|    time_elapsed         | 1569       |
|    total_timesteps      | 11451840   |
| train/                  |            |
|    approx_kl            | 0.10862496 |
|    clip_fraction        | 0.391      |
|    clip_range           | 0.2        |
|    entropy_loss         | -2.09      |
|    explained_variance   | 0.555      |
|    learning_rate        | 0.0003     |
|    loss                 | 0.691      |
|    n_updates            | 22840      |
|    policy_gradient_loss | 0.00243    |
|    std                  | 0.417      |
|    value_loss           | 8.71       |
----------------------------------------
----------------------------------------
| rollout/                |            |
|    ep_len_mean          | 282        |
|    ep_rew_mean          | -5.14      |
| time/                   |            |
|    fps                  | 153        |
|    iterations           | 48         |
|    time_elapsed         | 1604       |
|    total_timesteps      | 11456960   |
| train/                  |            |
|    approx_kl            | 0.05045236 |
|    clip_fraction        | 0.316      |
|    clip_range           | 0.2        |
|    entropy_loss         | -2.1       |
|    explained_variance   | 0.508      |
|    learning_rate        | 0.0003     |
|    loss                 | 0.0702     |
|    n_updates            | 22850      |
|    policy_gradient_loss | -0.000712  |
|    std                  | 0.416      |
|    value_loss           | 57.8       |
----------------------------------------
Eval num_timesteps=11461200, episode_reward=14.39 +/- 30.83
Episode length: 287.70 +/- 36.36
----------------------------------------
| eval/                   |            |
|    mean_ep_length       | 288        |
|    mean_reward          | 14.4       |
| time/                   |            |
|    total_timesteps      | 11461200   |
| train/                  |            |
|    approx_kl            | 0.11828607 |
|    clip_fraction        | 0.315      |
|    clip_range           | 0.2        |
|    entropy_loss         | -2.09      |
|    explained_variance   | 0.455      |
|    learning_rate        | 0.0003     |
|    loss                 | 0.277      |
|    n_updates            | 22860      |
|    policy_gradient_loss | 0.00181    |
|    std                  | 0.417      |
|    value_loss           | 33.1       |
----------------------------------------
New best mean reward!
[episode ends] timestep 11461210: flipped=73 (42%), missed_goal=77 (44%), out_of_bounds=1 (1%), scored=24 (14%)
---------------------------------
| episode_end/       |          |
|    flipped         | 73       |
|    missed_goal     | 77       |
|    out_of_bounds   | 1        |
|    scored          | 24       |
| rollout/           |          |
|    ep_len_mean     | 284      |
|    ep_rew_mean     | -2.68    |
| time/              |          |
|    fps             | 152      |
|    iterations      | 49       |
|    time_elapsed    | 1640     |
|    total_timesteps | 11462080 |
---------------------------------
----------------------------------------
| rollout/                |            |
|    ep_len_mean          | 280        |
|    ep_rew_mean          | -1.56      |
| time/                   |            |
|    fps                  | 152        |
|    iterations           | 50         |
|    time_elapsed         | 1674       |
|    total_timesteps      | 11467200   |
| train/                  |            |
|    approx_kl            | 0.09070485 |
|    clip_fraction        | 0.349      |
|    clip_range           | 0.2        |
|    entropy_loss         | -2.09      |
|    explained_variance   | 0.748      |
|    learning_rate        | 0.0003     |
|    loss                 | 0.0578     |
|    n_updates            | 22870      |
|    policy_gradient_loss | 0.00586    |
|    std                  | 0.416      |
|    value_loss           | 8.03       |
----------------------------------------
-----------------------------------------
| rollout/                |             |
|    ep_len_mean          | 275         |
|    ep_rew_mean          | -3.21       |
| time/                   |             |
|    fps                  | 152         |
|    iterations           | 51          |
|    time_elapsed         | 1710        |
|    total_timesteps      | 11472320    |
| train/                  |             |
|    approx_kl            | 0.029029598 |
|    clip_fraction        | 0.237       |
|    clip_range           | 0.2         |
|    entropy_loss         | -2.09       |
|    explained_variance   | 0.543       |
|    learning_rate        | 0.0003      |
|    loss                 | 46.1        |
|    n_updates            | 22880       |
|    policy_gradient_loss | -0.00622    |
|    std                  | 0.416       |
|    value_loss           | 33.2        |
-----------------------------------------
-----------------------------------------
| rollout/                |             |
|    ep_len_mean          | 276         |
|    ep_rew_mean          | -4.07       |
| time/                   |             |
|    fps                  | 152         |
|    iterations           | 52          |
|    time_elapsed         | 1747        |
|    total_timesteps      | 11477440    |
| train/                  |             |
|    approx_kl            | 0.029099014 |
|    clip_fraction        | 0.244       |
|    clip_range           | 0.2         |
|    entropy_loss         | -2.09       |
|    explained_variance   | 0.2         |
|    learning_rate        | 0.0003      |
|    loss                 | 0.73        |
|    n_updates            | 22890       |
|    policy_gradient_loss | -0.00151    |
|    std                  | 0.416       |
|    value_loss           | 166         |
-----------------------------------------
----------------------------------------
| rollout/                |            |
|    ep_len_mean          | 278        |
|    ep_rew_mean          | -2.99      |
| time/                   |            |
|    fps                  | 152        |
|    iterations           | 53         |
|    time_elapsed         | 1779       |
|    total_timesteps      | 11482560   |
| train/                  |            |
|    approx_kl            | 0.07648328 |
|    clip_fraction        | 0.248      |
|    clip_range           | 0.2        |
|    entropy_loss         | -2.09      |
|    explained_variance   | 0.516      |
|    learning_rate        | 0.0003     |
|    loss                 | 3.21       |
|    n_updates            | 22900      |
|    policy_gradient_loss | -0.00661   |
|    std                  | 0.415      |
|    value_loss           | 32.4       |
----------------------------------------
----------------------------------------
| rollout/                |            |
|    ep_len_mean          | 278        |
|    ep_rew_mean          | -5.06      |
| time/                   |            |
|    fps                  | 152        |
|    iterations           | 54         |
|    time_elapsed         | 1815       |
|    total_timesteps      | 11487680   |
| train/                  |            |
|    approx_kl            | 0.14442307 |
|    clip_fraction        | 0.38       |
|    clip_range           | 0.2        |
|    entropy_loss         | -2.08      |
|    explained_variance   | 0.657      |
|    learning_rate        | 0.0003     |
|    loss                 | 0.06       |
|    n_updates            | 22910      |
|    policy_gradient_loss | 0.00493    |
|    std                  | 0.414      |
|    value_loss           | 18         |
----------------------------------------
----------------------------------------
| rollout/                |            |
|    ep_len_mean          | 280        |
|    ep_rew_mean          | -5.84      |
| time/                   |            |
|    fps                  | 152        |
|    iterations           | 55         |
|    time_elapsed         | 1849       |
|    total_timesteps      | 11492800   |
| train/                  |            |
|    approx_kl            | 0.07561405 |
|    clip_fraction        | 0.377      |
|    clip_range           | 0.2        |
|    entropy_loss         | -2.08      |
|    explained_variance   | 0.449      |
|    learning_rate        | 0.0003     |
|    loss                 | 1.33       |
|    n_updates            | 22920      |
|    policy_gradient_loss | 0.00733    |
|    std                  | 0.415      |
|    value_loss           | 16.2       |
----------------------------------------
----------------------------------------
| rollout/                |            |
|    ep_len_mean          | 285        |
|    ep_rew_mean          | 1.32       |
| time/                   |            |
|    fps                  | 152        |
|    iterations           | 56         |
|    time_elapsed         | 1885       |
|    total_timesteps      | 11497920   |
| train/                  |            |
|    approx_kl            | 0.10509702 |
|    clip_fraction        | 0.37       |
|    clip_range           | 0.2        |
|    entropy_loss         | -2.08      |
|    explained_variance   | 0.729      |
|    learning_rate        | 0.0003     |
|    loss                 | 0.288      |
|    n_updates            | 22930      |
|    policy_gradient_loss | 0.00294    |
|    std                  | 0.415      |
|    value_loss           | 4.41       |
----------------------------------------
----------------------------------------
| rollout/                |            |
|    ep_len_mean          | 288        |
|    ep_rew_mean          | 0.747      |
| time/                   |            |
|    fps                  | 151        |
|    iterations           | 57         |
|    time_elapsed         | 1922       |
|    total_timesteps      | 11503040   |
| train/                  |            |
|    approx_kl            | 0.13888809 |
|    clip_fraction        | 0.417      |
|    clip_range           | 0.2        |
|    entropy_loss         | -2.11      |
|    explained_variance   | 0.771      |
|    learning_rate        | 0.0003     |
|    loss                 | 1.29       |
|    n_updates            | 22940      |
|    policy_gradient_loss | 0.0108     |
|    std                  | 0.42       |
|    value_loss           | 4.06       |
----------------------------------------
----------------------------------------
| rollout/                |            |
|    ep_len_mean          | 289        |
|    ep_rew_mean          | 1.69       |
| time/                   |            |
|    fps                  | 151        |
|    iterations           | 58         |
|    time_elapsed         | 1957       |
|    total_timesteps      | 11508160   |
| train/                  |            |
|    approx_kl            | 0.06116993 |
|    clip_fraction        | 0.263      |
|    clip_range           | 0.2        |
|    entropy_loss         | -2.13      |
|    explained_variance   | 0.482      |
|    learning_rate        | 0.0003     |
|    loss                 | 1.16       |
|    n_updates            | 22950      |
|    policy_gradient_loss | 0.00313    |
|    std                  | 0.42       |
|    value_loss           | 57.1       |
----------------------------------------
Eval num_timesteps=11511200, episode_reward=-1.37 +/- 57.96
Episode length: 281.10 +/- 32.71
-----------------------------------------
| eval/                   |             |
|    mean_ep_length       | 281         |
|    mean_reward          | -1.37       |
| time/                   |             |
|    total_timesteps      | 11511200    |
| train/                  |             |
|    approx_kl            | 0.055782728 |
|    clip_fraction        | 0.294       |
|    clip_range           | 0.2         |
|    entropy_loss         | -2.13       |
|    explained_variance   | 0.497       |
|    learning_rate        | 0.0003      |
|    loss                 | 0.0858      |
|    n_updates            | 22960       |
|    policy_gradient_loss | 0.00854     |
|    std                  | 0.42        |
|    value_loss           | 42          |
-----------------------------------------
[progress] timestep 11511210
[episode ends] timestep 11511210: flipped=53 (30%), missed_goal=93 (53%), out_of_bounds=2 (1%), scored=28 (16%)
---------------------------------
| episode_end/       |          |
|    flipped         | 53       |
|    missed_goal     | 93       |
|    out_of_bounds   | 2        |
|    scored          | 28       |
| rollout/           |          |
|    ep_len_mean     | 294      |
|    ep_rew_mean     | 3.06     |
| time/              |          |
|    fps             | 151      |
|    iterations      | 59       |
|    time_elapsed    | 1993     |
|    total_timesteps | 11513280 |
---------------------------------
---------------------------------------
| rollout/                |           |
|    ep_len_mean          | 293       |
|    ep_rew_mean          | 6.24      |
| time/                   |           |
|    fps                  | 151       |
|    iterations           | 60        |
|    time_elapsed         | 2032      |
|    total_timesteps      | 11518400  |
| train/                  |           |
|    approx_kl            | 0.0509309 |
|    clip_fraction        | 0.27      |
|    clip_range           | 0.2       |
|    entropy_loss         | -2.14     |
|    explained_variance   | 0.635     |
|    learning_rate        | 0.0003    |
|    loss                 | 0.166     |
|    n_updates            | 22970     |
|    policy_gradient_loss | -0.00596  |
|    std                  | 0.422     |
|    value_loss           | 22.6      |
---------------------------------------
-----------------------------------------
| rollout/                |             |
|    ep_len_mean          | 292         |
|    ep_rew_mean          | 3.62        |
| time/                   |             |
|    fps                  | 150         |
|    iterations           | 61          |
|    time_elapsed         | 2069        |
|    total_timesteps      | 11523520    |
| train/                  |             |
|    approx_kl            | 0.034169063 |
|    clip_fraction        | 0.286       |
|    clip_range           | 0.2         |
|    entropy_loss         | -2.17       |
|    explained_variance   | 0.318       |
|    learning_rate        | 0.0003      |
|    loss                 | 4.53        |
|    n_updates            | 22980       |
|    policy_gradient_loss | 0.00528     |
|    std                  | 0.426       |
|    value_loss           | 98.9        |
-----------------------------------------
-----------------------------------------
| rollout/                |             |
|    ep_len_mean          | 292         |
|    ep_rew_mean          | 4.21        |
| time/                   |             |
|    fps                  | 151         |
|    iterations           | 62          |
|    time_elapsed         | 2101        |
|    total_timesteps      | 11528640    |
| train/                  |             |
|    approx_kl            | 0.041208275 |
|    clip_fraction        | 0.229       |
|    clip_range           | 0.2         |
|    entropy_loss         | -2.19       |
|    explained_variance   | 0.297       |
|    learning_rate        | 0.0003      |
|    loss                 | 17          |
|    n_updates            | 22990       |
|    policy_gradient_loss | -0.0104     |
|    std                  | 0.426       |
|    value_loss           | 46.9        |
-----------------------------------------
----------------------------------------
| rollout/                |            |
|    ep_len_mean          | 293        |
|    ep_rew_mean          | 4.25       |
| time/                   |            |
|    fps                  | 150        |
|    iterations           | 63         |
|    time_elapsed         | 2137       |
|    total_timesteps      | 11533760   |
| train/                  |            |
|    approx_kl            | 0.01989464 |
|    clip_fraction        | 0.163      |
|    clip_range           | 0.2        |
|    entropy_loss         | -2.2       |
|    explained_variance   | 0.515      |
|    learning_rate        | 0.0003     |
|    loss                 | 17.4       |
|    n_updates            | 23000      |
|    policy_gradient_loss | -0.0116    |
|    std                  | 0.426      |
|    value_loss           | 46.4       |
----------------------------------------
-----------------------------------------
| rollout/                |             |
|    ep_len_mean          | 291         |
|    ep_rew_mean          | 7.52        |
| time/                   |             |
|    fps                  | 150         |
|    iterations           | 64          |
|    time_elapsed         | 2173        |
|    total_timesteps      | 11538880    |
| train/                  |             |
|    approx_kl            | 0.050450463 |
|    clip_fraction        | 0.244       |
|    clip_range           | 0.2         |
|    entropy_loss         | -2.19       |
|    explained_variance   | 0.669       |
|    learning_rate        | 0.0003      |
|    loss                 | 0.448       |
|    n_updates            | 23010       |
|    policy_gradient_loss | -0.00813    |
|    std                  | 0.425       |
|    value_loss           | 6.1         |
-----------------------------------------
-----------------------------------------
| rollout/                |             |
|    ep_len_mean          | 287         |
|    ep_rew_mean          | 6.36        |
| time/                   |             |
|    fps                  | 150         |
|    iterations           | 65          |
|    time_elapsed         | 2209        |
|    total_timesteps      | 11544000    |
| train/                  |             |
|    approx_kl            | 0.054255884 |
|    clip_fraction        | 0.295       |
|    clip_range           | 0.2         |
|    entropy_loss         | -2.18       |
|    explained_variance   | 0.484       |
|    learning_rate        | 0.0003      |
|    loss                 | 0.681       |
|    n_updates            | 23020       |
|    policy_gradient_loss | 0.0046      |
|    std                  | 0.425       |
|    value_loss           | 19          |
-----------------------------------------
----------------------------------------
| rollout/                |            |
|    ep_len_mean          | 287        |
|    ep_rew_mean          | 4.66       |
| time/                   |            |
|    fps                  | 150        |
|    iterations           | 66         |
|    time_elapsed         | 2245       |
|    total_timesteps      | 11549120   |
| train/                  |            |
|    approx_kl            | 0.13346377 |
|    clip_fraction        | 0.374      |
|    clip_range           | 0.2        |
|    entropy_loss         | -2.17      |
|    explained_variance   | 0.344      |
|    learning_rate        | 0.0003     |
|    loss                 | 2.89       |
|    n_updates            | 23030      |
|    policy_gradient_loss | 0.00305    |
|    std                  | 0.425      |
|    value_loss           | 51.7       |
----------------------------------------
----------------------------------------
| rollout/                |            |
|    ep_len_mean          | 289        |
|    ep_rew_mean          | 2.3        |
| time/                   |            |
|    fps                  | 150        |
|    iterations           | 67         |
|    time_elapsed         | 2281       |
|    total_timesteps      | 11554240   |
| train/                  |            |
|    approx_kl            | 0.13411644 |
|    clip_fraction        | 0.445      |
|    clip_range           | 0.2        |
|    entropy_loss         | -2.17      |
|    explained_variance   | 0.523      |
|    learning_rate        | 0.0003     |
|    loss                 | 14.3       |
|    n_updates            | 23040      |
|    policy_gradient_loss | 0.0104     |
|    std                  | 0.423      |
|    value_loss           | 25.5       |
----------------------------------------
-----------------------------------------
| rollout/                |             |
|    ep_len_mean          | 292         |
|    ep_rew_mean          | -5.4        |
| time/                   |             |
|    fps                  | 150         |
|    iterations           | 68          |
|    time_elapsed         | 2314        |
|    total_timesteps      | 11559360    |
| train/                  |             |
|    approx_kl            | 0.083700545 |
|    clip_fraction        | 0.389       |
|    clip_range           | 0.2         |
|    entropy_loss         | -2.17       |
|    explained_variance   | 0.264       |
|    learning_rate        | 0.0003      |
|    loss                 | 0.0216      |
|    n_updates            | 23050       |
|    policy_gradient_loss | 0.00623     |
|    std                  | 0.425       |
|    value_loss           | 105         |
-----------------------------------------
Eval num_timesteps=11561200, episode_reward=-9.72 +/- 76.22
Episode length: 287.60 +/- 35.21
----------------------------------------
| eval/                   |            |
|    mean_ep_length       | 288        |
|    mean_reward          | -9.72      |
| time/                   |            |
|    total_timesteps      | 11561200   |
| train/                  |            |
|    approx_kl            | 0.10091659 |
|    clip_fraction        | 0.348      |
|    clip_range           | 0.2        |
|    entropy_loss         | -2.17      |
|    explained_variance   | 0.217      |
|    learning_rate        | 0.0003     |
|    loss                 | 0.138      |
|    n_updates            | 23060      |
|    policy_gradient_loss | 0.00455    |
|    std                  | 0.424      |
|    value_loss           | 136        |
----------------------------------------
[episode ends] timestep 11561210: flipped=64 (37%), missed_goal=76 (44%), out_of_bounds=1 (1%), scored=33 (19%)
---------------------------------
| episode_end/       |          |
|    flipped         | 64       |
|    missed_goal     | 76       |
|    out_of_bounds   | 1        |
|    scored          | 33       |
| rollout/           |          |
|    ep_len_mean     | 290      |
|    ep_rew_mean     | -9.63    |
| time/              |          |
|    fps             | 150      |
|    iterations      | 69       |
|    time_elapsed    | 2351     |
|    total_timesteps | 11564480 |
---------------------------------
-----------------------------------------
| rollout/                |             |
|    ep_len_mean          | 291         |
|    ep_rew_mean          | -12.8       |
| time/                   |             |
|    fps                  | 150         |
|    iterations           | 70          |
|    time_elapsed         | 2387        |
|    total_timesteps      | 11569600    |
| train/                  |             |
|    approx_kl            | 0.035778772 |
|    clip_fraction        | 0.221       |
|    clip_range           | 0.2         |
|    entropy_loss         | -2.16       |
|    explained_variance   | 0.743       |
|    learning_rate        | 0.0003      |
|    loss                 | 0.519       |
|    n_updates            | 23070       |
|    policy_gradient_loss | -0.00308    |
|    std                  | 0.424       |
|    value_loss           | 8.77        |
-----------------------------------------
-----------------------------------------
| rollout/                |             |
|    ep_len_mean          | 289         |
|    ep_rew_mean          | -14.7       |
| time/                   |             |
|    fps                  | 150         |
|    iterations           | 71          |
|    time_elapsed         | 2419        |
|    total_timesteps      | 11574720    |
| train/                  |             |
|    approx_kl            | 0.067855924 |
|    clip_fraction        | 0.343       |
|    clip_range           | 0.2         |
|    entropy_loss         | -2.16       |
|    explained_variance   | 0.31        |
|    learning_rate        | 0.0003      |
|    loss                 | 6.67        |
|    n_updates            | 23080       |
|    policy_gradient_loss | -0.00118    |
|    std                  | 0.424       |
|    value_loss           | 69.5        |
-----------------------------------------
----------------------------------------
| rollout/                |            |
|    ep_len_mean          | 287        |
|    ep_rew_mean          | -17.5      |
| time/                   |            |
|    fps                  | 150        |
|    iterations           | 72         |
|    time_elapsed         | 2453       |
|    total_timesteps      | 11579840   |
| train/                  |            |
|    approx_kl            | 0.10258673 |
|    clip_fraction        | 0.327      |
|    clip_range           | 0.2        |
|    entropy_loss         | -2.18      |
|    explained_variance   | 0.4        |
|    learning_rate        | 0.0003     |
|    loss                 | 1.43       |
|    n_updates            | 23090      |
|    policy_gradient_loss | 0.00112    |
|    std                  | 0.427      |
|    value_loss           | 40.4       |
----------------------------------------
----------------------------------------
| rollout/                |            |
|    ep_len_mean          | 284        |
|    ep_rew_mean          | -12.7      |
| time/                   |            |
|    fps                  | 150        |
|    iterations           | 73         |
|    time_elapsed         | 2488       |
|    total_timesteps      | 11584960   |
| train/                  |            |
|    approx_kl            | 0.13175815 |
|    clip_fraction        | 0.357      |
|    clip_range           | 0.2        |
|    entropy_loss         | -2.19      |
|    explained_variance   | 0.33       |
|    learning_rate        | 0.0003     |
|    loss                 | 0.668      |
|    n_updates            | 23100      |
|    policy_gradient_loss | 0.00309    |
|    std                  | 0.428      |
|    value_loss           | 84.4       |
----------------------------------------
---------------------------------------
| rollout/                |           |
|    ep_len_mean          | 283       |
|    ep_rew_mean          | -8.94     |
| time/                   |           |
|    fps                  | 150       |
|    iterations           | 74        |
|    time_elapsed         | 2523      |
|    total_timesteps      | 11590080  |
| train/                  |           |
|    approx_kl            | 0.0335716 |
|    clip_fraction        | 0.242     |
|    clip_range           | 0.2       |
|    entropy_loss         | -2.19     |
|    explained_variance   | 0.707     |
|    learning_rate        | 0.0003    |
|    loss                 | 0.254     |
|    n_updates            | 23110     |
|    policy_gradient_loss | -0.00865  |
|    std                  | 0.427     |
|    value_loss           | 8.02      |
---------------------------------------
---------------------------------------
| rollout/                |           |
|    ep_len_mean          | 283       |
|    ep_rew_mean          | -10.7     |
| time/                   |           |
|    fps                  | 150       |
|    iterations           | 75        |
|    time_elapsed         | 2558      |
|    total_timesteps      | 11595200  |
| train/                  |           |
|    approx_kl            | 0.2257555 |
|    clip_fraction        | 0.477     |
|    clip_range           | 0.2       |
|    entropy_loss         | -2.19     |
|    explained_variance   | 0.22      |
|    learning_rate        | 0.0003    |
|    loss                 | 0.117     |
|    n_updates            | 23120     |
|    policy_gradient_loss | 0.0324    |
|    std                  | 0.428     |
|    value_loss           | 143       |
---------------------------------------
----------------------------------------
| rollout/                |            |
|    ep_len_mean          | 288        |
|    ep_rew_mean          | -10.1      |
| time/                   |            |
|    fps                  | 150        |
|    iterations           | 76         |
|    time_elapsed         | 2587       |
|    total_timesteps      | 11600320   |
| train/                  |            |
|    approx_kl            | 0.10125613 |
|    clip_fraction        | 0.384      |
|    clip_range           | 0.2        |
|    entropy_loss         | -2.19      |
|    explained_variance   | 0.297      |
|    learning_rate        | 0.0003     |
|    loss                 | 2.11       |
|    n_updates            | 23130      |
|    policy_gradient_loss | 0.0055     |
|    std                  | 0.427      |
|    value_loss           | 47.6       |
----------------------------------------
----------------------------------------
| rollout/                |            |
|    ep_len_mean          | 291        |
|    ep_rew_mean          | -9.02      |
| time/                   |            |
|    fps                  | 150        |
|    iterations           | 77         |
|    time_elapsed         | 2620       |
|    total_timesteps      | 11605440   |
| train/                  |            |
|    approx_kl            | 0.16354366 |
|    clip_fraction        | 0.441      |
|    clip_range           | 0.2        |
|    entropy_loss         | -2.19      |
|    explained_variance   | 0.38       |
|    learning_rate        | 0.0003     |
|    loss                 | 1.93       |
|    n_updates            | 23140      |
|    policy_gradient_loss | 0.0117     |
|    std                  | 0.427      |
|    value_loss           | 78.6       |
----------------------------------------
-----------------------------------------
| rollout/                |             |
|    ep_len_mean          | 297         |
|    ep_rew_mean          | -6.99       |
| time/                   |             |
|    fps                  | 150         |
|    iterations           | 78          |
|    time_elapsed         | 2652        |
|    total_timesteps      | 11610560    |
| train/                  |             |
|    approx_kl            | 0.084368594 |
|    clip_fraction        | 0.362       |
|    clip_range           | 0.2         |
|    entropy_loss         | -2.18       |
|    explained_variance   | 0.683       |
|    learning_rate        | 0.0003      |
|    loss                 | 1.51        |
|    n_updates            | 23150       |
|    policy_gradient_loss | 0.00536     |
|    std                  | 0.425       |
|    value_loss           | 15          |
-----------------------------------------
Eval num_timesteps=11611200, episode_reward=-21.58 +/- 62.02
Episode length: 302.50 +/- 46.36
----------------------------------------
| eval/                   |            |
|    mean_ep_length       | 302        |
|    mean_reward          | -21.6      |
| time/                   |            |
|    total_timesteps      | 11611200   |
| train/                  |            |
|    approx_kl            | 0.08307664 |
|    clip_fraction        | 0.38       |
|    clip_range           | 0.2        |
|    entropy_loss         | -2.18      |
|    explained_variance   | 0.516      |
|    learning_rate        | 0.0003     |
|    loss                 | 1.11       |
|    n_updates            | 23160      |
|    policy_gradient_loss | 0.00847    |
|    std                  | 0.427      |
|    value_loss           | 14.4       |
----------------------------------------
[progress] timestep 11611210
[episode ends] timestep 11611210: flipped=83 (48%), missed_goal=71 (41%), out_of_bounds=2 (1%), scored=16 (9%)
---------------------------------
| episode_end/       |          |
|    flipped         | 83       |
|    missed_goal     | 71       |
|    out_of_bounds   | 2        |
|    scored          | 16       |
| rollout/           |          |
|    ep_len_mean     | 298      |
|    ep_rew_mean     | -5.36    |
| time/              |          |
|    fps             | 150      |
|    iterations      | 79       |
|    time_elapsed    | 2688     |
|    total_timesteps | 11615680 |
---------------------------------
----------------------------------------
| rollout/                |            |
|    ep_len_mean          | 300        |
|    ep_rew_mean          | -2.36      |
| time/                   |            |
|    fps                  | 150        |
|    iterations           | 80         |
|    time_elapsed         | 2721       |
|    total_timesteps      | 11620800   |
| train/                  |            |
|    approx_kl            | 0.06560645 |
|    clip_fraction        | 0.291      |
|    clip_range           | 0.2        |
|    entropy_loss         | -2.19      |
|    explained_variance   | 0.327      |
|    learning_rate        | 0.0003     |
|    loss                 | 0.85       |
|    n_updates            | 23170      |
|    policy_gradient_loss | 0.0018     |
|    std                  | 0.428      |
|    value_loss           | 43.6       |
----------------------------------------
----------------------------------------
| rollout/                |            |
|    ep_len_mean          | 301        |
|    ep_rew_mean          | 4.21       |
| time/                   |            |
|    fps                  | 150        |
|    iterations           | 81         |
|    time_elapsed         | 2751       |
|    total_timesteps      | 11625920   |
| train/                  |            |
|    approx_kl            | 0.07385095 |
|    clip_fraction        | 0.364      |
|    clip_range           | 0.2        |
|    entropy_loss         | -2.2       |
|    explained_variance   | 0.645      |
|    learning_rate        | 0.0003     |
|    loss                 | 1.6        |
|    n_updates            | 23180      |
|    policy_gradient_loss | -0.00172   |
|    std                  | 0.429      |
|    value_loss           | 4.1        |
----------------------------------------
-----------------------------------------
| rollout/                |             |
|    ep_len_mean          | 303         |
|    ep_rew_mean          | 8.61        |
| time/                   |             |
|    fps                  | 150         |
|    iterations           | 82          |
|    time_elapsed         | 2785        |
|    total_timesteps      | 11631040    |
| train/                  |             |
|    approx_kl            | 0.099665985 |
|    clip_fraction        | 0.393       |
|    clip_range           | 0.2         |
|    entropy_loss         | -2.2        |
|    explained_variance   | 0.755       |
|    learning_rate        | 0.0003      |
|    loss                 | 1.85        |
|    n_updates            | 23190       |
|    policy_gradient_loss | 0.0137      |
|    std                  | 0.429       |
|    value_loss           | 10.5        |
-----------------------------------------
-----------------------------------------
| rollout/                |             |
|    ep_len_mean          | 302         |
|    ep_rew_mean          | 7.93        |
| time/                   |             |
|    fps                  | 150         |
|    iterations           | 83          |
|    time_elapsed         | 2816        |
|    total_timesteps      | 11636160    |
| train/                  |             |
|    approx_kl            | 0.070465684 |
|    clip_fraction        | 0.298       |
|    clip_range           | 0.2         |
|    entropy_loss         | -2.2        |
|    explained_variance   | 0.816       |
|    learning_rate        | 0.0003      |
|    loss                 | 0.165       |
|    n_updates            | 23200       |
|    policy_gradient_loss | -0.0011     |
|    std                  | 0.429       |
|    value_loss           | 6.93        |
-----------------------------------------
----------------------------------------
| rollout/                |            |
|    ep_len_mean          | 295        |
|    ep_rew_mean          | 0.603      |
| time/                   |            |
|    fps                  | 150        |
|    iterations           | 84         |
|    time_elapsed         | 2850       |
|    total_timesteps      | 11641280   |
| train/                  |            |
|    approx_kl            | 0.10977195 |
|    clip_fraction        | 0.411      |
|    clip_range           | 0.2        |
|    entropy_loss         | -2.2       |
|    explained_variance   | 0.442      |
|    learning_rate        | 0.0003     |
|    loss                 | 2.91       |
|    n_updates            | 23210      |
|    policy_gradient_loss | 0.00748    |
|    std                  | 0.429      |
|    value_loss           | 67         |
----------------------------------------
-----------------------------------------
| rollout/                |             |
|    ep_len_mean          | 286         |
|    ep_rew_mean          | -1.86       |
| time/                   |             |
|    fps                  | 150         |
|    iterations           | 85          |
|    time_elapsed         | 2887        |
|    total_timesteps      | 11646400    |
| train/                  |             |
|    approx_kl            | 0.052053403 |
|    clip_fraction        | 0.245       |
|    clip_range           | 0.2         |
|    entropy_loss         | -2.2        |
|    explained_variance   | 0.218       |
|    learning_rate        | 0.0003      |
|    loss                 | 1.02        |
|    n_updates            | 23220       |
|    policy_gradient_loss | -0.00505    |
|    std                  | 0.429       |
|    value_loss           | 114         |
-----------------------------------------
-----------------------------------------
| rollout/                |             |
|    ep_len_mean          | 283         |
|    ep_rew_mean          | -8.15       |
| time/                   |             |
|    fps                  | 150         |
|    iterations           | 86          |
|    time_elapsed         | 2921        |
|    total_timesteps      | 11651520    |
| train/                  |             |
|    approx_kl            | 0.014896857 |
|    clip_fraction        | 0.1         |
|    clip_range           | 0.2         |
|    entropy_loss         | -2.2        |
|    explained_variance   | 0.498       |
|    learning_rate        | 0.0003      |
|    loss                 | 0.908       |
|    n_updates            | 23230       |
|    policy_gradient_loss | -0.00894    |
|    std                  | 0.429       |
|    value_loss           | 77.4        |
-----------------------------------------
-----------------------------------------
| rollout/                |             |
|    ep_len_mean          | 282         |
|    ep_rew_mean          | -13.4       |
| time/                   |             |
|    fps                  | 150         |
|    iterations           | 87          |
|    time_elapsed         | 2952        |
|    total_timesteps      | 11656640    |
| train/                  |             |
|    approx_kl            | 0.026432713 |
|    clip_fraction        | 0.234       |
|    clip_range           | 0.2         |
|    entropy_loss         | -2.19       |
|    explained_variance   | 0.264       |
|    learning_rate        | 0.0003      |
|    loss                 | 655         |
|    n_updates            | 23240       |
|    policy_gradient_loss | -0.00383    |
|    std                  | 0.429       |
|    value_loss           | 127         |
-----------------------------------------
Eval num_timesteps=11661200, episode_reward=-50.26 +/- 80.69
Episode length: 261.50 +/- 62.19
-----------------------------------------
| eval/                   |             |
|    mean_ep_length       | 262         |
|    mean_reward          | -50.3       |
| time/                   |             |
|    total_timesteps      | 11661200    |
| train/                  |             |
|    approx_kl            | 0.035419792 |
|    clip_fraction        | 0.248       |
|    clip_range           | 0.2         |
|    entropy_loss         | -2.2        |
|    explained_variance   | 0.453       |
|    learning_rate        | 0.0003      |
|    loss                 | 0.359       |
|    n_updates            | 23250       |
|    policy_gradient_loss | -0.000367   |
|    std                  | 0.429       |
|    value_loss           | 28.7        |
-----------------------------------------
[episode ends] timestep 11661210: flipped=74 (42%), missed_goal=71 (41%), scored=30 (17%)
---------------------------------
| episode_end/       |          |
|    flipped         | 74       |
|    missed_goal     | 71       |
|    scored          | 30       |
| rollout/           |          |
|    ep_len_mean     | 276      |
|    ep_rew_mean     | -10.7    |
| time/              |          |
|    fps             | 150      |
|    iterations      | 88       |
|    time_elapsed    | 2989     |
|    total_timesteps | 11661760 |
---------------------------------
----------------------------------------
| rollout/                |            |
|    ep_len_mean          | 275        |
|    ep_rew_mean          | -9.25      |
| time/                   |            |
|    fps                  | 150        |
|    iterations           | 89         |
|    time_elapsed         | 3026       |
|    total_timesteps      | 11666880   |
| train/                  |            |
|    approx_kl            | 0.03799704 |
|    clip_fraction        | 0.219      |
|    clip_range           | 0.2        |
|    entropy_loss         | -2.2       |
|    explained_variance   | 0.598      |
|    learning_rate        | 0.0003     |
|    loss                 | 1.02       |
|    n_updates            | 23260      |
|    policy_gradient_loss | -0.00542   |
|    std                  | 0.43       |
|    value_loss           | 13         |
----------------------------------------
-----------------------------------------
| rollout/                |             |
|    ep_len_mean          | 279         |
|    ep_rew_mean          | -13.8       |
| time/                   |             |
|    fps                  | 150         |
|    iterations           | 90          |
|    time_elapsed         | 3058        |
|    total_timesteps      | 11672000    |
| train/                  |             |
|    approx_kl            | 0.033220295 |
|    clip_fraction        | 0.198       |
|    clip_range           | 0.2         |
|    entropy_loss         | -2.21       |
|    explained_variance   | 0.163       |
|    learning_rate        | 0.0003      |
|    loss                 | 4.2         |
|    n_updates            | 23270       |
|    policy_gradient_loss | -0.00961    |
|    std                  | 0.429       |
|    value_loss           | 349         |
-----------------------------------------
-----------------------------------------
| rollout/                |             |
|    ep_len_mean          | 282         |
|    ep_rew_mean          | -7          |
| time/                   |             |
|    fps                  | 150         |
|    iterations           | 91          |
|    time_elapsed         | 3094        |
|    total_timesteps      | 11677120    |
| train/                  |             |
|    approx_kl            | 0.013713603 |
|    clip_fraction        | 0.137       |
|    clip_range           | 0.2         |
|    entropy_loss         | -2.19       |
|    explained_variance   | 0.397       |
|    learning_rate        | 0.0003      |
|    loss                 | 6.57        |
|    n_updates            | 23280       |
|    policy_gradient_loss | -0.00929    |
|    std                  | 0.429       |
|    value_loss           | 74.7        |
-----------------------------------------
-----------------------------------------
| rollout/                |             |
|    ep_len_mean          | 282         |
|    ep_rew_mean          | -5.82       |
| time/                   |             |
|    fps                  | 150         |
|    iterations           | 92          |
|    time_elapsed         | 3127        |
|    total_timesteps      | 11682240    |
| train/                  |             |
|    approx_kl            | 0.027995666 |
|    clip_fraction        | 0.126       |
|    clip_range           | 0.2         |
|    entropy_loss         | -2.19       |
|    explained_variance   | 0.641       |
|    learning_rate        | 0.0003      |
|    loss                 | 2.78        |
|    n_updates            | 23290       |
|    policy_gradient_loss | -0.0118     |
|    std                  | 0.427       |
|    value_loss           | 26.9        |
-----------------------------------------
-----------------------------------------
| rollout/                |             |
|    ep_len_mean          | 285         |
|    ep_rew_mean          | -9.03       |
| time/                   |             |
|    fps                  | 150         |
|    iterations           | 93          |
|    time_elapsed         | 3157        |
|    total_timesteps      | 11687360    |
| train/                  |             |
|    approx_kl            | 0.047775764 |
|    clip_fraction        | 0.241       |
|    clip_range           | 0.2         |
|    entropy_loss         | -2.18       |
|    explained_variance   | 0.408       |
|    learning_rate        | 0.0003      |
|    loss                 | 1.02        |
|    n_updates            | 23300       |
|    policy_gradient_loss | -0.00931    |
|    std                  | 0.428       |
|    value_loss           | 78.6        |
-----------------------------------------
-----------------------------------------
| rollout/                |             |
|    ep_len_mean          | 285         |
|    ep_rew_mean          | -10.3       |
| time/                   |             |
|    fps                  | 150         |
|    iterations           | 94          |
|    time_elapsed         | 3191        |
|    total_timesteps      | 11692480    |
| train/                  |             |
|    approx_kl            | 0.046583883 |
|    clip_fraction        | 0.268       |
|    clip_range           | 0.2         |
|    entropy_loss         | -2.18       |
|    explained_variance   | 0.284       |
|    learning_rate        | 0.0003      |
|    loss                 | -0.00659    |
|    n_updates            | 23310       |
|    policy_gradient_loss | -0.00606    |
|    std                  | 0.428       |
|    value_loss           | 37.1        |
-----------------------------------------
---------------------------------------
| rollout/                |           |
|    ep_len_mean          | 285       |
|    ep_rew_mean          | -2.74     |
| time/                   |           |
|    fps                  | 150       |
|    iterations           | 95        |
|    time_elapsed         | 3225      |
|    total_timesteps      | 11697600  |
| train/                  |           |
|    approx_kl            | 0.0859613 |
|    clip_fraction        | 0.313     |
|    clip_range           | 0.2       |
|    entropy_loss         | -2.18     |
|    explained_variance   | 0.569     |
|    learning_rate        | 0.0003    |
|    loss                 | 0.341     |
|    n_updates            | 23320     |
|    policy_gradient_loss | 0.00105   |
|    std                  | 0.43      |
|    value_loss           | 27.9      |
---------------------------------------
----------------------------------------
| rollout/                |            |
|    ep_len_mean          | 286        |
|    ep_rew_mean          | -5.13      |
| time/                   |            |
|    fps                  | 150        |
|    iterations           | 96         |
|    time_elapsed         | 3257       |
|    total_timesteps      | 11702720   |
| train/                  |            |
|    approx_kl            | 0.09743835 |
|    clip_fraction        | 0.325      |
|    clip_range           | 0.2        |
|    entropy_loss         | -2.19      |
|    explained_variance   | 0.46       |
|    learning_rate        | 0.0003     |
|    loss                 | 1.16       |
|    n_updates            | 23330      |
|    policy_gradient_loss | -0.000472  |
|    std                  | 0.429      |
|    value_loss           | 38.1       |
----------------------------------------
----------------------------------------
| rollout/                |            |
|    ep_len_mean          | 290        |
|    ep_rew_mean          | -11.8      |
| time/                   |            |
|    fps                  | 150        |
|    iterations           | 97         |
|    time_elapsed         | 3292       |
|    total_timesteps      | 11707840   |
| train/                  |            |
|    approx_kl            | 0.13832481 |
|    clip_fraction        | 0.331      |
|    clip_range           | 0.2        |
|    entropy_loss         | -2.18      |
|    explained_variance   | 0.262      |
|    learning_rate        | 0.0003     |
|    loss                 | 2.4        |
|    n_updates            | 23340      |
|    policy_gradient_loss | 0.0141     |
|    std                  | 0.429      |
|    value_loss           | 80.1       |
----------------------------------------
Eval num_timesteps=11711200, episode_reward=2.03 +/- 29.74
Episode length: 288.40 +/- 23.43
----------------------------------------
| eval/                   |            |
|    mean_ep_length       | 288        |
|    mean_reward          | 2.03       |
| time/                   |            |
|    total_timesteps      | 11711200   |
| train/                  |            |
|    approx_kl            | 0.06798778 |
|    clip_fraction        | 0.306      |
|    clip_range           | 0.2        |
|    entropy_loss         | -2.17      |
|    explained_variance   | 0.477      |
|    learning_rate        | 0.0003     |
|    loss                 | 0.209      |
|    n_updates            | 23350      |
|    policy_gradient_loss | -0.00148   |
|    std                  | 0.427      |
|    value_loss           | 69.7       |
----------------------------------------
[progress] timestep 11711210
[episode ends] timestep 11711210: flipped=74 (43%), missed_goal=64 (37%), out_of_bounds=3 (2%), scored=33 (19%)
---------------------------------
| episode_end/       |          |
|    flipped         | 74       |
|    missed_goal     | 64       |
|    out_of_bounds   | 3        |
|    scored          | 33       |
| rollout/           |          |
|    ep_len_mean     | 287      |
|    ep_rew_mean     | -8.63    |
| time/              |          |
|    fps             | 150      |
|    iterations      | 98       |
|    time_elapsed    | 3329     |
|    total_timesteps | 11712960 |
---------------------------------
----------------------------------------
| rollout/                |            |
|    ep_len_mean          | 286        |
|    ep_rew_mean          | -6.5       |
| time/                   |            |
|    fps                  | 150        |
|    iterations           | 99         |
|    time_elapsed         | 3359       |
|    total_timesteps      | 11718080   |
| train/                  |            |
|    approx_kl            | 0.16175064 |
|    clip_fraction        | 0.47       |
|    clip_range           | 0.2        |
|    entropy_loss         | -2.17      |
|    explained_variance   | 0.225      |
|    learning_rate        | 0.0003     |
|    loss                 | 714        |
|    n_updates            | 23360      |
|    policy_gradient_loss | 0.0322     |
|    std                  | 0.427      |
|    value_loss           | 112        |
----------------------------------------
-----------------------------------------
| rollout/                |             |
|    ep_len_mean          | 286         |
|    ep_rew_mean          | -6.37       |
| time/                   |             |
|    fps                  | 150         |
|    iterations           | 100         |
|    time_elapsed         | 3394        |
|    total_timesteps      | 11723200    |
| train/                  |             |
|    approx_kl            | 0.115511104 |
|    clip_fraction        | 0.4         |
|    clip_range           | 0.2         |
|    entropy_loss         | -2.18       |
|    explained_variance   | 0.654       |
|    learning_rate        | 0.0003      |
|    loss                 | 0.173       |
|    n_updates            | 23370       |
|    policy_gradient_loss | 0.0123      |
|    std                  | 0.429       |
|    value_loss           | 17.3        |
-----------------------------------------
----------------------------------------
| rollout/                |            |
|    ep_len_mean          | 288        |
|    ep_rew_mean          | -4.89      |
| time/                   |            |
|    fps                  | 150        |
|    iterations           | 101        |
|    time_elapsed         | 3429       |
|    total_timesteps      | 11728320   |
| train/                  |            |
|    approx_kl            | 0.12250564 |
|    clip_fraction        | 0.436      |
|    clip_range           | 0.2        |
|    entropy_loss         | -2.19      |
|    explained_variance   | 0.578      |
|    learning_rate        | 0.0003     |
|    loss                 | 2.2        |
|    n_updates            | 23380      |
|    policy_gradient_loss | 0.0183     |
|    std                  | 0.43       |
|    value_loss           | 11.2       |
----------------------------------------
-----------------------------------------
| rollout/                |             |
|    ep_len_mean          | 290         |
|    ep_rew_mean          | 2.19        |
| time/                   |             |
|    fps                  | 150         |
|    iterations           | 102         |
|    time_elapsed         | 3463        |
|    total_timesteps      | 11733440    |
| train/                  |             |
|    approx_kl            | 0.107010305 |
|    clip_fraction        | 0.411       |
|    clip_range           | 0.2         |
|    entropy_loss         | -2.19       |
|    explained_variance   | 0.555       |
|    learning_rate        | 0.0003      |
|    loss                 | 24.6        |
|    n_updates            | 23390       |
|    policy_gradient_loss | 0.0182      |
|    std                  | 0.428       |
|    value_loss           | 39.9        |
-----------------------------------------
----------------------------------------
| rollout/                |            |
|    ep_len_mean          | 283        |
|    ep_rew_mean          | 3.47       |
| time/                   |            |
|    fps                  | 150        |
|    iterations           | 103        |
|    time_elapsed         | 3495       |
|    total_timesteps      | 11738560   |
| train/                  |            |
|    approx_kl            | 0.12037132 |
|    clip_fraction        | 0.428      |
|    clip_range           | 0.2        |
|    entropy_loss         | -2.19      |
|    explained_variance   | 0.692      |
|    learning_rate        | 0.0003     |
|    loss                 | -0.0247    |
|    n_updates            | 23400      |
|    policy_gradient_loss | 0.00523    |
|    std                  | 0.43       |
|    value_loss           | 6.53       |
----------------------------------------
---------------------------------------
| rollout/                |           |
|    ep_len_mean          | 280       |
|    ep_rew_mean          | 4         |
| time/                   |           |
|    fps                  | 150       |
|    iterations           | 104       |
|    time_elapsed         | 3530      |
|    total_timesteps      | 11743680  |
| train/                  |           |
|    approx_kl            | 0.0811768 |
|    clip_fraction        | 0.322     |
|    clip_range           | 0.2       |
|    entropy_loss         | -2.19     |
|    explained_variance   | 0.542     |
|    learning_rate        | 0.0003    |
|    loss                 | 0.0999    |
|    n_updates            | 23410     |
|    policy_gradient_loss | 0.00613   |
|    std                  | 0.429     |
|    value_loss           | 43.4      |
---------------------------------------
-----------------------------------------
| rollout/                |             |
|    ep_len_mean          | 283         |
|    ep_rew_mean          | -1.15       |
| time/                   |             |
|    fps                  | 150         |
|    iterations           | 105         |
|    time_elapsed         | 3564        |
|    total_timesteps      | 11748800    |
| train/                  |             |
|    approx_kl            | 0.077336386 |
|    clip_fraction        | 0.388       |
|    clip_range           | 0.2         |
|    entropy_loss         | -2.19       |
|    explained_variance   | 0.68        |
|    learning_rate        | 0.0003      |
|    loss                 | 0.426       |
|    n_updates            | 23420       |
|    policy_gradient_loss | 0.0106      |
|    std                  | 0.43        |
|    value_loss           | 7.63        |
-----------------------------------------
-----------------------------------------
| rollout/                |             |
|    ep_len_mean          | 284         |
|    ep_rew_mean          | -0.859      |
| time/                   |             |
|    fps                  | 150         |
|    iterations           | 106         |
|    time_elapsed         | 3597        |
|    total_timesteps      | 11753920    |
| train/                  |             |
|    approx_kl            | 0.092503205 |
|    clip_fraction        | 0.382       |
|    clip_range           | 0.2         |
|    entropy_loss         | -2.19       |
|    explained_variance   | 0.764       |
|    learning_rate        | 0.0003      |
|    loss                 | 0.0282      |
|    n_updates            | 23430       |
|    policy_gradient_loss | 0.0037      |
|    std                  | 0.429       |
|    value_loss           | 3.78        |
-----------------------------------------
-----------------------------------------
| rollout/                |             |
|    ep_len_mean          | 285         |
|    ep_rew_mean          | 1.66        |
| time/                   |             |
|    fps                  | 150         |
|    iterations           | 107         |
|    time_elapsed         | 3630        |
|    total_timesteps      | 11759040    |
| train/                  |             |
|    approx_kl            | 0.083424084 |
|    clip_fraction        | 0.424       |
|    clip_range           | 0.2         |
|    entropy_loss         | -2.17       |
|    explained_variance   | 0.59        |
|    learning_rate        | 0.0003      |
|    loss                 | 0.312       |
|    n_updates            | 23440       |
|    policy_gradient_loss | 0.0118      |
|    std                  | 0.427       |
|    value_loss           | 6.64        |
-----------------------------------------
Eval num_timesteps=11761200, episode_reward=-0.31 +/- 8.82
Episode length: 306.60 +/- 12.89
---------------------------------------
| eval/                   |           |
|    mean_ep_length       | 307       |
|    mean_reward          | -0.313    |
| time/                   |           |
|    total_timesteps      | 11761200  |
| train/                  |           |
|    approx_kl            | 0.0726978 |
|    clip_fraction        | 0.336     |
|    clip_range           | 0.2       |
|    entropy_loss         | -2.17     |
|    explained_variance   | 0.758     |
|    learning_rate        | 0.0003    |
|    loss                 | 0.0593    |
|    n_updates            | 23450     |
|    policy_gradient_loss | 0.0072    |
|    std                  | 0.429     |
|    value_loss           | 6.31      |
---------------------------------------
[episode ends] timestep 11761210: flipped=77 (44%), missed_goal=71 (41%), out_of_bounds=1 (1%), scored=26 (15%)
---------------------------------
| episode_end/       |          |
|    flipped         | 77       |
|    missed_goal     | 71       |
|    out_of_bounds   | 1        |
|    scored          | 26       |
| rollout/           |          |
|    ep_len_mean     | 289      |
|    ep_rew_mean     | 1.76     |
| time/              |          |
|    fps             | 150      |
|    iterations      | 108      |
|    time_elapsed    | 3668     |
|    total_timesteps | 11764160 |
---------------------------------
-----------------------------------------
| rollout/                |             |
|    ep_len_mean          | 296         |
|    ep_rew_mean          | 1.87        |
| time/                   |             |
|    fps                  | 150         |
|    iterations           | 109         |
|    time_elapsed         | 3708        |
|    total_timesteps      | 11769280    |
| train/                  |             |
|    approx_kl            | 0.060520656 |
|    clip_fraction        | 0.355       |
|    clip_range           | 0.2         |
|    entropy_loss         | -2.17       |
|    explained_variance   | 0.668       |
|    learning_rate        | 0.0003      |
|    loss                 | 0.0048      |
|    n_updates            | 23460       |
|    policy_gradient_loss | -0.00325    |
|    std                  | 0.427       |
|    value_loss           | 5.03        |
-----------------------------------------
-----------------------------------------
| rollout/                |             |
|    ep_len_mean          | 301         |
|    ep_rew_mean          | 2.9         |
| time/                   |             |
|    fps                  | 150         |
|    iterations           | 110         |
|    time_elapsed         | 3739        |
|    total_timesteps      | 11774400    |
| train/                  |             |
|    approx_kl            | 0.066301994 |
|    clip_fraction        | 0.363       |
|    clip_range           | 0.2         |
|    entropy_loss         | -2.16       |
|    explained_variance   | 0.845       |
|    learning_rate        | 0.0003      |
|    loss                 | -0.0157     |
|    n_updates            | 23470       |
|    policy_gradient_loss | -0.00618    |
|    std                  | 0.426       |
|    value_loss           | 7.24        |
-----------------------------------------
----------------------------------------
| rollout/                |            |
|    ep_len_mean          | 296        |
|    ep_rew_mean          | -0.487     |
| time/                   |            |
|    fps                  | 150        |
|    iterations           | 111        |
|    time_elapsed         | 3775       |
|    total_timesteps      | 11779520   |
| train/                  |            |
|    approx_kl            | 0.07685758 |
|    clip_fraction        | 0.333      |
|    clip_range           | 0.2        |
|    entropy_loss         | -2.15      |
|    explained_variance   | 0.791      |
|    learning_rate        | 0.0003     |
|    loss                 | 0.221      |
|    n_updates            | 23480      |
|    policy_gradient_loss | -0.0021    |
|    std                  | 0.426      |
|    value_loss           | 4.51       |
----------------------------------------
-----------------------------------------
| rollout/                |             |
|    ep_len_mean          | 297         |
|    ep_rew_mean          | -0.994      |
| time/                   |             |
|    fps                  | 150         |
|    iterations           | 112         |
|    time_elapsed         | 3812        |
|    total_timesteps      | 11784640    |
| train/                  |             |
|    approx_kl            | 0.070709966 |
|    clip_fraction        | 0.322       |
|    clip_range           | 0.2         |
|    entropy_loss         | -2.14       |
|    explained_variance   | 0.251       |
|    learning_rate        | 0.0003      |
|    loss                 | 0.733       |
|    n_updates            | 23490       |
|    policy_gradient_loss | -0.00337    |
|    std                  | 0.423       |
|    value_loss           | 76.3        |
-----------------------------------------
----------------------------------------
| rollout/                |            |
|    ep_len_mean          | 300        |
|    ep_rew_mean          | -6.93      |
| time/                   |            |
|    fps                  | 150        |
|    iterations           | 113        |
|    time_elapsed         | 3848       |
|    total_timesteps      | 11789760   |
| train/                  |            |
|    approx_kl            | 0.07536571 |
|    clip_fraction        | 0.338      |
|    clip_range           | 0.2        |
|    entropy_loss         | -2.13      |
|    explained_variance   | 0.337      |
|    learning_rate        | 0.0003     |
|    loss                 | 0.027      |
|    n_updates            | 23500      |
|    policy_gradient_loss | -0.00119   |
|    std                  | 0.424      |
|    value_loss           | 54.1       |
----------------------------------------
-----------------------------------------
| rollout/                |             |
|    ep_len_mean          | 302         |
|    ep_rew_mean          | -8.51       |
| time/                   |             |
|    fps                  | 150         |
|    iterations           | 114         |
|    time_elapsed         | 3886        |
|    total_timesteps      | 11794880    |
| train/                  |             |
|    approx_kl            | 0.053358465 |
|    clip_fraction        | 0.308       |
|    clip_range           | 0.2         |
|    entropy_loss         | -2.14       |
|    explained_variance   | 0.459       |
|    learning_rate        | 0.0003      |
|    loss                 | 0.257       |
|    n_updates            | 23510       |
|    policy_gradient_loss | -0.00213    |
|    std                  | 0.425       |
|    value_loss           | 40.4        |
-----------------------------------------
-----------------------------------------
| rollout/                |             |
|    ep_len_mean          | 301         |
|    ep_rew_mean          | -5.38       |
| time/                   |             |
|    fps                  | 150         |
|    iterations           | 115         |
|    time_elapsed         | 3916        |
|    total_timesteps      | 11800000    |
| train/                  |             |
|    approx_kl            | 0.091091625 |
|    clip_fraction        | 0.337       |
|    clip_range           | 0.2         |
|    entropy_loss         | -2.13       |
|    explained_variance   | 0.774       |
|    learning_rate        | 0.0003      |
|    loss                 | 0.0752      |
|    n_updates            | 23520       |
|    policy_gradient_loss | -0.00341    |
|    std                  | 0.424       |
|    value_loss           | 8.1         |
-----------------------------------------
----------------------------------------
| rollout/                |            |
|    ep_len_mean          | 299        |
|    ep_rew_mean          | -14.3      |
| time/                   |            |
|    fps                  | 150        |
|    iterations           | 116        |
|    time_elapsed         | 3951       |
|    total_timesteps      | 11805120   |
| train/                  |            |
|    approx_kl            | 0.06369738 |
|    clip_fraction        | 0.341      |
|    clip_range           | 0.2        |
|    entropy_loss         | -2.13      |
|    explained_variance   | 0.412      |
|    learning_rate        | 0.0003     |
|    loss                 | 0.0542     |
|    n_updates            | 23530      |
|    policy_gradient_loss | 0.00119    |
|    std                  | 0.424      |
|    value_loss           | 13.6       |
----------------------------------------
----------------------------------------
| rollout/                |            |
|    ep_len_mean          | 302        |
|    ep_rew_mean          | -16.8      |
| time/                   |            |
|    fps                  | 150        |
|    iterations           | 117        |
|    time_elapsed         | 3983       |
|    total_timesteps      | 11810240   |
| train/                  |            |
|    approx_kl            | 0.05426566 |
|    clip_fraction        | 0.278      |
|    clip_range           | 0.2        |
|    entropy_loss         | -2.13      |
|    explained_variance   | 0.242      |
|    learning_rate        | 0.0003     |
|    loss                 | 2.31       |
|    n_updates            | 23540      |
|    policy_gradient_loss | -0.00309   |
|    std                  | 0.423      |
|    value_loss           | 147        |
----------------------------------------
Eval num_timesteps=11811200, episode_reward=0.84 +/- 8.15
Episode length: 308.10 +/- 25.09
----------------------------------------
| eval/                   |            |
|    mean_ep_length       | 308        |
|    mean_reward          | 0.835      |
| time/                   |            |
|    total_timesteps      | 11811200   |
| train/                  |            |
|    approx_kl            | 0.04068841 |
|    clip_fraction        | 0.194      |
|    clip_range           | 0.2        |
|    entropy_loss         | -2.12      |
|    explained_variance   | 0.622      |
|    learning_rate        | 0.0003     |
|    loss                 | 2.49       |
|    n_updates            | 23550      |
|    policy_gradient_loss | -0.00703   |
|    std                  | 0.423      |
|    value_loss           | 69.7       |
----------------------------------------
[progress] timestep 11811210
[episode ends] timestep 11811210: flipped=73 (44%), missed_goal=82 (49%), out_of_bounds=1 (1%), scored=11 (7%)
---------------------------------
| episode_end/       |          |
|    flipped         | 73       |
|    missed_goal     | 82       |
|    out_of_bounds   | 1        |
|    scored          | 11       |
| rollout/           |          |
|    ep_len_mean     | 299      |
|    ep_rew_mean     | -14.4    |
| time/              |          |
|    fps             | 150      |
|    iterations      | 118      |
|    time_elapsed    | 4019     |
|    total_timesteps | 11815360 |
---------------------------------
-----------------------------------------
| rollout/                |             |
|    ep_len_mean          | 293         |
|    ep_rew_mean          | -14         |
| time/                   |             |
|    fps                  | 150         |
|    iterations           | 119         |
|    time_elapsed         | 4052        |
|    total_timesteps      | 11820480    |
| train/                  |             |
|    approx_kl            | 0.060911197 |
|    clip_fraction        | 0.277       |
|    clip_range           | 0.2         |
|    entropy_loss         | -2.11       |
|    explained_variance   | 0.438       |
|    learning_rate        | 0.0003      |
|    loss                 | 0.707       |
|    n_updates            | 23560       |
|    policy_gradient_loss | -0.00285    |
|    std                  | 0.421       |
|    value_loss           | 38.4        |
-----------------------------------------
-----------------------------------------
| rollout/                |             |
|    ep_len_mean          | 294         |
|    ep_rew_mean          | -15.8       |
| time/                   |             |
|    fps                  | 150         |
|    iterations           | 120         |
|    time_elapsed         | 4079        |
|    total_timesteps      | 11825600    |
| train/                  |             |
|    approx_kl            | 0.076857865 |
|    clip_fraction        | 0.364       |
|    clip_range           | 0.2         |
|    entropy_loss         | -2.11       |
|    explained_variance   | 0.499       |
|    learning_rate        | 0.0003      |
|    loss                 | 0.0993      |
|    n_updates            | 23570       |
|    policy_gradient_loss | -0.0019     |
|    std                  | 0.421       |
|    value_loss           | 19.4        |
-----------------------------------------
----------------------------------------
| rollout/                |            |
|    ep_len_mean          | 292        |
|    ep_rew_mean          | -18.4      |
| time/                   |            |
|    fps                  | 150        |
|    iterations           | 121        |
|    time_elapsed         | 4111       |
|    total_timesteps      | 11830720   |
| train/                  |            |
|    approx_kl            | 0.09431695 |
|    clip_fraction        | 0.349      |
|    clip_range           | 0.2        |
|    entropy_loss         | -2.11      |
|    explained_variance   | 0.661      |
|    learning_rate        | 0.0003     |
|    loss                 | 0.622      |
|    n_updates            | 23580      |
|    policy_gradient_loss | 0.000239   |
|    std                  | 0.421      |
|    value_loss           | 18.4       |
----------------------------------------
----------------------------------------
| rollout/                |            |
|    ep_len_mean          | 289        |
|    ep_rew_mean          | -14.1      |
| time/                   |            |
|    fps                  | 150        |
|    iterations           | 122        |
|    time_elapsed         | 4147       |
|    total_timesteps      | 11835840   |
| train/                  |            |
|    approx_kl            | 0.04088377 |
|    clip_fraction        | 0.217      |
|    clip_range           | 0.2        |
|    entropy_loss         | -2.11      |
|    explained_variance   | 0.849      |
|    learning_rate        | 0.0003     |
|    loss                 | 0.242      |
|    n_updates            | 23590      |
|    policy_gradient_loss | -0.01      |
|    std                  | 0.423      |
|    value_loss           | 4.25       |
----------------------------------------
----------------------------------------
| rollout/                |            |
|    ep_len_mean          | 287        |
|    ep_rew_mean          | -13.2      |
| time/                   |            |
|    fps                  | 150        |
|    iterations           | 123        |
|    time_elapsed         | 4178       |
|    total_timesteps      | 11840960   |
| train/                  |            |
|    approx_kl            | 0.07287593 |
|    clip_fraction        | 0.318      |
|    clip_range           | 0.2        |
|    entropy_loss         | -2.13      |
|    explained_variance   | 0.169      |
|    learning_rate        | 0.0003     |
|    loss                 | 0.863      |
|    n_updates            | 23600      |
|    policy_gradient_loss | -0.000404  |
|    std                  | 0.426      |
|    value_loss           | 163        |
----------------------------------------
-----------------------------------------
| rollout/                |             |
|    ep_len_mean          | 285         |
|    ep_rew_mean          | -11.7       |
| time/                   |             |
|    fps                  | 150         |
|    iterations           | 124         |
|    time_elapsed         | 4209        |
|    total_timesteps      | 11846080    |
| train/                  |             |
|    approx_kl            | 0.039274655 |
|    clip_fraction        | 0.218       |
|    clip_range           | 0.2         |
|    entropy_loss         | -2.14       |
|    explained_variance   | 0.744       |
|    learning_rate        | 0.0003      |
|    loss                 | 0.0277      |
|    n_updates            | 23610       |
|    policy_gradient_loss | -0.0122     |
|    std                  | 0.426       |
|    value_loss           | 6.83        |
-----------------------------------------
----------------------------------------
| rollout/                |            |
|    ep_len_mean          | 280        |
|    ep_rew_mean          | -17.2      |
| time/                   |            |
|    fps                  | 150        |
|    iterations           | 125        |
|    time_elapsed         | 4245       |
|    total_timesteps      | 11851200   |
| train/                  |            |
|    approx_kl            | 0.05315125 |
|    clip_fraction        | 0.298      |
|    clip_range           | 0.2        |
|    entropy_loss         | -2.13      |
|    explained_variance   | 0.515      |
|    learning_rate        | 0.0003     |
|    loss                 | 0.339      |
|    n_updates            | 23620      |
|    policy_gradient_loss | -0.00515   |
|    std                  | 0.424      |
|    value_loss           | 45.7       |
----------------------------------------
----------------------------------------
| rollout/                |            |
|    ep_len_mean          | 280        |
|    ep_rew_mean          | -15.7      |
| time/                   |            |
|    fps                  | 150        |
|    iterations           | 126        |
|    time_elapsed         | 4278       |
|    total_timesteps      | 11856320   |
| train/                  |            |
|    approx_kl            | 0.09928705 |
|    clip_fraction        | 0.425      |
|    clip_range           | 0.2        |
|    entropy_loss         | -2.12      |
|    explained_variance   | 0.333      |
|    learning_rate        | 0.0003     |
|    loss                 | 0.104      |
|    n_updates            | 23630      |
|    policy_gradient_loss | 0.0124     |
|    std                  | 0.424      |
|    value_loss           | 108        |
----------------------------------------
Eval num_timesteps=11861200, episode_reward=-3.38 +/- 12.36
Episode length: 291.00 +/- 51.01
----------------------------------------
| eval/                   |            |
|    mean_ep_length       | 291        |
|    mean_reward          | -3.38      |
| time/                   |            |
|    total_timesteps      | 11861200   |
| train/                  |            |
|    approx_kl            | 0.05316343 |
|    clip_fraction        | 0.314      |
|    clip_range           | 0.2        |
|    entropy_loss         | -2.12      |
|    explained_variance   | 0.686      |
|    learning_rate        | 0.0003     |
|    loss                 | 0.413      |
|    n_updates            | 23640      |
|    policy_gradient_loss | -0.00531   |
|    std                  | 0.425      |
|    value_loss           | 14.9       |
----------------------------------------
[episode ends] timestep 11861210: flipped=100 (57%), missed_goal=66 (38%), scored=8 (5%)
---------------------------------
| episode_end/       |          |
|    flipped         | 100      |
|    missed_goal     | 66       |
|    scored          | 8        |
| rollout/           |          |
|    ep_len_mean     | 283      |
|    ep_rew_mean     | -15.3    |
| time/              |          |
|    fps             | 150      |
|    iterations      | 127      |
|    time_elapsed    | 4313     |
|    total_timesteps | 11861440 |
---------------------------------
----------------------------------------
| rollout/                |            |
|    ep_len_mean          | 291        |
|    ep_rew_mean          | -9.53      |
| time/                   |            |
|    fps                  | 150        |
|    iterations           | 128        |
|    time_elapsed         | 4342       |
|    total_timesteps      | 11866560   |
| train/                  |            |
|    approx_kl            | 0.08760547 |
|    clip_fraction        | 0.362      |
|    clip_range           | 0.2        |
|    entropy_loss         | -2.13      |
|    explained_variance   | 0.504      |
|    learning_rate        | 0.0003     |
|    loss                 | 0.0817     |
|    n_updates            | 23650      |
|    policy_gradient_loss | -0.00486   |
|    std                  | 0.426      |
|    value_loss           | 36.6       |
----------------------------------------
----------------------------------------
| rollout/                |            |
|    ep_len_mean          | 291        |
|    ep_rew_mean          | -8.88      |
| time/                   |            |
|    fps                  | 150        |
|    iterations           | 129        |
|    time_elapsed         | 4374       |
|    total_timesteps      | 11871680   |
| train/                  |            |
|    approx_kl            | 0.08882818 |
|    clip_fraction        | 0.375      |
|    clip_range           | 0.2        |
|    entropy_loss         | -2.14      |
|    explained_variance   | 0.715      |
|    learning_rate        | 0.0003     |
|    loss                 | 0.993      |
|    n_updates            | 23660      |
|    policy_gradient_loss | -0.000754  |
|    std                  | 0.427      |
|    value_loss           | 12.8       |
----------------------------------------
----------------------------------------
| rollout/                |            |
|    ep_len_mean          | 293        |
|    ep_rew_mean          | -7.03      |
| time/                   |            |
|    fps                  | 151        |
|    iterations           | 130        |
|    time_elapsed         | 4404       |
|    total_timesteps      | 11876800   |
| train/                  |            |
|    approx_kl            | 0.08541666 |
|    clip_fraction        | 0.33       |
|    clip_range           | 0.2        |
|    entropy_loss         | -2.15      |
|    explained_variance   | 0.495      |
|    learning_rate        | 0.0003     |
|    loss                 | 0.264      |
|    n_updates            | 23670      |
|    policy_gradient_loss | -0.00047   |
|    std                  | 0.428      |
|    value_loss           | 24.6       |
----------------------------------------
----------------------------------------
| rollout/                |            |
|    ep_len_mean          | 297        |
|    ep_rew_mean          | -2.3       |
| time/                   |            |
|    fps                  | 151        |
|    iterations           | 131        |
|    time_elapsed         | 4435       |
|    total_timesteps      | 11881920   |
| train/                  |            |
|    approx_kl            | 0.08601655 |
|    clip_fraction        | 0.348      |
|    clip_range           | 0.2        |
|    entropy_loss         | -2.14      |
|    explained_variance   | 0.688      |
|    learning_rate        | 0.0003     |
|    loss                 | 0.822      |
|    n_updates            | 23680      |
|    policy_gradient_loss | -0.00755   |
|    std                  | 0.424      |
|    value_loss           | 4.58       |
----------------------------------------
----------------------------------------
| rollout/                |            |
|    ep_len_mean          | 301        |
|    ep_rew_mean          | 0.357      |
| time/                   |            |
|    fps                  | 151        |
|    iterations           | 132        |
|    time_elapsed         | 4463       |
|    total_timesteps      | 11887040   |
| train/                  |            |
|    approx_kl            | 0.08476001 |
|    clip_fraction        | 0.396      |
|    clip_range           | 0.2        |
|    entropy_loss         | -2.13      |
|    explained_variance   | 0.802      |
|    learning_rate        | 0.0003     |
|    loss                 | 1.53       |
|    n_updates            | 23690      |
|    policy_gradient_loss | -0.00409   |
|    std                  | 0.426      |
|    value_loss           | 3.48       |
----------------------------------------
---------------------------------------
| rollout/                |           |
|    ep_len_mean          | 297       |
|    ep_rew_mean          | 0.764     |
| time/                   |           |
|    fps                  | 151       |
|    iterations           | 133       |
|    time_elapsed         | 4497      |
|    total_timesteps      | 11892160  |
| train/                  |           |
|    approx_kl            | 0.0911118 |
|    clip_fraction        | 0.377     |
|    clip_range           | 0.2       |
|    entropy_loss         | -2.14     |
|    explained_variance   | 0.165     |
|    learning_rate        | 0.0003    |
|    loss                 | 0.00788   |
|    n_updates            | 23700     |
|    policy_gradient_loss | 0.000428  |
|    std                  | 0.425     |
|    value_loss           | 22.9      |
---------------------------------------
----------------------------------------
| rollout/                |            |
|    ep_len_mean          | 295        |
|    ep_rew_mean          | 6.51       |
| time/                   |            |
|    fps                  | 151        |
|    iterations           | 134        |
|    time_elapsed         | 4533       |
|    total_timesteps      | 11897280   |
| train/                  |            |
|    approx_kl            | 0.08444333 |
|    clip_fraction        | 0.383      |
|    clip_range           | 0.2        |
|    entropy_loss         | -2.12      |
|    explained_variance   | 0.827      |
|    learning_rate        | 0.0003     |
|    loss                 | 14.5       |
|    n_updates            | 23710      |
|    policy_gradient_loss | -0.00868   |
|    std                  | 0.423      |
|    value_loss           | 3.18       |
----------------------------------------
-----------------------------------------
| rollout/                |             |
|    ep_len_mean          | 294         |
|    ep_rew_mean          | 3.86        |
| time/                   |             |
|    fps                  | 151         |
|    iterations           | 135         |
|    time_elapsed         | 4568        |
|    total_timesteps      | 11902400    |
| train/                  |             |
|    approx_kl            | 0.068924844 |
|    clip_fraction        | 0.359       |
|    clip_range           | 0.2         |
|    entropy_loss         | -2.12       |
|    explained_variance   | 0.267       |
|    learning_rate        | 0.0003      |
|    loss                 | 0.0348      |
|    n_updates            | 23720       |
|    policy_gradient_loss | -0.00129    |
|    std                  | 0.423       |
|    value_loss           | 10.5        |
-----------------------------------------
-----------------------------------------
| rollout/                |             |
|    ep_len_mean          | 288         |
|    ep_rew_mean          | 2.04        |
| time/                   |             |
|    fps                  | 151         |
|    iterations           | 136         |
|    time_elapsed         | 4600        |
|    total_timesteps      | 11907520    |
| train/                  |             |
|    approx_kl            | 0.060265243 |
|    clip_fraction        | 0.311       |
|    clip_range           | 0.2         |
|    entropy_loss         | -2.11       |
|    explained_variance   | 0.35        |
|    learning_rate        | 0.0003      |
|    loss                 | 0.081       |
|    n_updates            | 23730       |
|    policy_gradient_loss | -0.00562    |
|    std                  | 0.422       |
|    value_loss           | 57.3        |
-----------------------------------------
Eval num_timesteps=11911200, episode_reward=-8.11 +/- 11.60
Episode length: 281.00 +/- 42.77
----------------------------------------
| eval/                   |            |
|    mean_ep_length       | 281        |
|    mean_reward          | -8.11      |
| time/                   |            |
|    total_timesteps      | 11911200   |
| train/                  |            |
|    approx_kl            | 0.06322822 |
|    clip_fraction        | 0.332      |
|    clip_range           | 0.2        |
|    entropy_loss         | -2.11      |
|    explained_variance   | 0.776      |
|    learning_rate        | 0.0003     |
|    loss                 | 0.247      |
|    n_updates            | 23740      |
|    policy_gradient_loss | -0.00316   |
|    std                  | 0.422      |
|    value_loss           | 5.11       |
----------------------------------------
[progress] timestep 11911210
[episode ends] timestep 11911210: flipped=56 (33%), missed_goal=99 (58%), out_of_bounds=1 (1%), scored=16 (9%)
---------------------------------
| episode_end/       |          |
|    flipped         | 56       |
|    missed_goal     | 99       |
|    out_of_bounds   | 1        |
|    scored          | 16       |
| rollout/           |          |
|    ep_len_mean     | 282      |
|    ep_rew_mean     | 0.758    |
| time/              |          |
|    fps             | 151      |
|    iterations      | 137      |
|    time_elapsed    | 4636     |
|    total_timesteps | 11912640 |
---------------------------------
-----------------------------------------
| rollout/                |             |
|    ep_len_mean          | 283         |
|    ep_rew_mean          | -2.09       |
| time/                   |             |
|    fps                  | 151         |
|    iterations           | 138         |
|    time_elapsed         | 4667        |
|    total_timesteps      | 11917760    |
| train/                  |             |
|    approx_kl            | 0.057450484 |
|    clip_fraction        | 0.237       |
|    clip_range           | 0.2         |
|    entropy_loss         | -2.11       |
|    explained_variance   | 0.237       |
|    learning_rate        | 0.0003      |
|    loss                 | 0.097       |
|    n_updates            | 23750       |
|    policy_gradient_loss | -0.00555    |
|    std                  | 0.422       |
|    value_loss           | 33.7        |
-----------------------------------------
-----------------------------------------
| rollout/                |             |
|    ep_len_mean          | 285         |
|    ep_rew_mean          | -5.85       |
| time/                   |             |
|    fps                  | 151         |
|    iterations           | 139         |
|    time_elapsed         | 4698        |
|    total_timesteps      | 11922880    |
| train/                  |             |
|    approx_kl            | 0.034131117 |
|    clip_fraction        | 0.258       |
|    clip_range           | 0.2         |
|    entropy_loss         | -2.11       |
|    explained_variance   | 0.55        |
|    learning_rate        | 0.0003      |
|    loss                 | 0.0817      |
|    n_updates            | 23760       |
|    policy_gradient_loss | -0.00405    |
|    std                  | 0.421       |
|    value_loss           | 21.1        |
-----------------------------------------
----------------------------------------
| rollout/                |            |
|    ep_len_mean          | 285        |
|    ep_rew_mean          | -7.13      |
| time/                   |            |
|    fps                  | 151        |
|    iterations           | 140        |
|    time_elapsed         | 4732       |
|    total_timesteps      | 11928000   |
| train/                  |            |
|    approx_kl            | 0.07645841 |
|    clip_fraction        | 0.261      |
|    clip_range           | 0.2        |
|    entropy_loss         | -2.1       |
|    explained_variance   | 0.614      |
|    learning_rate        | 0.0003     |
|    loss                 | 0.0184     |
|    n_updates            | 23770      |
|    policy_gradient_loss | -0.00757   |
|    std                  | 0.422      |
|    value_loss           | 12.3       |
----------------------------------------
-----------------------------------------
| rollout/                |             |
|    ep_len_mean          | 287         |
|    ep_rew_mean          | -11.2       |
| time/                   |             |
|    fps                  | 151         |
|    iterations           | 141         |
|    time_elapsed         | 4768        |
|    total_timesteps      | 11933120    |
| train/                  |             |
|    approx_kl            | 0.049264144 |
|    clip_fraction        | 0.278       |
|    clip_range           | 0.2         |
|    entropy_loss         | -2.08       |
|    explained_variance   | 0.579       |
|    learning_rate        | 0.0003      |
|    loss                 | 0.0581      |
|    n_updates            | 23780       |
|    policy_gradient_loss | -0.00758    |
|    std                  | 0.417       |
|    value_loss           | 9.93        |
-----------------------------------------
----------------------------------------
| rollout/                |            |
|    ep_len_mean          | 292        |
|    ep_rew_mean          | -13.5      |
| time/                   |            |
|    fps                  | 151        |
|    iterations           | 142        |
|    time_elapsed         | 4797       |
|    total_timesteps      | 11938240   |
| train/                  |            |
|    approx_kl            | 0.04996107 |
|    clip_fraction        | 0.237      |
|    clip_range           | 0.2        |
|    entropy_loss         | -2.06      |
|    explained_variance   | 0.201      |
|    learning_rate        | 0.0003     |
|    loss                 | 415        |
|    n_updates            | 23790      |
|    policy_gradient_loss | -0.00857   |
|    std                  | 0.416      |
|    value_loss           | 198        |
----------------------------------------
----------------------------------------
| rollout/                |            |
|    ep_len_mean          | 299        |
|    ep_rew_mean          | -9.68      |
| time/                   |            |
|    fps                  | 151        |
|    iterations           | 143        |
|    time_elapsed         | 4831       |
|    total_timesteps      | 11943360   |
| train/                  |            |
|    approx_kl            | 0.08995237 |
|    clip_fraction        | 0.371      |
|    clip_range           | 0.2        |
|    entropy_loss         | -2.05      |
|    explained_variance   | 0.713      |
|    learning_rate        | 0.0003     |
|    loss                 | 0.116      |
|    n_updates            | 23800      |
|    policy_gradient_loss | -0.000922  |
|    std                  | 0.415      |
|    value_loss           | 3.89       |
----------------------------------------
----------------------------------------
| rollout/                |            |
|    ep_len_mean          | 297        |
|    ep_rew_mean          | -7.84      |
| time/                   |            |
|    fps                  | 151        |
|    iterations           | 144        |
|    time_elapsed         | 4864       |
|    total_timesteps      | 11948480   |
| train/                  |            |
|    approx_kl            | 0.09808223 |
|    clip_fraction        | 0.429      |
|    clip_range           | 0.2        |
|    entropy_loss         | -2.04      |
|    explained_variance   | 0.717      |
|    learning_rate        | 0.0003     |
|    loss                 | 0.00199    |
|    n_updates            | 23810      |
|    policy_gradient_loss | 0.00759    |
|    std                  | 0.416      |
|    value_loss           | 4.9        |
----------------------------------------
----------------------------------------
| rollout/                |            |
|    ep_len_mean          | 297        |
|    ep_rew_mean          | -8.62      |
| time/                   |            |
|    fps                  | 151        |
|    iterations           | 145        |
|    time_elapsed         | 4893       |
|    total_timesteps      | 11953600   |
| train/                  |            |
|    approx_kl            | 0.07748753 |
|    clip_fraction        | 0.383      |
|    clip_range           | 0.2        |
|    entropy_loss         | -2.04      |
|    explained_variance   | 0.724      |
|    learning_rate        | 0.0003     |
|    loss                 | 0.0168     |
|    n_updates            | 23820      |
|    policy_gradient_loss | -0.00759   |
|    std                  | 0.415      |
|    value_loss           | 6.67       |
----------------------------------------
----------------------------------------
| rollout/                |            |
|    ep_len_mean          | 297        |
|    ep_rew_mean          | -8.18      |
| time/                   |            |
|    fps                  | 151        |
|    iterations           | 146        |
|    time_elapsed         | 4922       |
|    total_timesteps      | 11958720   |
| train/                  |            |
|    approx_kl            | 0.06190706 |
|    clip_fraction        | 0.324      |
|    clip_range           | 0.2        |
|    entropy_loss         | -2.03      |
|    explained_variance   | 0.512      |
|    learning_rate        | 0.0003     |
|    loss                 | 2.22       |
|    n_updates            | 23830      |
|    policy_gradient_loss | -0.00819   |
|    std                  | 0.415      |
|    value_loss           | 23.5       |
----------------------------------------
Eval num_timesteps=11961200, episode_reward=-0.16 +/- 27.35
Episode length: 291.80 +/- 50.55
----------------------------------------
| eval/                   |            |
|    mean_ep_length       | 292        |
|    mean_reward          | -0.158     |
| time/                   |            |
|    total_timesteps      | 11961200   |
| train/                  |            |
|    approx_kl            | 0.08824919 |
|    clip_fraction        | 0.34       |
|    clip_range           | 0.2        |
|    entropy_loss         | -2.03      |
|    explained_variance   | 0.345      |
|    learning_rate        | 0.0003     |
|    loss                 | 0.0701     |
|    n_updates            | 23840      |
|    policy_gradient_loss | -0.0106    |
|    std                  | 0.415      |
|    value_loss           | 57.8       |
----------------------------------------
[episode ends] timestep 11961210: flipped=47 (27%), missed_goal=115 (67%), out_of_bounds=3 (2%), scored=6 (4%)
---------------------------------
| episode_end/       |          |
|    flipped         | 47       |
|    missed_goal     | 115      |
|    out_of_bounds   | 3        |
|    scored          | 6        |
| rollout/           |          |
|    ep_len_mean     | 297      |
|    ep_rew_mean     | -1.04    |
| time/              |          |
|    fps             | 151      |
|    iterations      | 147      |
|    time_elapsed    | 4957     |
|    total_timesteps | 11963840 |
---------------------------------
-----------------------------------------
| rollout/                |             |
|    ep_len_mean          | 298         |
|    ep_rew_mean          | -1.18       |
| time/                   |             |
|    fps                  | 151         |
|    iterations           | 148         |
|    time_elapsed         | 4988        |
|    total_timesteps      | 11968960    |
| train/                  |             |
|    approx_kl            | 0.106267795 |
|    clip_fraction        | 0.323       |
|    clip_range           | 0.2         |
|    entropy_loss         | -2.04       |
|    explained_variance   | 0.9         |
|    learning_rate        | 0.0003      |
|    loss                 | -0.0019     |
|    n_updates            | 23850       |
|    policy_gradient_loss | -0.00399    |
|    std                  | 0.414       |
|    value_loss           | 1.36        |
-----------------------------------------
----------------------------------------
| rollout/                |            |
|    ep_len_mean          | 296        |
|    ep_rew_mean          | -2.91      |
| time/                   |            |
|    fps                  | 152        |
|    iterations           | 149        |
|    time_elapsed         | 5018       |
|    total_timesteps      | 11974080   |
| train/                  |            |
|    approx_kl            | 0.05267492 |
|    clip_fraction        | 0.326      |
|    clip_range           | 0.2        |
|    entropy_loss         | -2.04      |
|    explained_variance   | 0.944      |
|    learning_rate        | 0.0003     |
|    loss                 | 0.176      |
|    n_updates            | 23860      |
|    policy_gradient_loss | -0.0101    |
|    std                  | 0.414      |
|    value_loss           | 0.439      |
----------------------------------------
----------------------------------------
| rollout/                |            |
|    ep_len_mean          | 297        |
|    ep_rew_mean          | -2.9       |
| time/                   |            |
|    fps                  | 152        |
|    iterations           | 150        |
|    time_elapsed         | 5050       |
|    total_timesteps      | 11979200   |
| train/                  |            |
|    approx_kl            | 0.04472025 |
|    clip_fraction        | 0.292      |
|    clip_range           | 0.2        |
|    entropy_loss         | -2.04      |
|    explained_variance   | 0.866      |
|    learning_rate        | 0.0003     |
|    loss                 | 0.0245     |
|    n_updates            | 23870      |
|    policy_gradient_loss | -0.00741   |
|    std                  | 0.416      |
|    value_loss           | 2.62       |
----------------------------------------
-----------------------------------------
| rollout/                |             |
|    ep_len_mean          | 298         |
|    ep_rew_mean          | -2.9        |
| time/                   |             |
|    fps                  | 152         |
|    iterations           | 151         |
|    time_elapsed         | 5081        |
|    total_timesteps      | 11984320    |
| train/                  |             |
|    approx_kl            | 0.065330945 |
|    clip_fraction        | 0.333       |
|    clip_range           | 0.2         |
|    entropy_loss         | -2.05       |
|    explained_variance   | 0.942       |
|    learning_rate        | 0.0003      |
|    loss                 | 0.293       |
|    n_updates            | 23880       |
|    policy_gradient_loss | -0.0111     |
|    std                  | 0.416       |
|    value_loss           | 1.4         |
-----------------------------------------
----------------------------------------
| rollout/                |            |
|    ep_len_mean          | 299        |
|    ep_rew_mean          | -2.13      |
| time/                   |            |
|    fps                  | 152        |
|    iterations           | 152        |
|    time_elapsed         | 5108       |
|    total_timesteps      | 11989440   |
| train/                  |            |
|    approx_kl            | 0.07165155 |
|    clip_fraction        | 0.325      |
|    clip_range           | 0.2        |
|    entropy_loss         | -2.06      |
|    explained_variance   | 0.945      |
|    learning_rate        | 0.0003     |
|    loss                 | -0.00556   |
|    n_updates            | 23890      |
|    policy_gradient_loss | -0.01      |
|    std                  | 0.417      |
|    value_loss           | 0.754      |
----------------------------------------
-----------------------------------------
| rollout/                |             |
|    ep_len_mean          | 299         |
|    ep_rew_mean          | -6.22       |
| time/                   |             |
|    fps                  | 152         |
|    iterations           | 153         |
|    time_elapsed         | 5139        |
|    total_timesteps      | 11994560    |
| train/                  |             |
|    approx_kl            | 0.055175524 |
|    clip_fraction        | 0.329       |
|    clip_range           | 0.2         |
|    entropy_loss         | -2.05       |
|    explained_variance   | 0.64        |
|    learning_rate        | 0.0003      |
|    loss                 | 0.0329      |
|    n_updates            | 23900       |
|    policy_gradient_loss | -0.00565    |
|    std                  | 0.415       |
|    value_loss           | 15.6        |
-----------------------------------------
-----------------------------------------
| rollout/                |             |
|    ep_len_mean          | 298         |
|    ep_rew_mean          | -6.49       |
| time/                   |             |
|    fps                  | 152         |
|    iterations           | 154         |
|    time_elapsed         | 5169        |
|    total_timesteps      | 11999680    |
| train/                  |             |
|    approx_kl            | 0.049542077 |
|    clip_fraction        | 0.286       |
|    clip_range           | 0.2         |
|    entropy_loss         | -2.04       |
|    explained_variance   | 0.363       |
|    learning_rate        | 0.0003      |
|    loss                 | 0.433       |
|    n_updates            | 23910       |
|    policy_gradient_loss | -0.0068     |
|    std                  | 0.415       |
|    value_loss           | 39.4        |
-----------------------------------------
-----------------------------------------
| rollout/                |             |
|    ep_len_mean          | 302         |
|    ep_rew_mean          | -5.63       |
| time/                   |             |
|    fps                  | 152         |
|    iterations           | 155         |
|    time_elapsed         | 5202        |
|    total_timesteps      | 12004800    |
| train/                  |             |
|    approx_kl            | 0.079605855 |
|    clip_fraction        | 0.353       |
|    clip_range           | 0.2         |
|    entropy_loss         | -2.03       |
|    explained_variance   | 0.852       |
|    learning_rate        | 0.0003      |
|    loss                 | -0.0248     |
|    n_updates            | 23920       |
|    policy_gradient_loss | -0.0106     |
|    std                  | 0.413       |
|    value_loss           | 2.96        |
-----------------------------------------
----------------------------------------
| rollout/                |            |
|    ep_len_mean          | 302        |
|    ep_rew_mean          | -5.31      |
| time/                   |            |
|    fps                  | 152        |
|    iterations           | 156        |
|    time_elapsed         | 5232       |
|    total_timesteps      | 12009920   |
| train/                  |            |
|    approx_kl            | 0.10911901 |
|    clip_fraction        | 0.346      |
|    clip_range           | 0.2        |
|    entropy_loss         | -2.02      |
|    explained_variance   | 0.728      |
|    learning_rate        | 0.0003     |
|    loss                 | 4.5        |
|    n_updates            | 23930      |
|    policy_gradient_loss | -0.00904   |
|    std                  | 0.413      |
|    value_loss           | 2.55       |
----------------------------------------
Eval num_timesteps=12011200, episode_reward=0.56 +/- 12.19
Episode length: 295.40 +/- 40.11
---------------------------------------
| eval/                   |           |
|    mean_ep_length       | 295       |
|    mean_reward          | 0.565     |
| time/                   |           |
|    total_timesteps      | 12011200  |
| train/                  |           |
|    approx_kl            | 0.0705578 |
|    clip_fraction        | 0.29      |
|    clip_range           | 0.2       |
|    entropy_loss         | -2.04     |
|    explained_variance   | 0.518     |
|    learning_rate        | 0.0003    |
|    loss                 | 1.57      |
|    n_updates            | 23940     |
|    policy_gradient_loss | -0.00892  |
|    std                  | 0.416     |
|    value_loss           | 18.9      |
---------------------------------------
[progress] timestep 12011210
[episode ends] timestep 12011210: flipped=48 (29%), missed_goal=116 (69%), out_of_bounds=1 (1%), scored=3 (2%)
---------------------------------
| episode_end/       |          |
|    flipped         | 48       |
|    missed_goal     | 116      |
|    out_of_bounds   | 1        |
|    scored          | 3        |
| rollout/           |          |
|    ep_len_mean     | 296      |
|    ep_rew_mean     | -11.6    |
| time/              |          |
|    fps             | 152      |
|    iterations      | 157      |
|    time_elapsed    | 5269     |
|    total_timesteps | 12015040 |
---------------------------------
-----------------------------------------
| rollout/                |             |
|    ep_len_mean          | 295         |
|    ep_rew_mean          | -8.98       |
| time/                   |             |
|    fps                  | 152         |
|    iterations           | 158         |
|    time_elapsed         | 5299        |
|    total_timesteps      | 12020160    |
| train/                  |             |
|    approx_kl            | 0.037233654 |
|    clip_fraction        | 0.249       |
|    clip_range           | 0.2         |
|    entropy_loss         | -2.05       |
|    explained_variance   | 0.122       |
|    learning_rate        | 0.0003      |
|    loss                 | 0.293       |
|    n_updates            | 23950       |
|    policy_gradient_loss | -0.0127     |
|    std                  | 0.416       |
|    value_loss           | 282         |
-----------------------------------------
----------------------------------------
| rollout/                |            |
|    ep_len_mean          | 297        |
|    ep_rew_mean          | -5.06      |
| time/                   |            |
|    fps                  | 152        |
|    iterations           | 159        |
|    time_elapsed         | 5331       |
|    total_timesteps      | 12025280   |
| train/                  |            |
|    approx_kl            | 0.10058437 |
|    clip_fraction        | 0.404      |
|    clip_range           | 0.2        |
|    entropy_loss         | -2.05      |
|    explained_variance   | 0.431      |
|    learning_rate        | 0.0003     |
|    loss                 | 0.206      |
|    n_updates            | 23960      |
|    policy_gradient_loss | 0.00116    |
|    std                  | 0.416      |
|    value_loss           | 11.1       |
----------------------------------------
----------------------------------------
| rollout/                |            |
|    ep_len_mean          | 295        |
|    ep_rew_mean          | -4.92      |
| time/                   |            |
|    fps                  | 152        |
|    iterations           | 160        |
|    time_elapsed         | 5363       |
|    total_timesteps      | 12030400   |
| train/                  |            |
|    approx_kl            | 0.07555203 |
|    clip_fraction        | 0.41       |
|    clip_range           | 0.2        |
|    entropy_loss         | -2.07      |
|    explained_variance   | 0.794      |
|    learning_rate        | 0.0003     |
|    loss                 | 0.204      |
|    n_updates            | 23970      |
|    policy_gradient_loss | -0.000268  |
|    std                  | 0.419      |
|    value_loss           | 2.74       |
----------------------------------------
----------------------------------------
| rollout/                |            |
|    ep_len_mean          | 290        |
|    ep_rew_mean          | -4.93      |
| time/                   |            |
|    fps                  | 152        |
|    iterations           | 161        |
|    time_elapsed         | 5399       |
|    total_timesteps      | 12035520   |
| train/                  |            |
|    approx_kl            | 0.06765121 |
|    clip_fraction        | 0.347      |
|    clip_range           | 0.2        |
|    entropy_loss         | -2.08      |
|    explained_variance   | 0.673      |
|    learning_rate        | 0.0003     |
|    loss                 | 0.288      |
|    n_updates            | 23980      |
|    policy_gradient_loss | -0.00356   |
|    std                  | 0.418      |
|    value_loss           | 4.99       |
----------------------------------------
----------------------------------------
| rollout/                |            |
|    ep_len_mean          | 293        |
|    ep_rew_mean          | -3.1       |
| time/                   |            |
|    fps                  | 152        |
|    iterations           | 162        |
|    time_elapsed         | 5432       |
|    total_timesteps      | 12040640   |
| train/                  |            |
|    approx_kl            | 0.06463839 |
|    clip_fraction        | 0.339      |
|    clip_range           | 0.2        |
|    entropy_loss         | -2.07      |
|    explained_variance   | 0.889      |
|    learning_rate        | 0.0003     |
|    loss                 | -0.0534    |
|    n_updates            | 23990      |
|    policy_gradient_loss | -0.00151   |
|    std                  | 0.417      |
|    value_loss           | 1.7        |
----------------------------------------
----------------------------------------
| rollout/                |            |
|    ep_len_mean          | 285        |
|    ep_rew_mean          | -0.866     |
| time/                   |            |
|    fps                  | 152        |
|    iterations           | 163        |
|    time_elapsed         | 5470       |
|    total_timesteps      | 12045760   |
| train/                  |            |
|    approx_kl            | 0.08244194 |
|    clip_fraction        | 0.334      |
|    clip_range           | 0.2        |
|    entropy_loss         | -2.07      |
|    explained_variance   | 0.631      |
|    learning_rate        | 0.0003     |
|    loss                 | 0.00877    |
|    n_updates            | 24000      |
|    policy_gradient_loss | -0.00567   |
|    std                  | 0.417      |
|    value_loss           | 5.43       |
----------------------------------------
----------------------------------------
| rollout/                |            |
|    ep_len_mean          | 283        |
|    ep_rew_mean          | -1.72      |
| time/                   |            |
|    fps                  | 152        |
|    iterations           | 164        |
|    time_elapsed         | 5508       |
|    total_timesteps      | 12050880   |
| train/                  |            |
|    approx_kl            | 0.04399554 |
|    clip_fraction        | 0.262      |
|    clip_range           | 0.2        |
|    entropy_loss         | -2.07      |
|    explained_variance   | 0.337      |
|    learning_rate        | 0.0003     |
|    loss                 | -0.0154    |
|    n_updates            | 24010      |
|    policy_gradient_loss | -0.00337   |
|    std                  | 0.415      |
|    value_loss           | 64.7       |
----------------------------------------
----------------------------------------
| rollout/                |            |
|    ep_len_mean          | 278        |
|    ep_rew_mean          | -2.72      |
| time/                   |            |
|    fps                  | 152        |
|    iterations           | 165        |
|    time_elapsed         | 5541       |
|    total_timesteps      | 12056000   |
| train/                  |            |
|    approx_kl            | 0.06437049 |
|    clip_fraction        | 0.307      |
|    clip_range           | 0.2        |
|    entropy_loss         | -2.05      |
|    explained_variance   | 0.582      |
|    learning_rate        | 0.0003     |
|    loss                 | 0.0868     |
|    n_updates            | 24020      |
|    policy_gradient_loss | -0.00571   |
|    std                  | 0.414      |
|    value_loss           | 5.48       |
----------------------------------------
-----------------------------------------
| rollout/                |             |
|    ep_len_mean          | 274         |
|    ep_rew_mean          | -5.8        |
| time/                   |             |
|    fps                  | 152         |
|    iterations           | 166         |
|    time_elapsed         | 5576        |
|    total_timesteps      | 12061120    |
| train/                  |             |
|    approx_kl            | 0.047757514 |
|    clip_fraction        | 0.329       |
|    clip_range           | 0.2         |
|    entropy_loss         | -2.04       |
|    explained_variance   | 0.259       |
|    learning_rate        | 0.0003      |
|    loss                 | 0.0542      |
|    n_updates            | 24030       |
|    policy_gradient_loss | 0.00129     |
|    std                  | 0.413       |
|    value_loss           | 68.1        |
-----------------------------------------
Eval num_timesteps=12061200, episode_reward=-6.35 +/- 31.20
Episode length: 281.70 +/- 35.67
-----------------------------------------
| eval/                   |             |
|    mean_ep_length       | 282         |
|    mean_reward          | -6.35       |
| time/                   |             |
|    total_timesteps      | 12061200    |
| train/                  |             |
|    approx_kl            | 0.057988822 |
|    clip_fraction        | 0.26        |
|    clip_range           | 0.2         |
|    entropy_loss         | -2.03       |
|    explained_variance   | 0.362       |
|    learning_rate        | 0.0003      |
|    loss                 | 0.0558      |
|    n_updates            | 24040       |
|    policy_gradient_loss | -0.00184    |
|    std                  | 0.412       |
|    value_loss           | 32.1        |
-----------------------------------------
[episode ends] timestep 12061210: flipped=54 (31%), missed_goal=112 (63%), out_of_bounds=1 (1%), scored=10 (6%)
---------------------------------
| episode_end/       |          |
|    flipped         | 54       |
|    missed_goal     | 112      |
|    out_of_bounds   | 1        |
|    scored          | 10       |
| rollout/           |          |
|    ep_len_mean     | 275      |
|    ep_rew_mean     | -8.17    |
| time/              |          |
|    fps             | 152      |
|    iterations      | 167      |
|    time_elapsed    | 5618     |
|    total_timesteps | 12066240 |
---------------------------------
----------------------------------------
| rollout/                |            |
|    ep_len_mean          | 278        |
|    ep_rew_mean          | -7.68      |
| time/                   |            |
|    fps                  | 152        |
|    iterations           | 168        |
|    time_elapsed         | 5652       |
|    total_timesteps      | 12071360   |
| train/                  |            |
|    approx_kl            | 0.05969309 |
|    clip_fraction        | 0.289      |
|    clip_range           | 0.2        |
|    entropy_loss         | -2.02      |
|    explained_variance   | 0.216      |
|    learning_rate        | 0.0003     |
|    loss                 | 0.514      |
|    n_updates            | 24050      |
|    policy_gradient_loss | -0.00515   |
|    std                  | 0.411      |
|    value_loss           | 87.7       |
----------------------------------------
----------------------------------------
| rollout/                |            |
|    ep_len_mean          | 282        |
|    ep_rew_mean          | -5.6       |
| time/                   |            |
|    fps                  | 152        |
|    iterations           | 169        |
|    time_elapsed         | 5689       |
|    total_timesteps      | 12076480   |
| train/                  |            |
|    approx_kl            | 0.08365837 |
|    clip_fraction        | 0.347      |
|    clip_range           | 0.2        |
|    entropy_loss         | -2.01      |
|    explained_variance   | 0.58       |
|    learning_rate        | 0.0003     |
|    loss                 | 0.00403    |
|    n_updates            | 24060      |
|    policy_gradient_loss | 0.00136    |
|    std                  | 0.41       |
|    value_loss           | 9.59       |
----------------------------------------
-----------------------------------------
| rollout/                |             |
|    ep_len_mean          | 284         |
|    ep_rew_mean          | -6.18       |
| time/                   |             |
|    fps                  | 152         |
|    iterations           | 170         |
|    time_elapsed         | 5724        |
|    total_timesteps      | 12081600    |
| train/                  |             |
|    approx_kl            | 0.034371745 |
|    clip_fraction        | 0.267       |
|    clip_range           | 0.2         |
|    entropy_loss         | -1.99       |
|    explained_variance   | 0.633       |
|    learning_rate        | 0.0003      |
|    loss                 | 1.77        |
|    n_updates            | 24070       |
|    policy_gradient_loss | -0.0107     |
|    std                  | 0.408       |
|    value_loss           | 6           |
-----------------------------------------
----------------------------------------
| rollout/                |            |
|    ep_len_mean          | 287        |
|    ep_rew_mean          | 0.359      |
| time/                   |            |
|    fps                  | 152        |
|    iterations           | 171        |
|    time_elapsed         | 5754       |
|    total_timesteps      | 12086720   |
| train/                  |            |
|    approx_kl            | 0.04697975 |
|    clip_fraction        | 0.278      |
|    clip_range           | 0.2        |
|    entropy_loss         | -1.99      |
|    explained_variance   | 0.553      |
|    learning_rate        | 0.0003     |
|    loss                 | 0.0351     |
|    n_updates            | 24080      |
|    policy_gradient_loss | -0.0074    |
|    std                  | 0.408      |
|    value_loss           | 5.98       |
----------------------------------------
----------------------------------------
| rollout/                |            |
|    ep_len_mean          | 289        |
|    ep_rew_mean          | -3.49      |
| time/                   |            |
|    fps                  | 152        |
|    iterations           | 172        |
|    time_elapsed         | 5789       |
|    total_timesteps      | 12091840   |
| train/                  |            |
|    approx_kl            | 0.05156855 |
|    clip_fraction        | 0.308      |
|    clip_range           | 0.2        |
|    entropy_loss         | -1.99      |
|    explained_variance   | 0.734      |
|    learning_rate        | 0.0003     |
|    loss                 | 1.65       |
|    n_updates            | 24090      |
|    policy_gradient_loss | -0.00568   |
|    std                  | 0.408      |
|    value_loss           | 5.02       |
----------------------------------------
----------------------------------------
| rollout/                |            |
|    ep_len_mean          | 284        |
|    ep_rew_mean          | -0.801     |
| time/                   |            |
|    fps                  | 152        |
|    iterations           | 173        |
|    time_elapsed         | 5823       |
|    total_timesteps      | 12096960   |
| train/                  |            |
|    approx_kl            | 0.07750237 |
|    clip_fraction        | 0.351      |
|    clip_range           | 0.2        |
|    entropy_loss         | -1.98      |
|    explained_variance   | 0.614      |
|    learning_rate        | 0.0003     |
|    loss                 | 0.098      |
|    n_updates            | 24100      |
|    policy_gradient_loss | -0.0067    |
|    std                  | 0.407      |
|    value_loss           | 24.3       |
----------------------------------------
----------------------------------------
| rollout/                |            |
|    ep_len_mean          | 286        |
|    ep_rew_mean          | -1.44      |
| time/                   |            |
|    fps                  | 152        |
|    iterations           | 174        |
|    time_elapsed         | 5857       |
|    total_timesteps      | 12102080   |
| train/                  |            |
|    approx_kl            | 0.05178707 |
|    clip_fraction        | 0.35       |
|    clip_range           | 0.2        |
|    entropy_loss         | -1.97      |
|    explained_variance   | 0.571      |
|    learning_rate        | 0.0003     |
|    loss                 | 0.643      |
|    n_updates            | 24110      |
|    policy_gradient_loss | -0.0024    |
|    std                  | 0.406      |
|    value_loss           | 23.2       |
----------------------------------------
----------------------------------------
| rollout/                |            |
|    ep_len_mean          | 289        |
|    ep_rew_mean          | -1.62      |
| time/                   |            |
|    fps                  | 152        |
|    iterations           | 175        |
|    time_elapsed         | 5891       |
|    total_timesteps      | 12107200   |
| train/                  |            |
|    approx_kl            | 0.06790768 |
|    clip_fraction        | 0.34       |
|    clip_range           | 0.2        |
|    entropy_loss         | -1.96      |
|    explained_variance   | 0.642      |
|    learning_rate        | 0.0003     |
|    loss                 | -0.0291    |
|    n_updates            | 24120      |
|    policy_gradient_loss | -0.0109    |
|    std                  | 0.405      |
|    value_loss           | 16.1       |
----------------------------------------
Eval num_timesteps=12111200, episode_reward=3.34 +/- 6.43
Episode length: 300.80 +/- 18.60
-----------------------------------------
| eval/                   |             |
|    mean_ep_length       | 301         |
|    mean_reward          | 3.34        |
| time/                   |             |
|    total_timesteps      | 12111200    |
| train/                  |             |
|    approx_kl            | 0.081673525 |
|    clip_fraction        | 0.385       |
|    clip_range           | 0.2         |
|    entropy_loss         | -1.96       |
|    explained_variance   | 0.935       |
|    learning_rate        | 0.0003      |
|    loss                 | -0.0234     |
|    n_updates            | 24130       |
|    policy_gradient_loss | -0.0121     |
|    std                  | 0.405       |
|    value_loss           | 1.34        |
-----------------------------------------
[progress] timestep 12111210
[episode ends] timestep 12111210: flipped=42 (25%), missed_goal=122 (71%), out_of_bounds=1 (1%), scored=6 (4%)
---------------------------------
| episode_end/       |          |
|    flipped         | 42       |
|    missed_goal     | 122      |
|    out_of_bounds   | 1        |
|    scored          | 6        |
| rollout/           |          |
|    ep_len_mean     | 291      |
|    ep_rew_mean     | -2.1     |
| time/              |          |
|    fps             | 151      |
|    iterations      | 176      |
|    time_elapsed    | 5930     |
|    total_timesteps | 12112320 |
---------------------------------
----------------------------------------
| rollout/                |            |
|    ep_len_mean          | 290        |
|    ep_rew_mean          | -7.49      |
| time/                   |            |
|    fps                  | 151        |
|    iterations           | 177        |
|    time_elapsed         | 5963       |
|    total_timesteps      | 12117440   |
| train/                  |            |
|    approx_kl            | 0.09873398 |
|    clip_fraction        | 0.323      |
|    clip_range           | 0.2        |
|    entropy_loss         | -1.94      |
|    explained_variance   | 0.873      |
|    learning_rate        | 0.0003     |
|    loss                 | 0.103      |
|    n_updates            | 24140      |
|    policy_gradient_loss | -0.00715   |
|    std                  | 0.401      |
|    value_loss           | 2.4        |
----------------------------------------
---------------------------------------
| rollout/                |           |
|    ep_len_mean          | 293       |
|    ep_rew_mean          | -7.52     |
| time/                   |           |
|    fps                  | 151       |
|    iterations           | 178       |
|    time_elapsed         | 5996      |
|    total_timesteps      | 12122560  |
| train/                  |           |
|    approx_kl            | 0.0629331 |
|    clip_fraction        | 0.349     |
|    clip_range           | 0.2       |
|    entropy_loss         | -1.93     |
|    explained_variance   | 0.218     |
|    learning_rate        | 0.0003    |
|    loss                 | 0.108     |
|    n_updates            | 24150     |
|    policy_gradient_loss | -0.00408  |
|    std                  | 0.402     |
|    value_loss           | 163       |
---------------------------------------
----------------------------------------
| rollout/                |            |
|    ep_len_mean          | 294        |
|    ep_rew_mean          | -6.22      |
| time/                   |            |
|    fps                  | 151        |
|    iterations           | 179        |
|    time_elapsed         | 6030       |
|    total_timesteps      | 12127680   |
| train/                  |            |
|    approx_kl            | 0.09018848 |
|    clip_fraction        | 0.391      |
|    clip_range           | 0.2        |
|    entropy_loss         | -1.93      |
|    explained_variance   | 0.602      |
|    learning_rate        | 0.0003     |
|    loss                 | -0.0279    |
|    n_updates            | 24160      |
|    policy_gradient_loss | -0.00896   |
|    std                  | 0.4        |
|    value_loss           | 10.4       |
----------------------------------------
----------------------------------------
| rollout/                |            |
|    ep_len_mean          | 295        |
|    ep_rew_mean          | -5.83      |
| time/                   |            |
|    fps                  | 151        |
|    iterations           | 180        |
|    time_elapsed         | 6064       |
|    total_timesteps      | 12132800   |
| train/                  |            |
|    approx_kl            | 0.07172202 |
|    clip_fraction        | 0.326      |
|    clip_range           | 0.2        |
|    entropy_loss         | -1.93      |
|    explained_variance   | 0.792      |
|    learning_rate        | 0.0003     |
|    loss                 | 0.778      |
|    n_updates            | 24170      |
|    policy_gradient_loss | -0.00128   |
|    std                  | 0.401      |
|    value_loss           | 3.1        |
----------------------------------------
-----------------------------------------
| rollout/                |             |
|    ep_len_mean          | 293         |
|    ep_rew_mean          | -10.5       |
| time/                   |             |
|    fps                  | 151         |
|    iterations           | 181         |
|    time_elapsed         | 6099        |
|    total_timesteps      | 12137920    |
| train/                  |             |
|    approx_kl            | 0.052639253 |
|    clip_fraction        | 0.304       |
|    clip_range           | 0.2         |
|    entropy_loss         | -1.93       |
|    explained_variance   | 0.866       |
|    learning_rate        | 0.0003      |
|    loss                 | 2.4         |
|    n_updates            | 24180       |
|    policy_gradient_loss | -0.0122     |
|    std                  | 0.4         |
|    value_loss           | 2.75        |
-----------------------------------------
----------------------------------------
| rollout/                |            |
|    ep_len_mean          | 290        |
|    ep_rew_mean          | -11.6      |
| time/                   |            |
|    fps                  | 151        |
|    iterations           | 182        |
|    time_elapsed         | 6139       |
|    total_timesteps      | 12143040   |
| train/                  |            |
|    approx_kl            | 0.06475271 |
|    clip_fraction        | 0.336      |
|    clip_range           | 0.2        |
|    entropy_loss         | -1.92      |
|    explained_variance   | 0.303      |
|    learning_rate        | 0.0003     |
|    loss                 | 0.276      |
|    n_updates            | 24190      |
|    policy_gradient_loss | -0.00813   |
|    std                  | 0.399      |
|    value_loss           | 116        |
----------------------------------------
-----------------------------------------
| rollout/                |             |
|    ep_len_mean          | 294         |
|    ep_rew_mean          | -8.67       |
| time/                   |             |
|    fps                  | 151         |
|    iterations           | 183         |
|    time_elapsed         | 6167        |
|    total_timesteps      | 12148160    |
| train/                  |             |
|    approx_kl            | 0.058158763 |
|    clip_fraction        | 0.365       |
|    clip_range           | 0.2         |
|    entropy_loss         | -1.92       |
|    explained_variance   | 0.485       |
|    learning_rate        | 0.0003      |
|    loss                 | 0.0427      |
|    n_updates            | 24200       |
|    policy_gradient_loss | -0.00734    |
|    std                  | 0.399       |
|    value_loss           | 41.6        |
-----------------------------------------
----------------------------------------
| rollout/                |            |
|    ep_len_mean          | 293        |
|    ep_rew_mean          | -10.6      |
| time/                   |            |
|    fps                  | 151        |
|    iterations           | 184        |
|    time_elapsed         | 6200       |
|    total_timesteps      | 12153280   |
| train/                  |            |
|    approx_kl            | 0.07708232 |
|    clip_fraction        | 0.366      |
|    clip_range           | 0.2        |
|    entropy_loss         | -1.94      |
|    explained_variance   | 0.707      |
|    learning_rate        | 0.0003     |
|    loss                 | 113        |
|    n_updates            | 24210      |
|    policy_gradient_loss | -0.0104    |
|    std                  | 0.401      |
|    value_loss           | 14.6       |
----------------------------------------
----------------------------------------
| rollout/                |            |
|    ep_len_mean          | 294        |
|    ep_rew_mean          | -12.4      |
| time/                   |            |
|    fps                  | 151        |
|    iterations           | 185        |
|    time_elapsed         | 6238       |
|    total_timesteps      | 12158400   |
| train/                  |            |
|    approx_kl            | 0.06250274 |
|    clip_fraction        | 0.329      |
|    clip_range           | 0.2        |
|    entropy_loss         | -1.94      |
|    explained_variance   | 0.466      |
|    learning_rate        | 0.0003     |
|    loss                 | 17.6       |
|    n_updates            | 24220      |
|    policy_gradient_loss | -0.0126    |
|    std                  | 0.4        |
|    value_loss           | 45.2       |
----------------------------------------
Eval num_timesteps=12161200, episode_reward=1.87 +/- 8.00
Episode length: 297.40 +/- 15.45
-----------------------------------------
| eval/                   |             |
|    mean_ep_length       | 297         |
|    mean_reward          | 1.87        |
| time/                   |             |
|    total_timesteps      | 12161200    |
| train/                  |             |
|    approx_kl            | 0.069513544 |
|    clip_fraction        | 0.337       |
|    clip_range           | 0.2         |
|    entropy_loss         | -1.92       |
|    explained_variance   | 0.595       |
|    learning_rate        | 0.0003      |
|    loss                 | 34.7        |
|    n_updates            | 24230       |
|    policy_gradient_loss | -0.0102     |
|    std                  | 0.396       |
|    value_loss           | 12.6        |
-----------------------------------------
[episode ends] timestep 12161210: flipped=53 (31%), missed_goal=115 (68%), scored=2 (1%)
---------------------------------
| episode_end/       |          |
|    flipped         | 53       |
|    missed_goal     | 115      |
|    scored          | 2        |
| rollout/           |          |
|    ep_len_mean     | 295      |
|    ep_rew_mean     | -11.1    |
| time/              |          |
|    fps             | 151      |
|    iterations      | 186      |
|    time_elapsed    | 6272     |
|    total_timesteps | 12163520 |
---------------------------------
---------------------------------------
| rollout/                |           |
|    ep_len_mean          | 295       |
|    ep_rew_mean          | -3.99     |
| time/                   |           |
|    fps                  | 151       |
|    iterations           | 187       |
|    time_elapsed         | 6309      |
|    total_timesteps      | 12168640  |
| train/                  |           |
|    approx_kl            | 0.0881081 |
|    clip_fraction        | 0.367     |
|    clip_range           | 0.2       |
|    entropy_loss         | -1.89     |
|    explained_variance   | 0.932     |
|    learning_rate        | 0.0003    |
|    loss                 | 0.81      |
|    n_updates            | 24240     |
|    policy_gradient_loss | -0.00853  |
|    std                  | 0.395     |
|    value_loss           | 1.28      |
---------------------------------------
----------------------------------------
| rollout/                |            |
|    ep_len_mean          | 292        |
|    ep_rew_mean          | -3.47      |
| time/                   |            |
|    fps                  | 151        |
|    iterations           | 188        |
|    time_elapsed         | 6345       |
|    total_timesteps      | 12173760   |
| train/                  |            |
|    approx_kl            | 0.05731936 |
|    clip_fraction        | 0.354      |
|    clip_range           | 0.2        |
|    entropy_loss         | -1.87      |
|    explained_variance   | 0.461      |
|    learning_rate        | 0.0003     |
|    loss                 | 2.63       |
|    n_updates            | 24250      |
|    policy_gradient_loss | -0.0107    |
|    std                  | 0.394      |
|    value_loss           | 22.5       |
----------------------------------------
----------------------------------------
| rollout/                |            |
|    ep_len_mean          | 290        |
|    ep_rew_mean          | -4.78      |
| time/                   |            |
|    fps                  | 151        |
|    iterations           | 189        |
|    time_elapsed         | 6377       |
|    total_timesteps      | 12178880   |
| train/                  |            |
|    approx_kl            | 0.06513775 |
|    clip_fraction        | 0.334      |
|    clip_range           | 0.2        |
|    entropy_loss         | -1.88      |
|    explained_variance   | 0.61       |
|    learning_rate        | 0.0003     |
|    loss                 | 0.0517     |
|    n_updates            | 24260      |
|    policy_gradient_loss | -0.00655   |
|    std                  | 0.395      |
|    value_loss           | 12.1       |
----------------------------------------
----------------------------------------
| rollout/                |            |
|    ep_len_mean          | 290        |
|    ep_rew_mean          | -2.99      |
| time/                   |            |
|    fps                  | 151        |
|    iterations           | 190        |
|    time_elapsed         | 6411       |
|    total_timesteps      | 12184000   |
| train/                  |            |
|    approx_kl            | 0.07151735 |
|    clip_fraction        | 0.353      |
|    clip_range           | 0.2        |
|    entropy_loss         | -1.89      |
|    explained_variance   | 0.252      |
|    learning_rate        | 0.0003     |
|    loss                 | 0.0982     |
|    n_updates            | 24270      |
|    policy_gradient_loss | -0.0083    |
|    std                  | 0.398      |
|    value_loss           | 52         |
----------------------------------------
----------------------------------------
| rollout/                |            |
|    ep_len_mean          | 292        |
|    ep_rew_mean          | -4.4       |
| time/                   |            |
|    fps                  | 151        |
|    iterations           | 191        |
|    time_elapsed         | 6441       |
|    total_timesteps      | 12189120   |
| train/                  |            |
|    approx_kl            | 0.07206969 |
|    clip_fraction        | 0.333      |
|    clip_range           | 0.2        |
|    entropy_loss         | -1.9       |
|    explained_variance   | 0.173      |
|    learning_rate        | 0.0003     |
|    loss                 | 0.00891    |
|    n_updates            | 24280      |
|    policy_gradient_loss | -0.00679   |
|    std                  | 0.397      |
|    value_loss           | 143        |
----------------------------------------
----------------------------------------
| rollout/                |            |
|    ep_len_mean          | 293        |
|    ep_rew_mean          | -5.88      |
| time/                   |            |
|    fps                  | 151        |
|    iterations           | 192        |
|    time_elapsed         | 6477       |
|    total_timesteps      | 12194240   |
| train/                  |            |
|    approx_kl            | 0.06916816 |
|    clip_fraction        | 0.339      |
|    clip_range           | 0.2        |
|    entropy_loss         | -1.88      |
|    explained_variance   | 0.369      |
|    learning_rate        | 0.0003     |
|    loss                 | 0.13       |
|    n_updates            | 24290      |
|    policy_gradient_loss | -0.00223   |
|    std                  | 0.395      |
|    value_loss           | 49.5       |
----------------------------------------
-----------------------------------------
| rollout/                |             |
|    ep_len_mean          | 293         |
|    ep_rew_mean          | -4.81       |
| time/                   |             |
|    fps                  | 151         |
|    iterations           | 193         |
|    time_elapsed         | 6510        |
|    total_timesteps      | 12199360    |
| train/                  |             |
|    approx_kl            | 0.054422926 |
|    clip_fraction        | 0.276       |
|    clip_range           | 0.2         |
|    entropy_loss         | -1.87       |
|    explained_variance   | 0.559       |
|    learning_rate        | 0.0003      |
|    loss                 | 0.0995      |
|    n_updates            | 24300       |
|    policy_gradient_loss | -0.00846    |
|    std                  | 0.393       |
|    value_loss           | 28.4        |
-----------------------------------------
-----------------------------------------
| rollout/                |             |
|    ep_len_mean          | 292         |
|    ep_rew_mean          | -4.38       |
| time/                   |             |
|    fps                  | 151         |
|    iterations           | 194         |
|    time_elapsed         | 6545        |
|    total_timesteps      | 12204480    |
| train/                  |             |
|    approx_kl            | 0.069873214 |
|    clip_fraction        | 0.36        |
|    clip_range           | 0.2         |
|    entropy_loss         | -1.85       |
|    explained_variance   | 0.416       |
|    learning_rate        | 0.0003      |
|    loss                 | 0.00453     |
|    n_updates            | 24310       |
|    policy_gradient_loss | -0.00327    |
|    std                  | 0.392       |
|    value_loss           | 42.4        |
-----------------------------------------
----------------------------------------
| rollout/                |            |
|    ep_len_mean          | 294        |
|    ep_rew_mean          | -6         |
| time/                   |            |
|    fps                  | 151        |
|    iterations           | 195        |
|    time_elapsed         | 6582       |
|    total_timesteps      | 12209600   |
| train/                  |            |
|    approx_kl            | 0.07658047 |
|    clip_fraction        | 0.358      |
|    clip_range           | 0.2        |
|    entropy_loss         | -1.85      |
|    explained_variance   | 0.546      |
|    learning_rate        | 0.0003     |
|    loss                 | 2.42       |
|    n_updates            | 24320      |
|    policy_gradient_loss | -0.00918   |
|    std                  | 0.392      |
|    value_loss           | 23.6       |
----------------------------------------
Eval num_timesteps=12211200, episode_reward=-23.92 +/- 97.06
Episode length: 294.20 +/- 15.17
-----------------------------------------
| eval/                   |             |
|    mean_ep_length       | 294         |
|    mean_reward          | -23.9       |
| time/                   |             |
|    total_timesteps      | 12211200    |
| train/                  |             |
|    approx_kl            | 0.058408476 |
|    clip_fraction        | 0.275       |
|    clip_range           | 0.2         |
|    entropy_loss         | -1.84       |
|    explained_variance   | 0.183       |
|    learning_rate        | 0.0003      |
|    loss                 | 0.0521      |
|    n_updates            | 24330       |
|    policy_gradient_loss | -0.00475    |
|    std                  | 0.392       |
|    value_loss           | 333         |
-----------------------------------------
[progress] timestep 12211210
[episode ends] timestep 12211210: flipped=31 (18%), missed_goal=124 (71%), scored=19 (11%)
---------------------------------
| episode_end/       |          |
|    flipped         | 31       |
|    missed_goal     | 124      |
|    scored          | 19       |
| rollout/           |          |
|    ep_len_mean     | 290      |
|    ep_rew_mean     | -9.36    |
| time/              |          |
|    fps             | 151      |
|    iterations      | 196      |
|    time_elapsed    | 6617     |
|    total_timesteps | 12214720 |
---------------------------------
----------------------------------------
| rollout/                |            |
|    ep_len_mean          | 290        |
|    ep_rew_mean          | -12.4      |
| time/                   |            |
|    fps                  | 151        |
|    iterations           | 197        |
|    time_elapsed         | 6654       |
|    total_timesteps      | 12219840   |
| train/                  |            |
|    approx_kl            | 0.04016296 |
|    clip_fraction        | 0.279      |
|    clip_range           | 0.2        |
|    entropy_loss         | -1.84      |
|    explained_variance   | 0.548      |
|    learning_rate        | 0.0003     |
|    loss                 | 123        |
|    n_updates            | 24340      |
|    policy_gradient_loss | -0.00676   |
|    std                  | 0.39       |
|    value_loss           | 37.5       |
----------------------------------------
----------------------------------------
| rollout/                |            |
|    ep_len_mean          | 287        |
|    ep_rew_mean          | -12.3      |
| time/                   |            |
|    fps                  | 151        |
|    iterations           | 198        |
|    time_elapsed         | 6691       |
|    total_timesteps      | 12224960   |
| train/                  |            |
|    approx_kl            | 0.03077485 |
|    clip_fraction        | 0.205      |
|    clip_range           | 0.2        |
|    entropy_loss         | -1.83      |
|    explained_variance   | 0.0908     |
|    learning_rate        | 0.0003     |
|    loss                 | 18.5       |
|    n_updates            | 24350      |
|    policy_gradient_loss | -0.00349   |
|    std                  | 0.39       |
|    value_loss           | 114        |
----------------------------------------
----------------------------------------
| rollout/                |            |
|    ep_len_mean          | 284        |
|    ep_rew_mean          | -14.7      |
| time/                   |            |
|    fps                  | 151        |
|    iterations           | 199        |
|    time_elapsed         | 6723       |
|    total_timesteps      | 12230080   |
| train/                  |            |
|    approx_kl            | 0.04113786 |
|    clip_fraction        | 0.236      |
|    clip_range           | 0.2        |
|    entropy_loss         | -1.82      |
|    explained_variance   | 0.346      |
|    learning_rate        | 0.0003     |
|    loss                 | 7.52       |
|    n_updates            | 24360      |
|    policy_gradient_loss | -0.00281   |
|    std                  | 0.389      |
|    value_loss           | 73.6       |
----------------------------------------
---------------------------------------
| rollout/                |           |
|    ep_len_mean          | 286       |
|    ep_rew_mean          | -19.2     |
| time/                   |           |
|    fps                  | 151       |
|    iterations           | 200       |
|    time_elapsed         | 6759      |
|    total_timesteps      | 12235200  |
| train/                  |           |
|    approx_kl            | 0.0607116 |
|    clip_fraction        | 0.274     |
|    clip_range           | 0.2       |
|    entropy_loss         | -1.82     |
|    explained_variance   | 0.225     |
|    learning_rate        | 0.0003    |
|    loss                 | 7.01      |
|    n_updates            | 24370     |
|    policy_gradient_loss | -0.00242  |
|    std                  | 0.39      |
|    value_loss           | 146       |
---------------------------------------
----------------------------------------
| rollout/                |            |
|    ep_len_mean          | 286        |
|    ep_rew_mean          | -8.8       |
| time/                   |            |
|    fps                  | 151        |
|    iterations           | 201        |
|    time_elapsed         | 6792       |
|    total_timesteps      | 12240320   |
| train/                  |            |
|    approx_kl            | 0.08155249 |
|    clip_fraction        | 0.224      |
|    clip_range           | 0.2        |
|    entropy_loss         | -1.82      |
|    explained_variance   | 0.577      |
|    learning_rate        | 0.0003     |
|    loss                 | 0.0924     |
|    n_updates            | 24380      |
|    policy_gradient_loss | -0.00646   |
|    std                  | 0.39       |
|    value_loss           | 33.6       |
----------------------------------------
----------------------------------------
| rollout/                |            |
|    ep_len_mean          | 275        |
|    ep_rew_mean          | -15.1      |
| time/                   |            |
|    fps                  | 151        |
|    iterations           | 202        |
|    time_elapsed         | 6826       |
|    total_timesteps      | 12245440   |
| train/                  |            |
|    approx_kl            | 0.05746171 |
|    clip_fraction        | 0.315      |
|    clip_range           | 0.2        |
|    entropy_loss         | -1.82      |
|    explained_variance   | 0.298      |
|    learning_rate        | 0.0003     |
|    loss                 | 2.12       |
|    n_updates            | 24390      |
|    policy_gradient_loss | -0.00312   |
|    std                  | 0.389      |
|    value_loss           | 87.1       |
----------------------------------------
----------------------------------------
| rollout/                |            |
|    ep_len_mean          | 274        |
|    ep_rew_mean          | -8.39      |
| time/                   |            |
|    fps                  | 151        |
|    iterations           | 203        |
|    time_elapsed         | 6863       |
|    total_timesteps      | 12250560   |
| train/                  |            |
|    approx_kl            | 0.08453433 |
|    clip_fraction        | 0.291      |
|    clip_range           | 0.2        |
|    entropy_loss         | -1.81      |
|    explained_variance   | 0.26       |
|    learning_rate        | 0.0003     |
|    loss                 | 219        |
|    n_updates            | 24400      |
|    policy_gradient_loss | 0.00105    |
|    std                  | 0.389      |
|    value_loss           | 107        |
----------------------------------------
----------------------------------------
| rollout/                |            |
|    ep_len_mean          | 272        |
|    ep_rew_mean          | -5.17      |
| time/                   |            |
|    fps                  | 151        |
|    iterations           | 204        |
|    time_elapsed         | 6898       |
|    total_timesteps      | 12255680   |
| train/                  |            |
|    approx_kl            | 0.04782216 |
|    clip_fraction        | 0.24       |
|    clip_range           | 0.2        |
|    entropy_loss         | -1.8       |
|    explained_variance   | 0.186      |
|    learning_rate        | 0.0003     |
|    loss                 | 252        |
|    n_updates            | 24410      |
|    policy_gradient_loss | -0.00556   |
|    std                  | 0.387      |
|    value_loss           | 82.7       |
----------------------------------------
-----------------------------------------
| rollout/                |             |
|    ep_len_mean          | 271         |
|    ep_rew_mean          | -4.88       |
| time/                   |             |
|    fps                  | 151         |
|    iterations           | 205         |
|    time_elapsed         | 6930        |
|    total_timesteps      | 12260800    |
| train/                  |             |
|    approx_kl            | 0.034100417 |
|    clip_fraction        | 0.244       |
|    clip_range           | 0.2         |
|    entropy_loss         | -1.79       |
|    explained_variance   | 0.413       |
|    learning_rate        | 0.0003      |
|    loss                 | 0.0481      |
|    n_updates            | 24420       |
|    policy_gradient_loss | -0.00829    |
|    std                  | 0.387       |
|    value_loss           | 74.3        |
-----------------------------------------
Eval num_timesteps=12261200, episode_reward=-0.82 +/- 44.17
Episode length: 283.70 +/- 36.69
----------------------------------------
| eval/                   |            |
|    mean_ep_length       | 284        |
|    mean_reward          | -0.82      |
| time/                   |            |
|    total_timesteps      | 12261200   |
| train/                  |            |
|    approx_kl            | 0.03199272 |
|    clip_fraction        | 0.148      |
|    clip_range           | 0.2        |
|    entropy_loss         | -1.79      |
|    explained_variance   | 0.156      |
|    learning_rate        | 0.0003     |
|    loss                 | 5.12       |
|    n_updates            | 24430      |
|    policy_gradient_loss | -0.00864   |
|    std                  | 0.387      |
|    value_loss           | 169        |
----------------------------------------
[episode ends] timestep 12261210: flipped=47 (26%), missed_goal=88 (49%), scored=44 (25%)
---------------------------------
| episode_end/       |          |
|    flipped         | 47       |
|    missed_goal     | 88       |
|    scored          | 44       |
| rollout/           |          |
|    ep_len_mean     | 268      |
|    ep_rew_mean     | -4.72    |
| time/              |          |
|    fps             | 151      |
|    iterations      | 206      |
|    time_elapsed    | 6969     |
|    total_timesteps | 12265920 |
---------------------------------
-----------------------------------------
| rollout/                |             |
|    ep_len_mean          | 272         |
|    ep_rew_mean          | -7.88       |
| time/                   |             |
|    fps                  | 151         |
|    iterations           | 207         |
|    time_elapsed         | 7002        |
|    total_timesteps      | 12271040    |
| train/                  |             |
|    approx_kl            | 0.021214623 |
|    clip_fraction        | 0.13        |
|    clip_range           | 0.2         |
|    entropy_loss         | -1.8        |
|    explained_variance   | 0.341       |
|    learning_rate        | 0.0003      |
|    loss                 | 0.759       |
|    n_updates            | 24440       |
|    policy_gradient_loss | -0.0131     |
|    std                  | 0.388       |
|    value_loss           | 88.7        |
-----------------------------------------
-----------------------------------------
| rollout/                |             |
|    ep_len_mean          | 273         |
|    ep_rew_mean          | -14.7       |
| time/                   |             |
|    fps                  | 151         |
|    iterations           | 208         |
|    time_elapsed         | 7038        |
|    total_timesteps      | 12276160    |
| train/                  |             |
|    approx_kl            | 0.034648735 |
|    clip_fraction        | 0.203       |
|    clip_range           | 0.2         |
|    entropy_loss         | -1.79       |
|    explained_variance   | 0.393       |
|    learning_rate        | 0.0003      |
|    loss                 | 0.856       |
|    n_updates            | 24450       |
|    policy_gradient_loss | -0.014      |
|    std                  | 0.387       |
|    value_loss           | 77.3        |
-----------------------------------------
-----------------------------------------
| rollout/                |             |
|    ep_len_mean          | 275         |
|    ep_rew_mean          | -16.9       |
| time/                   |             |
|    fps                  | 151         |
|    iterations           | 209         |
|    time_elapsed         | 7073        |
|    total_timesteps      | 12281280    |
| train/                  |             |
|    approx_kl            | 0.034860454 |
|    clip_fraction        | 0.26        |
|    clip_range           | 0.2         |
|    entropy_loss         | -1.79       |
|    explained_variance   | 0.34        |
|    learning_rate        | 0.0003      |
|    loss                 | 2.27        |
|    n_updates            | 24460       |
|    policy_gradient_loss | -0.00227    |
|    std                  | 0.388       |
|    value_loss           | 174         |
-----------------------------------------
----------------------------------------
| rollout/                |            |
|    ep_len_mean          | 274        |
|    ep_rew_mean          | -18.3      |
| time/                   |            |
|    fps                  | 151        |
|    iterations           | 210        |
|    time_elapsed         | 7108       |
|    total_timesteps      | 12286400   |
| train/                  |            |
|    approx_kl            | 0.12442881 |
|    clip_fraction        | 0.296      |
|    clip_range           | 0.2        |
|    entropy_loss         | -1.81      |
|    explained_variance   | 0.574      |
|    learning_rate        | 0.0003     |
|    loss                 | 0.327      |
|    n_updates            | 24470      |
|    policy_gradient_loss | 0.00185    |
|    std                  | 0.39       |
|    value_loss           | 60.6       |
----------------------------------------
-----------------------------------------
| rollout/                |             |
|    ep_len_mean          | 271         |
|    ep_rew_mean          | -19.4       |
| time/                   |             |
|    fps                  | 151         |
|    iterations           | 211         |
|    time_elapsed         | 7146        |
|    total_timesteps      | 12291520    |
| train/                  |             |
|    approx_kl            | 0.021106178 |
|    clip_fraction        | 0.18        |
|    clip_range           | 0.2         |
|    entropy_loss         | -1.82       |
|    explained_variance   | 0.306       |
|    learning_rate        | 0.0003      |
|    loss                 | 16.5        |
|    n_updates            | 24480       |
|    policy_gradient_loss | -0.0132     |
|    std                  | 0.389       |
|    value_loss           | 202         |
-----------------------------------------
----------------------------------------
| rollout/                |            |
|    ep_len_mean          | 264        |
|    ep_rew_mean          | -18.3      |
| time/                   |            |
|    fps                  | 151        |
|    iterations           | 212        |
|    time_elapsed         | 7180       |
|    total_timesteps      | 12296640   |
| train/                  |            |
|    approx_kl            | 0.12013258 |
|    clip_fraction        | 0.279      |
|    clip_range           | 0.2        |
|    entropy_loss         | -1.81      |
|    explained_variance   | 0.51       |
|    learning_rate        | 0.0003     |
|    loss                 | 2.56       |
|    n_updates            | 24490      |
|    policy_gradient_loss | 0.0098     |
|    std                  | 0.389      |
|    value_loss           | 60.8       |
----------------------------------------
----------------------------------------
| rollout/                |            |
|    ep_len_mean          | 264        |
|    ep_rew_mean          | -18.2      |
| time/                   |            |
|    fps                  | 151        |
|    iterations           | 213        |
|    time_elapsed         | 7218       |
|    total_timesteps      | 12301760   |
| train/                  |            |
|    approx_kl            | 0.03839514 |
|    clip_fraction        | 0.189      |
|    clip_range           | 0.2        |
|    entropy_loss         | -1.81      |
|    explained_variance   | 0.481      |
|    learning_rate        | 0.0003     |
|    loss                 | 22.8       |
|    n_updates            | 24500      |
|    policy_gradient_loss | -0.0147    |
|    std                  | 0.388      |
|    value_loss           | 141        |
----------------------------------------
----------------------------------------
| rollout/                |            |
|    ep_len_mean          | 261        |
|    ep_rew_mean          | -18.3      |
| time/                   |            |
|    fps                  | 151        |
|    iterations           | 214        |
|    time_elapsed         | 7250       |
|    total_timesteps      | 12306880   |
| train/                  |            |
|    approx_kl            | 0.12839296 |
|    clip_fraction        | 0.431      |
|    clip_range           | 0.2        |
|    entropy_loss         | -1.81      |
|    explained_variance   | 0.306      |
|    learning_rate        | 0.0003     |
|    loss                 | 0.162      |
|    n_updates            | 24510      |
|    policy_gradient_loss | 0.0256     |
|    std                  | 0.391      |
|    value_loss           | 101        |
----------------------------------------
Eval num_timesteps=12311200, episode_reward=-30.07 +/- 83.57
Episode length: 288.10 +/- 43.06
----------------------------------------
| eval/                   |            |
|    mean_ep_length       | 288        |
|    mean_reward          | -30.1      |
| time/                   |            |
|    total_timesteps      | 12311200   |
| train/                  |            |
|    approx_kl            | 0.08592592 |
|    clip_fraction        | 0.33       |
|    clip_range           | 0.2        |
|    entropy_loss         | -1.83      |
|    explained_variance   | 0.293      |
|    learning_rate        | 0.0003     |
|    loss                 | 0.433      |
|    n_updates            | 24520      |
|    policy_gradient_loss | -0.000398  |
|    std                  | 0.39       |
|    value_loss           | 101        |
----------------------------------------
[progress] timestep 12311210
[episode ends] timestep 12311210: flipped=70 (37%), missed_goal=86 (46%), scored=31 (17%)
---------------------------------
| episode_end/       |          |
|    flipped         | 70       |
|    missed_goal     | 86       |
|    scored          | 31       |
| rollout/           |          |
|    ep_len_mean     | 261      |
|    ep_rew_mean     | -18.6    |
| time/              |          |
|    fps             | 150      |
|    iterations      | 215      |
|    time_elapsed    | 7295     |
|    total_timesteps | 12312000 |
---------------------------------
----------------------------------------
| rollout/                |            |
|    ep_len_mean          | 264        |
|    ep_rew_mean          | -13.8      |
| time/                   |            |
|    fps                  | 150        |
|    iterations           | 216        |
|    time_elapsed         | 7329       |
|    total_timesteps      | 12317120   |
| train/                  |            |
|    approx_kl            | 0.20664056 |
|    clip_fraction        | 0.361      |
|    clip_range           | 0.2        |
|    entropy_loss         | -1.83      |
|    explained_variance   | 0.246      |
|    learning_rate        | 0.0003     |
|    loss                 | 0.0701     |
|    n_updates            | 24530      |
|    policy_gradient_loss | 0.00922    |
|    std                  | 0.388      |
|    value_loss           | 38.1       |
----------------------------------------
----------------------------------------
| rollout/                |            |
|    ep_len_mean          | 274        |
|    ep_rew_mean          | -9.03      |
| time/                   |            |
|    fps                  | 150        |
|    iterations           | 217        |
|    time_elapsed         | 7365       |
|    total_timesteps      | 12322240   |
| train/                  |            |
|    approx_kl            | 0.09134171 |
|    clip_fraction        | 0.419      |
|    clip_range           | 0.2        |
|    entropy_loss         | -1.82      |
|    explained_variance   | 0.349      |
|    learning_rate        | 0.0003     |
|    loss                 | 1.06       |
|    n_updates            | 24540      |
|    policy_gradient_loss | 0.00792    |
|    std                  | 0.39       |
|    value_loss           | 31.4       |
----------------------------------------
----------------------------------------
| rollout/                |            |
|    ep_len_mean          | 275        |
|    ep_rew_mean          | -7.18      |
| time/                   |            |
|    fps                  | 150        |
|    iterations           | 218        |
|    time_elapsed         | 7397       |
|    total_timesteps      | 12327360   |
| train/                  |            |
|    approx_kl            | 0.07440479 |
|    clip_fraction        | 0.38       |
|    clip_range           | 0.2        |
|    entropy_loss         | -1.83      |
|    explained_variance   | 0.574      |
|    learning_rate        | 0.0003     |
|    loss                 | 1.37       |
|    n_updates            | 24550      |
|    policy_gradient_loss | 0.00862    |
|    std                  | 0.391      |
|    value_loss           | 40         |
----------------------------------------
-----------------------------------------
| rollout/                |             |
|    ep_len_mean          | 278         |
|    ep_rew_mean          | -7.48       |
| time/                   |             |
|    fps                  | 150         |
|    iterations           | 219         |
|    time_elapsed         | 7435        |
|    total_timesteps      | 12332480    |
| train/                  |             |
|    approx_kl            | 0.057539783 |
|    clip_fraction        | 0.288       |
|    clip_range           | 0.2         |
|    entropy_loss         | -1.83       |
|    explained_variance   | 0.428       |
|    learning_rate        | 0.0003      |
|    loss                 | 2.79        |
|    n_updates            | 24560       |
|    policy_gradient_loss | -0.0023     |
|    std                  | 0.391       |
|    value_loss           | 34.6        |
-----------------------------------------
----------------------------------------
| rollout/                |            |
|    ep_len_mean          | 277        |
|    ep_rew_mean          | -1.23      |
| time/                   |            |
|    fps                  | 150        |
|    iterations           | 220        |
|    time_elapsed         | 7469       |
|    total_timesteps      | 12337600   |
| train/                  |            |
|    approx_kl            | 0.03953086 |
|    clip_fraction        | 0.192      |
|    clip_range           | 0.2        |
|    entropy_loss         | -1.83      |
|    explained_variance   | 0.216      |
|    learning_rate        | 0.0003     |
|    loss                 | 1.83       |
|    n_updates            | 24570      |
|    policy_gradient_loss | -0.00897   |
|    std                  | 0.391      |
|    value_loss           | 112        |
----------------------------------------
-----------------------------------------
| rollout/                |             |
|    ep_len_mean          | 279         |
|    ep_rew_mean          | -1.59       |
| time/                   |             |
|    fps                  | 150         |
|    iterations           | 221         |
|    time_elapsed         | 7500        |
|    total_timesteps      | 12342720    |
| train/                  |             |
|    approx_kl            | 0.048282936 |
|    clip_fraction        | 0.238       |
|    clip_range           | 0.2         |
|    entropy_loss         | -1.83       |
|    explained_variance   | 0.522       |
|    learning_rate        | 0.0003      |
|    loss                 | 2.74        |
|    n_updates            | 24580       |
|    policy_gradient_loss | -0.0114     |
|    std                  | 0.392       |
|    value_loss           | 22          |
-----------------------------------------
----------------------------------------
| rollout/                |            |
|    ep_len_mean          | 279        |
|    ep_rew_mean          | -3.37      |
| time/                   |            |
|    fps                  | 150        |
|    iterations           | 222        |
|    time_elapsed         | 7535       |
|    total_timesteps      | 12347840   |
| train/                  |            |
|    approx_kl            | 0.17739415 |
|    clip_fraction        | 0.473      |
|    clip_range           | 0.2        |
|    entropy_loss         | -1.84      |
|    explained_variance   | 0.305      |
|    learning_rate        | 0.0003     |
|    loss                 | 4.67       |
|    n_updates            | 24590      |
|    policy_gradient_loss | 0.0204     |
|    std                  | 0.393      |
|    value_loss           | 78.8       |
----------------------------------------
----------------------------------------
| rollout/                |            |
|    ep_len_mean          | 270        |
|    ep_rew_mean          | -2.46      |
| time/                   |            |
|    fps                  | 150        |
|    iterations           | 223        |
|    time_elapsed         | 7569       |
|    total_timesteps      | 12352960   |
| train/                  |            |
|    approx_kl            | 0.06505656 |
|    clip_fraction        | 0.277      |
|    clip_range           | 0.2        |
|    entropy_loss         | -1.85      |
|    explained_variance   | 0.358      |
|    learning_rate        | 0.0003     |
|    loss                 | 8.37       |
|    n_updates            | 24600      |
|    policy_gradient_loss | -0.00168   |
|    std                  | 0.393      |
|    value_loss           | 81.4       |
----------------------------------------
----------------------------------------
| rollout/                |            |
|    ep_len_mean          | 271        |
|    ep_rew_mean          | 2.43       |
| time/                   |            |
|    fps                  | 150        |
|    iterations           | 224        |
|    time_elapsed         | 7601       |
|    total_timesteps      | 12358080   |
| train/                  |            |
|    approx_kl            | 0.11807041 |
|    clip_fraction        | 0.281      |
|    clip_range           | 0.2        |
|    entropy_loss         | -1.85      |
|    explained_variance   | 0.486      |
|    learning_rate        | 0.0003     |
|    loss                 | 0.128      |
|    n_updates            | 24610      |
|    policy_gradient_loss | 0.00498    |
|    std                  | 0.393      |
|    value_loss           | 22.5       |
----------------------------------------
Eval num_timesteps=12361200, episode_reward=17.96 +/- 51.88
Episode length: 284.60 +/- 27.93
-----------------------------------------
| eval/                   |             |
|    mean_ep_length       | 285         |
|    mean_reward          | 18          |
| time/                   |             |
|    total_timesteps      | 12361200    |
| train/                  |             |
|    approx_kl            | 0.079123884 |
|    clip_fraction        | 0.254       |
|    clip_range           | 0.2         |
|    entropy_loss         | -1.85       |
|    explained_variance   | 0.306       |
|    learning_rate        | 0.0003      |
|    loss                 | 0.0981      |
|    n_updates            | 24620       |
|    policy_gradient_loss | 0.000491    |
|    std                  | 0.393       |
|    value_loss           | 159         |
-----------------------------------------
New best mean reward!
[episode ends] timestep 12361210: flipped=60 (33%), missed_goal=76 (41%), scored=48 (26%)
---------------------------------
| episode_end/       |          |
|    flipped         | 60       |
|    missed_goal     | 76       |
|    scored          | 48       |
| rollout/           |          |
|    ep_len_mean     | 271      |
|    ep_rew_mean     | 1.91     |
| time/              |          |
|    fps             | 150      |
|    iterations      | 225      |
|    time_elapsed    | 7641     |
|    total_timesteps | 12363200 |
---------------------------------
-----------------------------------------
| rollout/                |             |
|    ep_len_mean          | 271         |
|    ep_rew_mean          | 3.39        |
| time/                   |             |
|    fps                  | 150         |
|    iterations           | 226         |
|    time_elapsed         | 7676        |
|    total_timesteps      | 12368320    |
| train/                  |             |
|    approx_kl            | 0.100520775 |
|    clip_fraction        | 0.412       |
|    clip_range           | 0.2         |
|    entropy_loss         | -1.86       |
|    explained_variance   | 0.478       |
|    learning_rate        | 0.0003      |
|    loss                 | 0.899       |
|    n_updates            | 24630       |
|    policy_gradient_loss | 0.0108      |
|    std                  | 0.393       |
|    value_loss           | 63          |
-----------------------------------------
----------------------------------------
| rollout/                |            |
|    ep_len_mean          | 273        |
|    ep_rew_mean          | -0.0435    |
| time/                   |            |
|    fps                  | 150        |
|    iterations           | 227        |
|    time_elapsed         | 7709       |
|    total_timesteps      | 12373440   |
| train/                  |            |
|    approx_kl            | 0.13046622 |
|    clip_fraction        | 0.326      |
|    clip_range           | 0.2        |
|    entropy_loss         | -1.85      |
|    explained_variance   | 0.519      |
|    learning_rate        | 0.0003     |
|    loss                 | 1.31       |
|    n_updates            | 24640      |
|    policy_gradient_loss | 0.00316    |
|    std                  | 0.393      |
|    value_loss           | 30.7       |
----------------------------------------
----------------------------------------
| rollout/                |            |
|    ep_len_mean          | 279        |
|    ep_rew_mean          | 3.55       |
| time/                   |            |
|    fps                  | 150        |
|    iterations           | 228        |
|    time_elapsed         | 7745       |
|    total_timesteps      | 12378560   |
| train/                  |            |
|    approx_kl            | 0.11760207 |
|    clip_fraction        | 0.347      |
|    clip_range           | 0.2        |
|    entropy_loss         | -1.84      |
|    explained_variance   | 0.379      |
|    learning_rate        | 0.0003     |
|    loss                 | 3.23       |
|    n_updates            | 24650      |
|    policy_gradient_loss | 0.0061     |
|    std                  | 0.391      |
|    value_loss           | 33         |
----------------------------------------
----------------------------------------
| rollout/                |            |
|    ep_len_mean          | 281        |
|    ep_rew_mean          | -1.32      |
| time/                   |            |
|    fps                  | 150        |
|    iterations           | 229        |
|    time_elapsed         | 7779       |
|    total_timesteps      | 12383680   |
| train/                  |            |
|    approx_kl            | 0.16911879 |
|    clip_fraction        | 0.449      |
|    clip_range           | 0.2        |
|    entropy_loss         | -1.84      |
|    explained_variance   | 0.605      |
|    learning_rate        | 0.0003     |
|    loss                 | 0.0765     |
|    n_updates            | 24660      |
|    policy_gradient_loss | 0.028      |
|    std                  | 0.394      |
|    value_loss           | 13.2       |
----------------------------------------
----------------------------------------
| rollout/                |            |
|    ep_len_mean          | 280        |
|    ep_rew_mean          | 3.12       |
| time/                   |            |
|    fps                  | 150        |
|    iterations           | 230        |
|    time_elapsed         | 7813       |
|    total_timesteps      | 12388800   |
| train/                  |            |
|    approx_kl            | 0.10230045 |
|    clip_fraction        | 0.307      |
|    clip_range           | 0.2        |
|    entropy_loss         | -1.86      |
|    explained_variance   | 0.244      |
|    learning_rate        | 0.0003     |
|    loss                 | 167        |
|    n_updates            | 24670      |
|    policy_gradient_loss | -0.00171   |
|    std                  | 0.394      |
|    value_loss           | 132        |
----------------------------------------
----------------------------------------
| rollout/                |            |
|    ep_len_mean          | 281        |
|    ep_rew_mean          | 2.25       |
| time/                   |            |
|    fps                  | 150        |
|    iterations           | 231        |
|    time_elapsed         | 7845       |
|    total_timesteps      | 12393920   |
| train/                  |            |
|    approx_kl            | 0.12991312 |
|    clip_fraction        | 0.332      |
|    clip_range           | 0.2        |
|    entropy_loss         | -1.86      |
|    explained_variance   | 0.334      |
|    learning_rate        | 0.0003     |
|    loss                 | 0.224      |
|    n_updates            | 24680      |
|    policy_gradient_loss | 0.00522    |
|    std                  | 0.395      |
|    value_loss           | 79.3       |
----------------------------------------
----------------------------------------
| rollout/                |            |
|    ep_len_mean          | 283        |
|    ep_rew_mean          | 4.46       |
| time/                   |            |
|    fps                  | 150        |
|    iterations           | 232        |
|    time_elapsed         | 7875       |
|    total_timesteps      | 12399040   |
| train/                  |            |
|    approx_kl            | 0.12449411 |
|    clip_fraction        | 0.347      |
|    clip_range           | 0.2        |
|    entropy_loss         | -1.87      |
|    explained_variance   | 0.344      |
|    learning_rate        | 0.0003     |
|    loss                 | 7.27       |
|    n_updates            | 24690      |
|    policy_gradient_loss | 0.0131     |
|    std                  | 0.396      |
|    value_loss           | 82         |
----------------------------------------
---------------------------------------
| rollout/                |           |
|    ep_len_mean          | 283       |
|    ep_rew_mean          | -1.22     |
| time/                   |           |
|    fps                  | 150       |
|    iterations           | 233       |
|    time_elapsed         | 7907      |
|    total_timesteps      | 12404160  |
| train/                  |           |
|    approx_kl            | 0.1042891 |
|    clip_fraction        | 0.273     |
|    clip_range           | 0.2       |
|    entropy_loss         | -1.88     |
|    explained_variance   | 0.196     |
|    learning_rate        | 0.0003    |
|    loss                 | 0.805     |
|    n_updates            | 24700     |
|    policy_gradient_loss | -0.00173  |
|    std                  | 0.397     |
|    value_loss           | 129       |
---------------------------------------
----------------------------------------
| rollout/                |            |
|    ep_len_mean          | 283        |
|    ep_rew_mean          | -9.05      |
| time/                   |            |
|    fps                  | 150        |
|    iterations           | 234        |
|    time_elapsed         | 7940       |
|    total_timesteps      | 12409280   |
| train/                  |            |
|    approx_kl            | 0.10628916 |
|    clip_fraction        | 0.369      |
|    clip_range           | 0.2        |
|    entropy_loss         | -1.89      |
|    explained_variance   | 0.137      |
|    learning_rate        | 0.0003     |
|    loss                 | 12.4       |
|    n_updates            | 24710      |
|    policy_gradient_loss | 0.0169     |
|    std                  | 0.398      |
|    value_loss           | 151        |
----------------------------------------
Eval num_timesteps=12411200, episode_reward=-3.12 +/- 19.55
Episode length: 288.90 +/- 27.22
----------------------------------------
| eval/                   |            |
|    mean_ep_length       | 289        |
|    mean_reward          | -3.12      |
| time/                   |            |
|    total_timesteps      | 12411200   |
| train/                  |            |
|    approx_kl            | 0.10828469 |
|    clip_fraction        | 0.409      |
|    clip_range           | 0.2        |
|    entropy_loss         | -1.91      |
|    explained_variance   | 0.477      |
|    learning_rate        | 0.0003     |
|    loss                 | 0.22       |
|    n_updates            | 24720      |
|    policy_gradient_loss | 0.0161     |
|    std                  | 0.4        |
|    value_loss           | 31.2       |
----------------------------------------
[progress] timestep 12411210
[episode ends] timestep 12411210: flipped=59 (34%), missed_goal=77 (44%), scored=40 (23%)
---------------------------------
| episode_end/       |          |
|    flipped         | 59       |
|    missed_goal     | 77       |
|    scored          | 40       |
| rollout/           |          |
|    ep_len_mean     | 288      |
|    ep_rew_mean     | -4.38    |
| time/              |          |
|    fps             | 150      |
|    iterations      | 235      |
|    time_elapsed    | 7978     |
|    total_timesteps | 12414400 |
---------------------------------
-----------------------------------------
| rollout/                |             |
|    ep_len_mean          | 292         |
|    ep_rew_mean          | -6.93       |
| time/                   |             |
|    fps                  | 150         |
|    iterations           | 236         |
|    time_elapsed         | 8010        |
|    total_timesteps      | 12419520    |
| train/                  |             |
|    approx_kl            | 0.086518735 |
|    clip_fraction        | 0.379       |
|    clip_range           | 0.2         |
|    entropy_loss         | -1.92       |
|    explained_variance   | 0.381       |
|    learning_rate        | 0.0003      |
|    loss                 | 1.68        |
|    n_updates            | 24730       |
|    policy_gradient_loss | 0.0143      |
|    std                  | 0.4         |
|    value_loss           | 41.3        |
-----------------------------------------
-----------------------------------------
| rollout/                |             |
|    ep_len_mean          | 289         |
|    ep_rew_mean          | -6.3        |
| time/                   |             |
|    fps                  | 150         |
|    iterations           | 237         |
|    time_elapsed         | 8040        |
|    total_timesteps      | 12424640    |
| train/                  |             |
|    approx_kl            | 0.057946336 |
|    clip_fraction        | 0.322       |
|    clip_range           | 0.2         |
|    entropy_loss         | -1.92       |
|    explained_variance   | 0.209       |
|    learning_rate        | 0.0003      |
|    loss                 | 1.49        |
|    n_updates            | 24740       |
|    policy_gradient_loss | 0.00615     |
|    std                  | 0.4         |
|    value_loss           | 55.3        |
-----------------------------------------
---------------------------------------
| rollout/                |           |
|    ep_len_mean          | 285       |
|    ep_rew_mean          | -5.21     |
| time/                   |           |
|    fps                  | 150       |
|    iterations           | 238       |
|    time_elapsed         | 8073      |
|    total_timesteps      | 12429760  |
| train/                  |           |
|    approx_kl            | 0.1597435 |
|    clip_fraction        | 0.395     |
|    clip_range           | 0.2       |
|    entropy_loss         | -1.93     |
|    explained_variance   | 0.522     |
|    learning_rate        | 0.0003    |
|    loss                 | 2.75      |
|    n_updates            | 24750     |
|    policy_gradient_loss | 0.00159   |
|    std                  | 0.4       |
|    value_loss           | 37.2      |
---------------------------------------
----------------------------------------
| rollout/                |            |
|    ep_len_mean          | 288        |
|    ep_rew_mean          | 3.26       |
| time/                   |            |
|    fps                  | 150        |
|    iterations           | 239        |
|    time_elapsed         | 8108       |
|    total_timesteps      | 12434880   |
| train/                  |            |
|    approx_kl            | 0.22546324 |
|    clip_fraction        | 0.496      |
|    clip_range           | 0.2        |
|    entropy_loss         | -1.92      |
|    explained_variance   | 0.589      |
|    learning_rate        | 0.0003     |
|    loss                 | 0.219      |
|    n_updates            | 24760      |
|    policy_gradient_loss | 0.018      |
|    std                  | 0.401      |
|    value_loss           | 18         |
----------------------------------------
-----------------------------------------
| rollout/                |             |
|    ep_len_mean          | 289         |
|    ep_rew_mean          | 1.15        |
| time/                   |             |
|    fps                  | 150         |
|    iterations           | 240         |
|    time_elapsed         | 8142        |
|    total_timesteps      | 12440000    |
| train/                  |             |
|    approx_kl            | 0.057563998 |
|    clip_fraction        | 0.294       |
|    clip_range           | 0.2         |
|    entropy_loss         | -1.93       |
|    explained_variance   | 0.514       |
|    learning_rate        | 0.0003      |
|    loss                 | 0.534       |
|    n_updates            | 24770       |
|    policy_gradient_loss | 0.00192     |
|    std                  | 0.402       |
|    value_loss           | 43.8        |
-----------------------------------------
----------------------------------------
| rollout/                |            |
|    ep_len_mean          | 288        |
|    ep_rew_mean          | 0.675      |
| time/                   |            |
|    fps                  | 150        |
|    iterations           | 241        |
|    time_elapsed         | 8178       |
|    total_timesteps      | 12445120   |
| train/                  |            |
|    approx_kl            | 0.14847326 |
|    clip_fraction        | 0.427      |
|    clip_range           | 0.2        |
|    entropy_loss         | -1.95      |
|    explained_variance   | 0.341      |
|    learning_rate        | 0.0003     |
|    loss                 | 0.157      |
|    n_updates            | 24780      |
|    policy_gradient_loss | 0.0157     |
|    std                  | 0.404      |
|    value_loss           | 80.3       |
----------------------------------------
----------------------------------------
| rollout/                |            |
|    ep_len_mean          | 286        |
|    ep_rew_mean          | 2.56       |
| time/                   |            |
|    fps                  | 150        |
|    iterations           | 242        |
|    time_elapsed         | 8215       |
|    total_timesteps      | 12450240   |
| train/                  |            |
|    approx_kl            | 0.15655978 |
|    clip_fraction        | 0.441      |
|    clip_range           | 0.2        |
|    entropy_loss         | -1.99      |
|    explained_variance   | 0.721      |
|    learning_rate        | 0.0003     |
|    loss                 | 0.0534     |
|    n_updates            | 24790      |
|    policy_gradient_loss | 0.00623    |
|    std                  | 0.409      |
|    value_loss           | 11.6       |
----------------------------------------
----------------------------------------
| rollout/                |            |
|    ep_len_mean          | 285        |
|    ep_rew_mean          | -0.395     |
| time/                   |            |
|    fps                  | 150        |
|    iterations           | 243        |
|    time_elapsed         | 8248       |
|    total_timesteps      | 12455360   |
| train/                  |            |
|    approx_kl            | 0.13540971 |
|    clip_fraction        | 0.433      |
|    clip_range           | 0.2        |
|    entropy_loss         | -2.01      |
|    explained_variance   | 0.486      |
|    learning_rate        | 0.0003     |
|    loss                 | 0.0168     |
|    n_updates            | 24800      |
|    policy_gradient_loss | 0.00812    |
|    std                  | 0.409      |
|    value_loss           | 20         |
----------------------------------------
----------------------------------------
| rollout/                |            |
|    ep_len_mean          | 285        |
|    ep_rew_mean          | -0.629     |
| time/                   |            |
|    fps                  | 150        |
|    iterations           | 244        |
|    time_elapsed         | 8287       |
|    total_timesteps      | 12460480   |
| train/                  |            |
|    approx_kl            | 0.05990023 |
|    clip_fraction        | 0.314      |
|    clip_range           | 0.2        |
|    entropy_loss         | -1.99      |
|    explained_variance   | 0.17       |
|    learning_rate        | 0.0003     |
|    loss                 | 4.12       |
|    n_updates            | 24810      |
|    policy_gradient_loss | 0.00118    |
|    std                  | 0.406      |
|    value_loss           | 124        |
----------------------------------------
Eval num_timesteps=12461200, episode_reward=-3.56 +/- 54.53
Episode length: 298.30 +/- 16.08
----------------------------------------
| eval/                   |            |
|    mean_ep_length       | 298        |
|    mean_reward          | -3.56      |
| time/                   |            |
|    total_timesteps      | 12461200   |
| train/                  |            |
|    approx_kl            | 0.07071443 |
|    clip_fraction        | 0.379      |
|    clip_range           | 0.2        |
|    entropy_loss         | -1.99      |
|    explained_variance   | 0.613      |
|    learning_rate        | 0.0003     |
|    loss                 | 0.0993     |
|    n_updates            | 24820      |
|    policy_gradient_loss | 0.00114    |
|    std                  | 0.406      |
|    value_loss           | 17.5       |
----------------------------------------
[episode ends] timestep 12461210: flipped=47 (27%), missed_goal=100 (57%), scored=27 (16%)
---------------------------------
| episode_end/       |          |
|    flipped         | 47       |
|    missed_goal     | 100      |
|    scored          | 27       |
| rollout/           |          |
|    ep_len_mean     | 286      |
|    ep_rew_mean     | -1.82    |
| time/              |          |
|    fps             | 150      |
|    iterations      | 245      |
|    time_elapsed    | 8326     |
|    total_timesteps | 12465600 |
---------------------------------
----------------------------------------
| rollout/                |            |
|    ep_len_mean          | 289        |
|    ep_rew_mean          | 2.74       |
| time/                   |            |
|    fps                  | 150        |
|    iterations           | 246        |
|    time_elapsed         | 8358       |
|    total_timesteps      | 12470720   |
| train/                  |            |
|    approx_kl            | 0.06530771 |
|    clip_fraction        | 0.344      |
|    clip_range           | 0.2        |
|    entropy_loss         | -2         |
|    explained_variance   | 0.7        |
|    learning_rate        | 0.0003     |
|    loss                 | 0.467      |
|    n_updates            | 24830      |
|    policy_gradient_loss | -0.00286   |
|    std                  | 0.409      |
|    value_loss           | 4.8        |
----------------------------------------
----------------------------------------
| rollout/                |            |
|    ep_len_mean          | 293        |
|    ep_rew_mean          | -0.00166   |
| time/                   |            |
|    fps                  | 150        |
|    iterations           | 247        |
|    time_elapsed         | 8392       |
|    total_timesteps      | 12475840   |
| train/                  |            |
|    approx_kl            | 0.09432329 |
|    clip_fraction        | 0.396      |
|    clip_range           | 0.2        |
|    entropy_loss         | -2.01      |
|    explained_variance   | 0.56       |
|    learning_rate        | 0.0003     |
|    loss                 | 0.0273     |
|    n_updates            | 24840      |
|    policy_gradient_loss | 0.00328    |
|    std                  | 0.408      |
|    value_loss           | 26.7       |
----------------------------------------
----------------------------------------
| rollout/                |            |
|    ep_len_mean          | 296        |
|    ep_rew_mean          | -3.74      |
| time/                   |            |
|    fps                  | 150        |
|    iterations           | 248        |
|    time_elapsed         | 8427       |
|    total_timesteps      | 12480960   |
| train/                  |            |
|    approx_kl            | 0.08008402 |
|    clip_fraction        | 0.383      |
|    clip_range           | 0.2        |
|    entropy_loss         | -2         |
|    explained_variance   | 0.256      |
|    learning_rate        | 0.0003     |
|    loss                 | 6.05       |
|    n_updates            | 24850      |
|    policy_gradient_loss | 0.00406    |
|    std                  | 0.408      |
|    value_loss           | 94.6       |
----------------------------------------
-----------------------------------------
| rollout/                |             |
|    ep_len_mean          | 299         |
|    ep_rew_mean          | 1.55        |
| time/                   |             |
|    fps                  | 150         |
|    iterations           | 249         |
|    time_elapsed         | 8462        |
|    total_timesteps      | 12486080    |
| train/                  |             |
|    approx_kl            | 0.027863765 |
|    clip_fraction        | 0.215       |
|    clip_range           | 0.2         |
|    entropy_loss         | -2.01       |
|    explained_variance   | 0.395       |
|    learning_rate        | 0.0003      |
|    loss                 | 0.947       |
|    n_updates            | 24860       |
|    policy_gradient_loss | -0.00832    |
|    std                  | 0.409       |
|    value_loss           | 106         |
-----------------------------------------
----------------------------------------
| rollout/                |            |
|    ep_len_mean          | 301        |
|    ep_rew_mean          | 1.88       |
| time/                   |            |
|    fps                  | 150        |
|    iterations           | 250        |
|    time_elapsed         | 8497       |
|    total_timesteps      | 12491200   |
| train/                  |            |
|    approx_kl            | 0.07500316 |
|    clip_fraction        | 0.291      |
|    clip_range           | 0.2        |
|    entropy_loss         | -2.02      |
|    explained_variance   | 0.66       |
|    learning_rate        | 0.0003     |
|    loss                 | 0.3        |
|    n_updates            | 24870      |
|    policy_gradient_loss | -0.00108   |
|    std                  | 0.41       |
|    value_loss           | 9.58       |
----------------------------------------
----------------------------------------
| rollout/                |            |
|    ep_len_mean          | 304        |
|    ep_rew_mean          | -4.51      |
| time/                   |            |
|    fps                  | 150        |
|    iterations           | 251        |
|    time_elapsed         | 8532       |
|    total_timesteps      | 12496320   |
| train/                  |            |
|    approx_kl            | 0.10530678 |
|    clip_fraction        | 0.324      |
|    clip_range           | 0.2        |
|    entropy_loss         | -2.03      |
|    explained_variance   | 0.623      |
|    learning_rate        | 0.0003     |
|    loss                 | 0.434      |
|    n_updates            | 24880      |
|    policy_gradient_loss | -0.00467   |
|    std                  | 0.411      |
|    value_loss           | 30.8       |
----------------------------------------
----------------------------------------
| rollout/                |            |
|    ep_len_mean          | 301        |
|    ep_rew_mean          | -8.63      |
| time/                   |            |
|    fps                  | 150        |
|    iterations           | 252        |
|    time_elapsed         | 8570       |
|    total_timesteps      | 12501440   |
| train/                  |            |
|    approx_kl            | 0.05982703 |
|    clip_fraction        | 0.294      |
|    clip_range           | 0.2        |
|    entropy_loss         | -2.03      |
|    explained_variance   | 0.486      |
|    learning_rate        | 0.0003     |
|    loss                 | 2.58       |
|    n_updates            | 24890      |
|    policy_gradient_loss | -0.00479   |
|    std                  | 0.411      |
|    value_loss           | 59.9       |
----------------------------------------
-----------------------------------------
| rollout/                |             |
|    ep_len_mean          | 291         |
|    ep_rew_mean          | -1.84       |
| time/                   |             |
|    fps                  | 150         |
|    iterations           | 253         |
|    time_elapsed         | 8607        |
|    total_timesteps      | 12506560    |
| train/                  |             |
|    approx_kl            | 0.091327615 |
|    clip_fraction        | 0.377       |
|    clip_range           | 0.2         |
|    entropy_loss         | -2.03       |
|    explained_variance   | 0.109       |
|    learning_rate        | 0.0003      |
|    loss                 | 0.0185      |
|    n_updates            | 24900       |
|    policy_gradient_loss | 0.00798     |
|    std                  | 0.411       |
|    value_loss           | 204         |
-----------------------------------------
Eval num_timesteps=12511200, episode_reward=-23.52 +/- 41.40
Episode length: 286.20 +/- 62.45
----------------------------------------
| eval/                   |            |
|    mean_ep_length       | 286        |
|    mean_reward          | -23.5      |
| time/                   |            |
|    total_timesteps      | 12511200   |
| train/                  |            |
|    approx_kl            | 0.07520479 |
|    clip_fraction        | 0.32       |
|    clip_range           | 0.2        |
|    entropy_loss         | -2.03      |
|    explained_variance   | 0.597      |
|    learning_rate        | 0.0003     |
|    loss                 | 1.06       |
|    n_updates            | 24910      |
|    policy_gradient_loss | -0.00162   |
|    std                  | 0.41       |
|    value_loss           | 31.2       |
----------------------------------------
[progress] timestep 12511210
[episode ends] timestep 12511210: crashed=1 (1%), flipped=44 (27%), missed_goal=86 (52%), out_of_bounds=1 (1%), scored=34 (20%)
---------------------------------
| episode_end/       |          |
|    crashed         | 1        |
|    flipped         | 44       |
|    missed_goal     | 86       |
|    out_of_bounds   | 1        |
|    scored          | 34       |
| rollout/           |          |
|    ep_len_mean     | 289      |
|    ep_rew_mean     | -1.06    |
| time/              |          |
|    fps             | 150      |
|    iterations      | 254      |
|    time_elapsed    | 8648     |
|    total_timesteps | 12511680 |
---------------------------------
----------------------------------------
| rollout/                |            |
|    ep_len_mean          | 287        |
|    ep_rew_mean          | -6.92      |
| time/                   |            |
|    fps                  | 150        |
|    iterations           | 255        |
|    time_elapsed         | 8680       |
|    total_timesteps      | 12516800   |
| train/                  |            |
|    approx_kl            | 0.14133719 |
|    clip_fraction        | 0.407      |
|    clip_range           | 0.2        |
|    entropy_loss         | -2.01      |
|    explained_variance   | 0.816      |
|    learning_rate        | 0.0003     |
|    loss                 | 0.9        |
|    n_updates            | 24920      |
|    policy_gradient_loss | 0.00855    |
|    std                  | 0.409      |
|    value_loss           | 9.3        |
----------------------------------------
-----------------------------------------
| rollout/                |             |
|    ep_len_mean          | 286         |
|    ep_rew_mean          | -13.2       |
| time/                   |             |
|    fps                  | 150         |
|    iterations           | 256         |
|    time_elapsed         | 8716        |
|    total_timesteps      | 12521920    |
| train/                  |             |
|    approx_kl            | 0.061303794 |
|    clip_fraction        | 0.307       |
|    clip_range           | 0.2         |
|    entropy_loss         | -2.02       |
|    explained_variance   | 0.137       |
|    learning_rate        | 0.0003      |
|    loss                 | 135         |
|    n_updates            | 24930       |
|    policy_gradient_loss | 0.00608     |
|    std                  | 0.409       |
|    value_loss           | 224         |
-----------------------------------------
-----------------------------------------
| rollout/                |             |
|    ep_len_mean          | 282         |
|    ep_rew_mean          | -14.7       |
| time/                   |             |
|    fps                  | 150         |
|    iterations           | 257         |
|    time_elapsed         | 8752        |
|    total_timesteps      | 12527040    |
| train/                  |             |
|    approx_kl            | 0.020897942 |
|    clip_fraction        | 0.183       |
|    clip_range           | 0.2         |
|    entropy_loss         | -2.02       |
|    explained_variance   | 0.217       |
|    learning_rate        | 0.0003      |
|    loss                 | 1.42        |
|    n_updates            | 24940       |
|    policy_gradient_loss | -0.00888    |
|    std                  | 0.41        |
|    value_loss           | 97.9        |
-----------------------------------------
-----------------------------------------
| rollout/                |             |
|    ep_len_mean          | 283         |
|    ep_rew_mean          | -22.6       |
| time/                   |             |
|    fps                  | 150         |
|    iterations           | 258         |
|    time_elapsed         | 8786        |
|    total_timesteps      | 12532160    |
| train/                  |             |
|    approx_kl            | 0.014920637 |
|    clip_fraction        | 0.165       |
|    clip_range           | 0.2         |
|    entropy_loss         | -2.02       |
|    explained_variance   | 0.211       |
|    learning_rate        | 0.0003      |
|    loss                 | 7.72        |
|    n_updates            | 24950       |
|    policy_gradient_loss | -0.00467    |
|    std                  | 0.41        |
|    value_loss           | 125         |
-----------------------------------------
-----------------------------------------
| rollout/                |             |
|    ep_len_mean          | 286         |
|    ep_rew_mean          | -24.5       |
| time/                   |             |
|    fps                  | 150         |
|    iterations           | 259         |
|    time_elapsed         | 8823        |
|    total_timesteps      | 12537280    |
| train/                  |             |
|    approx_kl            | 0.014202876 |
|    clip_fraction        | 0.0878      |
|    clip_range           | 0.2         |
|    entropy_loss         | -2.02       |
|    explained_variance   | 0.32        |
|    learning_rate        | 0.0003      |
|    loss                 | 12.8        |
|    n_updates            | 24960       |
|    policy_gradient_loss | -0.00884    |
|    std                  | 0.409       |
|    value_loss           | 243         |
-----------------------------------------
----------------------------------------
| rollout/                |            |
|    ep_len_mean          | 292        |
|    ep_rew_mean          | -36.3      |
| time/                   |            |
|    fps                  | 150        |
|    iterations           | 260        |
|    time_elapsed         | 8854       |
|    total_timesteps      | 12542400   |
| train/                  |            |
|    approx_kl            | 0.06337722 |
|    clip_fraction        | 0.33       |
|    clip_range           | 0.2        |
|    entropy_loss         | -2         |
|    explained_variance   | 0.514      |
|    learning_rate        | 0.0003     |
|    loss                 | 0.0896     |
|    n_updates            | 24970      |
|    policy_gradient_loss | -0.00222   |
|    std                  | 0.407      |
|    value_loss           | 25.9       |
----------------------------------------
-----------------------------------------
| rollout/                |             |
|    ep_len_mean          | 296         |
|    ep_rew_mean          | -35.8       |
| time/                   |             |
|    fps                  | 150         |
|    iterations           | 261         |
|    time_elapsed         | 8890        |
|    total_timesteps      | 12547520    |
| train/                  |             |
|    approx_kl            | 0.049847823 |
|    clip_fraction        | 0.286       |
|    clip_range           | 0.2         |
|    entropy_loss         | -1.98       |
|    explained_variance   | 0.139       |
|    learning_rate        | 0.0003      |
|    loss                 | 0.268       |
|    n_updates            | 24980       |
|    policy_gradient_loss | -0.00307    |
|    std                  | 0.405       |
|    value_loss           | 414         |
-----------------------------------------
-----------------------------------------
| rollout/                |             |
|    ep_len_mean          | 295         |
|    ep_rew_mean          | -33.5       |
| time/                   |             |
|    fps                  | 150         |
|    iterations           | 262         |
|    time_elapsed         | 8921        |
|    total_timesteps      | 12552640    |
| train/                  |             |
|    approx_kl            | 0.022751119 |
|    clip_fraction        | 0.141       |
|    clip_range           | 0.2         |
|    entropy_loss         | -1.98       |
|    explained_variance   | 0.334       |
|    learning_rate        | 0.0003      |
|    loss                 | 41.6        |
|    n_updates            | 24990       |
|    policy_gradient_loss | -0.0119     |
|    std                  | 0.405       |
|    value_loss           | 113         |
-----------------------------------------
----------------------------------------
| rollout/                |            |
|    ep_len_mean          | 294        |
|    ep_rew_mean          | -35.2      |
| time/                   |            |
|    fps                  | 150        |
|    iterations           | 263        |
|    time_elapsed         | 8957       |
|    total_timesteps      | 12557760   |
| train/                  |            |
|    approx_kl            | 0.06855787 |
|    clip_fraction        | 0.244      |
|    clip_range           | 0.2        |
|    entropy_loss         | -1.97      |
|    explained_variance   | 0.311      |
|    learning_rate        | 0.0003     |
|    loss                 | 4.53       |
|    n_updates            | 25000      |
|    policy_gradient_loss | -0.00448   |
|    std                  | 0.404      |
|    value_loss           | 105        |
----------------------------------------
Eval num_timesteps=12561200, episode_reward=-7.43 +/- 51.91
Episode length: 251.90 +/- 71.59
----------------------------------------
| eval/                   |            |
|    mean_ep_length       | 252        |
|    mean_reward          | -7.43      |
| time/                   |            |
|    total_timesteps      | 12561200   |
| train/                  |            |
|    approx_kl            | 0.13592361 |
|    clip_fraction        | 0.308      |
|    clip_range           | 0.2        |
|    entropy_loss         | -1.96      |
|    explained_variance   | 0.296      |
|    learning_rate        | 0.0003     |
|    loss                 | 0.723      |
|    n_updates            | 25010      |
|    policy_gradient_loss | -0.000348  |
|    std                  | 0.404      |
|    value_loss           | 148        |
----------------------------------------
[episode ends] timestep 12561210: flipped=47 (27%), missed_goal=106 (61%), scored=22 (13%)
---------------------------------
| episode_end/       |          |
|    flipped         | 47       |
|    missed_goal     | 106      |
|    scored          | 22       |
| rollout/           |          |
|    ep_len_mean     | 291      |
|    ep_rew_mean     | -23.8    |
| time/              |          |
|    fps             | 150      |
|    iterations      | 264      |
|    time_elapsed    | 8994     |
|    total_timesteps | 12562880 |
---------------------------------
-----------------------------------------
| rollout/                |             |
|    ep_len_mean          | 285         |
|    ep_rew_mean          | -19.5       |
| time/                   |             |
|    fps                  | 150         |
|    iterations           | 265         |
|    time_elapsed         | 9028        |
|    total_timesteps      | 12568000    |
| train/                  |             |
|    approx_kl            | 0.039528184 |
|    clip_fraction        | 0.188       |
|    clip_range           | 0.2         |
|    entropy_loss         | -1.96       |
|    explained_variance   | 0.443       |
|    learning_rate        | 0.0003      |
|    loss                 | 0.476       |
|    n_updates            | 25020       |
|    policy_gradient_loss | -0.00726    |
|    std                  | 0.403       |
|    value_loss           | 28.2        |
-----------------------------------------
----------------------------------------
| rollout/                |            |
|    ep_len_mean          | 282        |
|    ep_rew_mean          | -11.4      |
| time/                   |            |
|    fps                  | 150        |
|    iterations           | 266        |
|    time_elapsed         | 9063       |
|    total_timesteps      | 12573120   |
| train/                  |            |
|    approx_kl            | 0.07935764 |
|    clip_fraction        | 0.305      |
|    clip_range           | 0.2        |
|    entropy_loss         | -1.95      |
|    explained_variance   | 0.677      |
|    learning_rate        | 0.0003     |
|    loss                 | 0.207      |
|    n_updates            | 25030      |
|    policy_gradient_loss | -0.00862   |
|    std                  | 0.403      |
|    value_loss           | 13.9       |
----------------------------------------
-----------------------------------------
| rollout/                |             |
|    ep_len_mean          | 281         |
|    ep_rew_mean          | -8.31       |
| time/                   |             |
|    fps                  | 150         |
|    iterations           | 267         |
|    time_elapsed         | 9101        |
|    total_timesteps      | 12578240    |
| train/                  |             |
|    approx_kl            | 0.052420367 |
|    clip_fraction        | 0.293       |
|    clip_range           | 0.2         |
|    entropy_loss         | -1.94       |
|    explained_variance   | 0.167       |
|    learning_rate        | 0.0003      |
|    loss                 | 9.25        |
|    n_updates            | 25040       |
|    policy_gradient_loss | -0.00634    |
|    std                  | 0.401       |
|    value_loss           | 152         |
-----------------------------------------
-----------------------------------------
| rollout/                |             |
|    ep_len_mean          | 277         |
|    ep_rew_mean          | -6.5        |
| time/                   |             |
|    fps                  | 150         |
|    iterations           | 268         |
|    time_elapsed         | 9138        |
|    total_timesteps      | 12583360    |
| train/                  |             |
|    approx_kl            | 0.102880634 |
|    clip_fraction        | 0.259       |
|    clip_range           | 0.2         |
|    entropy_loss         | -1.94       |
|    explained_variance   | 0.255       |
|    learning_rate        | 0.0003      |
|    loss                 | 53.1        |
|    n_updates            | 25050       |
|    policy_gradient_loss | -0.00492    |
|    std                  | 0.401       |
|    value_loss           | 242         |
-----------------------------------------
----------------------------------------
| rollout/                |            |
|    ep_len_mean          | 278        |
|    ep_rew_mean          | -10.9      |
| time/                   |            |
|    fps                  | 150        |
|    iterations           | 269        |
|    time_elapsed         | 9178       |
|    total_timesteps      | 12588480   |
| train/                  |            |
|    approx_kl            | 0.08628484 |
|    clip_fraction        | 0.317      |
|    clip_range           | 0.2        |
|    entropy_loss         | -1.94      |
|    explained_variance   | 0.477      |
|    learning_rate        | 0.0003     |
|    loss                 | 0.294      |
|    n_updates            | 25060      |
|    policy_gradient_loss | 0.000714   |
|    std                  | 0.401      |
|    value_loss           | 38.3       |
----------------------------------------
-----------------------------------------
| rollout/                |             |
|    ep_len_mean          | 278         |
|    ep_rew_mean          | -15.5       |
| time/                   |             |
|    fps                  | 149         |
|    iterations           | 270         |
|    time_elapsed         | 9217        |
|    total_timesteps      | 12593600    |
| train/                  |             |
|    approx_kl            | 0.116827205 |
|    clip_fraction        | 0.396       |
|    clip_range           | 0.2         |
|    entropy_loss         | -1.94       |
|    explained_variance   | 0.455       |
|    learning_rate        | 0.0003      |
|    loss                 | 6.76        |
|    n_updates            | 25070       |
|    policy_gradient_loss | 0.00804     |
|    std                  | 0.402       |
|    value_loss           | 56.5        |
-----------------------------------------
-----------------------------------------
| rollout/                |             |
|    ep_len_mean          | 267         |
|    ep_rew_mean          | -23.7       |
| time/                   |             |
|    fps                  | 149         |
|    iterations           | 271         |
|    time_elapsed         | 9252        |
|    total_timesteps      | 12598720    |
| train/                  |             |
|    approx_kl            | 0.083215326 |
|    clip_fraction        | 0.316       |
|    clip_range           | 0.2         |
|    entropy_loss         | -1.95       |
|    explained_variance   | 0.294       |
|    learning_rate        | 0.0003      |
|    loss                 | 433         |
|    n_updates            | 25080       |
|    policy_gradient_loss | -0.00216    |
|    std                  | 0.402       |
|    value_loss           | 120         |
-----------------------------------------
-----------------------------------------
| rollout/                |             |
|    ep_len_mean          | 260         |
|    ep_rew_mean          | -25.1       |
| time/                   |             |
|    fps                  | 149         |
|    iterations           | 272         |
|    time_elapsed         | 9289        |
|    total_timesteps      | 12603840    |
| train/                  |             |
|    approx_kl            | 0.041437827 |
|    clip_fraction        | 0.168       |
|    clip_range           | 0.2         |
|    entropy_loss         | -1.94       |
|    explained_variance   | 0.411       |
|    learning_rate        | 0.0003      |
|    loss                 | 1.4         |
|    n_updates            | 25090       |
|    policy_gradient_loss | -0.0102     |
|    std                  | 0.402       |
|    value_loss           | 117         |
-----------------------------------------
----------------------------------------
| rollout/                |            |
|    ep_len_mean          | 259        |
|    ep_rew_mean          | -29.3      |
| time/                   |            |
|    fps                  | 149        |
|    iterations           | 273        |
|    time_elapsed         | 9322       |
|    total_timesteps      | 12608960   |
| train/                  |            |
|    approx_kl            | 0.14646457 |
|    clip_fraction        | 0.319      |
|    clip_range           | 0.2        |
|    entropy_loss         | -1.95      |
|    explained_variance   | 0.502      |
|    learning_rate        | 0.0003     |
|    loss                 | 1.76       |
|    n_updates            | 25100      |
|    policy_gradient_loss | 0.0129     |
|    std                  | 0.403      |
|    value_loss           | 75.1       |
----------------------------------------
Eval num_timesteps=12611200, episode_reward=-12.11 +/- 64.87
Episode length: 283.10 +/- 65.29
-----------------------------------------
| eval/                   |             |
|    mean_ep_length       | 283         |
|    mean_reward          | -12.1       |
| time/                   |             |
|    total_timesteps      | 12611200    |
| train/                  |             |
|    approx_kl            | 0.025147498 |
|    clip_fraction        | 0.204       |
|    clip_range           | 0.2         |
|    entropy_loss         | -1.95       |
|    explained_variance   | 0.505       |
|    learning_rate        | 0.0003      |
|    loss                 | 5.29        |
|    n_updates            | 25110       |
|    policy_gradient_loss | -0.00703    |
|    std                  | 0.402       |
|    value_loss           | 104         |
-----------------------------------------
[progress] timestep 12611210
[episode ends] timestep 12611210: flipped=77 (41%), missed_goal=81 (44%), scored=28 (15%)
---------------------------------
| episode_end/       |          |
|    flipped         | 77       |
|    missed_goal     | 81       |
|    scored          | 28       |
| rollout/           |          |
|    ep_len_mean     | 261      |
|    ep_rew_mean     | -24.7    |
| time/              |          |
|    fps             | 149      |
|    iterations      | 274      |
|    time_elapsed    | 9356     |
|    total_timesteps | 12614080 |
---------------------------------
---------------------------------------
| rollout/                |           |
|    ep_len_mean          | 264       |
|    ep_rew_mean          | -17.9     |
| time/                   |           |
|    fps                  | 149       |
|    iterations           | 275       |
|    time_elapsed         | 9391      |
|    total_timesteps      | 12619200  |
| train/                  |           |
|    approx_kl            | 0.1781533 |
|    clip_fraction        | 0.382     |
|    clip_range           | 0.2       |
|    entropy_loss         | -1.95     |
|    explained_variance   | 0.525     |
|    learning_rate        | 0.0003    |
|    loss                 | 35.8      |
|    n_updates            | 25120     |
|    policy_gradient_loss | 0.0129    |
|    std                  | 0.404     |
|    value_loss           | 46.9      |
---------------------------------------
----------------------------------------
| rollout/                |            |
|    ep_len_mean          | 270        |
|    ep_rew_mean          | -17.5      |
| time/                   |            |
|    fps                  | 149        |
|    iterations           | 276        |
|    time_elapsed         | 9426       |
|    total_timesteps      | 12624320   |
| train/                  |            |
|    approx_kl            | 0.06286041 |
|    clip_fraction        | 0.303      |
|    clip_range           | 0.2        |
|    entropy_loss         | -1.95      |
|    explained_variance   | 0.412      |
|    learning_rate        | 0.0003     |
|    loss                 | 9.58       |
|    n_updates            | 25130      |
|    policy_gradient_loss | -0.00113   |
|    std                  | 0.404      |
|    value_loss           | 25.5       |
----------------------------------------
----------------------------------------
| rollout/                |            |
|    ep_len_mean          | 278        |
|    ep_rew_mean          | -18.5      |
| time/                   |            |
|    fps                  | 149        |
|    iterations           | 277        |
|    time_elapsed         | 9460       |
|    total_timesteps      | 12629440   |
| train/                  |            |
|    approx_kl            | 0.08610865 |
|    clip_fraction        | 0.25       |
|    clip_range           | 0.2        |
|    entropy_loss         | -1.95      |
|    explained_variance   | 0.342      |
|    learning_rate        | 0.0003     |
|    loss                 | 2.4        |
|    n_updates            | 25140      |
|    policy_gradient_loss | -0.000654  |
|    std                  | 0.404      |
|    value_loss           | 131        |
----------------------------------------
----------------------------------------
| rollout/                |            |
|    ep_len_mean          | 280        |
|    ep_rew_mean          | -17.8      |
| time/                   |            |
|    fps                  | 149        |
|    iterations           | 278        |
|    time_elapsed         | 9497       |
|    total_timesteps      | 12634560   |
| train/                  |            |
|    approx_kl            | 0.15957104 |
|    clip_fraction        | 0.349      |
|    clip_range           | 0.2        |
|    entropy_loss         | -1.96      |
|    explained_variance   | 0.461      |
|    learning_rate        | 0.0003     |
|    loss                 | 136        |
|    n_updates            | 25150      |
|    policy_gradient_loss | 0.0113     |
|    std                  | 0.404      |
|    value_loss           | 111        |
----------------------------------------
-----------------------------------------
| rollout/                |             |
|    ep_len_mean          | 280         |
|    ep_rew_mean          | -15         |
| time/                   |             |
|    fps                  | 149         |
|    iterations           | 279         |
|    time_elapsed         | 9532        |
|    total_timesteps      | 12639680    |
| train/                  |             |
|    approx_kl            | 0.057021856 |
|    clip_fraction        | 0.239       |
|    clip_range           | 0.2         |
|    entropy_loss         | -1.96       |
|    explained_variance   | 0.46        |
|    learning_rate        | 0.0003      |
|    loss                 | 7.11        |
|    n_updates            | 25160       |
|    policy_gradient_loss | -0.00333    |
|    std                  | 0.404       |
|    value_loss           | 45.3        |
-----------------------------------------
-----------------------------------------
| rollout/                |             |
|    ep_len_mean          | 279         |
|    ep_rew_mean          | -18.1       |
| time/                   |             |
|    fps                  | 149         |
|    iterations           | 280         |
|    time_elapsed         | 9568        |
|    total_timesteps      | 12644800    |
| train/                  |             |
|    approx_kl            | 0.055312812 |
|    clip_fraction        | 0.258       |
|    clip_range           | 0.2         |
|    entropy_loss         | -1.96       |
|    explained_variance   | 0.4         |
|    learning_rate        | 0.0003      |
|    loss                 | 1.99        |
|    n_updates            | 25170       |
|    policy_gradient_loss | -0.0044     |
|    std                  | 0.404       |
|    value_loss           | 77.1        |
-----------------------------------------
---------------------------------------
| rollout/                |           |
|    ep_len_mean          | 275       |
|    ep_rew_mean          | -15.5     |
| time/                   |           |
|    fps                  | 149       |
|    iterations           | 281       |
|    time_elapsed         | 9602      |
|    total_timesteps      | 12649920  |
| train/                  |           |
|    approx_kl            | 0.0569245 |
|    clip_fraction        | 0.171     |
|    clip_range           | 0.2       |
|    entropy_loss         | -1.96     |
|    explained_variance   | 0.283     |
|    learning_rate        | 0.0003    |
|    loss                 | 2.26      |
|    n_updates            | 25180     |
|    policy_gradient_loss | -0.00385  |
|    std                  | 0.404     |
|    value_loss           | 152       |
---------------------------------------
----------------------------------------
| rollout/                |            |
|    ep_len_mean          | 278        |
|    ep_rew_mean          | -7.11      |
| time/                   |            |
|    fps                  | 149        |
|    iterations           | 282        |
|    time_elapsed         | 9636       |
|    total_timesteps      | 12655040   |
| train/                  |            |
|    approx_kl            | 0.02653886 |
|    clip_fraction        | 0.177      |
|    clip_range           | 0.2        |
|    entropy_loss         | -1.95      |
|    explained_variance   | 0.263      |
|    learning_rate        | 0.0003     |
|    loss                 | 1.63       |
|    n_updates            | 25190      |
|    policy_gradient_loss | -0.0187    |
|    std                  | 0.403      |
|    value_loss           | 151        |
----------------------------------------
-----------------------------------------
| rollout/                |             |
|    ep_len_mean          | 279         |
|    ep_rew_mean          | -7.8        |
| time/                   |             |
|    fps                  | 149         |
|    iterations           | 283         |
|    time_elapsed         | 9673        |
|    total_timesteps      | 12660160    |
| train/                  |             |
|    approx_kl            | 0.056664128 |
|    clip_fraction        | 0.303       |
|    clip_range           | 0.2         |
|    entropy_loss         | -1.95       |
|    explained_variance   | 0.492       |
|    learning_rate        | 0.0003      |
|    loss                 | 5.77        |
|    n_updates            | 25200       |
|    policy_gradient_loss | -0.00431    |
|    std                  | 0.403       |
|    value_loss           | 53.4        |
-----------------------------------------
Eval num_timesteps=12661200, episode_reward=-1.47 +/- 37.70
Episode length: 299.00 +/- 13.66
----------------------------------------
| eval/                   |            |
|    mean_ep_length       | 299        |
|    mean_reward          | -1.47      |
| time/                   |            |
|    total_timesteps      | 12661200   |
| train/                  |            |
|    approx_kl            | 0.18380132 |
|    clip_fraction        | 0.335      |
|    clip_range           | 0.2        |
|    entropy_loss         | -1.95      |
|    explained_variance   | 0.301      |
|    learning_rate        | 0.0003     |
|    loss                 | 0.94       |
|    n_updates            | 25210      |
|    policy_gradient_loss | 0.000492   |
|    std                  | 0.404      |
|    value_loss           | 102        |
----------------------------------------
[episode ends] timestep 12661210: flipped=67 (37%), missed_goal=72 (40%), scored=43 (24%)
---------------------------------
| episode_end/       |          |
|    flipped         | 67       |
|    missed_goal     | 72       |
|    scored          | 43       |
| rollout/           |          |
|    ep_len_mean     | 276      |
|    ep_rew_mean     | -7.73    |
| time/              |          |
|    fps             | 149      |
|    iterations      | 284      |
|    time_elapsed    | 9712     |
|    total_timesteps | 12665280 |
---------------------------------
----------------------------------------
| rollout/                |            |
|    ep_len_mean          | 276        |
|    ep_rew_mean          | -4.15      |
| time/                   |            |
|    fps                  | 149        |
|    iterations           | 285        |
|    time_elapsed         | 9746       |
|    total_timesteps      | 12670400   |
| train/                  |            |
|    approx_kl            | 0.04605979 |
|    clip_fraction        | 0.268      |
|    clip_range           | 0.2        |
|    entropy_loss         | -1.96      |
|    explained_variance   | 0.487      |
|    learning_rate        | 0.0003     |
|    loss                 | 88.2       |
|    n_updates            | 25220      |
|    policy_gradient_loss | -0.00681   |
|    std                  | 0.406      |
|    value_loss           | 25.3       |
----------------------------------------
----------------------------------------
| rollout/                |            |
|    ep_len_mean          | 281        |
|    ep_rew_mean          | 0.889      |
| time/                   |            |
|    fps                  | 149        |
|    iterations           | 286        |
|    time_elapsed         | 9780       |
|    total_timesteps      | 12675520   |
| train/                  |            |
|    approx_kl            | 0.15678875 |
|    clip_fraction        | 0.354      |
|    clip_range           | 0.2        |
|    entropy_loss         | -1.98      |
|    explained_variance   | 0.548      |
|    learning_rate        | 0.0003     |
|    loss                 | 1.09       |
|    n_updates            | 25230      |
|    policy_gradient_loss | 0.0104     |
|    std                  | 0.408      |
|    value_loss           | 62.8       |
----------------------------------------
---------------------------------------
| rollout/                |           |
|    ep_len_mean          | 284       |
|    ep_rew_mean          | 1.99      |
| time/                   |           |
|    fps                  | 149       |
|    iterations           | 287       |
|    time_elapsed         | 9813      |
|    total_timesteps      | 12680640  |
| train/                  |           |
|    approx_kl            | 0.1071202 |
|    clip_fraction        | 0.386     |
|    clip_range           | 0.2       |
|    entropy_loss         | -1.99     |
|    explained_variance   | 0.686     |
|    learning_rate        | 0.0003    |
|    loss                 | 0.114     |
|    n_updates            | 25240     |
|    policy_gradient_loss | 0.0051    |
|    std                  | 0.408     |
|    value_loss           | 18.8      |
---------------------------------------
----------------------------------------
| rollout/                |            |
|    ep_len_mean          | 287        |
|    ep_rew_mean          | 7.31       |
| time/                   |            |
|    fps                  | 149        |
|    iterations           | 288        |
|    time_elapsed         | 9846       |
|    total_timesteps      | 12685760   |
| train/                  |            |
|    approx_kl            | 0.07721198 |
|    clip_fraction        | 0.364      |
|    clip_range           | 0.2        |
|    entropy_loss         | -2         |
|    explained_variance   | 0.526      |
|    learning_rate        | 0.0003     |
|    loss                 | 1.54       |
|    n_updates            | 25250      |
|    policy_gradient_loss | 0.000972   |
|    std                  | 0.409      |
|    value_loss           | 49.6       |
----------------------------------------
----------------------------------------
| rollout/                |            |
|    ep_len_mean          | 287        |
|    ep_rew_mean          | 7.07       |
| time/                   |            |
|    fps                  | 149        |
|    iterations           | 289        |
|    time_elapsed         | 9881       |
|    total_timesteps      | 12690880   |
| train/                  |            |
|    approx_kl            | 0.16682908 |
|    clip_fraction        | 0.399      |
|    clip_range           | 0.2        |
|    entropy_loss         | -2.02      |
|    explained_variance   | 0.565      |
|    learning_rate        | 0.0003     |
|    loss                 | 0.0456     |
|    n_updates            | 25260      |
|    policy_gradient_loss | 0.0175     |
|    std                  | 0.411      |
|    value_loss           | 15.3       |
----------------------------------------
----------------------------------------
| rollout/                |            |
|    ep_len_mean          | 286        |
|    ep_rew_mean          | 3.82       |
| time/                   |            |
|    fps                  | 149        |
|    iterations           | 290        |
|    time_elapsed         | 9920       |
|    total_timesteps      | 12696000   |
| train/                  |            |
|    approx_kl            | 0.17289189 |
|    clip_fraction        | 0.455      |
|    clip_range           | 0.2        |
|    entropy_loss         | -2.03      |
|    explained_variance   | 0.108      |
|    learning_rate        | 0.0003     |
|    loss                 | 5.03       |
|    n_updates            | 25270      |
|    policy_gradient_loss | 0.0178     |
|    std                  | 0.411      |
|    value_loss           | 127        |
----------------------------------------
----------------------------------------
| rollout/                |            |
|    ep_len_mean          | 287        |
|    ep_rew_mean          | -2.53      |
| time/                   |            |
|    fps                  | 149        |
|    iterations           | 291        |
|    time_elapsed         | 9954       |
|    total_timesteps      | 12701120   |
| train/                  |            |
|    approx_kl            | 0.17636411 |
|    clip_fraction        | 0.456      |
|    clip_range           | 0.2        |
|    entropy_loss         | -2.03      |
|    explained_variance   | 0.339      |
|    learning_rate        | 0.0003     |
|    loss                 | 0.126      |
|    n_updates            | 25280      |
|    policy_gradient_loss | 0.0114     |
|    std                  | 0.412      |
|    value_loss           | 94.5       |
----------------------------------------
---------------------------------------
| rollout/                |           |
|    ep_len_mean          | 282       |
|    ep_rew_mean          | -7.51     |
| time/                   |           |
|    fps                  | 149       |
|    iterations           | 292       |
|    time_elapsed         | 9987      |
|    total_timesteps      | 12706240  |
| train/                  |           |
|    approx_kl            | 0.0816069 |
|    clip_fraction        | 0.389     |
|    clip_range           | 0.2       |
|    entropy_loss         | -2.04     |
|    explained_variance   | 0.251     |
|    learning_rate        | 0.0003    |
|    loss                 | 0.651     |
|    n_updates            | 25290     |
|    policy_gradient_loss | 0.0115    |
|    std                  | 0.413     |
|    value_loss           | 167       |
---------------------------------------
Eval num_timesteps=12711200, episode_reward=21.49 +/- 35.01
Episode length: 290.90 +/- 36.64
----------------------------------------
| eval/                   |            |
|    mean_ep_length       | 291        |
|    mean_reward          | 21.5       |
| time/                   |            |
|    total_timesteps      | 12711200   |
| train/                  |            |
|    approx_kl            | 0.06034723 |
|    clip_fraction        | 0.345      |
|    clip_range           | 0.2        |
|    entropy_loss         | -2.03      |
|    explained_variance   | 0.244      |
|    learning_rate        | 0.0003     |
|    loss                 | 40.4       |
|    n_updates            | 25300      |
|    policy_gradient_loss | 0.00937    |
|    std                  | 0.41       |
|    value_loss           | 82.4       |
----------------------------------------
New best mean reward!
[progress] timestep 12711210
[episode ends] timestep 12711210: flipped=61 (35%), missed_goal=76 (43%), scored=38 (22%)
---------------------------------
| episode_end/       |          |
|    flipped         | 61       |
|    missed_goal     | 76       |
|    scored          | 38       |
| rollout/           |          |
|    ep_len_mean     | 280      |
|    ep_rew_mean     | -12.5    |
| time/              |          |
|    fps             | 149      |
|    iterations      | 293      |
|    time_elapsed    | 10031    |
|    total_timesteps | 12711360 |
---------------------------------
----------------------------------------
| rollout/                |            |
|    ep_len_mean          | 280        |
|    ep_rew_mean          | -11.1      |
| time/                   |            |
|    fps                  | 149        |
|    iterations           | 294        |
|    time_elapsed         | 10071      |
|    total_timesteps      | 12716480   |
| train/                  |            |
|    approx_kl            | 0.12752174 |
|    clip_fraction        | 0.421      |
|    clip_range           | 0.2        |
|    entropy_loss         | -2.02      |
|    explained_variance   | 0.369      |
|    learning_rate        | 0.0003     |
|    loss                 | 0.643      |
|    n_updates            | 25310      |
|    policy_gradient_loss | 0.0172     |
|    std                  | 0.411      |
|    value_loss           | 40.5       |
----------------------------------------
-----------------------------------------
| rollout/                |             |
|    ep_len_mean          | 283         |
|    ep_rew_mean          | -11.7       |
| time/                   |             |
|    fps                  | 149         |
|    iterations           | 295         |
|    time_elapsed         | 10108       |
|    total_timesteps      | 12721600    |
| train/                  |             |
|    approx_kl            | 0.059124827 |
|    clip_fraction        | 0.244       |
|    clip_range           | 0.2         |
|    entropy_loss         | -2.03       |
|    explained_variance   | 0.673       |
|    learning_rate        | 0.0003      |
|    loss                 | 41.2        |
|    n_updates            | 25320       |
|    policy_gradient_loss | -0.00489    |
|    std                  | 0.412       |
|    value_loss           | 20.2        |
-----------------------------------------
----------------------------------------
| rollout/                |            |
|    ep_len_mean          | 283        |
|    ep_rew_mean          | -17.9      |
| time/                   |            |
|    fps                  | 149        |
|    iterations           | 296        |
|    time_elapsed         | 10141      |
|    total_timesteps      | 12726720   |
| train/                  |            |
|    approx_kl            | 0.11428652 |
|    clip_fraction        | 0.331      |
|    clip_range           | 0.2        |
|    entropy_loss         | -2.03      |
|    explained_variance   | 0.398      |
|    learning_rate        | 0.0003     |
|    loss                 | 0.58       |
|    n_updates            | 25330      |
|    policy_gradient_loss | 0.0019     |
|    std                  | 0.411      |
|    value_loss           | 87.6       |
----------------------------------------
----------------------------------------
| rollout/                |            |
|    ep_len_mean          | 286        |
|    ep_rew_mean          | -8.89      |
| time/                   |            |
|    fps                  | 149        |
|    iterations           | 297        |
|    time_elapsed         | 10178      |
|    total_timesteps      | 12731840   |
| train/                  |            |
|    approx_kl            | 0.10256325 |
|    clip_fraction        | 0.322      |
|    clip_range           | 0.2        |
|    entropy_loss         | -2.02      |
|    explained_variance   | 0.172      |
|    learning_rate        | 0.0003     |
|    loss                 | 0.215      |
|    n_updates            | 25340      |
|    policy_gradient_loss | 0.00027    |
|    std                  | 0.411      |
|    value_loss           | 288        |
----------------------------------------
----------------------------------------
| rollout/                |            |
|    ep_len_mean          | 289        |
|    ep_rew_mean          | -7.21      |
| time/                   |            |
|    fps                  | 149        |
|    iterations           | 298        |
|    time_elapsed         | 10213      |
|    total_timesteps      | 12736960   |
| train/                  |            |
|    approx_kl            | 0.12612467 |
|    clip_fraction        | 0.424      |
|    clip_range           | 0.2        |
|    entropy_loss         | -2.02      |
|    explained_variance   | 0.702      |
|    learning_rate        | 0.0003     |
|    loss                 | 2.78       |
|    n_updates            | 25350      |
|    policy_gradient_loss | 0.0178     |
|    std                  | 0.41       |
|    value_loss           | 11.4       |
----------------------------------------
----------------------------------------
| rollout/                |            |
|    ep_len_mean          | 290        |
|    ep_rew_mean          | -5.76      |
| time/                   |            |
|    fps                  | 149        |
|    iterations           | 299        |
|    time_elapsed         | 10248      |
|    total_timesteps      | 12742080   |
| train/                  |            |
|    approx_kl            | 0.08677848 |
|    clip_fraction        | 0.372      |
|    clip_range           | 0.2        |
|    entropy_loss         | -2.01      |
|    explained_variance   | 0.66       |
|    learning_rate        | 0.0003     |
|    loss                 | 2.55       |
|    n_updates            | 25360      |
|    policy_gradient_loss | 0.00476    |
|    std                  | 0.41       |
|    value_loss           | 18.4       |
----------------------------------------
----------------------------------------
| rollout/                |            |
|    ep_len_mean          | 293        |
|    ep_rew_mean          | -7.5       |
| time/                   |            |
|    fps                  | 149        |
|    iterations           | 300        |
|    time_elapsed         | 10284      |
|    total_timesteps      | 12747200   |
| train/                  |            |
|    approx_kl            | 0.10799924 |
|    clip_fraction        | 0.399      |
|    clip_range           | 0.2        |
|    entropy_loss         | -2.02      |
|    explained_variance   | 0.375      |
|    learning_rate        | 0.0003     |
|    loss                 | 0.0963     |
|    n_updates            | 25370      |
|    policy_gradient_loss | 0.000726   |
|    std                  | 0.411      |
|    value_loss           | 41.2       |
----------------------------------------
----------------------------------------
| rollout/                |            |
|    ep_len_mean          | 291        |
|    ep_rew_mean          | -6.13      |
| time/                   |            |
|    fps                  | 149        |
|    iterations           | 301        |
|    time_elapsed         | 10322      |
|    total_timesteps      | 12752320   |
| train/                  |            |
|    approx_kl            | 0.15518638 |
|    clip_fraction        | 0.43       |
|    clip_range           | 0.2        |
|    entropy_loss         | -2.02      |
|    explained_variance   | 0.531      |
|    learning_rate        | 0.0003     |
|    loss                 | 0.0304     |
|    n_updates            | 25380      |
|    policy_gradient_loss | 0.00514    |
|    std                  | 0.412      |
|    value_loss           | 22.8       |
----------------------------------------
----------------------------------------
| rollout/                |            |
|    ep_len_mean          | 297        |
|    ep_rew_mean          | 6.3        |
| time/                   |            |
|    fps                  | 149        |
|    iterations           | 302        |
|    time_elapsed         | 10355      |
|    total_timesteps      | 12757440   |
| train/                  |            |
|    approx_kl            | 0.12828246 |
|    clip_fraction        | 0.43       |
|    clip_range           | 0.2        |
|    entropy_loss         | -2.03      |
|    explained_variance   | 0.58       |
|    learning_rate        | 0.0003     |
|    loss                 | 0.226      |
|    n_updates            | 25390      |
|    policy_gradient_loss | 0.0133     |
|    std                  | 0.411      |
|    value_loss           | 15.3       |
----------------------------------------
Eval num_timesteps=12761200, episode_reward=-12.79 +/- 53.10
Episode length: 291.50 +/- 31.48
-----------------------------------------
| eval/                   |             |
|    mean_ep_length       | 292         |
|    mean_reward          | -12.8       |
| time/                   |             |
|    total_timesteps      | 12761200    |
| train/                  |             |
|    approx_kl            | 0.084616676 |
|    clip_fraction        | 0.389       |
|    clip_range           | 0.2         |
|    entropy_loss         | -2.03       |
|    explained_variance   | 0.631       |
|    learning_rate        | 0.0003      |
|    loss                 | 0.724       |
|    n_updates            | 25400       |
|    policy_gradient_loss | 0.00153     |
|    std                  | 0.412       |
|    value_loss           | 29.6        |
-----------------------------------------
[episode ends] timestep 12761210: flipped=47 (27%), missed_goal=95 (56%), scored=29 (17%)
---------------------------------
| episode_end/       |          |
|    flipped         | 47       |
|    missed_goal     | 95       |
|    scored          | 29       |
| rollout/           |          |
|    ep_len_mean     | 297      |
|    ep_rew_mean     | 1.95     |
| time/              |          |
|    fps             | 149      |
|    iterations      | 303      |
|    time_elapsed    | 10397    |
|    total_timesteps | 12762560 |
---------------------------------
----------------------------------------
| rollout/                |            |
|    ep_len_mean          | 298        |
|    ep_rew_mean          | 3.23       |
| time/                   |            |
|    fps                  | 149        |
|    iterations           | 304        |
|    time_elapsed         | 10431      |
|    total_timesteps      | 12767680   |
| train/                  |            |
|    approx_kl            | 0.08955272 |
|    clip_fraction        | 0.407      |
|    clip_range           | 0.2        |
|    entropy_loss         | -2.03      |
|    explained_variance   | 0.757      |
|    learning_rate        | 0.0003     |
|    loss                 | 0.523      |
|    n_updates            | 25410      |
|    policy_gradient_loss | 0.00604    |
|    std                  | 0.413      |
|    value_loss           | 12.7       |
----------------------------------------
----------------------------------------
| rollout/                |            |
|    ep_len_mean          | 301        |
|    ep_rew_mean          | 1.03       |
| time/                   |            |
|    fps                  | 149        |
|    iterations           | 305        |
|    time_elapsed         | 10466      |
|    total_timesteps      | 12772800   |
| train/                  |            |
|    approx_kl            | 0.07712272 |
|    clip_fraction        | 0.369      |
|    clip_range           | 0.2        |
|    entropy_loss         | -2.04      |
|    explained_variance   | 0.772      |
|    learning_rate        | 0.0003     |
|    loss                 | -0.00673   |
|    n_updates            | 25420      |
|    policy_gradient_loss | 0.00274    |
|    std                  | 0.414      |
|    value_loss           | 7.41       |
----------------------------------------
----------------------------------------
| rollout/                |            |
|    ep_len_mean          | 298        |
|    ep_rew_mean          | 2.12       |
| time/                   |            |
|    fps                  | 149        |
|    iterations           | 306        |
|    time_elapsed         | 10499      |
|    total_timesteps      | 12777920   |
| train/                  |            |
|    approx_kl            | 0.10126589 |
|    clip_fraction        | 0.384      |
|    clip_range           | 0.2        |
|    entropy_loss         | -2.03      |
|    explained_variance   | 0.279      |
|    learning_rate        | 0.0003     |
|    loss                 | 0.408      |
|    n_updates            | 25430      |
|    policy_gradient_loss | 0.000153   |
|    std                  | 0.412      |
|    value_loss           | 76.4       |
----------------------------------------
---------------------------------------
| rollout/                |           |
|    ep_len_mean          | 293       |
|    ep_rew_mean          | -4.79     |
| time/                   |           |
|    fps                  | 149       |
|    iterations           | 307       |
|    time_elapsed         | 10537     |
|    total_timesteps      | 12783040  |
| train/                  |           |
|    approx_kl            | 0.0567398 |
|    clip_fraction        | 0.313     |
|    clip_range           | 0.2       |
|    entropy_loss         | -2.03     |
|    explained_variance   | 0.0588    |
|    learning_rate        | 0.0003    |
|    loss                 | 1.11e+03  |
|    n_updates            | 25440     |
|    policy_gradient_loss | -0.00199  |
|    std                  | 0.412     |
|    value_loss           | 245       |
---------------------------------------
---------------------------------------
| rollout/                |           |
|    ep_len_mean          | 292       |
|    ep_rew_mean          | -5.02     |
| time/                   |           |
|    fps                  | 149       |
|    iterations           | 308       |
|    time_elapsed         | 10570     |
|    total_timesteps      | 12788160  |
| train/                  |           |
|    approx_kl            | 0.0796959 |
|    clip_fraction        | 0.323     |
|    clip_range           | 0.2       |
|    entropy_loss         | -2.04     |
|    explained_variance   | 0.316     |
|    learning_rate        | 0.0003    |
|    loss                 | 311       |
|    n_updates            | 25450     |
|    policy_gradient_loss | 0.00521   |
|    std                  | 0.414     |
|    value_loss           | 66.2      |
---------------------------------------
----------------------------------------
| rollout/                |            |
|    ep_len_mean          | 291        |
|    ep_rew_mean          | -9.46      |
| time/                   |            |
|    fps                  | 149        |
|    iterations           | 309        |
|    time_elapsed         | 10600      |
|    total_timesteps      | 12793280   |
| train/                  |            |
|    approx_kl            | 0.12872735 |
|    clip_fraction        | 0.402      |
|    clip_range           | 0.2        |
|    entropy_loss         | -2.04      |
|    explained_variance   | 0.703      |
|    learning_rate        | 0.0003     |
|    loss                 | -0.0108    |
|    n_updates            | 25460      |
|    policy_gradient_loss | 0.00796    |
|    std                  | 0.413      |
|    value_loss           | 11.7       |
----------------------------------------
----------------------------------------
| rollout/                |            |
|    ep_len_mean          | 289        |
|    ep_rew_mean          | -8.56      |
| time/                   |            |
|    fps                  | 149        |
|    iterations           | 310        |
|    time_elapsed         | 10632      |
|    total_timesteps      | 12798400   |
| train/                  |            |
|    approx_kl            | 0.06882961 |
|    clip_fraction        | 0.322      |
|    clip_range           | 0.2        |
|    entropy_loss         | -2.04      |
|    explained_variance   | 0.374      |
|    learning_rate        | 0.0003     |
|    loss                 | 1.76       |
|    n_updates            | 25470      |
|    policy_gradient_loss | -0.00518   |
|    std                  | 0.413      |
|    value_loss           | 126        |
----------------------------------------
----------------------------------------
| rollout/                |            |
|    ep_len_mean          | 289        |
|    ep_rew_mean          | -4.59      |
| time/                   |            |
|    fps                  | 149        |
|    iterations           | 311        |
|    time_elapsed         | 10667      |
|    total_timesteps      | 12803520   |
| train/                  |            |
|    approx_kl            | 0.08740587 |
|    clip_fraction        | 0.377      |
|    clip_range           | 0.2        |
|    entropy_loss         | -2.04      |
|    explained_variance   | 0.395      |
|    learning_rate        | 0.0003     |
|    loss                 | 0.0118     |
|    n_updates            | 25480      |
|    policy_gradient_loss | 0.000408   |
|    std                  | 0.412      |
|    value_loss           | 48.5       |
----------------------------------------
----------------------------------------
| rollout/                |            |
|    ep_len_mean          | 291        |
|    ep_rew_mean          | -7.01      |
| time/                   |            |
|    fps                  | 149        |
|    iterations           | 312        |
|    time_elapsed         | 10698      |
|    total_timesteps      | 12808640   |
| train/                  |            |
|    approx_kl            | 0.07425403 |
|    clip_fraction        | 0.381      |
|    clip_range           | 0.2        |
|    entropy_loss         | -2.04      |
|    explained_variance   | 0.812      |
|    learning_rate        | 0.0003     |
|    loss                 | -0.00983   |
|    n_updates            | 25490      |
|    policy_gradient_loss | -0.00722   |
|    std                  | 0.413      |
|    value_loss           | 5.52       |
----------------------------------------
Eval num_timesteps=12811200, episode_reward=-10.93 +/- 47.53
Episode length: 305.40 +/- 17.90
-----------------------------------------
| eval/                   |             |
|    mean_ep_length       | 305         |
|    mean_reward          | -10.9       |
| time/                   |             |
|    total_timesteps      | 12811200    |
| train/                  |             |
|    approx_kl            | 0.071480215 |
|    clip_fraction        | 0.364       |
|    clip_range           | 0.2         |
|    entropy_loss         | -2.06       |
|    explained_variance   | 0.264       |
|    learning_rate        | 0.0003      |
|    loss                 | 1.05        |
|    n_updates            | 25500       |
|    policy_gradient_loss | -0.00158    |
|    std                  | 0.415       |
|    value_loss           | 63          |
-----------------------------------------
[progress] timestep 12811210
[episode ends] timestep 12811210: flipped=42 (25%), missed_goal=107 (63%), scored=21 (12%)
---------------------------------
| episode_end/       |          |
|    flipped         | 42       |
|    missed_goal     | 107      |
|    scored          | 21       |
| rollout/           |          |
|    ep_len_mean     | 296      |
|    ep_rew_mean     | -3.4     |
| time/              |          |
|    fps             | 149      |
|    iterations      | 313      |
|    time_elapsed    | 10735    |
|    total_timesteps | 12813760 |
---------------------------------
----------------------------------------
| rollout/                |            |
|    ep_len_mean          | 293        |
|    ep_rew_mean          | -4.78      |
| time/                   |            |
|    fps                  | 149        |
|    iterations           | 314        |
|    time_elapsed         | 10766      |
|    total_timesteps      | 12818880   |
| train/                  |            |
|    approx_kl            | 0.11595567 |
|    clip_fraction        | 0.355      |
|    clip_range           | 0.2        |
|    entropy_loss         | -2.07      |
|    explained_variance   | 0.855      |
|    learning_rate        | 0.0003     |
|    loss                 | 0.147      |
|    n_updates            | 25510      |
|    policy_gradient_loss | -0.00268   |
|    std                  | 0.416      |
|    value_loss           | 2.46       |
----------------------------------------
----------------------------------------
| rollout/                |            |
|    ep_len_mean          | 294        |
|    ep_rew_mean          | -2.27      |
| time/                   |            |
|    fps                  | 149        |
|    iterations           | 315        |
|    time_elapsed         | 10797      |
|    total_timesteps      | 12824000   |
| train/                  |            |
|    approx_kl            | 0.07169447 |
|    clip_fraction        | 0.315      |
|    clip_range           | 0.2        |
|    entropy_loss         | -2.07      |
|    explained_variance   | 0.607      |
|    learning_rate        | 0.0003     |
|    loss                 | 14.3       |
|    n_updates            | 25520      |
|    policy_gradient_loss | -0.00112   |
|    std                  | 0.414      |
|    value_loss           | 24.8       |
----------------------------------------
---------------------------------------
| rollout/                |           |
|    ep_len_mean          | 292       |
|    ep_rew_mean          | -1.04     |
| time/                   |           |
|    fps                  | 149       |
|    iterations           | 316       |
|    time_elapsed         | 10833     |
|    total_timesteps      | 12829120  |
| train/                  |           |
|    approx_kl            | 0.0623556 |
|    clip_fraction        | 0.283     |
|    clip_range           | 0.2       |
|    entropy_loss         | -2.05     |
|    explained_variance   | 0.181     |
|    learning_rate        | 0.0003    |
|    loss                 | 1.19      |
|    n_updates            | 25530     |
|    policy_gradient_loss | 0.00438   |
|    std                  | 0.413     |
|    value_loss           | 245       |
---------------------------------------
-----------------------------------------
| rollout/                |             |
|    ep_len_mean          | 293         |
|    ep_rew_mean          | -13.6       |
| time/                   |             |
|    fps                  | 149         |
|    iterations           | 317         |
|    time_elapsed         | 10865       |
|    total_timesteps      | 12834240    |
| train/                  |             |
|    approx_kl            | 0.047082122 |
|    clip_fraction        | 0.26        |
|    clip_range           | 0.2         |
|    entropy_loss         | -2.04       |
|    explained_variance   | 0.478       |
|    learning_rate        | 0.0003      |
|    loss                 | 0.495       |
|    n_updates            | 25540       |
|    policy_gradient_loss | -0.00368    |
|    std                  | 0.412       |
|    value_loss           | 28.3        |
-----------------------------------------
-----------------------------------------
| rollout/                |             |
|    ep_len_mean          | 287         |
|    ep_rew_mean          | -12.5       |
| time/                   |             |
|    fps                  | 149         |
|    iterations           | 318         |
|    time_elapsed         | 10898       |
|    total_timesteps      | 12839360    |
| train/                  |             |
|    approx_kl            | 0.040916435 |
|    clip_fraction        | 0.267       |
|    clip_range           | 0.2         |
|    entropy_loss         | -2.04       |
|    explained_variance   | 0.12        |
|    learning_rate        | 0.0003      |
|    loss                 | 26.2        |
|    n_updates            | 25550       |
|    policy_gradient_loss | -0.00489    |
|    std                  | 0.412       |
|    value_loss           | 341         |
-----------------------------------------
-----------------------------------------
| rollout/                |             |
|    ep_len_mean          | 286         |
|    ep_rew_mean          | -14.1       |
| time/                   |             |
|    fps                  | 149         |
|    iterations           | 319         |
|    time_elapsed         | 10933       |
|    total_timesteps      | 12844480    |
| train/                  |             |
|    approx_kl            | 0.049981453 |
|    clip_fraction        | 0.232       |
|    clip_range           | 0.2         |
|    entropy_loss         | -2.04       |
|    explained_variance   | 0.267       |
|    learning_rate        | 0.0003      |
|    loss                 | 0.0838      |
|    n_updates            | 25560       |
|    policy_gradient_loss | -0.00357    |
|    std                  | 0.412       |
|    value_loss           | 68.6        |
-----------------------------------------
-----------------------------------------
| rollout/                |             |
|    ep_len_mean          | 291         |
|    ep_rew_mean          | -16.7       |
| time/                   |             |
|    fps                  | 149         |
|    iterations           | 320         |
|    time_elapsed         | 10965       |
|    total_timesteps      | 12849600    |
| train/                  |             |
|    approx_kl            | 0.052264623 |
|    clip_fraction        | 0.29        |
|    clip_range           | 0.2         |
|    entropy_loss         | -2.04       |
|    explained_variance   | 0.547       |
|    learning_rate        | 0.0003      |
|    loss                 | 6.51        |
|    n_updates            | 25570       |
|    policy_gradient_loss | -0.0026     |
|    std                  | 0.412       |
|    value_loss           | 22.9        |
-----------------------------------------
-----------------------------------------
| rollout/                |             |
|    ep_len_mean          | 292         |
|    ep_rew_mean          | -10.5       |
| time/                   |             |
|    fps                  | 149         |
|    iterations           | 321         |
|    time_elapsed         | 10999       |
|    total_timesteps      | 12854720    |
| train/                  |             |
|    approx_kl            | 0.058980405 |
|    clip_fraction        | 0.271       |
|    clip_range           | 0.2         |
|    entropy_loss         | -2.04       |
|    explained_variance   | 0.552       |
|    learning_rate        | 0.0003      |
|    loss                 | 132         |
|    n_updates            | 25580       |
|    policy_gradient_loss | -0.00591    |
|    std                  | 0.411       |
|    value_loss           | 23.6        |
-----------------------------------------
----------------------------------------
| rollout/                |            |
|    ep_len_mean          | 289        |
|    ep_rew_mean          | -14.4      |
| time/                   |            |
|    fps                  | 149        |
|    iterations           | 322        |
|    time_elapsed         | 11034      |
|    total_timesteps      | 12859840   |
| train/                  |            |
|    approx_kl            | 0.04936534 |
|    clip_fraction        | 0.314      |
|    clip_range           | 0.2        |
|    entropy_loss         | -2.04      |
|    explained_variance   | 0.238      |
|    learning_rate        | 0.0003     |
|    loss                 | 0.686      |
|    n_updates            | 25590      |
|    policy_gradient_loss | -0.00524   |
|    std                  | 0.413      |
|    value_loss           | 36.4       |
----------------------------------------
Eval num_timesteps=12861200, episode_reward=-11.35 +/- 60.64
Episode length: 293.90 +/- 13.68
---------------------------------------
| eval/                   |           |
|    mean_ep_length       | 294       |
|    mean_reward          | -11.4     |
| time/                   |           |
|    total_timesteps      | 12861200  |
| train/                  |           |
|    approx_kl            | 0.0566491 |
|    clip_fraction        | 0.287     |
|    clip_range           | 0.2       |
|    entropy_loss         | -2.05     |
|    explained_variance   | 0.301     |
|    learning_rate        | 0.0003    |
|    loss                 | 9.29      |
|    n_updates            | 25600     |
|    policy_gradient_loss | -0.00119  |
|    std                  | 0.414     |
|    value_loss           | 125       |
---------------------------------------
[episode ends] timestep 12861210: flipped=48 (28%), missed_goal=95 (55%), out_of_bounds=1 (1%), scored=29 (17%)
---------------------------------
| episode_end/       |          |
|    flipped         | 48       |
|    missed_goal     | 95       |
|    out_of_bounds   | 1        |
|    scored          | 29       |
| rollout/           |          |
|    ep_len_mean     | 292      |
|    ep_rew_mean     | -3.68    |
| time/              |          |
|    fps             | 149      |
|    iterations      | 323      |
|    time_elapsed    | 11072    |
|    total_timesteps | 12864960 |
---------------------------------
----------------------------------------
| rollout/                |            |
|    ep_len_mean          | 295        |
|    ep_rew_mean          | -5.11      |
| time/                   |            |
|    fps                  | 149        |
|    iterations           | 324        |
|    time_elapsed         | 11107      |
|    total_timesteps      | 12870080   |
| train/                  |            |
|    approx_kl            | 0.08686388 |
|    clip_fraction        | 0.381      |
|    clip_range           | 0.2        |
|    entropy_loss         | -2.06      |
|    explained_variance   | 0.563      |
|    learning_rate        | 0.0003     |
|    loss                 | 1.11       |
|    n_updates            | 25610      |
|    policy_gradient_loss | 0.0001     |
|    std                  | 0.414      |
|    value_loss           | 19.9       |
----------------------------------------
----------------------------------------
| rollout/                |            |
|    ep_len_mean          | 291        |
|    ep_rew_mean          | -5.54      |
| time/                   |            |
|    fps                  | 149        |
|    iterations           | 325        |
|    time_elapsed         | 11137      |
|    total_timesteps      | 12875200   |
| train/                  |            |
|    approx_kl            | 0.07991858 |
|    clip_fraction        | 0.347      |
|    clip_range           | 0.2        |
|    entropy_loss         | -2.05      |
|    explained_variance   | 0.703      |
|    learning_rate        | 0.0003     |
|    loss                 | 0.585      |
|    n_updates            | 25620      |
|    policy_gradient_loss | -0.00218   |
|    std                  | 0.412      |
|    value_loss           | 12.1       |
----------------------------------------
---------------------------------------
| rollout/                |           |
|    ep_len_mean          | 292       |
|    ep_rew_mean          | -7.3      |
| time/                   |           |
|    fps                  | 149       |
|    iterations           | 326       |
|    time_elapsed         | 11168     |
|    total_timesteps      | 12880320  |
| train/                  |           |
|    approx_kl            | 0.0348529 |
|    clip_fraction        | 0.232     |
|    clip_range           | 0.2       |
|    entropy_loss         | -2.04     |
|    explained_variance   | 0.487     |
|    learning_rate        | 0.0003    |
|    loss                 | 2.87      |
|    n_updates            | 25630     |
|    policy_gradient_loss | -0.00921  |
|    std                  | 0.412     |
|    value_loss           | 51.4      |
---------------------------------------
-----------------------------------------
| rollout/                |             |
|    ep_len_mean          | 295         |
|    ep_rew_mean          | -7.13       |
| time/                   |             |
|    fps                  | 149         |
|    iterations           | 327         |
|    time_elapsed         | 11199       |
|    total_timesteps      | 12885440    |
| train/                  |             |
|    approx_kl            | 0.051032327 |
|    clip_fraction        | 0.292       |
|    clip_range           | 0.2         |
|    entropy_loss         | -2.04       |
|    explained_variance   | 0.491       |
|    learning_rate        | 0.0003      |
|    loss                 | 0.299       |
|    n_updates            | 25640       |
|    policy_gradient_loss | -0.000876   |
|    std                  | 0.412       |
|    value_loss           | 61.1        |
-----------------------------------------
-----------------------------------------
| rollout/                |             |
|    ep_len_mean          | 298         |
|    ep_rew_mean          | -2.63       |
| time/                   |             |
|    fps                  | 149         |
|    iterations           | 328         |
|    time_elapsed         | 11235       |
|    total_timesteps      | 12890560    |
| train/                  |             |
|    approx_kl            | 0.059663832 |
|    clip_fraction        | 0.309       |
|    clip_range           | 0.2         |
|    entropy_loss         | -2.04       |
|    explained_variance   | 0.612       |
|    learning_rate        | 0.0003      |
|    loss                 | 5.55        |
|    n_updates            | 25650       |
|    policy_gradient_loss | -0.00168    |
|    std                  | 0.41        |
|    value_loss           | 21.7        |
-----------------------------------------
----------------------------------------
| rollout/                |            |
|    ep_len_mean          | 299        |
|    ep_rew_mean          | -5.72      |
| time/                   |            |
|    fps                  | 149        |
|    iterations           | 329        |
|    time_elapsed         | 11272      |
|    total_timesteps      | 12895680   |
| train/                  |            |
|    approx_kl            | 0.10760136 |
|    clip_fraction        | 0.385      |
|    clip_range           | 0.2        |
|    entropy_loss         | -2.03      |
|    explained_variance   | 0.675      |
|    learning_rate        | 0.0003     |
|    loss                 | 0.0507     |
|    n_updates            | 25660      |
|    policy_gradient_loss | -0.000205  |
|    std                  | 0.409      |
|    value_loss           | 21.2       |
----------------------------------------
----------------------------------------
| rollout/                |            |
|    ep_len_mean          | 299        |
|    ep_rew_mean          | -4.91      |
| time/                   |            |
|    fps                  | 149        |
|    iterations           | 330        |
|    time_elapsed         | 11305      |
|    total_timesteps      | 12900800   |
| train/                  |            |
|    approx_kl            | 0.08131279 |
|    clip_fraction        | 0.376      |
|    clip_range           | 0.2        |
|    entropy_loss         | -2.01      |
|    explained_variance   | 0.459      |
|    learning_rate        | 0.0003     |
|    loss                 | 4.72       |
|    n_updates            | 25670      |
|    policy_gradient_loss | -0.000226  |
|    std                  | 0.407      |
|    value_loss           | 45.8       |
----------------------------------------
-----------------------------------------
| rollout/                |             |
|    ep_len_mean          | 301         |
|    ep_rew_mean          | -2.48       |
| time/                   |             |
|    fps                  | 149         |
|    iterations           | 331         |
|    time_elapsed         | 11341       |
|    total_timesteps      | 12905920    |
| train/                  |             |
|    approx_kl            | 0.090402305 |
|    clip_fraction        | 0.333       |
|    clip_range           | 0.2         |
|    entropy_loss         | -2.01       |
|    explained_variance   | 0.694       |
|    learning_rate        | 0.0003      |
|    loss                 | 0.397       |
|    n_updates            | 25680       |
|    policy_gradient_loss | -0.00639    |
|    std                  | 0.407       |
|    value_loss           | 11.9        |
-----------------------------------------
-----------------------------------------
| rollout/                |             |
|    ep_len_mean          | 301         |
|    ep_rew_mean          | 0.959       |
| time/                   |             |
|    fps                  | 149         |
|    iterations           | 332         |
|    time_elapsed         | 11376       |
|    total_timesteps      | 12911040    |
| train/                  |             |
|    approx_kl            | 0.077143595 |
|    clip_fraction        | 0.361       |
|    clip_range           | 0.2         |
|    entropy_loss         | -2.01       |
|    explained_variance   | 0.346       |
|    learning_rate        | 0.0003      |
|    loss                 | 1.85        |
|    n_updates            | 25690       |
|    policy_gradient_loss | 0.00796     |
|    std                  | 0.407       |
|    value_loss           | 39.1        |
-----------------------------------------
Eval num_timesteps=12911200, episode_reward=14.98 +/- 31.70
Episode length: 276.20 +/- 41.28
----------------------------------------
| eval/                   |            |
|    mean_ep_length       | 276        |
|    mean_reward          | 15         |
| time/                   |            |
|    total_timesteps      | 12911200   |
| train/                  |            |
|    approx_kl            | 0.05061087 |
|    clip_fraction        | 0.304      |
|    clip_range           | 0.2        |
|    entropy_loss         | -2.02      |
|    explained_variance   | 0.833      |
|    learning_rate        | 0.0003     |
|    loss                 | 0.397      |
|    n_updates            | 25700      |
|    policy_gradient_loss | -0.0036    |
|    std                  | 0.407      |
|    value_loss           | 3.44       |
----------------------------------------
[progress] timestep 12911210
[episode ends] timestep 12911210: flipped=43 (26%), missed_goal=106 (63%), scored=18 (11%)
---------------------------------
| episode_end/       |          |
|    flipped         | 43       |
|    missed_goal     | 106      |
|    scored          | 18       |
| rollout/           |          |
|    ep_len_mean     | 293      |
|    ep_rew_mean     | 2.86     |
| time/              |          |
|    fps             | 149      |
|    iterations      | 333      |
|    time_elapsed    | 11410    |
|    total_timesteps | 12916160 |
---------------------------------
----------------------------------------
| rollout/                |            |
|    ep_len_mean          | 288        |
|    ep_rew_mean          | -1.12      |
| time/                   |            |
|    fps                  | 149        |
|    iterations           | 334        |
|    time_elapsed         | 11448      |
|    total_timesteps      | 12921280   |
| train/                  |            |
|    approx_kl            | 0.07486414 |
|    clip_fraction        | 0.359      |
|    clip_range           | 0.2        |
|    entropy_loss         | -2.02      |
|    explained_variance   | 0.677      |
|    learning_rate        | 0.0003     |
|    loss                 | 0.62       |
|    n_updates            | 25710      |
|    policy_gradient_loss | 0.00619    |
|    std                  | 0.409      |
|    value_loss           | 13.4       |
----------------------------------------
----------------------------------------
| rollout/                |            |
|    ep_len_mean          | 286        |
|    ep_rew_mean          | -4.25      |
| time/                   |            |
|    fps                  | 149        |
|    iterations           | 335        |
|    time_elapsed         | 11485      |
|    total_timesteps      | 12926400   |
| train/                  |            |
|    approx_kl            | 0.07706261 |
|    clip_fraction        | 0.244      |
|    clip_range           | 0.2        |
|    entropy_loss         | -2.03      |
|    explained_variance   | 0.357      |
|    learning_rate        | 0.0003     |
|    loss                 | 615        |
|    n_updates            | 25720      |
|    policy_gradient_loss | -0.000378  |
|    std                  | 0.409      |
|    value_loss           | 124        |
----------------------------------------
-----------------------------------------
| rollout/                |             |
|    ep_len_mean          | 285         |
|    ep_rew_mean          | -1.84       |
| time/                   |             |
|    fps                  | 149         |
|    iterations           | 336         |
|    time_elapsed         | 11517       |
|    total_timesteps      | 12931520    |
| train/                  |             |
|    approx_kl            | 0.081935115 |
|    clip_fraction        | 0.312       |
|    clip_range           | 0.2         |
|    entropy_loss         | -2.03       |
|    explained_variance   | 0.648       |
|    learning_rate        | 0.0003      |
|    loss                 | 8.87        |
|    n_updates            | 25730       |
|    policy_gradient_loss | -0.00182    |
|    std                  | 0.408       |
|    value_loss           | 29.2        |
-----------------------------------------
----------------------------------------
| rollout/                |            |
|    ep_len_mean          | 280        |
|    ep_rew_mean          | -9.91      |
| time/                   |            |
|    fps                  | 149        |
|    iterations           | 337        |
|    time_elapsed         | 11548      |
|    total_timesteps      | 12936640   |
| train/                  |            |
|    approx_kl            | 0.13533273 |
|    clip_fraction        | 0.493      |
|    clip_range           | 0.2        |
|    entropy_loss         | -2.03      |
|    explained_variance   | 0.771      |
|    learning_rate        | 0.0003     |
|    loss                 | 5.31       |
|    n_updates            | 25740      |
|    policy_gradient_loss | 0.0213     |
|    std                  | 0.409      |
|    value_loss           | 8.25       |
----------------------------------------
-----------------------------------------
| rollout/                |             |
|    ep_len_mean          | 281         |
|    ep_rew_mean          | -16.7       |
| time/                   |             |
|    fps                  | 149         |
|    iterations           | 338         |
|    time_elapsed         | 11580       |
|    total_timesteps      | 12941760    |
| train/                  |             |
|    approx_kl            | 0.078645594 |
|    clip_fraction        | 0.276       |
|    clip_range           | 0.2         |
|    entropy_loss         | -2.02       |
|    explained_variance   | 0.335       |
|    learning_rate        | 0.0003      |
|    loss                 | 0.658       |
|    n_updates            | 25750       |
|    policy_gradient_loss | -0.00108    |
|    std                  | 0.408       |
|    value_loss           | 107         |
-----------------------------------------
-----------------------------------------
| rollout/                |             |
|    ep_len_mean          | 279         |
|    ep_rew_mean          | -17.7       |
| time/                   |             |
|    fps                  | 149         |
|    iterations           | 339         |
|    time_elapsed         | 11614       |
|    total_timesteps      | 12946880    |
| train/                  |             |
|    approx_kl            | 0.026681012 |
|    clip_fraction        | 0.199       |
|    clip_range           | 0.2         |
|    entropy_loss         | -2.02       |
|    explained_variance   | 0.593       |
|    learning_rate        | 0.0003      |
|    loss                 | 0.608       |
|    n_updates            | 25760       |
|    policy_gradient_loss | -0.0114     |
|    std                  | 0.407       |
|    value_loss           | 59.9        |
-----------------------------------------
----------------------------------------
| rollout/                |            |
|    ep_len_mean          | 283        |
|    ep_rew_mean          | -12.2      |
| time/                   |            |
|    fps                  | 149        |
|    iterations           | 340        |
|    time_elapsed         | 11648      |
|    total_timesteps      | 12952000   |
| train/                  |            |
|    approx_kl            | 0.02761807 |
|    clip_fraction        | 0.192      |
|    clip_range           | 0.2        |
|    entropy_loss         | -2.01      |
|    explained_variance   | 0.412      |
|    learning_rate        | 0.0003     |
|    loss                 | 0.349      |
|    n_updates            | 25770      |
|    policy_gradient_loss | -0.00896   |
|    std                  | 0.406      |
|    value_loss           | 69.7       |
----------------------------------------
----------------------------------------
| rollout/                |            |
|    ep_len_mean          | 284        |
|    ep_rew_mean          | -12.4      |
| time/                   |            |
|    fps                  | 149        |
|    iterations           | 341        |
|    time_elapsed         | 11676      |
|    total_timesteps      | 12957120   |
| train/                  |            |
|    approx_kl            | 0.09490931 |
|    clip_fraction        | 0.319      |
|    clip_range           | 0.2        |
|    entropy_loss         | -2         |
|    explained_variance   | 0.862      |
|    learning_rate        | 0.0003     |
|    loss                 | 0.0415     |
|    n_updates            | 25780      |
|    policy_gradient_loss | 0.00119    |
|    std                  | 0.404      |
|    value_loss           | 3.42       |
----------------------------------------
Eval num_timesteps=12961200, episode_reward=-12.10 +/- 42.26
Episode length: 306.40 +/- 26.03
----------------------------------------
| eval/                   |            |
|    mean_ep_length       | 306        |
|    mean_reward          | -12.1      |
| time/                   |            |
|    total_timesteps      | 12961200   |
| train/                  |            |
|    approx_kl            | 0.04788903 |
|    clip_fraction        | 0.238      |
|    clip_range           | 0.2        |
|    entropy_loss         | -1.98      |
|    explained_variance   | 0.635      |
|    learning_rate        | 0.0003     |
|    loss                 | 0.0381     |
|    n_updates            | 25790      |
|    policy_gradient_loss | -0.00929   |
|    std                  | 0.403      |
|    value_loss           | 9.86       |
----------------------------------------
[episode ends] timestep 12961210: flipped=70 (39%), missed_goal=92 (52%), scored=16 (9%)
---------------------------------
| episode_end/       |          |
|    flipped         | 70       |
|    missed_goal     | 92       |
|    scored          | 16       |
| rollout/           |          |
|    ep_len_mean     | 286      |
|    ep_rew_mean     | -8.97    |
| time/              |          |
|    fps             | 149      |
|    iterations      | 342      |
|    time_elapsed    | 11717    |
|    total_timesteps | 12962240 |
---------------------------------
----------------------------------------
| rollout/                |            |
|    ep_len_mean          | 286        |
|    ep_rew_mean          | -3.26      |
| time/                   |            |
|    fps                  | 149        |
|    iterations           | 343        |
|    time_elapsed         | 11749      |
|    total_timesteps      | 12967360   |
| train/                  |            |
|    approx_kl            | 0.11120576 |
|    clip_fraction        | 0.385      |
|    clip_range           | 0.2        |
|    entropy_loss         | -1.98      |
|    explained_variance   | 0.781      |
|    learning_rate        | 0.0003     |
|    loss                 | 0.124      |
|    n_updates            | 25800      |
|    policy_gradient_loss | 0.0035     |
|    std                  | 0.405      |
|    value_loss           | 6.27       |
----------------------------------------
----------------------------------------
| rollout/                |            |
|    ep_len_mean          | 291        |
|    ep_rew_mean          | -4.93      |
| time/                   |            |
|    fps                  | 149        |
|    iterations           | 344        |
|    time_elapsed         | 11784      |
|    total_timesteps      | 12972480   |
| train/                  |            |
|    approx_kl            | 0.13289425 |
|    clip_fraction        | 0.363      |
|    clip_range           | 0.2        |
|    entropy_loss         | -2         |
|    explained_variance   | 0.406      |
|    learning_rate        | 0.0003     |
|    loss                 | 2.27       |
|    n_updates            | 25810      |
|    policy_gradient_loss | -0.000886  |
|    std                  | 0.406      |
|    value_loss           | 77.9       |
----------------------------------------
----------------------------------------
| rollout/                |            |
|    ep_len_mean          | 296        |
|    ep_rew_mean          | -2.19      |
| time/                   |            |
|    fps                  | 149        |
|    iterations           | 345        |
|    time_elapsed         | 11816      |
|    total_timesteps      | 12977600   |
| train/                  |            |
|    approx_kl            | 0.09887706 |
|    clip_fraction        | 0.385      |
|    clip_range           | 0.2        |
|    entropy_loss         | -2.01      |
|    explained_variance   | 0.468      |
|    learning_rate        | 0.0003     |
|    loss                 | 251        |
|    n_updates            | 25820      |
|    policy_gradient_loss | -0.00303   |
|    std                  | 0.408      |
|    value_loss           | 69.2       |
----------------------------------------
----------------------------------------
| rollout/                |            |
|    ep_len_mean          | 295        |
|    ep_rew_mean          | -2.81      |
| time/                   |            |
|    fps                  | 149        |
|    iterations           | 346        |
|    time_elapsed         | 11851      |
|    total_timesteps      | 12982720   |
| train/                  |            |
|    approx_kl            | 0.06648188 |
|    clip_fraction        | 0.292      |
|    clip_range           | 0.2        |
|    entropy_loss         | -2.03      |
|    explained_variance   | 0.315      |
|    learning_rate        | 0.0003     |
|    loss                 | 0.664      |
|    n_updates            | 25830      |
|    policy_gradient_loss | 0.00373    |
|    std                  | 0.409      |
|    value_loss           | 102        |
----------------------------------------
----------------------------------------
| rollout/                |            |
|    ep_len_mean          | 295        |
|    ep_rew_mean          | -7.85      |
| time/                   |            |
|    fps                  | 149        |
|    iterations           | 347        |
|    time_elapsed         | 11883      |
|    total_timesteps      | 12987840   |
| train/                  |            |
|    approx_kl            | 0.07863437 |
|    clip_fraction        | 0.312      |
|    clip_range           | 0.2        |
|    entropy_loss         | -2.03      |
|    explained_variance   | 0.722      |
|    learning_rate        | 0.0003     |
|    loss                 | 0.249      |
|    n_updates            | 25840      |
|    policy_gradient_loss | -0.00874   |
|    std                  | 0.407      |
|    value_loss           | 8.9        |
----------------------------------------
----------------------------------------
| rollout/                |            |
|    ep_len_mean          | 293        |
|    ep_rew_mean          | -8.28      |
| time/                   |            |
|    fps                  | 149        |
|    iterations           | 348        |
|    time_elapsed         | 11915      |
|    total_timesteps      | 12992960   |
| train/                  |            |
|    approx_kl            | 0.08223718 |
|    clip_fraction        | 0.315      |
|    clip_range           | 0.2        |
|    entropy_loss         | -2.02      |
|    explained_variance   | 0.26       |
|    learning_rate        | 0.0003     |
|    loss                 | 0.9        |
|    n_updates            | 25850      |
|    policy_gradient_loss | -0.00475   |
|    std                  | 0.408      |
|    value_loss           | 173        |
----------------------------------------
-----------------------------------------
| rollout/                |             |
|    ep_len_mean          | 289         |
|    ep_rew_mean          | -7.16       |
| time/                   |             |
|    fps                  | 149         |
|    iterations           | 349         |
|    time_elapsed         | 11951       |
|    total_timesteps      | 12998080    |
| train/                  |             |
|    approx_kl            | 0.056533195 |
|    clip_fraction        | 0.263       |
|    clip_range           | 0.2         |
|    entropy_loss         | -2.01       |
|    explained_variance   | 0.441       |
|    learning_rate        | 0.0003      |
|    loss                 | 2.02        |
|    n_updates            | 25860       |
|    policy_gradient_loss | -0.00342    |
|    std                  | 0.405       |
|    value_loss           | 43.5        |
-----------------------------------------
----------------------------------------
| rollout/                |            |
|    ep_len_mean          | 284        |
|    ep_rew_mean          | -4.62      |
| time/                   |            |
|    fps                  | 149        |
|    iterations           | 350        |
|    time_elapsed         | 11985      |
|    total_timesteps      | 13003200   |
| train/                  |            |
|    approx_kl            | 0.05774625 |
|    clip_fraction        | 0.323      |
|    clip_range           | 0.2        |
|    entropy_loss         | -2         |
|    explained_variance   | 0.326      |
|    learning_rate        | 0.0003     |
|    loss                 | 0.0244     |
|    n_updates            | 25870      |
|    policy_gradient_loss | -0.00179   |
|    std                  | 0.405      |
|    value_loss           | 54.9       |
----------------------------------------
Continuation training complete. Model saved to drone_soccer_ppo_v6.zip
