pybullet build time: Sep 16 2026 22:14:57
pybullet build time: Sep 16 2026 22:14:57
pybullet build time: Sep 16 2026 22:14:57
pybullet build time: Sep 16 2026 22:14:57
pybullet build time: Sep 16 2026 22:14:57
pybullet build time: Sep 16 2026 22:14:57
pybullet build time: Sep 16 2026 22:14:57
pybullet build time: Sep 16 2026 22:14:57
pybullet build time: Sep 16 2026 22:14:57
pybullet build time: Sep 16 2026 22:14:57
pybullet build time: Sep 16 2026 22:14:57
pybullet build time: Sep 16 2026 22:14:57
pybullet build time: Sep 16 2026 22:14:57
Logging to ./tb_logs/v4.1_0
C:\Users\Oat\OneDrive - UTS\Spring 2026\Reinforcement Learning\A3\Precision-Strike\.venv\Lib\site-packages\stable_baselines3\common\callbacks.py:419: UserWarning: Training and eval env are not of the same type<stable_baselines3.common.vec_env.subproc_vec_env.SubprocVecEnv object at 0x0000017A7B9E1450> != <stable_baselines3.common.vec_env.dummy_vec_env.DummyVecEnv object at 0x0000017AADBB8D90>
  warnings.warn("Training and eval env are not of the same type" f"{self.training_env} != {self.eval_env}")
[progress] timestep 5001228
---------------------------------
| rollout/           |          |
|    ep_len_mean     | 264      |
|    ep_rew_mean     | -394     |
| time/              |          |
|    fps             | 140      |
|    iterations      | 1        |
|    time_elapsed    | 43       |
|    total_timesteps | 5007360  |
---------------------------------
-----------------------------------------
| rollout/                |             |
|    ep_len_mean          | 252         |
|    ep_rew_mean          | -132        |
| time/                   |             |
|    fps                  | 111         |
|    iterations           | 2           |
|    time_elapsed         | 110         |
|    total_timesteps      | 5013504     |
| train/                  |             |
|    approx_kl            | 0.039330684 |
|    clip_fraction        | 0.255       |
|    clip_range           | 0.2         |
|    entropy_loss         | -1.79       |
|    explained_variance   | 0.645       |
|    learning_rate        | 0.0003      |
|    loss                 | 0.858       |
|    n_updates            | 8150        |
|    policy_gradient_loss | 0.013       |
|    std                  | 0.385       |
|    value_loss           | 277         |
-----------------------------------------
-----------------------------------------
| rollout/                |             |
|    ep_len_mean          | 252         |
|    ep_rew_mean          | -130        |
| time/                   |             |
|    fps                  | 107         |
|    iterations           | 3           |
|    time_elapsed         | 171         |
|    total_timesteps      | 5019648     |
| train/                  |             |
|    approx_kl            | 0.021661589 |
|    clip_fraction        | 0.18        |
|    clip_range           | 0.2         |
|    entropy_loss         | -1.79       |
|    explained_variance   | 0.486       |
|    learning_rate        | 0.0003      |
|    loss                 | 0.509       |
|    n_updates            | 8160        |
|    policy_gradient_loss | -0.00255    |
|    std                  | 0.384       |
|    value_loss           | 425         |
-----------------------------------------
-----------------------------------------
| rollout/                |             |
|    ep_len_mean          | 249         |
|    ep_rew_mean          | 34.8        |
| time/                   |             |
|    fps                  | 103         |
|    iterations           | 4           |
|    time_elapsed         | 237         |
|    total_timesteps      | 5025792     |
| train/                  |             |
|    approx_kl            | 0.026871553 |
|    clip_fraction        | 0.261       |
|    clip_range           | 0.2         |
|    entropy_loss         | -1.78       |
|    explained_variance   | 0.798       |
|    learning_rate        | 0.0003      |
|    loss                 | 1.99        |
|    n_updates            | 8170        |
|    policy_gradient_loss | 0.00855     |
|    std                  | 0.384       |
|    value_loss           | 115         |
-----------------------------------------
-----------------------------------------
| rollout/                |             |
|    ep_len_mean          | 249         |
|    ep_rew_mean          | 28.5        |
| time/                   |             |
|    fps                  | 101         |
|    iterations           | 5           |
|    time_elapsed         | 301         |
|    total_timesteps      | 5031936     |
| train/                  |             |
|    approx_kl            | 0.017873794 |
|    clip_fraction        | 0.16        |
|    clip_range           | 0.2         |
|    entropy_loss         | -1.77       |
|    explained_variance   | 0.677       |
|    learning_rate        | 0.0003      |
|    loss                 | 6.84        |
|    n_updates            | 8180        |
|    policy_gradient_loss | -0.00632    |
|    std                  | 0.382       |
|    value_loss           | 27.1        |
-----------------------------------------
-----------------------------------------
| rollout/                |             |
|    ep_len_mean          | 246         |
|    ep_rew_mean          | 28.8        |
| time/                   |             |
|    fps                  | 100         |
|    iterations           | 6           |
|    time_elapsed         | 365         |
|    total_timesteps      | 5038080     |
| train/                  |             |
|    approx_kl            | 0.016891884 |
|    clip_fraction        | 0.175       |
|    clip_range           | 0.2         |
|    entropy_loss         | -1.76       |
|    explained_variance   | 0.767       |
|    learning_rate        | 0.0003      |
|    loss                 | 0.927       |
|    n_updates            | 8190        |
|    policy_gradient_loss | -0.00771    |
|    std                  | 0.382       |
|    value_loss           | 14.9        |
-----------------------------------------
-----------------------------------------
| rollout/                |             |
|    ep_len_mean          | 244         |
|    ep_rew_mean          | 28.1        |
| time/                   |             |
|    fps                  | 99          |
|    iterations           | 7           |
|    time_elapsed         | 432         |
|    total_timesteps      | 5044224     |
| train/                  |             |
|    approx_kl            | 0.026919002 |
|    clip_fraction        | 0.241       |
|    clip_range           | 0.2         |
|    entropy_loss         | -1.76       |
|    explained_variance   | 0.842       |
|    learning_rate        | 0.0003      |
|    loss                 | 34.6        |
|    n_updates            | 8200        |
|    policy_gradient_loss | -0.0028     |
|    std                  | 0.381       |
|    value_loss           | 13.1        |
-----------------------------------------
-----------------------------------------
| rollout/                |             |
|    ep_len_mean          | 245         |
|    ep_rew_mean          | 22.8        |
| time/                   |             |
|    fps                  | 98          |
|    iterations           | 8           |
|    time_elapsed         | 498         |
|    total_timesteps      | 5050368     |
| train/                  |             |
|    approx_kl            | 0.049168203 |
|    clip_fraction        | 0.348       |
|    clip_range           | 0.2         |
|    entropy_loss         | -1.78       |
|    explained_variance   | 0.697       |
|    learning_rate        | 0.0003      |
|    loss                 | 0.572       |
|    n_updates            | 8210        |
|    policy_gradient_loss | 0.00664     |
|    std                  | 0.384       |
|    value_loss           | 70.8        |
-----------------------------------------
Eval num_timesteps=5051208, episode_reward=40.04 +/- 31.00
Episode length: 260.40 +/- 18.35
----------------------------------------
| eval/                   |            |
|    mean_ep_length       | 260        |
|    mean_reward          | 40         |
| time/                   |            |
|    total_timesteps      | 5051208    |
| train/                  |            |
|    approx_kl            | 0.12477281 |
|    clip_fraction        | 0.499      |
|    clip_range           | 0.2        |
|    entropy_loss         | -1.77      |
|    explained_variance   | 0.778      |
|    learning_rate        | 0.0003     |
|    loss                 | 0.451      |
|    n_updates            | 8220       |
|    policy_gradient_loss | 0.0369     |
|    std                  | 0.38       |
|    value_loss           | 39.8       |
----------------------------------------
New best mean reward!
[episode ends] timestep 5051232: crashed=2 (1%), missed_goal=100 (51%), scored=95 (48%)
---------------------------------
| episode_end/       |          |
|    crashed         | 2        |
|    missed_goal     | 100      |
|    scored          | 95       |
| rollout/           |          |
|    ep_len_mean     | 246      |
|    ep_rew_mean     | 23.9     |
| time/              |          |
|    fps             | 95       |
|    iterations      | 9        |
|    time_elapsed    | 581      |
|    total_timesteps | 5056512  |
---------------------------------
-----------------------------------------
| rollout/                |             |
|    ep_len_mean          | 246         |
|    ep_rew_mean          | 30.8        |
| time/                   |             |
|    fps                  | 94          |
|    iterations           | 10          |
|    time_elapsed         | 651         |
|    total_timesteps      | 5062656     |
| train/                  |             |
|    approx_kl            | 0.022446377 |
|    clip_fraction        | 0.244       |
|    clip_range           | 0.2         |
|    entropy_loss         | -1.76       |
|    explained_variance   | 0.858       |
|    learning_rate        | 0.0003      |
|    loss                 | 1.26        |
|    n_updates            | 8230        |
|    policy_gradient_loss | -0.00144    |
|    std                  | 0.382       |
|    value_loss           | 15.8        |
-----------------------------------------
----------------------------------------
| rollout/                |            |
|    ep_len_mean          | 252        |
|    ep_rew_mean          | 36         |
| time/                   |            |
|    fps                  | 92         |
|    iterations           | 11         |
|    time_elapsed         | 726        |
|    total_timesteps      | 5068800    |
| train/                  |            |
|    approx_kl            | 0.05539578 |
|    clip_fraction        | 0.294      |
|    clip_range           | 0.2        |
|    entropy_loss         | -1.77      |
|    explained_variance   | 0.971      |
|    learning_rate        | 0.0003     |
|    loss                 | 0.411      |
|    n_updates            | 8240       |
|    policy_gradient_loss | -0.0013    |
|    std                  | 0.382      |
|    value_loss           | 3.18       |
----------------------------------------
-----------------------------------------
| rollout/                |             |
|    ep_len_mean          | 247         |
|    ep_rew_mean          | 44.6        |
| time/                   |             |
|    fps                  | 92          |
|    iterations           | 12          |
|    time_elapsed         | 796         |
|    total_timesteps      | 5074944     |
| train/                  |             |
|    approx_kl            | 0.038382184 |
|    clip_fraction        | 0.263       |
|    clip_range           | 0.2         |
|    entropy_loss         | -1.77       |
|    explained_variance   | 0.883       |
|    learning_rate        | 0.0003      |
|    loss                 | 0.624       |
|    n_updates            | 8250        |
|    policy_gradient_loss | 0.00302     |
|    std                  | 0.382       |
|    value_loss           | 18.8        |
-----------------------------------------
-----------------------------------------
| rollout/                |             |
|    ep_len_mean          | 246         |
|    ep_rew_mean          | 49.1        |
| time/                   |             |
|    fps                  | 92          |
|    iterations           | 13          |
|    time_elapsed         | 866         |
|    total_timesteps      | 5081088     |
| train/                  |             |
|    approx_kl            | 0.056385785 |
|    clip_fraction        | 0.283       |
|    clip_range           | 0.2         |
|    entropy_loss         | -1.75       |
|    explained_variance   | 0.934       |
|    learning_rate        | 0.0003      |
|    loss                 | 3.09        |
|    n_updates            | 8260        |
|    policy_gradient_loss | 0.00181     |
|    std                  | 0.378       |
|    value_loss           | 6.06        |
-----------------------------------------
-----------------------------------------
| rollout/                |             |
|    ep_len_mean          | 246         |
|    ep_rew_mean          | 49.8        |
| time/                   |             |
|    fps                  | 91          |
|    iterations           | 14          |
|    time_elapsed         | 936         |
|    total_timesteps      | 5087232     |
| train/                  |             |
|    approx_kl            | 0.044832576 |
|    clip_fraction        | 0.292       |
|    clip_range           | 0.2         |
|    entropy_loss         | -1.73       |
|    explained_variance   | 0.906       |
|    learning_rate        | 0.0003      |
|    loss                 | 0.83        |
|    n_updates            | 8270        |
|    policy_gradient_loss | 0.00238     |
|    std                  | 0.376       |
|    value_loss           | 7.6         |
-----------------------------------------
----------------------------------------
| rollout/                |            |
|    ep_len_mean          | 244        |
|    ep_rew_mean          | 48.3       |
| time/                   |            |
|    fps                  | 91         |
|    iterations           | 15         |
|    time_elapsed         | 1009       |
|    total_timesteps      | 5093376    |
| train/                  |            |
|    approx_kl            | 0.02498358 |
|    clip_fraction        | 0.253      |
|    clip_range           | 0.2        |
|    entropy_loss         | -1.71      |
|    explained_variance   | 0.967      |
|    learning_rate        | 0.0003     |
|    loss                 | 1.86       |
|    n_updates            | 8280       |
|    policy_gradient_loss | -0.00544   |
|    std                  | 0.375      |
|    value_loss           | 5.27       |
----------------------------------------
----------------------------------------
| rollout/                |            |
|    ep_len_mean          | 247        |
|    ep_rew_mean          | 43.8       |
| time/                   |            |
|    fps                  | 91         |
|    iterations           | 16         |
|    time_elapsed         | 1078       |
|    total_timesteps      | 5099520    |
| train/                  |            |
|    approx_kl            | 0.02734484 |
|    clip_fraction        | 0.29       |
|    clip_range           | 0.2        |
|    entropy_loss         | -1.69      |
|    explained_variance   | 0.906      |
|    learning_rate        | 0.0003     |
|    loss                 | 0.193      |
|    n_updates            | 8290       |
|    policy_gradient_loss | -0.00497   |
|    std                  | 0.373      |
|    value_loss           | 7.65       |
----------------------------------------
Eval num_timesteps=5101200, episode_reward=52.33 +/- 25.23
Episode length: 247.50 +/- 29.82
----------------------------------------
| eval/                   |            |
|    mean_ep_length       | 248        |
|    mean_reward          | 52.3       |
| time/                   |            |
|    total_timesteps      | 5101200    |
| train/                  |            |
|    approx_kl            | 0.03197513 |
|    clip_fraction        | 0.241      |
|    clip_range           | 0.2        |
|    entropy_loss         | -1.69      |
|    explained_variance   | 0.74       |
|    learning_rate        | 0.0003     |
|    loss                 | 0.558      |
|    n_updates            | 8300       |
|    policy_gradient_loss | -0.00183   |
|    std                  | 0.373      |
|    value_loss           | 88.9       |
----------------------------------------
New best mean reward!
[progress] timestep 5101236
[episode ends] timestep 5101236: crashed=1 (0%), missed_goal=57 (28%), scored=142 (71%)
---------------------------------
| episode_end/       |          |
|    crashed         | 1        |
|    missed_goal     | 57       |
|    scored          | 142      |
| rollout/           |          |
|    ep_len_mean     | 251      |
|    ep_rew_mean     | 44.9     |
| time/              |          |
|    fps             | 89       |
|    iterations      | 17       |
|    time_elapsed    | 1168     |
|    total_timesteps | 5105664  |
---------------------------------
----------------------------------------
| rollout/                |            |
|    ep_len_mean          | 253        |
|    ep_rew_mean          | 46         |
| time/                   |            |
|    fps                  | 89         |
|    iterations           | 18         |
|    time_elapsed         | 1242       |
|    total_timesteps      | 5111808    |
| train/                  |            |
|    approx_kl            | 0.03532672 |
|    clip_fraction        | 0.294      |
|    clip_range           | 0.2        |
|    entropy_loss         | -1.7       |
|    explained_variance   | 0.852      |
|    learning_rate        | 0.0003     |
|    loss                 | 0.175      |
|    n_updates            | 8310       |
|    policy_gradient_loss | 0.00143    |
|    std                  | 0.375      |
|    value_loss           | 11.2       |
----------------------------------------
-----------------------------------------
| rollout/                |             |
|    ep_len_mean          | 252         |
|    ep_rew_mean          | 43          |
| time/                   |             |
|    fps                  | 88          |
|    iterations           | 19          |
|    time_elapsed         | 1320        |
|    total_timesteps      | 5117952     |
| train/                  |             |
|    approx_kl            | 0.036660083 |
|    clip_fraction        | 0.283       |
|    clip_range           | 0.2         |
|    entropy_loss         | -1.7        |
|    explained_variance   | 0.696       |
|    learning_rate        | 0.0003      |
|    loss                 | 94.7        |
|    n_updates            | 8320        |
|    policy_gradient_loss | 0.00294     |
|    std                  | 0.374       |
|    value_loss           | 81.7        |
-----------------------------------------
-----------------------------------------
| rollout/                |             |
|    ep_len_mean          | 251         |
|    ep_rew_mean          | 43          |
| time/                   |             |
|    fps                  | 88          |
|    iterations           | 20          |
|    time_elapsed         | 1392        |
|    total_timesteps      | 5124096     |
| train/                  |             |
|    approx_kl            | 0.041748166 |
|    clip_fraction        | 0.316       |
|    clip_range           | 0.2         |
|    entropy_loss         | -1.7        |
|    explained_variance   | 0.93        |
|    learning_rate        | 0.0003      |
|    loss                 | 0.333       |
|    n_updates            | 8330        |
|    policy_gradient_loss | 0.00167     |
|    std                  | 0.375       |
|    value_loss           | 5.41        |
-----------------------------------------
-----------------------------------------
| rollout/                |             |
|    ep_len_mean          | 248         |
|    ep_rew_mean          | 48.1        |
| time/                   |             |
|    fps                  | 87          |
|    iterations           | 21          |
|    time_elapsed         | 1466        |
|    total_timesteps      | 5130240     |
| train/                  |             |
|    approx_kl            | 0.021603884 |
|    clip_fraction        | 0.24        |
|    clip_range           | 0.2         |
|    entropy_loss         | -1.71       |
|    explained_variance   | 0.895       |
|    learning_rate        | 0.0003      |
|    loss                 | 0.833       |
|    n_updates            | 8340        |
|    policy_gradient_loss | 0.000874    |
|    std                  | 0.376       |
|    value_loss           | 8.49        |
-----------------------------------------
-----------------------------------------
| rollout/                |             |
|    ep_len_mean          | 244         |
|    ep_rew_mean          | 48.3        |
| time/                   |             |
|    fps                  | 87          |
|    iterations           | 22          |
|    time_elapsed         | 1539        |
|    total_timesteps      | 5136384     |
| train/                  |             |
|    approx_kl            | 0.030500548 |
|    clip_fraction        | 0.255       |
|    clip_range           | 0.2         |
|    entropy_loss         | -1.7        |
|    explained_variance   | 0.94        |
|    learning_rate        | 0.0003      |
|    loss                 | 1.31        |
|    n_updates            | 8350        |
|    policy_gradient_loss | -0.00604    |
|    std                  | 0.373       |
|    value_loss           | 7.66        |
-----------------------------------------
-----------------------------------------
| rollout/                |             |
|    ep_len_mean          | 245         |
|    ep_rew_mean          | 48.3        |
| time/                   |             |
|    fps                  | 87          |
|    iterations           | 23          |
|    time_elapsed         | 1612        |
|    total_timesteps      | 5142528     |
| train/                  |             |
|    approx_kl            | 0.027584732 |
|    clip_fraction        | 0.282       |
|    clip_range           | 0.2         |
|    entropy_loss         | -1.69       |
|    explained_variance   | 0.967       |
|    learning_rate        | 0.0003      |
|    loss                 | 0.441       |
|    n_updates            | 8360        |
|    policy_gradient_loss | -0.0011     |
|    std                  | 0.373       |
|    value_loss           | 2.45        |
-----------------------------------------
----------------------------------------
| rollout/                |            |
|    ep_len_mean          | 245        |
|    ep_rew_mean          | 47.7       |
| time/                   |            |
|    fps                  | 87         |
|    iterations           | 24         |
|    time_elapsed         | 1683       |
|    total_timesteps      | 5148672    |
| train/                  |            |
|    approx_kl            | 0.02947931 |
|    clip_fraction        | 0.276      |
|    clip_range           | 0.2        |
|    entropy_loss         | -1.68      |
|    explained_variance   | 0.632      |
|    learning_rate        | 0.0003     |
|    loss                 | 0.503      |
|    n_updates            | 8370       |
|    policy_gradient_loss | -0.0043    |
|    std                  | 0.372      |
|    value_loss           | 89.9       |
----------------------------------------
Eval num_timesteps=5151192, episode_reward=46.10 +/- 28.53
Episode length: 246.30 +/- 21.30
-----------------------------------------
| eval/                   |             |
|    mean_ep_length       | 246         |
|    mean_reward          | 46.1        |
| time/                   |             |
|    total_timesteps      | 5151192     |
| train/                  |             |
|    approx_kl            | 0.028160602 |
|    clip_fraction        | 0.257       |
|    clip_range           | 0.2         |
|    entropy_loss         | -1.68       |
|    explained_variance   | 0.93        |
|    learning_rate        | 0.0003      |
|    loss                 | 0.302       |
|    n_updates            | 8380        |
|    policy_gradient_loss | -0.00376    |
|    std                  | 0.372       |
|    value_loss           | 10.5        |
-----------------------------------------
[episode ends] timestep 5151240: missed_goal=44 (22%), scored=160 (78%)
---------------------------------
| episode_end/       |          |
|    missed_goal     | 44       |
|    scored          | 160      |
| rollout/           |          |
|    ep_len_mean     | 246      |
|    ep_rew_mean     | 44.9     |
| time/              |          |
|    fps             | 86       |
|    iterations      | 25       |
|    time_elapsed    | 1772     |
|    total_timesteps | 5154816  |
---------------------------------
-----------------------------------------
| rollout/                |             |
|    ep_len_mean          | 247         |
|    ep_rew_mean          | 43.6        |
| time/                   |             |
|    fps                  | 86          |
|    iterations           | 26          |
|    time_elapsed         | 1848        |
|    total_timesteps      | 5160960     |
| train/                  |             |
|    approx_kl            | 0.020949699 |
|    clip_fraction        | 0.185       |
|    clip_range           | 0.2         |
|    entropy_loss         | -1.66       |
|    explained_variance   | 0.864       |
|    learning_rate        | 0.0003      |
|    loss                 | 13.7        |
|    n_updates            | 8390        |
|    policy_gradient_loss | -0.00659    |
|    std                  | 0.37        |
|    value_loss           | 16          |
-----------------------------------------
-----------------------------------------
| rollout/                |             |
|    ep_len_mean          | 246         |
|    ep_rew_mean          | 46.6        |
| time/                   |             |
|    fps                  | 86          |
|    iterations           | 27          |
|    time_elapsed         | 1923        |
|    total_timesteps      | 5167104     |
| train/                  |             |
|    approx_kl            | 0.019049734 |
|    clip_fraction        | 0.26        |
|    clip_range           | 0.2         |
|    entropy_loss         | -1.64       |
|    explained_variance   | 0.884       |
|    learning_rate        | 0.0003      |
|    loss                 | 0.387       |
|    n_updates            | 8400        |
|    policy_gradient_loss | -0.000928   |
|    std                  | 0.368       |
|    value_loss           | 11.6        |
-----------------------------------------
-----------------------------------------
| rollout/                |             |
|    ep_len_mean          | 245         |
|    ep_rew_mean          | 44.4        |
| time/                   |             |
|    fps                  | 86          |
|    iterations           | 28          |
|    time_elapsed         | 1993        |
|    total_timesteps      | 5173248     |
| train/                  |             |
|    approx_kl            | 0.040117174 |
|    clip_fraction        | 0.249       |
|    clip_range           | 0.2         |
|    entropy_loss         | -1.62       |
|    explained_variance   | 0.918       |
|    learning_rate        | 0.0003      |
|    loss                 | 0.627       |
|    n_updates            | 8410        |
|    policy_gradient_loss | -0.00242    |
|    std                  | 0.366       |
|    value_loss           | 7.58        |
-----------------------------------------
-----------------------------------------
| rollout/                |             |
|    ep_len_mean          | 239         |
|    ep_rew_mean          | 45.8        |
| time/                   |             |
|    fps                  | 85          |
|    iterations           | 29          |
|    time_elapsed         | 2084        |
|    total_timesteps      | 5179392     |
| train/                  |             |
|    approx_kl            | 0.027633531 |
|    clip_fraction        | 0.275       |
|    clip_range           | 0.2         |
|    entropy_loss         | -1.6        |
|    explained_variance   | 0.858       |
|    learning_rate        | 0.0003      |
|    loss                 | 0.0667      |
|    n_updates            | 8420        |
|    policy_gradient_loss | -0.000242   |
|    std                  | 0.364       |
|    value_loss           | 9.42        |
-----------------------------------------
-----------------------------------------
| rollout/                |             |
|    ep_len_mean          | 236         |
|    ep_rew_mean          | 47.7        |
| time/                   |             |
|    fps                  | 84          |
|    iterations           | 30          |
|    time_elapsed         | 2175        |
|    total_timesteps      | 5185536     |
| train/                  |             |
|    approx_kl            | 0.038423203 |
|    clip_fraction        | 0.296       |
|    clip_range           | 0.2         |
|    entropy_loss         | -1.59       |
|    explained_variance   | 0.968       |
|    learning_rate        | 0.0003      |
|    loss                 | 0.0955      |
|    n_updates            | 8430        |
|    policy_gradient_loss | -0.00314    |
|    std                  | 0.365       |
|    value_loss           | 3.16        |
-----------------------------------------
-----------------------------------------
| rollout/                |             |
|    ep_len_mean          | 233         |
|    ep_rew_mean          | 43.9        |
| time/                   |             |
|    fps                  | 84          |
|    iterations           | 31          |
|    time_elapsed         | 2258        |
|    total_timesteps      | 5191680     |
| train/                  |             |
|    approx_kl            | 0.043880224 |
|    clip_fraction        | 0.257       |
|    clip_range           | 0.2         |
|    entropy_loss         | -1.59       |
|    explained_variance   | 0.973       |
|    learning_rate        | 0.0003      |
|    loss                 | 0.141       |
|    n_updates            | 8440        |
|    policy_gradient_loss | -0.00248    |
|    std                  | 0.364       |
|    value_loss           | 2.47        |
-----------------------------------------
----------------------------------------
| rollout/                |            |
|    ep_len_mean          | 231        |
|    ep_rew_mean          | 42.9       |
| time/                   |            |
|    fps                  | 83         |
|    iterations           | 32         |
|    time_elapsed         | 2347       |
|    total_timesteps      | 5197824    |
| train/                  |            |
|    approx_kl            | 0.03573421 |
|    clip_fraction        | 0.273      |
|    clip_range           | 0.2        |
|    entropy_loss         | -1.59      |
|    explained_variance   | 0.514      |
|    learning_rate        | 0.0003     |
|    loss                 | 0.0997     |
|    n_updates            | 8450       |
|    policy_gradient_loss | -0.000559  |
|    std                  | 0.365      |
|    value_loss           | 180        |
----------------------------------------
Eval num_timesteps=5201184, episode_reward=58.75 +/- 19.04
Episode length: 223.50 +/- 9.30
---------------------------------------
| eval/                   |           |
|    mean_ep_length       | 224       |
|    mean_reward          | 58.7      |
| time/                   |           |
|    total_timesteps      | 5201184   |
| train/                  |           |
|    approx_kl            | 0.0448247 |
|    clip_fraction        | 0.283     |
|    clip_range           | 0.2       |
|    entropy_loss         | -1.58     |
|    explained_variance   | 0.879     |
|    learning_rate        | 0.0003    |
|    loss                 | 0.0932    |
|    n_updates            | 8460      |
|    policy_gradient_loss | 0.00481   |
|    std                  | 0.362     |
|    value_loss           | 17.1      |
---------------------------------------
New best mean reward!
[progress] timestep 5201244
[episode ends] timestep 5201244: crashed=1 (0%), missed_goal=54 (25%), scored=157 (74%)
---------------------------------
| episode_end/       |          |
|    crashed         | 1        |
|    missed_goal     | 54       |
|    scored          | 157      |
| rollout/           |          |
|    ep_len_mean     | 232      |
|    ep_rew_mean     | 42.8     |
| time/              |          |
|    fps             | 82       |
|    iterations      | 33       |
|    time_elapsed    | 2453     |
|    total_timesteps | 5203968  |
---------------------------------
-----------------------------------------
| rollout/                |             |
|    ep_len_mean          | 235         |
|    ep_rew_mean          | 36.2        |
| time/                   |             |
|    fps                  | 82          |
|    iterations           | 34          |
|    time_elapsed         | 2540        |
|    total_timesteps      | 5210112     |
| train/                  |             |
|    approx_kl            | 0.031957485 |
|    clip_fraction        | 0.258       |
|    clip_range           | 0.2         |
|    entropy_loss         | -1.55       |
|    explained_variance   | 0.82        |
|    learning_rate        | 0.0003      |
|    loss                 | 0.948       |
|    n_updates            | 8470        |
|    policy_gradient_loss | -0.0048     |
|    std                  | 0.358       |
|    value_loss           | 34.1        |
-----------------------------------------
-----------------------------------------
| rollout/                |             |
|    ep_len_mean          | 239         |
|    ep_rew_mean          | 37.2        |
| time/                   |             |
|    fps                  | 82          |
|    iterations           | 35          |
|    time_elapsed         | 2620        |
|    total_timesteps      | 5216256     |
| train/                  |             |
|    approx_kl            | 0.021689525 |
|    clip_fraction        | 0.174       |
|    clip_range           | 0.2         |
|    entropy_loss         | -1.52       |
|    explained_variance   | 0.762       |
|    learning_rate        | 0.0003      |
|    loss                 | 128         |
|    n_updates            | 8480        |
|    policy_gradient_loss | -0.00332    |
|    std                  | 0.356       |
|    value_loss           | 41.1        |
-----------------------------------------
-----------------------------------------
| rollout/                |             |
|    ep_len_mean          | 246         |
|    ep_rew_mean          | 21.8        |
| time/                   |             |
|    fps                  | 82          |
|    iterations           | 36          |
|    time_elapsed         | 2695        |
|    total_timesteps      | 5222400     |
| train/                  |             |
|    approx_kl            | 0.019881533 |
|    clip_fraction        | 0.195       |
|    clip_range           | 0.2         |
|    entropy_loss         | -1.5        |
|    explained_variance   | 0.462       |
|    learning_rate        | 0.0003      |
|    loss                 | 0.315       |
|    n_updates            | 8490        |
|    policy_gradient_loss | -0.00705    |
|    std                  | 0.355       |
|    value_loss           | 592         |
-----------------------------------------
-----------------------------------------
| rollout/                |             |
|    ep_len_mean          | 248         |
|    ep_rew_mean          | 19.7        |
| time/                   |             |
|    fps                  | 82          |
|    iterations           | 37          |
|    time_elapsed         | 2770        |
|    total_timesteps      | 5228544     |
| train/                  |             |
|    approx_kl            | 0.023962537 |
|    clip_fraction        | 0.233       |
|    clip_range           | 0.2         |
|    entropy_loss         | -1.49       |
|    explained_variance   | 0.718       |
|    learning_rate        | 0.0003      |
|    loss                 | 0.68        |
|    n_updates            | 8500        |
|    policy_gradient_loss | -0.00524    |
|    std                  | 0.353       |
|    value_loss           | 66.2        |
-----------------------------------------
----------------------------------------
| rollout/                |            |
|    ep_len_mean          | 247        |
|    ep_rew_mean          | 21         |
| time/                   |            |
|    fps                  | 82         |
|    iterations           | 38         |
|    time_elapsed         | 2843       |
|    total_timesteps      | 5234688    |
| train/                  |            |
|    approx_kl            | 0.04277803 |
|    clip_fraction        | 0.255      |
|    clip_range           | 0.2        |
|    entropy_loss         | -1.47      |
|    explained_variance   | 0.73       |
|    learning_rate        | 0.0003     |
|    loss                 | 0.148      |
|    n_updates            | 8510       |
|    policy_gradient_loss | -0.00387   |
|    std                  | 0.352      |
|    value_loss           | 71.3       |
----------------------------------------
-----------------------------------------
| rollout/                |             |
|    ep_len_mean          | 240         |
|    ep_rew_mean          | 38.7        |
| time/                   |             |
|    fps                  | 82          |
|    iterations           | 39          |
|    time_elapsed         | 2921        |
|    total_timesteps      | 5240832     |
| train/                  |             |
|    approx_kl            | 0.032871615 |
|    clip_fraction        | 0.234       |
|    clip_range           | 0.2         |
|    entropy_loss         | -1.45       |
|    explained_variance   | 0.682       |
|    learning_rate        | 0.0003      |
|    loss                 | 55.1        |
|    n_updates            | 8520        |
|    policy_gradient_loss | 0.00198     |
|    std                  | 0.35        |
|    value_loss           | 56.3        |
-----------------------------------------
---------------------------------------
| rollout/                |           |
|    ep_len_mean          | 239       |
|    ep_rew_mean          | 38.8      |
| time/                   |           |
|    fps                  | 81        |
|    iterations           | 40        |
|    time_elapsed         | 2998      |
|    total_timesteps      | 5246976   |
| train/                  |           |
|    approx_kl            | 0.0458502 |
|    clip_fraction        | 0.277     |
|    clip_range           | 0.2       |
|    entropy_loss         | -1.43     |
|    explained_variance   | 0.94      |
|    learning_rate        | 0.0003    |
|    loss                 | 1.83      |
|    n_updates            | 8530      |
|    policy_gradient_loss | -0.0019   |
|    std                  | 0.349     |
|    value_loss           | 14.3      |
---------------------------------------
Eval num_timesteps=5251176, episode_reward=38.27 +/- 46.54
Episode length: 241.70 +/- 39.95
-----------------------------------------
| eval/                   |             |
|    mean_ep_length       | 242         |
|    mean_reward          | 38.3        |
| time/                   |             |
|    total_timesteps      | 5251176     |
| train/                  |             |
|    approx_kl            | 0.032090448 |
|    clip_fraction        | 0.301       |
|    clip_range           | 0.2         |
|    entropy_loss         | -1.43       |
|    explained_variance   | 0.802       |
|    learning_rate        | 0.0003      |
|    loss                 | 0.296       |
|    n_updates            | 8540        |
|    policy_gradient_loss | -0.0014     |
|    std                  | 0.349       |
|    value_loss           | 62.2        |
-----------------------------------------
[episode ends] timestep 5251248: crashed=2 (1%), missed_goal=52 (25%), scored=151 (74%)
---------------------------------
| episode_end/       |          |
|    crashed         | 2        |
|    missed_goal     | 52       |
|    scored          | 151      |
| rollout/           |          |
|    ep_len_mean     | 236      |
|    ep_rew_mean     | 42.8     |
| time/              |          |
|    fps             | 81       |
|    iterations      | 41       |
|    time_elapsed    | 3083     |
|    total_timesteps | 5253120  |
---------------------------------
-----------------------------------------
| rollout/                |             |
|    ep_len_mean          | 235         |
|    ep_rew_mean          | 46          |
| time/                   |             |
|    fps                  | 81          |
|    iterations           | 42          |
|    time_elapsed         | 3150        |
|    total_timesteps      | 5259264     |
| train/                  |             |
|    approx_kl            | 0.047544137 |
|    clip_fraction        | 0.363       |
|    clip_range           | 0.2         |
|    entropy_loss         | -1.45       |
|    explained_variance   | 0.89        |
|    learning_rate        | 0.0003      |
|    loss                 | 56.6        |
|    n_updates            | 8550        |
|    policy_gradient_loss | 0.000638    |
|    std                  | 0.352       |
|    value_loss           | 23.5        |
-----------------------------------------
-----------------------------------------
| rollout/                |             |
|    ep_len_mean          | 241         |
|    ep_rew_mean          | 36.3        |
| time/                   |             |
|    fps                  | 82          |
|    iterations           | 43          |
|    time_elapsed         | 3219        |
|    total_timesteps      | 5265408     |
| train/                  |             |
|    approx_kl            | 0.036183752 |
|    clip_fraction        | 0.298       |
|    clip_range           | 0.2         |
|    entropy_loss         | -1.46       |
|    explained_variance   | 0.946       |
|    learning_rate        | 0.0003      |
|    loss                 | 7.24        |
|    n_updates            | 8560        |
|    policy_gradient_loss | -0.00228    |
|    std                  | 0.352       |
|    value_loss           | 6.64        |
-----------------------------------------
-----------------------------------------
| rollout/                |             |
|    ep_len_mean          | 241         |
|    ep_rew_mean          | 36.5        |
| time/                   |             |
|    fps                  | 82          |
|    iterations           | 44          |
|    time_elapsed         | 3289        |
|    total_timesteps      | 5271552     |
| train/                  |             |
|    approx_kl            | 0.042617947 |
|    clip_fraction        | 0.302       |
|    clip_range           | 0.2         |
|    entropy_loss         | -1.47       |
|    explained_variance   | 0.346       |
|    learning_rate        | 0.0003      |
|    loss                 | 0.348       |
|    n_updates            | 8570        |
|    policy_gradient_loss | 0.00151     |
|    std                  | 0.353       |
|    value_loss           | 533         |
-----------------------------------------
-----------------------------------------
| rollout/                |             |
|    ep_len_mean          | 243         |
|    ep_rew_mean          | 26.5        |
| time/                   |             |
|    fps                  | 82          |
|    iterations           | 45          |
|    time_elapsed         | 3358        |
|    total_timesteps      | 5277696     |
| train/                  |             |
|    approx_kl            | 0.024072923 |
|    clip_fraction        | 0.219       |
|    clip_range           | 0.2         |
|    entropy_loss         | -1.46       |
|    explained_variance   | 0.654       |
|    learning_rate        | 0.0003      |
|    loss                 | 0.583       |
|    n_updates            | 8580        |
|    policy_gradient_loss | -0.00375    |
|    std                  | 0.351       |
|    value_loss           | 60.6        |
-----------------------------------------
-----------------------------------------
| rollout/                |             |
|    ep_len_mean          | 246         |
|    ep_rew_mean          | 20.9        |
| time/                   |             |
|    fps                  | 82          |
|    iterations           | 46          |
|    time_elapsed         | 3429        |
|    total_timesteps      | 5283840     |
| train/                  |             |
|    approx_kl            | 0.033421997 |
|    clip_fraction        | 0.244       |
|    clip_range           | 0.2         |
|    entropy_loss         | -1.46       |
|    explained_variance   | 0.908       |
|    learning_rate        | 0.0003      |
|    loss                 | 2.15        |
|    n_updates            | 8590        |
|    policy_gradient_loss | -0.00166    |
|    std                  | 0.352       |
|    value_loss           | 5.2         |
-----------------------------------------
-----------------------------------------
| rollout/                |             |
|    ep_len_mean          | 243         |
|    ep_rew_mean          | 23.9        |
| time/                   |             |
|    fps                  | 82          |
|    iterations           | 47          |
|    time_elapsed         | 3498        |
|    total_timesteps      | 5289984     |
| train/                  |             |
|    approx_kl            | 0.017131573 |
|    clip_fraction        | 0.205       |
|    clip_range           | 0.2         |
|    entropy_loss         | -1.45       |
|    explained_variance   | 0.929       |
|    learning_rate        | 0.0003      |
|    loss                 | 1.58        |
|    n_updates            | 8600        |
|    policy_gradient_loss | -0.00271    |
|    std                  | 0.351       |
|    value_loss           | 9.05        |
-----------------------------------------
-----------------------------------------
| rollout/                |             |
|    ep_len_mean          | 244         |
|    ep_rew_mean          | 22.6        |
| time/                   |             |
|    fps                  | 82          |
|    iterations           | 48          |
|    time_elapsed         | 3565        |
|    total_timesteps      | 5296128     |
| train/                  |             |
|    approx_kl            | 0.022849932 |
|    clip_fraction        | 0.199       |
|    clip_range           | 0.2         |
|    entropy_loss         | -1.45       |
|    explained_variance   | 0.401       |
|    learning_rate        | 0.0003      |
|    loss                 | 1.77        |
|    n_updates            | 8610        |
|    policy_gradient_loss | -0.00244    |
|    std                  | 0.351       |
|    value_loss           | 127         |
-----------------------------------------
Eval num_timesteps=5301168, episode_reward=32.44 +/- 33.23
Episode length: 280.00 +/- 89.14
----------------------------------------
| eval/                   |            |
|    mean_ep_length       | 280        |
|    mean_reward          | 32.4       |
| time/                   |            |
|    total_timesteps      | 5301168    |
| train/                  |            |
|    approx_kl            | 0.02818075 |
|    clip_fraction        | 0.234      |
|    clip_range           | 0.2        |
|    entropy_loss         | -1.45      |
|    explained_variance   | 0.83       |
|    learning_rate        | 0.0003     |
|    loss                 | 6.71       |
|    n_updates            | 8620       |
|    policy_gradient_loss | -0.0022    |
|    std                  | 0.351      |
|    value_loss           | 21.6       |
----------------------------------------
[progress] timestep 5301252
[episode ends] timestep 5301252: missed_goal=91 (44%), scored=116 (56%)
---------------------------------
| episode_end/       |          |
|    missed_goal     | 91       |
|    scored          | 116      |
| rollout/           |          |
|    ep_len_mean     | 244      |
|    ep_rew_mean     | 27       |
| time/              |          |
|    fps             | 82       |
|    iterations      | 49       |
|    time_elapsed    | 3653     |
|    total_timesteps | 5302272  |
---------------------------------
-----------------------------------------
| rollout/                |             |
|    ep_len_mean          | 240         |
|    ep_rew_mean          | 33.6        |
| time/                   |             |
|    fps                  | 82          |
|    iterations           | 50          |
|    time_elapsed         | 3730        |
|    total_timesteps      | 5308416     |
| train/                  |             |
|    approx_kl            | 0.076150544 |
|    clip_fraction        | 0.312       |
|    clip_range           | 0.2         |
|    entropy_loss         | -1.46       |
|    explained_variance   | 0.846       |
|    learning_rate        | 0.0003      |
|    loss                 | 1.07        |
|    n_updates            | 8630        |
|    policy_gradient_loss | 0.00586     |
|    std                  | 0.352       |
|    value_loss           | 28.2        |
-----------------------------------------
----------------------------------------
| rollout/                |            |
|    ep_len_mean          | 237        |
|    ep_rew_mean          | 36.3       |
| time/                   |            |
|    fps                  | 82         |
|    iterations           | 51         |
|    time_elapsed         | 3795       |
|    total_timesteps      | 5314560    |
| train/                  |            |
|    approx_kl            | 0.03216557 |
|    clip_fraction        | 0.261      |
|    clip_range           | 0.2        |
|    entropy_loss         | -1.46      |
|    explained_variance   | 0.949      |
|    learning_rate        | 0.0003     |
|    loss                 | 1.35       |
|    n_updates            | 8640       |
|    policy_gradient_loss | -0.00217   |
|    std                  | 0.351      |
|    value_loss           | 6.81       |
----------------------------------------
-----------------------------------------
| rollout/                |             |
|    ep_len_mean          | 235         |
|    ep_rew_mean          | 38.3        |
| time/                   |             |
|    fps                  | 82          |
|    iterations           | 52          |
|    time_elapsed         | 3865        |
|    total_timesteps      | 5320704     |
| train/                  |             |
|    approx_kl            | 0.046468318 |
|    clip_fraction        | 0.309       |
|    clip_range           | 0.2         |
|    entropy_loss         | -1.44       |
|    explained_variance   | 0.504       |
|    learning_rate        | 0.0003      |
|    loss                 | 164         |
|    n_updates            | 8650        |
|    policy_gradient_loss | 0.000351    |
|    std                  | 0.35        |
|    value_loss           | 149         |
-----------------------------------------
-----------------------------------------
| rollout/                |             |
|    ep_len_mean          | 233         |
|    ep_rew_mean          | 44.4        |
| time/                   |             |
|    fps                  | 82          |
|    iterations           | 53          |
|    time_elapsed         | 3940        |
|    total_timesteps      | 5326848     |
| train/                  |             |
|    approx_kl            | 0.035648797 |
|    clip_fraction        | 0.341       |
|    clip_range           | 0.2         |
|    entropy_loss         | -1.44       |
|    explained_variance   | 0.961       |
|    learning_rate        | 0.0003      |
|    loss                 | 2.73        |
|    n_updates            | 8660        |
|    policy_gradient_loss | -1.83e-05   |
|    std                  | 0.35        |
|    value_loss           | 5.16        |
-----------------------------------------
-----------------------------------------
| rollout/                |             |
|    ep_len_mean          | 234         |
|    ep_rew_mean          | 40.8        |
| time/                   |             |
|    fps                  | 82          |
|    iterations           | 54          |
|    time_elapsed         | 4010        |
|    total_timesteps      | 5332992     |
| train/                  |             |
|    approx_kl            | 0.042624325 |
|    clip_fraction        | 0.388       |
|    clip_range           | 0.2         |
|    entropy_loss         | -1.45       |
|    explained_variance   | 0.931       |
|    learning_rate        | 0.0003      |
|    loss                 | 27          |
|    n_updates            | 8670        |
|    policy_gradient_loss | 0.0133      |
|    std                  | 0.35        |
|    value_loss           | 7.13        |
-----------------------------------------
-----------------------------------------
| rollout/                |             |
|    ep_len_mean          | 232         |
|    ep_rew_mean          | 45.6        |
| time/                   |             |
|    fps                  | 82          |
|    iterations           | 55          |
|    time_elapsed         | 4088        |
|    total_timesteps      | 5339136     |
| train/                  |             |
|    approx_kl            | 0.043199837 |
|    clip_fraction        | 0.277       |
|    clip_range           | 0.2         |
|    entropy_loss         | -1.44       |
|    explained_variance   | 0.774       |
|    learning_rate        | 0.0003      |
|    loss                 | 12.9        |
|    n_updates            | 8680        |
|    policy_gradient_loss | 0.00221     |
|    std                  | 0.349       |
|    value_loss           | 42          |
-----------------------------------------
---------------------------------------
| rollout/                |           |
|    ep_len_mean          | 234       |
|    ep_rew_mean          | 43.1      |
| time/                   |           |
|    fps                  | 82        |
|    iterations           | 56        |
|    time_elapsed         | 4160      |
|    total_timesteps      | 5345280   |
| train/                  |           |
|    approx_kl            | 0.0331647 |
|    clip_fraction        | 0.312     |
|    clip_range           | 0.2       |
|    entropy_loss         | -1.44     |
|    explained_variance   | 0.856     |
|    learning_rate        | 0.0003    |
|    loss                 | 0.661     |
|    n_updates            | 8690      |
|    policy_gradient_loss | 0.00558   |
|    std                  | 0.349     |
|    value_loss           | 20.1      |
---------------------------------------
Eval num_timesteps=5351160, episode_reward=45.21 +/- 29.95
Episode length: 226.60 +/- 13.54
-----------------------------------------
| eval/                   |             |
|    mean_ep_length       | 227         |
|    mean_reward          | 45.2        |
| time/                   |             |
|    total_timesteps      | 5351160     |
| train/                  |             |
|    approx_kl            | 0.022680676 |
|    clip_fraction        | 0.266       |
|    clip_range           | 0.2         |
|    entropy_loss         | -1.45       |
|    explained_variance   | 0.719       |
|    learning_rate        | 0.0003      |
|    loss                 | 4.86        |
|    n_updates            | 8700        |
|    policy_gradient_loss | 0.00134     |
|    std                  | 0.35        |
|    value_loss           | 85.9        |
-----------------------------------------
[episode ends] timestep 5351256: missed_goal=52 (25%), scored=159 (75%)
---------------------------------
| episode_end/       |          |
|    missed_goal     | 52       |
|    scored          | 159      |
| rollout/           |          |
|    ep_len_mean     | 239      |
|    ep_rew_mean     | 37.5     |
| time/              |          |
|    fps             | 82       |
|    iterations      | 57       |
|    time_elapsed    | 4250     |
|    total_timesteps | 5351424  |
---------------------------------
-----------------------------------------
| rollout/                |             |
|    ep_len_mean          | 238         |
|    ep_rew_mean          | 36.8        |
| time/                   |             |
|    fps                  | 82          |
|    iterations           | 58          |
|    time_elapsed         | 4319        |
|    total_timesteps      | 5357568     |
| train/                  |             |
|    approx_kl            | 0.027512992 |
|    clip_fraction        | 0.301       |
|    clip_range           | 0.2         |
|    entropy_loss         | -1.45       |
|    explained_variance   | 0.488       |
|    learning_rate        | 0.0003      |
|    loss                 | 0.916       |
|    n_updates            | 8710        |
|    policy_gradient_loss | 0.00457     |
|    std                  | 0.35        |
|    value_loss           | 270         |
-----------------------------------------
-----------------------------------------
| rollout/                |             |
|    ep_len_mean          | 236         |
|    ep_rew_mean          | 40.5        |
| time/                   |             |
|    fps                  | 82          |
|    iterations           | 59          |
|    time_elapsed         | 4395        |
|    total_timesteps      | 5363712     |
| train/                  |             |
|    approx_kl            | 0.048386693 |
|    clip_fraction        | 0.344       |
|    clip_range           | 0.2         |
|    entropy_loss         | -1.46       |
|    explained_variance   | 0.957       |
|    learning_rate        | 0.0003      |
|    loss                 | 0.32        |
|    n_updates            | 8720        |
|    policy_gradient_loss | 0.00691     |
|    std                  | 0.352       |
|    value_loss           | 8.13        |
-----------------------------------------
-----------------------------------------
| rollout/                |             |
|    ep_len_mean          | 233         |
|    ep_rew_mean          | 40.2        |
| time/                   |             |
|    fps                  | 82          |
|    iterations           | 60          |
|    time_elapsed         | 4472        |
|    total_timesteps      | 5369856     |
| train/                  |             |
|    approx_kl            | 0.044498254 |
|    clip_fraction        | 0.339       |
|    clip_range           | 0.2         |
|    entropy_loss         | -1.46       |
|    explained_variance   | 0.948       |
|    learning_rate        | 0.0003      |
|    loss                 | 0.0563      |
|    n_updates            | 8730        |
|    policy_gradient_loss | 0.000149    |
|    std                  | 0.351       |
|    value_loss           | 4.22        |
-----------------------------------------
-----------------------------------------
| rollout/                |             |
|    ep_len_mean          | 231         |
|    ep_rew_mean          | 41.1        |
| time/                   |             |
|    fps                  | 82          |
|    iterations           | 61          |
|    time_elapsed         | 4548        |
|    total_timesteps      | 5376000     |
| train/                  |             |
|    approx_kl            | 0.042152952 |
|    clip_fraction        | 0.253       |
|    clip_range           | 0.2         |
|    entropy_loss         | -1.45       |
|    explained_variance   | 0.638       |
|    learning_rate        | 0.0003      |
|    loss                 | 1.2         |
|    n_updates            | 8740        |
|    policy_gradient_loss | -0.00248    |
|    std                  | 0.35        |
|    value_loss           | 88          |
-----------------------------------------
-----------------------------------------
| rollout/                |             |
|    ep_len_mean          | 231         |
|    ep_rew_mean          | 36          |
| time/                   |             |
|    fps                  | 82          |
|    iterations           | 62          |
|    time_elapsed         | 4631        |
|    total_timesteps      | 5382144     |
| train/                  |             |
|    approx_kl            | 0.020517044 |
|    clip_fraction        | 0.225       |
|    clip_range           | 0.2         |
|    entropy_loss         | -1.45       |
|    explained_variance   | 0.435       |
|    learning_rate        | 0.0003      |
|    loss                 | 20.9        |
|    n_updates            | 8750        |
|    policy_gradient_loss | -0.00575    |
|    std                  | 0.349       |
|    value_loss           | 150         |
-----------------------------------------
----------------------------------------
| rollout/                |            |
|    ep_len_mean          | 232        |
|    ep_rew_mean          | 31.4       |
| time/                   |            |
|    fps                  | 82         |
|    iterations           | 63         |
|    time_elapsed         | 4709       |
|    total_timesteps      | 5388288    |
| train/                  |            |
|    approx_kl            | 0.04042467 |
|    clip_fraction        | 0.278      |
|    clip_range           | 0.2        |
|    entropy_loss         | -1.44      |
|    explained_variance   | 0.657      |
|    learning_rate        | 0.0003     |
|    loss                 | 9.61       |
|    n_updates            | 8760       |
|    policy_gradient_loss | -0.00182   |
|    std                  | 0.35       |
|    value_loss           | 68.9       |
----------------------------------------
----------------------------------------
| rollout/                |            |
|    ep_len_mean          | 231        |
|    ep_rew_mean          | 38.6       |
| time/                   |            |
|    fps                  | 82         |
|    iterations           | 64         |
|    time_elapsed         | 4784       |
|    total_timesteps      | 5394432    |
| train/                  |            |
|    approx_kl            | 0.02824085 |
|    clip_fraction        | 0.25       |
|    clip_range           | 0.2        |
|    entropy_loss         | -1.44      |
|    explained_variance   | 0.818      |
|    learning_rate        | 0.0003     |
|    loss                 | 7.87       |
|    n_updates            | 8770       |
|    policy_gradient_loss | -0.00467   |
|    std                  | 0.349      |
|    value_loss           | 35.3       |
----------------------------------------
----------------------------------------
| rollout/                |            |
|    ep_len_mean          | 226        |
|    ep_rew_mean          | 45.1       |
| time/                   |            |
|    fps                  | 82         |
|    iterations           | 65         |
|    time_elapsed         | 4865       |
|    total_timesteps      | 5400576    |
| train/                  |            |
|    approx_kl            | 0.06557068 |
|    clip_fraction        | 0.364      |
|    clip_range           | 0.2        |
|    entropy_loss         | -1.43      |
|    explained_variance   | 0.908      |
|    learning_rate        | 0.0003     |
|    loss                 | 0.193      |
|    n_updates            | 8780       |
|    policy_gradient_loss | 0.00486    |
|    std                  | 0.347      |
|    value_loss           | 10.2       |
----------------------------------------
Eval num_timesteps=5401152, episode_reward=32.21 +/- 63.24
Episode length: 231.60 +/- 45.12
----------------------------------------
| eval/                   |            |
|    mean_ep_length       | 232        |
|    mean_reward          | 32.2       |
| time/                   |            |
|    total_timesteps      | 5401152    |
| train/                  |            |
|    approx_kl            | 0.03541789 |
|    clip_fraction        | 0.309      |
|    clip_range           | 0.2        |
|    entropy_loss         | -1.42      |
|    explained_variance   | 0.641      |
|    learning_rate        | 0.0003     |
|    loss                 | 3.63       |
|    n_updates            | 8790       |
|    policy_gradient_loss | -0.00208   |
|    std                  | 0.348      |
|    value_loss           | 89.9       |
----------------------------------------
[progress] timestep 5401260
[episode ends] timestep 5401260: missed_goal=38 (17%), scored=180 (83%)
---------------------------------
| episode_end/       |          |
|    missed_goal     | 38       |
|    scored          | 180      |
| rollout/           |          |
|    ep_len_mean     | 226      |
|    ep_rew_mean     | 47.9     |
| time/              |          |
|    fps             | 81       |
|    iterations      | 66       |
|    time_elapsed    | 4961     |
|    total_timesteps | 5406720  |
---------------------------------
----------------------------------------
| rollout/                |            |
|    ep_len_mean          | 228        |
|    ep_rew_mean          | 46.3       |
| time/                   |            |
|    fps                  | 81         |
|    iterations           | 67         |
|    time_elapsed         | 5034       |
|    total_timesteps      | 5412864    |
| train/                  |            |
|    approx_kl            | 0.07074947 |
|    clip_fraction        | 0.303      |
|    clip_range           | 0.2        |
|    entropy_loss         | -1.42      |
|    explained_variance   | 0.775      |
|    learning_rate        | 0.0003     |
|    loss                 | 0.96       |
|    n_updates            | 8800       |
|    policy_gradient_loss | 0.00222    |
|    std                  | 0.347      |
|    value_loss           | 42.9       |
----------------------------------------
-----------------------------------------
| rollout/                |             |
|    ep_len_mean          | 229         |
|    ep_rew_mean          | 45.9        |
| time/                   |             |
|    fps                  | 81          |
|    iterations           | 68          |
|    time_elapsed         | 5106        |
|    total_timesteps      | 5419008     |
| train/                  |             |
|    approx_kl            | 0.040094122 |
|    clip_fraction        | 0.302       |
|    clip_range           | 0.2         |
|    entropy_loss         | -1.41       |
|    explained_variance   | 0.845       |
|    learning_rate        | 0.0003      |
|    loss                 | 0.315       |
|    n_updates            | 8810        |
|    policy_gradient_loss | 0.00684     |
|    std                  | 0.347       |
|    value_loss           | 37.3        |
-----------------------------------------
-----------------------------------------
| rollout/                |             |
|    ep_len_mean          | 228         |
|    ep_rew_mean          | 46.3        |
| time/                   |             |
|    fps                  | 81          |
|    iterations           | 69          |
|    time_elapsed         | 5181        |
|    total_timesteps      | 5425152     |
| train/                  |             |
|    approx_kl            | 0.042149857 |
|    clip_fraction        | 0.349       |
|    clip_range           | 0.2         |
|    entropy_loss         | -1.42       |
|    explained_variance   | 0.797       |
|    learning_rate        | 0.0003      |
|    loss                 | 5.68        |
|    n_updates            | 8820        |
|    policy_gradient_loss | 0.000729    |
|    std                  | 0.347       |
|    value_loss           | 41.3        |
-----------------------------------------
-----------------------------------------
| rollout/                |             |
|    ep_len_mean          | 225         |
|    ep_rew_mean          | 49.9        |
| time/                   |             |
|    fps                  | 81          |
|    iterations           | 70          |
|    time_elapsed         | 5252        |
|    total_timesteps      | 5431296     |
| train/                  |             |
|    approx_kl            | 0.047186453 |
|    clip_fraction        | 0.362       |
|    clip_range           | 0.2         |
|    entropy_loss         | -1.41       |
|    explained_variance   | 0.921       |
|    learning_rate        | 0.0003      |
|    loss                 | 5.61        |
|    n_updates            | 8830        |
|    policy_gradient_loss | 0.00428     |
|    std                  | 0.347       |
|    value_loss           | 9.13        |
-----------------------------------------
----------------------------------------
| rollout/                |            |
|    ep_len_mean          | 220        |
|    ep_rew_mean          | 50.3       |
| time/                   |            |
|    fps                  | 81         |
|    iterations           | 71         |
|    time_elapsed         | 5328       |
|    total_timesteps      | 5437440    |
| train/                  |            |
|    approx_kl            | 0.05953232 |
|    clip_fraction        | 0.336      |
|    clip_range           | 0.2        |
|    entropy_loss         | -1.4       |
|    explained_variance   | 0.975      |
|    learning_rate        | 0.0003     |
|    loss                 | 3.57       |
|    n_updates            | 8840       |
|    policy_gradient_loss | 0.00289    |
|    std                  | 0.346      |
|    value_loss           | 2.33       |
----------------------------------------
----------------------------------------
| rollout/                |            |
|    ep_len_mean          | 220        |
|    ep_rew_mean          | 50         |
| time/                   |            |
|    fps                  | 81         |
|    iterations           | 72         |
|    time_elapsed         | 5402       |
|    total_timesteps      | 5443584    |
| train/                  |            |
|    approx_kl            | 0.06010136 |
|    clip_fraction        | 0.328      |
|    clip_range           | 0.2        |
|    entropy_loss         | -1.38      |
|    explained_variance   | 0.969      |
|    learning_rate        | 0.0003     |
|    loss                 | 1.56       |
|    n_updates            | 8850       |
|    policy_gradient_loss | 0.00998    |
|    std                  | 0.344      |
|    value_loss           | 2.71       |
----------------------------------------
-----------------------------------------
| rollout/                |             |
|    ep_len_mean          | 224         |
|    ep_rew_mean          | 41.2        |
| time/                   |             |
|    fps                  | 81          |
|    iterations           | 73          |
|    time_elapsed         | 5473        |
|    total_timesteps      | 5449728     |
| train/                  |             |
|    approx_kl            | 0.038947802 |
|    clip_fraction        | 0.253       |
|    clip_range           | 0.2         |
|    entropy_loss         | -1.36       |
|    explained_variance   | 0.963       |
|    learning_rate        | 0.0003      |
|    loss                 | 0.103       |
|    n_updates            | 8860        |
|    policy_gradient_loss | -0.00376    |
|    std                  | 0.344       |
|    value_loss           | 8.54        |
-----------------------------------------
Eval num_timesteps=5451144, episode_reward=52.59 +/- 25.02
Episode length: 227.40 +/- 10.22
-----------------------------------------
| eval/                   |             |
|    mean_ep_length       | 227         |
|    mean_reward          | 52.6        |
| time/                   |             |
|    total_timesteps      | 5451144     |
| train/                  |             |
|    approx_kl            | 0.016143065 |
|    clip_fraction        | 0.163       |
|    clip_range           | 0.2         |
|    entropy_loss         | -1.37       |
|    explained_variance   | 0.33        |
|    learning_rate        | 0.0003      |
|    loss                 | 1.2         |
|    n_updates            | 8870        |
|    policy_gradient_loss | -0.00543    |
|    std                  | 0.344       |
|    value_loss           | 227         |
-----------------------------------------
[episode ends] timestep 5451264: missed_goal=57 (26%), scored=166 (74%)
---------------------------------
| episode_end/       |          |
|    missed_goal     | 57       |
|    scored          | 166      |
| rollout/           |          |
|    ep_len_mean     | 226      |
|    ep_rew_mean     | 37.3     |
| time/              |          |
|    fps             | 81       |
|    iterations      | 74       |
|    time_elapsed    | 5558     |
|    total_timesteps | 5455872  |
---------------------------------
-----------------------------------------
| rollout/                |             |
|    ep_len_mean          | 231         |
|    ep_rew_mean          | 33.4        |
| time/                   |             |
|    fps                  | 81          |
|    iterations           | 75          |
|    time_elapsed         | 5624        |
|    total_timesteps      | 5462016     |
| train/                  |             |
|    approx_kl            | 0.017286839 |
|    clip_fraction        | 0.166       |
|    clip_range           | 0.2         |
|    entropy_loss         | -1.36       |
|    explained_variance   | 0.842       |
|    learning_rate        | 0.0003      |
|    loss                 | 4.63        |
|    n_updates            | 8880        |
|    policy_gradient_loss | 0.00267     |
|    std                  | 0.343       |
|    value_loss           | 16          |
-----------------------------------------
-----------------------------------------
| rollout/                |             |
|    ep_len_mean          | 229         |
|    ep_rew_mean          | 34.8        |
| time/                   |             |
|    fps                  | 82          |
|    iterations           | 76          |
|    time_elapsed         | 5692        |
|    total_timesteps      | 5468160     |
| train/                  |             |
|    approx_kl            | 0.017347049 |
|    clip_fraction        | 0.142       |
|    clip_range           | 0.2         |
|    entropy_loss         | -1.36       |
|    explained_variance   | 0.895       |
|    learning_rate        | 0.0003      |
|    loss                 | 0.574       |
|    n_updates            | 8890        |
|    policy_gradient_loss | -0.00452    |
|    std                  | 0.343       |
|    value_loss           | 13.8        |
-----------------------------------------
-----------------------------------------
| rollout/                |             |
|    ep_len_mean          | 231         |
|    ep_rew_mean          | 41          |
| time/                   |             |
|    fps                  | 82          |
|    iterations           | 77          |
|    time_elapsed         | 5760        |
|    total_timesteps      | 5474304     |
| train/                  |             |
|    approx_kl            | 0.054973096 |
|    clip_fraction        | 0.286       |
|    clip_range           | 0.2         |
|    entropy_loss         | -1.37       |
|    explained_variance   | 0.96        |
|    learning_rate        | 0.0003      |
|    loss                 | 2.88        |
|    n_updates            | 8900        |
|    policy_gradient_loss | 0.000817    |
|    std                  | 0.346       |
|    value_loss           | 3.48        |
-----------------------------------------
----------------------------------------
| rollout/                |            |
|    ep_len_mean          | 232        |
|    ep_rew_mean          | 42.2       |
| time/                   |            |
|    fps                  | 82         |
|    iterations           | 78         |
|    time_elapsed         | 5832       |
|    total_timesteps      | 5480448    |
| train/                  |            |
|    approx_kl            | 0.05565566 |
|    clip_fraction        | 0.326      |
|    clip_range           | 0.2        |
|    entropy_loss         | -1.39      |
|    explained_variance   | 0.895      |
|    learning_rate        | 0.0003     |
|    loss                 | 1.2        |
|    n_updates            | 8910       |
|    policy_gradient_loss | 0.00375    |
|    std                  | 0.347      |
|    value_loss           | 8.62       |
----------------------------------------
-----------------------------------------
| rollout/                |             |
|    ep_len_mean          | 231         |
|    ep_rew_mean          | 43.4        |
| time/                   |             |
|    fps                  | 82          |
|    iterations           | 79          |
|    time_elapsed         | 5900        |
|    total_timesteps      | 5486592     |
| train/                  |             |
|    approx_kl            | 0.054508436 |
|    clip_fraction        | 0.32        |
|    clip_range           | 0.2         |
|    entropy_loss         | -1.39       |
|    explained_variance   | 0.947       |
|    learning_rate        | 0.0003      |
|    loss                 | 1.58        |
|    n_updates            | 8920        |
|    policy_gradient_loss | 0.00306     |
|    std                  | 0.345       |
|    value_loss           | 4.65        |
-----------------------------------------
----------------------------------------
| rollout/                |            |
|    ep_len_mean          | 232        |
|    ep_rew_mean          | 42         |
| time/                   |            |
|    fps                  | 82         |
|    iterations           | 80         |
|    time_elapsed         | 5967       |
|    total_timesteps      | 5492736    |
| train/                  |            |
|    approx_kl            | 0.03845888 |
|    clip_fraction        | 0.254      |
|    clip_range           | 0.2        |
|    entropy_loss         | -1.37      |
|    explained_variance   | 0.957      |
|    learning_rate        | 0.0003     |
|    loss                 | 2.51       |
|    n_updates            | 8930       |
|    policy_gradient_loss | -0.00412   |
|    std                  | 0.343      |
|    value_loss           | 9.67       |
----------------------------------------
----------------------------------------
| rollout/                |            |
|    ep_len_mean          | 232        |
|    ep_rew_mean          | 43.5       |
| time/                   |            |
|    fps                  | 82         |
|    iterations           | 81         |
|    time_elapsed         | 6038       |
|    total_timesteps      | 5498880    |
| train/                  |            |
|    approx_kl            | 0.04052453 |
|    clip_fraction        | 0.309      |
|    clip_range           | 0.2        |
|    entropy_loss         | -1.34      |
|    explained_variance   | 0.862      |
|    learning_rate        | 0.0003     |
|    loss                 | 1.29       |
|    n_updates            | 8940       |
|    policy_gradient_loss | 0.0018     |
|    std                  | 0.342      |
|    value_loss           | 13.3       |
----------------------------------------
Eval num_timesteps=5501136, episode_reward=58.65 +/- 19.75
Episode length: 229.60 +/- 13.67
----------------------------------------
| eval/                   |            |
|    mean_ep_length       | 230        |
|    mean_reward          | 58.7       |
| time/                   |            |
|    total_timesteps      | 5501136    |
| train/                  |            |
|    approx_kl            | 0.03592088 |
|    clip_fraction        | 0.283      |
|    clip_range           | 0.2        |
|    entropy_loss         | -1.33      |
|    explained_variance   | 0.716      |
|    learning_rate        | 0.0003     |
|    loss                 | 0.21       |
|    n_updates            | 8950       |
|    policy_gradient_loss | -0.00115   |
|    std                  | 0.34       |
|    value_loss           | 69.3       |
----------------------------------------
[progress] timestep 5501268
[episode ends] timestep 5501268: missed_goal=75 (35%), scored=140 (65%)
---------------------------------
| episode_end/       |          |
|    missed_goal     | 75       |
|    scored          | 140      |
| rollout/           |          |
|    ep_len_mean     | 233      |
|    ep_rew_mean     | 37.1     |
| time/              |          |
|    fps             | 82       |
|    iterations      | 82       |
|    time_elapsed    | 6124     |
|    total_timesteps | 5505024  |
---------------------------------
-----------------------------------------
| rollout/                |             |
|    ep_len_mean          | 233         |
|    ep_rew_mean          | 35.1        |
| time/                   |             |
|    fps                  | 82          |
|    iterations           | 83          |
|    time_elapsed         | 6198        |
|    total_timesteps      | 5511168     |
| train/                  |             |
|    approx_kl            | 0.031155566 |
|    clip_fraction        | 0.268       |
|    clip_range           | 0.2         |
|    entropy_loss         | -1.33       |
|    explained_variance   | 0.873       |
|    learning_rate        | 0.0003      |
|    loss                 | 9.33        |
|    n_updates            | 8960        |
|    policy_gradient_loss | -0.00124    |
|    std                  | 0.34        |
|    value_loss           | 17.7        |
-----------------------------------------
-----------------------------------------
| rollout/                |             |
|    ep_len_mean          | 234         |
|    ep_rew_mean          | 35          |
| time/                   |             |
|    fps                  | 82          |
|    iterations           | 84          |
|    time_elapsed         | 6269        |
|    total_timesteps      | 5517312     |
| train/                  |             |
|    approx_kl            | 0.066349775 |
|    clip_fraction        | 0.343       |
|    clip_range           | 0.2         |
|    entropy_loss         | -1.33       |
|    explained_variance   | 0.866       |
|    learning_rate        | 0.0003      |
|    loss                 | 4.05        |
|    n_updates            | 8970        |
|    policy_gradient_loss | 0.00948     |
|    std                  | 0.341       |
|    value_loss           | 14          |
-----------------------------------------
-----------------------------------------
| rollout/                |             |
|    ep_len_mean          | 234         |
|    ep_rew_mean          | 37.3        |
| time/                   |             |
|    fps                  | 82          |
|    iterations           | 85          |
|    time_elapsed         | 6342        |
|    total_timesteps      | 5523456     |
| train/                  |             |
|    approx_kl            | 0.029428529 |
|    clip_fraction        | 0.22        |
|    clip_range           | 0.2         |
|    entropy_loss         | -1.32       |
|    explained_variance   | 0.884       |
|    learning_rate        | 0.0003      |
|    loss                 | 8.45        |
|    n_updates            | 8980        |
|    policy_gradient_loss | -0.00695    |
|    std                  | 0.34        |
|    value_loss           | 17.5        |
-----------------------------------------
-----------------------------------------
| rollout/                |             |
|    ep_len_mean          | 235         |
|    ep_rew_mean          | 44.4        |
| time/                   |             |
|    fps                  | 82          |
|    iterations           | 86          |
|    time_elapsed         | 6414        |
|    total_timesteps      | 5529600     |
| train/                  |             |
|    approx_kl            | 0.050235692 |
|    clip_fraction        | 0.348       |
|    clip_range           | 0.2         |
|    entropy_loss         | -1.31       |
|    explained_variance   | 0.929       |
|    learning_rate        | 0.0003      |
|    loss                 | 0.145       |
|    n_updates            | 8990        |
|    policy_gradient_loss | 0.00223     |
|    std                  | 0.338       |
|    value_loss           | 7.41        |
-----------------------------------------
-----------------------------------------
| rollout/                |             |
|    ep_len_mean          | 235         |
|    ep_rew_mean          | 44.7        |
| time/                   |             |
|    fps                  | 82          |
|    iterations           | 87          |
|    time_elapsed         | 6483        |
|    total_timesteps      | 5535744     |
| train/                  |             |
|    approx_kl            | 0.024326123 |
|    clip_fraction        | 0.193       |
|    clip_range           | 0.2         |
|    entropy_loss         | -1.29       |
|    explained_variance   | 0.912       |
|    learning_rate        | 0.0003      |
|    loss                 | 0.841       |
|    n_updates            | 9000        |
|    policy_gradient_loss | -0.00607    |
|    std                  | 0.337       |
|    value_loss           | 8.02        |
-----------------------------------------
-----------------------------------------
| rollout/                |             |
|    ep_len_mean          | 235         |
|    ep_rew_mean          | 39.5        |
| time/                   |             |
|    fps                  | 82          |
|    iterations           | 88          |
|    time_elapsed         | 6554        |
|    total_timesteps      | 5541888     |
| train/                  |             |
|    approx_kl            | 0.026629627 |
|    clip_fraction        | 0.309       |
|    clip_range           | 0.2         |
|    entropy_loss         | -1.29       |
|    explained_variance   | 0.707       |
|    learning_rate        | 0.0003      |
|    loss                 | 0.143       |
|    n_updates            | 9010        |
|    policy_gradient_loss | 0.00202     |
|    std                  | 0.337       |
|    value_loss           | 70.5        |
-----------------------------------------
----------------------------------------
| rollout/                |            |
|    ep_len_mean          | 234        |
|    ep_rew_mean          | 37.4       |
| time/                   |            |
|    fps                  | 82         |
|    iterations           | 89         |
|    time_elapsed         | 6625       |
|    total_timesteps      | 5548032    |
| train/                  |            |
|    approx_kl            | 0.07370885 |
|    clip_fraction        | 0.363      |
|    clip_range           | 0.2        |
|    entropy_loss         | -1.27      |
|    explained_variance   | 0.685      |
|    learning_rate        | 0.0003     |
|    loss                 | 0.714      |
|    n_updates            | 9020       |
|    policy_gradient_loss | 0.0116     |
|    std                  | 0.335      |
|    value_loss           | 72.2       |
----------------------------------------
Eval num_timesteps=5551128, episode_reward=59.38 +/- 19.56
Episode length: 241.10 +/- 8.63
-----------------------------------------
| eval/                   |             |
|    mean_ep_length       | 241         |
|    mean_reward          | 59.4        |
| time/                   |             |
|    total_timesteps      | 5551128     |
| train/                  |             |
|    approx_kl            | 0.026909336 |
|    clip_fraction        | 0.294       |
|    clip_range           | 0.2         |
|    entropy_loss         | -1.26       |
|    explained_variance   | 0.94        |
|    learning_rate        | 0.0003      |
|    loss                 | 3.55        |
|    n_updates            | 9030        |
|    policy_gradient_loss | 0.0046      |
|    std                  | 0.334       |
|    value_loss           | 9.48        |
-----------------------------------------
New best mean reward!
[episode ends] timestep 5551272: missed_goal=73 (34%), scored=142 (66%)
---------------------------------
| episode_end/       |          |
|    missed_goal     | 73       |
|    scored          | 142      |
| rollout/           |          |
|    ep_len_mean     | 235      |
|    ep_rew_mean     | 36.2     |
| time/              |          |
|    fps             | 82       |
|    iterations      | 90       |
|    time_elapsed    | 6716     |
|    total_timesteps | 5554176  |
---------------------------------
----------------------------------------
| rollout/                |            |
|    ep_len_mean          | 235        |
|    ep_rew_mean          | 37.5       |
| time/                   |            |
|    fps                  | 82         |
|    iterations           | 91         |
|    time_elapsed         | 6785       |
|    total_timesteps      | 5560320    |
| train/                  |            |
|    approx_kl            | 0.03612851 |
|    clip_fraction        | 0.306      |
|    clip_range           | 0.2        |
|    entropy_loss         | -1.25      |
|    explained_variance   | 0.945      |
|    learning_rate        | 0.0003     |
|    loss                 | 0.377      |
|    n_updates            | 9040       |
|    policy_gradient_loss | -0.00284   |
|    std                  | 0.333      |
|    value_loss           | 6.43       |
----------------------------------------
----------------------------------------
| rollout/                |            |
|    ep_len_mean          | 235        |
|    ep_rew_mean          | 44.9       |
| time/                   |            |
|    fps                  | 82         |
|    iterations           | 92         |
|    time_elapsed         | 6856       |
|    total_timesteps      | 5566464    |
| train/                  |            |
|    approx_kl            | 0.02482531 |
|    clip_fraction        | 0.245      |
|    clip_range           | 0.2        |
|    entropy_loss         | -1.24      |
|    explained_variance   | 0.938      |
|    learning_rate        | 0.0003     |
|    loss                 | 18.5       |
|    n_updates            | 9050       |
|    policy_gradient_loss | -0.0034    |
|    std                  | 0.333      |
|    value_loss           | 6.3        |
----------------------------------------
-----------------------------------------
| rollout/                |             |
|    ep_len_mean          | 236         |
|    ep_rew_mean          | 45.4        |
| time/                   |             |
|    fps                  | 82          |
|    iterations           | 93          |
|    time_elapsed         | 6927        |
|    total_timesteps      | 5572608     |
| train/                  |             |
|    approx_kl            | 0.030872593 |
|    clip_fraction        | 0.302       |
|    clip_range           | 0.2         |
|    entropy_loss         | -1.25       |
|    explained_variance   | 0.926       |
|    learning_rate        | 0.0003      |
|    loss                 | 5.74        |
|    n_updates            | 9060        |
|    policy_gradient_loss | 9.17e-05    |
|    std                  | 0.334       |
|    value_loss           | 8.94        |
-----------------------------------------
-----------------------------------------
| rollout/                |             |
|    ep_len_mean          | 236         |
|    ep_rew_mean          | 44.1        |
| time/                   |             |
|    fps                  | 82          |
|    iterations           | 94          |
|    time_elapsed         | 7000        |
|    total_timesteps      | 5578752     |
| train/                  |             |
|    approx_kl            | 0.053241473 |
|    clip_fraction        | 0.23        |
|    clip_range           | 0.2         |
|    entropy_loss         | -1.24       |
|    explained_variance   | 0.937       |
|    learning_rate        | 0.0003      |
|    loss                 | 0.128       |
|    n_updates            | 9070        |
|    policy_gradient_loss | -0.00254    |
|    std                  | 0.332       |
|    value_loss           | 8.29        |
-----------------------------------------
----------------------------------------
| rollout/                |            |
|    ep_len_mean          | 236        |
|    ep_rew_mean          | 44.9       |
| time/                   |            |
|    fps                  | 82         |
|    iterations           | 95         |
|    time_elapsed         | 7077       |
|    total_timesteps      | 5584896    |
| train/                  |            |
|    approx_kl            | 0.04087599 |
|    clip_fraction        | 0.338      |
|    clip_range           | 0.2        |
|    entropy_loss         | -1.23      |
|    explained_variance   | 0.859      |
|    learning_rate        | 0.0003     |
|    loss                 | 0.402      |
|    n_updates            | 9080       |
|    policy_gradient_loss | 0.0103     |
|    std                  | 0.333      |
|    value_loss           | 12.2       |
----------------------------------------
-----------------------------------------
| rollout/                |             |
|    ep_len_mean          | 237         |
|    ep_rew_mean          | 41.9        |
| time/                   |             |
|    fps                  | 82          |
|    iterations           | 96          |
|    time_elapsed         | 7145        |
|    total_timesteps      | 5591040     |
| train/                  |             |
|    approx_kl            | 0.033694286 |
|    clip_fraction        | 0.288       |
|    clip_range           | 0.2         |
|    entropy_loss         | -1.21       |
|    explained_variance   | 0.676       |
|    learning_rate        | 0.0003      |
|    loss                 | 0.658       |
|    n_updates            | 9090        |
|    policy_gradient_loss | 0.000789    |
|    std                  | 0.33        |
|    value_loss           | 67          |
-----------------------------------------
-----------------------------------------
| rollout/                |             |
|    ep_len_mean          | 236         |
|    ep_rew_mean          | 44.3        |
| time/                   |             |
|    fps                  | 82          |
|    iterations           | 97          |
|    time_elapsed         | 7224        |
|    total_timesteps      | 5597184     |
| train/                  |             |
|    approx_kl            | 0.019942466 |
|    clip_fraction        | 0.183       |
|    clip_range           | 0.2         |
|    entropy_loss         | -1.2        |
|    explained_variance   | 0.838       |
|    learning_rate        | 0.0003      |
|    loss                 | 0.299       |
|    n_updates            | 9100        |
|    policy_gradient_loss | -0.00298    |
|    std                  | 0.33        |
|    value_loss           | 19.9        |
-----------------------------------------
Eval num_timesteps=5601120, episode_reward=52.63 +/- 26.04
Episode length: 234.40 +/- 10.25
-----------------------------------------
| eval/                   |             |
|    mean_ep_length       | 234         |
|    mean_reward          | 52.6        |
| time/                   |             |
|    total_timesteps      | 5601120     |
| train/                  |             |
|    approx_kl            | 0.027916683 |
|    clip_fraction        | 0.254       |
|    clip_range           | 0.2         |
|    entropy_loss         | -1.19       |
|    explained_variance   | 0.946       |
|    learning_rate        | 0.0003      |
|    loss                 | 0.907       |
|    n_updates            | 9110        |
|    policy_gradient_loss | 0.000682    |
|    std                  | 0.329       |
|    value_loss           | 8.18        |
-----------------------------------------
[progress] timestep 5601276
[episode ends] timestep 5601276: missed_goal=67 (32%), scored=141 (68%)
---------------------------------
| episode_end/       |          |
|    missed_goal     | 67       |
|    scored          | 141      |
| rollout/           |          |
|    ep_len_mean     | 239      |
|    ep_rew_mean     | 44.2     |
| time/              |          |
|    fps             | 82       |
|    iterations      | 98       |
|    time_elapsed    | 7312     |
|    total_timesteps | 5603328  |
---------------------------------
----------------------------------------
| rollout/                |            |
|    ep_len_mean          | 240        |
|    ep_rew_mean          | 47.3       |
| time/                   |            |
|    fps                  | 82         |
|    iterations           | 99         |
|    time_elapsed         | 7383       |
|    total_timesteps      | 5609472    |
| train/                  |            |
|    approx_kl            | 0.03174637 |
|    clip_fraction        | 0.23       |
|    clip_range           | 0.2        |
|    entropy_loss         | -1.19      |
|    explained_variance   | 0.948      |
|    learning_rate        | 0.0003     |
|    loss                 | 0.622      |
|    n_updates            | 9120       |
|    policy_gradient_loss | 0.000993   |
|    std                  | 0.328      |
|    value_loss           | 8.87       |
----------------------------------------
-----------------------------------------
| rollout/                |             |
|    ep_len_mean          | 239         |
|    ep_rew_mean          | 49.8        |
| time/                   |             |
|    fps                  | 82          |
|    iterations           | 100         |
|    time_elapsed         | 7455        |
|    total_timesteps      | 5615616     |
| train/                  |             |
|    approx_kl            | 0.031005852 |
|    clip_fraction        | 0.251       |
|    clip_range           | 0.2         |
|    entropy_loss         | -1.18       |
|    explained_variance   | 0.934       |
|    learning_rate        | 0.0003      |
|    loss                 | 0.172       |
|    n_updates            | 9130        |
|    policy_gradient_loss | -0.0033     |
|    std                  | 0.328       |
|    value_loss           | 6.65        |
-----------------------------------------
----------------------------------------
| rollout/                |            |
|    ep_len_mean          | 240        |
|    ep_rew_mean          | 53.5       |
| time/                   |            |
|    fps                  | 82         |
|    iterations           | 101        |
|    time_elapsed         | 7523       |
|    total_timesteps      | 5621760    |
| train/                  |            |
|    approx_kl            | 0.06147639 |
|    clip_fraction        | 0.318      |
|    clip_range           | 0.2        |
|    entropy_loss         | -1.16      |
|    explained_variance   | 0.948      |
|    learning_rate        | 0.0003     |
|    loss                 | 0.609      |
|    n_updates            | 9140       |
|    policy_gradient_loss | 0.000902   |
|    std                  | 0.327      |
|    value_loss           | 4.75       |
----------------------------------------
-----------------------------------------
| rollout/                |             |
|    ep_len_mean          | 235         |
|    ep_rew_mean          | 54.3        |
| time/                   |             |
|    fps                  | 82          |
|    iterations           | 102         |
|    time_elapsed         | 7591        |
|    total_timesteps      | 5627904     |
| train/                  |             |
|    approx_kl            | 0.048276726 |
|    clip_fraction        | 0.331       |
|    clip_range           | 0.2         |
|    entropy_loss         | -1.17       |
|    explained_variance   | 0.964       |
|    learning_rate        | 0.0003      |
|    loss                 | 0.226       |
|    n_updates            | 9150        |
|    policy_gradient_loss | 0.00583     |
|    std                  | 0.327       |
|    value_loss           | 3.57        |
-----------------------------------------
-----------------------------------------
| rollout/                |             |
|    ep_len_mean          | 237         |
|    ep_rew_mean          | 52.9        |
| time/                   |             |
|    fps                  | 82          |
|    iterations           | 103         |
|    time_elapsed         | 7658        |
|    total_timesteps      | 5634048     |
| train/                  |             |
|    approx_kl            | 0.042161345 |
|    clip_fraction        | 0.327       |
|    clip_range           | 0.2         |
|    entropy_loss         | -1.16       |
|    explained_variance   | 0.916       |
|    learning_rate        | 0.0003      |
|    loss                 | 0.0727      |
|    n_updates            | 9160        |
|    policy_gradient_loss | 0.00625     |
|    std                  | 0.326       |
|    value_loss           | 9.65        |
-----------------------------------------
-----------------------------------------
| rollout/                |             |
|    ep_len_mean          | 236         |
|    ep_rew_mean          | 50.3        |
| time/                   |             |
|    fps                  | 82          |
|    iterations           | 104         |
|    time_elapsed         | 7723        |
|    total_timesteps      | 5640192     |
| train/                  |             |
|    approx_kl            | 0.037190292 |
|    clip_fraction        | 0.371       |
|    clip_range           | 0.2         |
|    entropy_loss         | -1.16       |
|    explained_variance   | 0.942       |
|    learning_rate        | 0.0003      |
|    loss                 | 0.0752      |
|    n_updates            | 9170        |
|    policy_gradient_loss | 0.00194     |
|    std                  | 0.326       |
|    value_loss           | 3.85        |
-----------------------------------------
-----------------------------------------
| rollout/                |             |
|    ep_len_mean          | 236         |
|    ep_rew_mean          | 47.8        |
| time/                   |             |
|    fps                  | 82          |
|    iterations           | 105         |
|    time_elapsed         | 7797        |
|    total_timesteps      | 5646336     |
| train/                  |             |
|    approx_kl            | 0.042064726 |
|    clip_fraction        | 0.305       |
|    clip_range           | 0.2         |
|    entropy_loss         | -1.16       |
|    explained_variance   | 0.943       |
|    learning_rate        | 0.0003      |
|    loss                 | 0.342       |
|    n_updates            | 9180        |
|    policy_gradient_loss | -0.00098    |
|    std                  | 0.325       |
|    value_loss           | 4.47        |
-----------------------------------------
Eval num_timesteps=5651112, episode_reward=32.71 +/- 32.68
Episode length: 232.60 +/- 31.05
-----------------------------------------
| eval/                   |             |
|    mean_ep_length       | 233         |
|    mean_reward          | 32.7        |
| time/                   |             |
|    total_timesteps      | 5651112     |
| train/                  |             |
|    approx_kl            | 0.031712193 |
|    clip_fraction        | 0.299       |
|    clip_range           | 0.2         |
|    entropy_loss         | -1.14       |
|    explained_variance   | 0.96        |
|    learning_rate        | 0.0003      |
|    loss                 | 2.61        |
|    n_updates            | 9190        |
|    policy_gradient_loss | 0.000925    |
|    std                  | 0.324       |
|    value_loss           | 3.27        |
-----------------------------------------
[episode ends] timestep 5651280: missed_goal=51 (24%), scored=163 (76%)
---------------------------------
| episode_end/       |          |
|    missed_goal     | 51       |
|    scored          | 163      |
| rollout/           |          |
|    ep_len_mean     | 236      |
|    ep_rew_mean     | 45.9     |
| time/              |          |
|    fps             | 82       |
|    iterations      | 106      |
|    time_elapsed    | 7894     |
|    total_timesteps | 5652480  |
---------------------------------
-----------------------------------------
| rollout/                |             |
|    ep_len_mean          | 237         |
|    ep_rew_mean          | 39.5        |
| time/                   |             |
|    fps                  | 82          |
|    iterations           | 107         |
|    time_elapsed         | 7969        |
|    total_timesteps      | 5658624     |
| train/                  |             |
|    approx_kl            | 0.033244982 |
|    clip_fraction        | 0.273       |
|    clip_range           | 0.2         |
|    entropy_loss         | -1.14       |
|    explained_variance   | 0.904       |
|    learning_rate        | 0.0003      |
|    loss                 | 0.0854      |
|    n_updates            | 9200        |
|    policy_gradient_loss | -0.00174    |
|    std                  | 0.325       |
|    value_loss           | 6.67        |
-----------------------------------------
-----------------------------------------
| rollout/                |             |
|    ep_len_mean          | 238         |
|    ep_rew_mean          | 40          |
| time/                   |             |
|    fps                  | 82          |
|    iterations           | 108         |
|    time_elapsed         | 8045        |
|    total_timesteps      | 5664768     |
| train/                  |             |
|    approx_kl            | 0.019460266 |
|    clip_fraction        | 0.22        |
|    clip_range           | 0.2         |
|    entropy_loss         | -1.15       |
|    explained_variance   | 0.84        |
|    learning_rate        | 0.0003      |
|    loss                 | 0.747       |
|    n_updates            | 9210        |
|    policy_gradient_loss | 0.000378    |
|    std                  | 0.325       |
|    value_loss           | 11.7        |
-----------------------------------------
---------------------------------------
| rollout/                |           |
|    ep_len_mean          | 238       |
|    ep_rew_mean          | 41.8      |
| time/                   |           |
|    fps                  | 82        |
|    iterations           | 109       |
|    time_elapsed         | 8114      |
|    total_timesteps      | 5670912   |
| train/                  |           |
|    approx_kl            | 0.0386333 |
|    clip_fraction        | 0.317     |
|    clip_range           | 0.2       |
|    entropy_loss         | -1.14     |
|    explained_variance   | 0.915     |
|    learning_rate        | 0.0003    |
|    loss                 | 0.668     |
|    n_updates            | 9220      |
|    policy_gradient_loss | 0.00457   |
|    std                  | 0.323     |
|    value_loss           | 8.66      |
---------------------------------------
-----------------------------------------
| rollout/                |             |
|    ep_len_mean          | 236         |
|    ep_rew_mean          | 43.5        |
| time/                   |             |
|    fps                  | 82          |
|    iterations           | 110         |
|    time_elapsed         | 8182        |
|    total_timesteps      | 5677056     |
| train/                  |             |
|    approx_kl            | 0.037186157 |
|    clip_fraction        | 0.327       |
|    clip_range           | 0.2         |
|    entropy_loss         | -1.14       |
|    explained_variance   | 0.908       |
|    learning_rate        | 0.0003      |
|    loss                 | 0.301       |
|    n_updates            | 9230        |
|    policy_gradient_loss | 0.00657     |
|    std                  | 0.324       |
|    value_loss           | 17.2        |
-----------------------------------------
----------------------------------------
| rollout/                |            |
|    ep_len_mean          | 233        |
|    ep_rew_mean          | 51.2       |
| time/                   |            |
|    fps                  | 82         |
|    iterations           | 111        |
|    time_elapsed         | 8251       |
|    total_timesteps      | 5683200    |
| train/                  |            |
|    approx_kl            | 0.14056648 |
|    clip_fraction        | 0.416      |
|    clip_range           | 0.2        |
|    entropy_loss         | -1.14      |
|    explained_variance   | 0.956      |
|    learning_rate        | 0.0003     |
|    loss                 | 0.495      |
|    n_updates            | 9240       |
|    policy_gradient_loss | 0.015      |
|    std                  | 0.324      |
|    value_loss           | 4.24       |
----------------------------------------
-----------------------------------------
| rollout/                |             |
|    ep_len_mean          | 230         |
|    ep_rew_mean          | 48.9        |
| time/                   |             |
|    fps                  | 82          |
|    iterations           | 112         |
|    time_elapsed         | 8322        |
|    total_timesteps      | 5689344     |
| train/                  |             |
|    approx_kl            | 0.038356543 |
|    clip_fraction        | 0.323       |
|    clip_range           | 0.2         |
|    entropy_loss         | -1.15       |
|    explained_variance   | 0.972       |
|    learning_rate        | 0.0003      |
|    loss                 | 0.501       |
|    n_updates            | 9250        |
|    policy_gradient_loss | -0.000408   |
|    std                  | 0.324       |
|    value_loss           | 3.63        |
-----------------------------------------
-----------------------------------------
| rollout/                |             |
|    ep_len_mean          | 227         |
|    ep_rew_mean          | 47.8        |
| time/                   |             |
|    fps                  | 82          |
|    iterations           | 113         |
|    time_elapsed         | 8406        |
|    total_timesteps      | 5695488     |
| train/                  |             |
|    approx_kl            | 0.047971312 |
|    clip_fraction        | 0.241       |
|    clip_range           | 0.2         |
|    entropy_loss         | -1.14       |
|    explained_variance   | 0.884       |
|    learning_rate        | 0.0003      |
|    loss                 | 0.0922      |
|    n_updates            | 9260        |
|    policy_gradient_loss | -0.00738    |
|    std                  | 0.324       |
|    value_loss           | 20.8        |
-----------------------------------------
Eval num_timesteps=5701104, episode_reward=51.98 +/- 26.76
Episode length: 232.20 +/- 16.01
-----------------------------------------
| eval/                   |             |
|    mean_ep_length       | 232         |
|    mean_reward          | 52          |
| time/                   |             |
|    total_timesteps      | 5701104     |
| train/                  |             |
|    approx_kl            | 0.022373548 |
|    clip_fraction        | 0.195       |
|    clip_range           | 0.2         |
|    entropy_loss         | -1.15       |
|    explained_variance   | 0.716       |
|    learning_rate        | 0.0003      |
|    loss                 | 1.31        |
|    n_updates            | 9270        |
|    policy_gradient_loss | -0.00669    |
|    std                  | 0.325       |
|    value_loss           | 83.7        |
-----------------------------------------
[progress] timestep 5701284
[episode ends] timestep 5701284: missed_goal=70 (33%), scored=143 (67%)
---------------------------------
| episode_end/       |          |
|    missed_goal     | 70       |
|    scored          | 143      |
| rollout/           |          |
|    ep_len_mean     | 231      |
|    ep_rew_mean     | 41       |
| time/              |          |
|    fps             | 82       |
|    iterations      | 114      |
|    time_elapsed    | 8491     |
|    total_timesteps | 5701632  |
---------------------------------
-----------------------------------------
| rollout/                |             |
|    ep_len_mean          | 232         |
|    ep_rew_mean          | 31          |
| time/                   |             |
|    fps                  | 82          |
|    iterations           | 115         |
|    time_elapsed         | 8557        |
|    total_timesteps      | 5707776     |
| train/                  |             |
|    approx_kl            | 0.031898543 |
|    clip_fraction        | 0.253       |
|    clip_range           | 0.2         |
|    entropy_loss         | -1.15       |
|    explained_variance   | 0.914       |
|    learning_rate        | 0.0003      |
|    loss                 | 0.0698      |
|    n_updates            | 9280        |
|    policy_gradient_loss | -0.00256    |
|    std                  | 0.324       |
|    value_loss           | 7.87        |
-----------------------------------------
-----------------------------------------
| rollout/                |             |
|    ep_len_mean          | 233         |
|    ep_rew_mean          | 31.3        |
| time/                   |             |
|    fps                  | 82          |
|    iterations           | 116         |
|    time_elapsed         | 8633        |
|    total_timesteps      | 5713920     |
| train/                  |             |
|    approx_kl            | 0.028336056 |
|    clip_fraction        | 0.239       |
|    clip_range           | 0.2         |
|    entropy_loss         | -1.13       |
|    explained_variance   | 0.454       |
|    learning_rate        | 0.0003      |
|    loss                 | 2.41        |
|    n_updates            | 9290        |
|    policy_gradient_loss | -0.00187    |
|    std                  | 0.323       |
|    value_loss           | 233         |
-----------------------------------------
-----------------------------------------
| rollout/                |             |
|    ep_len_mean          | 233         |
|    ep_rew_mean          | 32.9        |
| time/                   |             |
|    fps                  | 82          |
|    iterations           | 117         |
|    time_elapsed         | 8704        |
|    total_timesteps      | 5720064     |
| train/                  |             |
|    approx_kl            | 0.052901696 |
|    clip_fraction        | 0.313       |
|    clip_range           | 0.2         |
|    entropy_loss         | -1.13       |
|    explained_variance   | 0.943       |
|    learning_rate        | 0.0003      |
|    loss                 | 0.403       |
|    n_updates            | 9300        |
|    policy_gradient_loss | 0.00913     |
|    std                  | 0.323       |
|    value_loss           | 6.86        |
-----------------------------------------
-----------------------------------------
| rollout/                |             |
|    ep_len_mean          | 230         |
|    ep_rew_mean          | 37.1        |
| time/                   |             |
|    fps                  | 82          |
|    iterations           | 118         |
|    time_elapsed         | 8776        |
|    total_timesteps      | 5726208     |
| train/                  |             |
|    approx_kl            | 0.034914304 |
|    clip_fraction        | 0.255       |
|    clip_range           | 0.2         |
|    entropy_loss         | -1.11       |
|    explained_variance   | 0.776       |
|    learning_rate        | 0.0003      |
|    loss                 | 0.0592      |
|    n_updates            | 9310        |
|    policy_gradient_loss | -0.0057     |
|    std                  | 0.322       |
|    value_loss           | 48.1        |
-----------------------------------------
----------------------------------------
| rollout/                |            |
|    ep_len_mean          | 228        |
|    ep_rew_mean          | 45.2       |
| time/                   |            |
|    fps                  | 82         |
|    iterations           | 119        |
|    time_elapsed         | 8850       |
|    total_timesteps      | 5732352    |
| train/                  |            |
|    approx_kl            | 0.03847875 |
|    clip_fraction        | 0.323      |
|    clip_range           | 0.2        |
|    entropy_loss         | -1.1       |
|    explained_variance   | 0.939      |
|    learning_rate        | 0.0003     |
|    loss                 | 0.479      |
|    n_updates            | 9320       |
|    policy_gradient_loss | 0.00557    |
|    std                  | 0.322      |
|    value_loss           | 7.25       |
----------------------------------------
---------------------------------------
| rollout/                |           |
|    ep_len_mean          | 229       |
|    ep_rew_mean          | 42.5      |
| time/                   |           |
|    fps                  | 82        |
|    iterations           | 120       |
|    time_elapsed         | 8926      |
|    total_timesteps      | 5738496   |
| train/                  |           |
|    approx_kl            | 0.0665843 |
|    clip_fraction        | 0.256     |
|    clip_range           | 0.2       |
|    entropy_loss         | -1.11     |
|    explained_variance   | 0.94      |
|    learning_rate        | 0.0003    |
|    loss                 | 0.12      |
|    n_updates            | 9330      |
|    policy_gradient_loss | 0.000906  |
|    std                  | 0.322     |
|    value_loss           | 5.28      |
---------------------------------------
----------------------------------------
| rollout/                |            |
|    ep_len_mean          | 228        |
|    ep_rew_mean          | 45.9       |
| time/                   |            |
|    fps                  | 82         |
|    iterations           | 121        |
|    time_elapsed         | 9003       |
|    total_timesteps      | 5744640    |
| train/                  |            |
|    approx_kl            | 0.03525627 |
|    clip_fraction        | 0.307      |
|    clip_range           | 0.2        |
|    entropy_loss         | -1.11      |
|    explained_variance   | 0.667      |
|    learning_rate        | 0.0003     |
|    loss                 | 1.31       |
|    n_updates            | 9340       |
|    policy_gradient_loss | 0.00328    |
|    std                  | 0.321      |
|    value_loss           | 66.3       |
----------------------------------------
-----------------------------------------
| rollout/                |             |
|    ep_len_mean          | 228         |
|    ep_rew_mean          | 44.9        |
| time/                   |             |
|    fps                  | 82          |
|    iterations           | 122         |
|    time_elapsed         | 9077        |
|    total_timesteps      | 5750784     |
| train/                  |             |
|    approx_kl            | 0.037616223 |
|    clip_fraction        | 0.304       |
|    clip_range           | 0.2         |
|    entropy_loss         | -1.1        |
|    explained_variance   | 0.938       |
|    learning_rate        | 0.0003      |
|    loss                 | 2.23        |
|    n_updates            | 9350        |
|    policy_gradient_loss | -0.00119    |
|    std                  | 0.321       |
|    value_loss           | 6.86        |
-----------------------------------------
Eval num_timesteps=5751096, episode_reward=26.37 +/- 31.98
Episode length: 238.30 +/- 25.14
---------------------------------------
| eval/                   |           |
|    mean_ep_length       | 238       |
|    mean_reward          | 26.4      |
| time/                   |           |
|    total_timesteps      | 5751096   |
| train/                  |           |
|    approx_kl            | 0.0732132 |
|    clip_fraction        | 0.416     |
|    clip_range           | 0.2       |
|    entropy_loss         | -1.1      |
|    explained_variance   | 0.719     |
|    learning_rate        | 0.0003    |
|    loss                 | 0.585     |
|    n_updates            | 9360      |
|    policy_gradient_loss | 0.0135    |
|    std                  | 0.323     |
|    value_loss           | 83.3      |
---------------------------------------
[episode ends] timestep 5751288: crashed=1 (0%), missed_goal=57 (26%), scored=163 (74%)
---------------------------------
| episode_end/       |          |
|    crashed         | 1        |
|    missed_goal     | 57       |
|    scored          | 163      |
| rollout/           |          |
|    ep_len_mean     | 227      |
|    ep_rew_mean     | 43       |
| time/              |          |
|    fps             | 82       |
|    iterations      | 123      |
|    time_elapsed    | 9169     |
|    total_timesteps | 5756928  |
---------------------------------
----------------------------------------
| rollout/                |            |
|    ep_len_mean          | 228        |
|    ep_rew_mean          | 45.7       |
| time/                   |            |
|    fps                  | 82         |
|    iterations           | 124        |
|    time_elapsed         | 9243       |
|    total_timesteps      | 5763072    |
| train/                  |            |
|    approx_kl            | 0.05338512 |
|    clip_fraction        | 0.352      |
|    clip_range           | 0.2        |
|    entropy_loss         | -1.12      |
|    explained_variance   | 0.769      |
|    learning_rate        | 0.0003     |
|    loss                 | 0.0603     |
|    n_updates            | 9370       |
|    policy_gradient_loss | 0.00856    |
|    std                  | 0.323      |
|    value_loss           | 41.3       |
----------------------------------------
-----------------------------------------
| rollout/                |             |
|    ep_len_mean          | 230         |
|    ep_rew_mean          | 42.3        |
| time/                   |             |
|    fps                  | 82          |
|    iterations           | 125         |
|    time_elapsed         | 9312        |
|    total_timesteps      | 5769216     |
| train/                  |             |
|    approx_kl            | 0.021603748 |
|    clip_fraction        | 0.244       |
|    clip_range           | 0.2         |
|    entropy_loss         | -1.12       |
|    explained_variance   | 0.923       |
|    learning_rate        | 0.0003      |
|    loss                 | 1.42        |
|    n_updates            | 9380        |
|    policy_gradient_loss | -0.00394    |
|    std                  | 0.323       |
|    value_loss           | 6.97        |
-----------------------------------------
----------------------------------------
| rollout/                |            |
|    ep_len_mean          | 229        |
|    ep_rew_mean          | 44.5       |
| time/                   |            |
|    fps                  | 82         |
|    iterations           | 126        |
|    time_elapsed         | 9384       |
|    total_timesteps      | 5775360    |
| train/                  |            |
|    approx_kl            | 0.03190807 |
|    clip_fraction        | 0.246      |
|    clip_range           | 0.2        |
|    entropy_loss         | -1.12      |
|    explained_variance   | 0.969      |
|    learning_rate        | 0.0003     |
|    loss                 | 1.84       |
|    n_updates            | 9390       |
|    policy_gradient_loss | -0.00484   |
|    std                  | 0.322      |
|    value_loss           | 3.74       |
----------------------------------------
-----------------------------------------
| rollout/                |             |
|    ep_len_mean          | 229         |
|    ep_rew_mean          | 45          |
| time/                   |             |
|    fps                  | 82          |
|    iterations           | 127         |
|    time_elapsed         | 9458        |
|    total_timesteps      | 5781504     |
| train/                  |             |
|    approx_kl            | 0.042227056 |
|    clip_fraction        | 0.368       |
|    clip_range           | 0.2         |
|    entropy_loss         | -1.11       |
|    explained_variance   | 0.947       |
|    learning_rate        | 0.0003      |
|    loss                 | 2.21        |
|    n_updates            | 9400        |
|    policy_gradient_loss | 0.00348     |
|    std                  | 0.321       |
|    value_loss           | 9.18        |
-----------------------------------------
---------------------------------------
| rollout/                |           |
|    ep_len_mean          | 227       |
|    ep_rew_mean          | 41.9      |
| time/                   |           |
|    fps                  | 82        |
|    iterations           | 128       |
|    time_elapsed         | 9535      |
|    total_timesteps      | 5787648   |
| train/                  |           |
|    approx_kl            | 0.1627908 |
|    clip_fraction        | 0.384     |
|    clip_range           | 0.2       |
|    entropy_loss         | -1.1      |
|    explained_variance   | 0.888     |
|    learning_rate        | 0.0003    |
|    loss                 | 0.152     |
|    n_updates            | 9410      |
|    policy_gradient_loss | 0.0247    |
|    std                  | 0.322     |
|    value_loss           | 7.04      |
---------------------------------------
-----------------------------------------
| rollout/                |             |
|    ep_len_mean          | 227         |
|    ep_rew_mean          | 37.8        |
| time/                   |             |
|    fps                  | 82          |
|    iterations           | 129         |
|    time_elapsed         | 9610        |
|    total_timesteps      | 5793792     |
| train/                  |             |
|    approx_kl            | 0.045763116 |
|    clip_fraction        | 0.286       |
|    clip_range           | 0.2         |
|    entropy_loss         | -1.12       |
|    explained_variance   | 0.929       |
|    learning_rate        | 0.0003      |
|    loss                 | 0.132       |
|    n_updates            | 9420        |
|    policy_gradient_loss | 0.00237     |
|    std                  | 0.324       |
|    value_loss           | 5.81        |
-----------------------------------------
-----------------------------------------
| rollout/                |             |
|    ep_len_mean          | 229         |
|    ep_rew_mean          | 34.6        |
| time/                   |             |
|    fps                  | 82          |
|    iterations           | 130         |
|    time_elapsed         | 9686        |
|    total_timesteps      | 5799936     |
| train/                  |             |
|    approx_kl            | 0.054834377 |
|    clip_fraction        | 0.322       |
|    clip_range           | 0.2         |
|    entropy_loss         | -1.12       |
|    explained_variance   | 0.876       |
|    learning_rate        | 0.0003      |
|    loss                 | 0.678       |
|    n_updates            | 9430        |
|    policy_gradient_loss | 0.00839     |
|    std                  | 0.323       |
|    value_loss           | 15.6        |
-----------------------------------------
Eval num_timesteps=5801088, episode_reward=43.48 +/- 32.65
Episode length: 214.10 +/- 9.51
-----------------------------------------
| eval/                   |             |
|    mean_ep_length       | 214         |
|    mean_reward          | 43.5        |
| time/                   |             |
|    total_timesteps      | 5801088     |
| train/                  |             |
|    approx_kl            | 0.031146258 |
|    clip_fraction        | 0.217       |
|    clip_range           | 0.2         |
|    entropy_loss         | -1.1        |
|    explained_variance   | 0.942       |
|    learning_rate        | 0.0003      |
|    loss                 | 1.26        |
|    n_updates            | 9440        |
|    policy_gradient_loss | -0.0086     |
|    std                  | 0.321       |
|    value_loss           | 7.16        |
-----------------------------------------
[progress] timestep 5801292
[episode ends] timestep 5801292: missed_goal=81 (38%), scored=135 (62%)
---------------------------------
| episode_end/       |          |
|    missed_goal     | 81       |
|    scored          | 135      |
| rollout/           |          |
|    ep_len_mean     | 229      |
|    ep_rew_mean     | 35.8     |
| time/              |          |
|    fps             | 82       |
|    iterations      | 131      |
|    time_elapsed    | 9778     |
|    total_timesteps | 5806080  |
---------------------------------
----------------------------------------
| rollout/                |            |
|    ep_len_mean          | 226        |
|    ep_rew_mean          | 41.2       |
| time/                   |            |
|    fps                  | 82         |
|    iterations           | 132        |
|    time_elapsed         | 9849       |
|    total_timesteps      | 5812224    |
| train/                  |            |
|    approx_kl            | 0.04718927 |
|    clip_fraction        | 0.359      |
|    clip_range           | 0.2        |
|    entropy_loss         | -1.08      |
|    explained_variance   | 0.804      |
|    learning_rate        | 0.0003     |
|    loss                 | 0.0755     |
|    n_updates            | 9450       |
|    policy_gradient_loss | 0.0127     |
|    std                  | 0.32       |
|    value_loss           | 24         |
----------------------------------------
-----------------------------------------
| rollout/                |             |
|    ep_len_mean          | 226         |
|    ep_rew_mean          | 38.6        |
| time/                   |             |
|    fps                  | 82          |
|    iterations           | 133         |
|    time_elapsed         | 9922        |
|    total_timesteps      | 5818368     |
| train/                  |             |
|    approx_kl            | 0.029827563 |
|    clip_fraction        | 0.246       |
|    clip_range           | 0.2         |
|    entropy_loss         | -1.08       |
|    explained_variance   | 0.945       |
|    learning_rate        | 0.0003      |
|    loss                 | 0.307       |
|    n_updates            | 9460        |
|    policy_gradient_loss | -0.000787   |
|    std                  | 0.321       |
|    value_loss           | 10.8        |
-----------------------------------------
---------------------------------------
| rollout/                |           |
|    ep_len_mean          | 223       |
|    ep_rew_mean          | 42.4      |
| time/                   |           |
|    fps                  | 82        |
|    iterations           | 134       |
|    time_elapsed         | 9992      |
|    total_timesteps      | 5824512   |
| train/                  |           |
|    approx_kl            | 0.0436212 |
|    clip_fraction        | 0.299     |
|    clip_range           | 0.2       |
|    entropy_loss         | -1.08     |
|    explained_variance   | 0.906     |
|    learning_rate        | 0.0003    |
|    loss                 | 3.52      |
|    n_updates            | 9470      |
|    policy_gradient_loss | 8.85e-05  |
|    std                  | 0.32      |
|    value_loss           | 9.62      |
---------------------------------------
----------------------------------------
| rollout/                |            |
|    ep_len_mean          | 224        |
|    ep_rew_mean          | 38.9       |
| time/                   |            |
|    fps                  | 82         |
|    iterations           | 135        |
|    time_elapsed         | 10067      |
|    total_timesteps      | 5830656    |
| train/                  |            |
|    approx_kl            | 0.06322209 |
|    clip_fraction        | 0.279      |
|    clip_range           | 0.2        |
|    entropy_loss         | -1.06      |
|    explained_variance   | 0.772      |
|    learning_rate        | 0.0003     |
|    loss                 | 212        |
|    n_updates            | 9480       |
|    policy_gradient_loss | 0.000832   |
|    std                  | 0.318      |
|    value_loss           | 35.9       |
----------------------------------------
---------------------------------------
| rollout/                |           |
|    ep_len_mean          | 226       |
|    ep_rew_mean          | 34.5      |
| time/                   |           |
|    fps                  | 82        |
|    iterations           | 136       |
|    time_elapsed         | 10144     |
|    total_timesteps      | 5836800   |
| train/                  |           |
|    approx_kl            | 0.4454501 |
|    clip_fraction        | 0.449     |
|    clip_range           | 0.2       |
|    entropy_loss         | -1.04     |
|    explained_variance   | 0.65      |
|    learning_rate        | 0.0003    |
|    loss                 | 0.636     |
|    n_updates            | 9490      |
|    policy_gradient_loss | 0.0211    |
|    std                  | 0.316     |
|    value_loss           | 78.7      |
---------------------------------------
-----------------------------------------
| rollout/                |             |
|    ep_len_mean          | 225         |
|    ep_rew_mean          | 37.8        |
| time/                   |             |
|    fps                  | 82          |
|    iterations           | 137         |
|    time_elapsed         | 10219       |
|    total_timesteps      | 5842944     |
| train/                  |             |
|    approx_kl            | 0.026538722 |
|    clip_fraction        | 0.246       |
|    clip_range           | 0.2         |
|    entropy_loss         | -1.02       |
|    explained_variance   | 0.838       |
|    learning_rate        | 0.0003      |
|    loss                 | 0.285       |
|    n_updates            | 9500        |
|    policy_gradient_loss | -0.00457    |
|    std                  | 0.316       |
|    value_loss           | 35.7        |
-----------------------------------------
----------------------------------------
| rollout/                |            |
|    ep_len_mean          | 225        |
|    ep_rew_mean          | 40.2       |
| time/                   |            |
|    fps                  | 82         |
|    iterations           | 138        |
|    time_elapsed         | 10294      |
|    total_timesteps      | 5849088    |
| train/                  |            |
|    approx_kl            | 0.03592387 |
|    clip_fraction        | 0.239      |
|    clip_range           | 0.2        |
|    entropy_loss         | -1.01      |
|    explained_variance   | 0.942      |
|    learning_rate        | 0.0003     |
|    loss                 | 1.35       |
|    n_updates            | 9510       |
|    policy_gradient_loss | -0.00283   |
|    std                  | 0.314      |
|    value_loss           | 8.42       |
----------------------------------------
Eval num_timesteps=5851080, episode_reward=25.72 +/- 32.26
Episode length: 230.40 +/- 18.45
----------------------------------------
| eval/                   |            |
|    mean_ep_length       | 230        |
|    mean_reward          | 25.7       |
| time/                   |            |
|    total_timesteps      | 5851080    |
| train/                  |            |
|    approx_kl            | 0.03920653 |
|    clip_fraction        | 0.331      |
|    clip_range           | 0.2        |
|    entropy_loss         | -1         |
|    explained_variance   | 0.956      |
|    learning_rate        | 0.0003     |
|    loss                 | 0.167      |
|    n_updates            | 9520       |
|    policy_gradient_loss | 0.000663   |
|    std                  | 0.314      |
|    value_loss           | 8.31       |
----------------------------------------
[episode ends] timestep 5851296: crashed=1 (0%), missed_goal=70 (31%), scored=153 (68%)
---------------------------------
| episode_end/       |          |
|    crashed         | 1        |
|    missed_goal     | 70       |
|    scored          | 153      |
| rollout/           |          |
|    ep_len_mean     | 225      |
|    ep_rew_mean     | 42.8     |
| time/              |          |
|    fps             | 82       |
|    iterations      | 139      |
|    time_elapsed    | 10389    |
|    total_timesteps | 5855232  |
---------------------------------
----------------------------------------
| rollout/                |            |
|    ep_len_mean          | 224        |
|    ep_rew_mean          | 45         |
| time/                   |            |
|    fps                  | 82         |
|    iterations           | 140        |
|    time_elapsed         | 10462      |
|    total_timesteps      | 5861376    |
| train/                  |            |
|    approx_kl            | 0.08407154 |
|    clip_fraction        | 0.299      |
|    clip_range           | 0.2        |
|    entropy_loss         | -1         |
|    explained_variance   | 0.91       |
|    learning_rate        | 0.0003     |
|    loss                 | 11.1       |
|    n_updates            | 9530       |
|    policy_gradient_loss | 0.00444    |
|    std                  | 0.314      |
|    value_loss           | 12.4       |
----------------------------------------
----------------------------------------
| rollout/                |            |
|    ep_len_mean          | 224        |
|    ep_rew_mean          | 43.6       |
| time/                   |            |
|    fps                  | 82         |
|    iterations           | 141        |
|    time_elapsed         | 10539      |
|    total_timesteps      | 5867520    |
| train/                  |            |
|    approx_kl            | 0.05596845 |
|    clip_fraction        | 0.284      |
|    clip_range           | 0.2        |
|    entropy_loss         | -1         |
|    explained_variance   | 0.925      |
|    learning_rate        | 0.0003     |
|    loss                 | 0.322      |
|    n_updates            | 9540       |
|    policy_gradient_loss | -0.000178  |
|    std                  | 0.315      |
|    value_loss           | 12.4       |
----------------------------------------
-----------------------------------------
| rollout/                |             |
|    ep_len_mean          | 224         |
|    ep_rew_mean          | 39.5        |
| time/                   |             |
|    fps                  | 82          |
|    iterations           | 142         |
|    time_elapsed         | 10613       |
|    total_timesteps      | 5873664     |
| train/                  |             |
|    approx_kl            | 0.023689523 |
|    clip_fraction        | 0.246       |
|    clip_range           | 0.2         |
|    entropy_loss         | -1.01       |
|    explained_variance   | 0.656       |
|    learning_rate        | 0.0003      |
|    loss                 | 0.364       |
|    n_updates            | 9550        |
|    policy_gradient_loss | -0.00424    |
|    std                  | 0.315       |
|    value_loss           | 92.9        |
-----------------------------------------
----------------------------------------
| rollout/                |            |
|    ep_len_mean          | 225        |
|    ep_rew_mean          | 33.2       |
| time/                   |            |
|    fps                  | 82         |
|    iterations           | 143        |
|    time_elapsed         | 10690      |
|    total_timesteps      | 5879808    |
| train/                  |            |
|    approx_kl            | 0.03773461 |
|    clip_fraction        | 0.326      |
|    clip_range           | 0.2        |
|    entropy_loss         | -1         |
|    explained_variance   | 0.626      |
|    learning_rate        | 0.0003     |
|    loss                 | 3.51       |
|    n_updates            | 9560       |
|    policy_gradient_loss | 0.00269    |
|    std                  | 0.315      |
|    value_loss           | 137        |
----------------------------------------
-----------------------------------------
| rollout/                |             |
|    ep_len_mean          | 225         |
|    ep_rew_mean          | 35.4        |
| time/                   |             |
|    fps                  | 82          |
|    iterations           | 144         |
|    time_elapsed         | 10766       |
|    total_timesteps      | 5885952     |
| train/                  |             |
|    approx_kl            | 0.038542658 |
|    clip_fraction        | 0.308       |
|    clip_range           | 0.2         |
|    entropy_loss         | -1          |
|    explained_variance   | 0.823       |
|    learning_rate        | 0.0003      |
|    loss                 | 0.805       |
|    n_updates            | 9570        |
|    policy_gradient_loss | 0.00663     |
|    std                  | 0.314       |
|    value_loss           | 18.1        |
-----------------------------------------
----------------------------------------
| rollout/                |            |
|    ep_len_mean          | 225        |
|    ep_rew_mean          | 33.1       |
| time/                   |            |
|    fps                  | 82         |
|    iterations           | 145        |
|    time_elapsed         | 10846      |
|    total_timesteps      | 5892096    |
| train/                  |            |
|    approx_kl            | 0.06089999 |
|    clip_fraction        | 0.348      |
|    clip_range           | 0.2        |
|    entropy_loss         | -0.994     |
|    explained_variance   | 0.722      |
|    learning_rate        | 0.0003     |
|    loss                 | 0.919      |
|    n_updates            | 9580       |
|    policy_gradient_loss | 0.00526    |
|    std                  | 0.314      |
|    value_loss           | 76.1       |
----------------------------------------
-----------------------------------------
| rollout/                |             |
|    ep_len_mean          | 226         |
|    ep_rew_mean          | 36.7        |
| time/                   |             |
|    fps                  | 82          |
|    iterations           | 146         |
|    time_elapsed         | 10921       |
|    total_timesteps      | 5898240     |
| train/                  |             |
|    approx_kl            | 0.036306266 |
|    clip_fraction        | 0.216       |
|    clip_range           | 0.2         |
|    entropy_loss         | -0.985      |
|    explained_variance   | 0.917       |
|    learning_rate        | 0.0003      |
|    loss                 | 4.04        |
|    n_updates            | 9590        |
|    policy_gradient_loss | -0.00232    |
|    std                  | 0.313       |
|    value_loss           | 8.01        |
-----------------------------------------
Eval num_timesteps=5901072, episode_reward=39.58 +/- 31.19
Episode length: 221.60 +/- 15.53
----------------------------------------
| eval/                   |            |
|    mean_ep_length       | 222        |
|    mean_reward          | 39.6       |
| time/                   |            |
|    total_timesteps      | 5901072    |
| train/                  |            |
|    approx_kl            | 0.03772815 |
|    clip_fraction        | 0.282      |
|    clip_range           | 0.2        |
|    entropy_loss         | -0.976     |
|    explained_variance   | 0.932      |
|    learning_rate        | 0.0003     |
|    loss                 | 1.78       |
|    n_updates            | 9600       |
|    policy_gradient_loss | -0.00204   |
|    std                  | 0.312      |
|    value_loss           | 6.91       |
----------------------------------------
[progress] timestep 5901300
[episode ends] timestep 5901300: crashed=2 (1%), missed_goal=76 (35%), scored=142 (65%)
---------------------------------
| episode_end/       |          |
|    crashed         | 2        |
|    missed_goal     | 76       |
|    scored          | 142      |
| rollout/           |          |
|    ep_len_mean     | 228      |
|    ep_rew_mean     | 40.6     |
| time/              |          |
|    fps             | 81       |
|    iterations      | 147      |
|    time_elapsed    | 11014    |
|    total_timesteps | 5904384  |
---------------------------------
-----------------------------------------
| rollout/                |             |
|    ep_len_mean          | 229         |
|    ep_rew_mean          | 41.1        |
| time/                   |             |
|    fps                  | 81          |
|    iterations           | 148         |
|    time_elapsed         | 11089       |
|    total_timesteps      | 5910528     |
| train/                  |             |
|    approx_kl            | 0.049992155 |
|    clip_fraction        | 0.359       |
|    clip_range           | 0.2         |
|    entropy_loss         | -0.974      |
|    explained_variance   | 0.902       |
|    learning_rate        | 0.0003      |
|    loss                 | 0.832       |
|    n_updates            | 9610        |
|    policy_gradient_loss | 0.011       |
|    std                  | 0.312       |
|    value_loss           | 11          |
-----------------------------------------
----------------------------------------
| rollout/                |            |
|    ep_len_mean          | 227        |
|    ep_rew_mean          | 41.9       |
| time/                   |            |
|    fps                  | 82         |
|    iterations           | 149        |
|    time_elapsed         | 11164      |
|    total_timesteps      | 5916672    |
| train/                  |            |
|    approx_kl            | 0.07548345 |
|    clip_fraction        | 0.422      |
|    clip_range           | 0.2        |
|    entropy_loss         | -0.974     |
|    explained_variance   | 0.851      |
|    learning_rate        | 0.0003     |
|    loss                 | 0.61       |
|    n_updates            | 9620       |
|    policy_gradient_loss | 0.02       |
|    std                  | 0.313      |
|    value_loss           | 16.4       |
----------------------------------------
----------------------------------------
| rollout/                |            |
|    ep_len_mean          | 225        |
|    ep_rew_mean          | 42.2       |
| time/                   |            |
|    fps                  | 81         |
|    iterations           | 150        |
|    time_elapsed         | 11243      |
|    total_timesteps      | 5922816    |
| train/                  |            |
|    approx_kl            | 0.03546292 |
|    clip_fraction        | 0.247      |
|    clip_range           | 0.2        |
|    entropy_loss         | -0.983     |
|    explained_variance   | 0.884      |
|    learning_rate        | 0.0003     |
|    loss                 | 0.231      |
|    n_updates            | 9630       |
|    policy_gradient_loss | -0.00353   |
|    std                  | 0.313      |
|    value_loss           | 14.5       |
----------------------------------------
-----------------------------------------
| rollout/                |             |
|    ep_len_mean          | 228         |
|    ep_rew_mean          | 38.1        |
| time/                   |             |
|    fps                  | 81          |
|    iterations           | 151         |
|    time_elapsed         | 11322       |
|    total_timesteps      | 5928960     |
| train/                  |             |
|    approx_kl            | 0.045104522 |
|    clip_fraction        | 0.296       |
|    clip_range           | 0.2         |
|    entropy_loss         | -0.98       |
|    explained_variance   | 0.622       |
|    learning_rate        | 0.0003      |
|    loss                 | 0.388       |
|    n_updates            | 9640        |
|    policy_gradient_loss | 0.0069      |
|    std                  | 0.313       |
|    value_loss           | 107         |
-----------------------------------------
----------------------------------------
| rollout/                |            |
|    ep_len_mean          | 229        |
|    ep_rew_mean          | 41.3       |
| time/                   |            |
|    fps                  | 81         |
|    iterations           | 152        |
|    time_elapsed         | 11397      |
|    total_timesteps      | 5935104    |
| train/                  |            |
|    approx_kl            | 0.05713682 |
|    clip_fraction        | 0.302      |
|    clip_range           | 0.2        |
|    entropy_loss         | -0.982     |
|    explained_variance   | 0.761      |
|    learning_rate        | 0.0003     |
|    loss                 | 1.44       |
|    n_updates            | 9650       |
|    policy_gradient_loss | 0.00421    |
|    std                  | 0.312      |
|    value_loss           | 72.4       |
----------------------------------------
----------------------------------------
| rollout/                |            |
|    ep_len_mean          | 227        |
|    ep_rew_mean          | 39.8       |
| time/                   |            |
|    fps                  | 81         |
|    iterations           | 153        |
|    time_elapsed         | 11476      |
|    total_timesteps      | 5941248    |
| train/                  |            |
|    approx_kl            | 0.06006062 |
|    clip_fraction        | 0.353      |
|    clip_range           | 0.2        |
|    entropy_loss         | -0.984     |
|    explained_variance   | 0.931      |
|    learning_rate        | 0.0003     |
|    loss                 | 0.965      |
|    n_updates            | 9660       |
|    policy_gradient_loss | 0.0114     |
|    std                  | 0.314      |
|    value_loss           | 5.98       |
----------------------------------------
----------------------------------------
| rollout/                |            |
|    ep_len_mean          | 228        |
|    ep_rew_mean          | 40.8       |
| time/                   |            |
|    fps                  | 81         |
|    iterations           | 154        |
|    time_elapsed         | 11552      |
|    total_timesteps      | 5947392    |
| train/                  |            |
|    approx_kl            | 0.03520755 |
|    clip_fraction        | 0.331      |
|    clip_range           | 0.2        |
|    entropy_loss         | -0.99      |
|    explained_variance   | 0.831      |
|    learning_rate        | 0.0003     |
|    loss                 | 0.675      |
|    n_updates            | 9670       |
|    policy_gradient_loss | 0.00494    |
|    std                  | 0.313      |
|    value_loss           | 29.5       |
----------------------------------------
Eval num_timesteps=5951064, episode_reward=18.72 +/- 62.45
Episode length: 233.20 +/- 27.54
-----------------------------------------
| eval/                   |             |
|    mean_ep_length       | 233         |
|    mean_reward          | 18.7        |
| time/                   |             |
|    total_timesteps      | 5951064     |
| train/                  |             |
|    approx_kl            | 0.029392267 |
|    clip_fraction        | 0.23        |
|    clip_range           | 0.2         |
|    entropy_loss         | -0.973      |
|    explained_variance   | 0.888       |
|    learning_rate        | 0.0003      |
|    loss                 | 10.9        |
|    n_updates            | 9680        |
|    policy_gradient_loss | -0.00649    |
|    std                  | 0.311       |
|    value_loss           | 17.3        |
-----------------------------------------
[episode ends] timestep 5951304: crashed=1 (0%), missed_goal=61 (27%), scored=161 (72%)
---------------------------------
| episode_end/       |          |
|    crashed         | 1        |
|    missed_goal     | 61       |
|    scored          | 161      |
| rollout/           |          |
|    ep_len_mean     | 222      |
|    ep_rew_mean     | 44.3     |
| time/              |          |
|    fps             | 81       |
|    iterations      | 155      |
|    time_elapsed    | 11653    |
|    total_timesteps | 5953536  |
---------------------------------
----------------------------------------
| rollout/                |            |
|    ep_len_mean          | 223        |
|    ep_rew_mean          | 40.5       |
| time/                   |            |
|    fps                  | 81         |
|    iterations           | 156        |
|    time_elapsed         | 11728      |
|    total_timesteps      | 5959680    |
| train/                  |            |
|    approx_kl            | 0.06548653 |
|    clip_fraction        | 0.347      |
|    clip_range           | 0.2        |
|    entropy_loss         | -0.956     |
|    explained_variance   | 0.937      |
|    learning_rate        | 0.0003     |
|    loss                 | 1.38       |
|    n_updates            | 9690       |
|    policy_gradient_loss | 0.00723    |
|    std                  | 0.311      |
|    value_loss           | 7.43       |
----------------------------------------
-----------------------------------------
| rollout/                |             |
|    ep_len_mean          | 224         |
|    ep_rew_mean          | 36.8        |
| time/                   |             |
|    fps                  | 81          |
|    iterations           | 157         |
|    time_elapsed         | 11804       |
|    total_timesteps      | 5965824     |
| train/                  |             |
|    approx_kl            | 0.035861548 |
|    clip_fraction        | 0.302       |
|    clip_range           | 0.2         |
|    entropy_loss         | -0.933      |
|    explained_variance   | 0.857       |
|    learning_rate        | 0.0003      |
|    loss                 | 22.3        |
|    n_updates            | 9700        |
|    policy_gradient_loss | 0.00161     |
|    std                  | 0.308       |
|    value_loss           | 19.7        |
-----------------------------------------
----------------------------------------
| rollout/                |            |
|    ep_len_mean          | 224        |
|    ep_rew_mean          | 40         |
| time/                   |            |
|    fps                  | 81         |
|    iterations           | 158        |
|    time_elapsed         | 11882      |
|    total_timesteps      | 5971968    |
| train/                  |            |
|    approx_kl            | 0.06012836 |
|    clip_fraction        | 0.292      |
|    clip_range           | 0.2        |
|    entropy_loss         | -0.914     |
|    explained_variance   | 0.607      |
|    learning_rate        | 0.0003     |
|    loss                 | 35.1       |
|    n_updates            | 9710       |
|    policy_gradient_loss | -0.000215  |
|    std                  | 0.308      |
|    value_loss           | 118        |
----------------------------------------
----------------------------------------
| rollout/                |            |
|    ep_len_mean          | 227        |
|    ep_rew_mean          | 39.3       |
| time/                   |            |
|    fps                  | 81         |
|    iterations           | 159        |
|    time_elapsed         | 11955      |
|    total_timesteps      | 5978112    |
| train/                  |            |
|    approx_kl            | 0.03499538 |
|    clip_fraction        | 0.272      |
|    clip_range           | 0.2        |
|    entropy_loss         | -0.907     |
|    explained_variance   | 0.918      |
|    learning_rate        | 0.0003     |
|    loss                 | 4.51       |
|    n_updates            | 9720       |
|    policy_gradient_loss | 0.00189    |
|    std                  | 0.307      |
|    value_loss           | 14.2       |
----------------------------------------
----------------------------------------
| rollout/                |            |
|    ep_len_mean          | 227        |
|    ep_rew_mean          | 44         |
| time/                   |            |
|    fps                  | 81         |
|    iterations           | 160        |
|    time_elapsed         | 12034      |
|    total_timesteps      | 5984256    |
| train/                  |            |
|    approx_kl            | 0.05016175 |
|    clip_fraction        | 0.371      |
|    clip_range           | 0.2        |
|    entropy_loss         | -0.893     |
|    explained_variance   | 0.898      |
|    learning_rate        | 0.0003     |
|    loss                 | 2.94       |
|    n_updates            | 9730       |
|    policy_gradient_loss | 0.00867    |
|    std                  | 0.306      |
|    value_loss           | 10.5       |
----------------------------------------
-----------------------------------------
| rollout/                |             |
|    ep_len_mean          | 228         |
|    ep_rew_mean          | 46          |
| time/                   |             |
|    fps                  | 81          |
|    iterations           | 161         |
|    time_elapsed         | 12115       |
|    total_timesteps      | 5990400     |
| train/                  |             |
|    approx_kl            | 0.075586595 |
|    clip_fraction        | 0.376       |
|    clip_range           | 0.2         |
|    entropy_loss         | -0.886      |
|    explained_variance   | 0.921       |
|    learning_rate        | 0.0003      |
|    loss                 | 3.02        |
|    n_updates            | 9740        |
|    policy_gradient_loss | 0.0142      |
|    std                  | 0.305       |
|    value_loss           | 9.44        |
-----------------------------------------
----------------------------------------
| rollout/                |            |
|    ep_len_mean          | 229        |
|    ep_rew_mean          | 38         |
| time/                   |            |
|    fps                  | 81         |
|    iterations           | 162        |
|    time_elapsed         | 12186      |
|    total_timesteps      | 5996544    |
| train/                  |            |
|    approx_kl            | 0.07187412 |
|    clip_fraction        | 0.319      |
|    clip_range           | 0.2        |
|    entropy_loss         | -0.878     |
|    explained_variance   | 0.607      |
|    learning_rate        | 0.0003     |
|    loss                 | 8.66       |
|    n_updates            | 9750       |
|    policy_gradient_loss | 0.0087     |
|    std                  | 0.305      |
|    value_loss           | 83.4       |
----------------------------------------
Eval num_timesteps=6001056, episode_reward=39.85 +/- 30.90
Episode length: 226.50 +/- 21.01
-----------------------------------------
| eval/                   |             |
|    mean_ep_length       | 226         |
|    mean_reward          | 39.9        |
| time/                   |             |
|    total_timesteps      | 6001056     |
| train/                  |             |
|    approx_kl            | 0.039649233 |
|    clip_fraction        | 0.275       |
|    clip_range           | 0.2         |
|    entropy_loss         | -0.874      |
|    explained_variance   | 0.695       |
|    learning_rate        | 0.0003      |
|    loss                 | 0.532       |
|    n_updates            | 9760        |
|    policy_gradient_loss | -0.00269    |
|    std                  | 0.305       |
|    value_loss           | 50.1        |
-----------------------------------------
[progress] timestep 6001308
[episode ends] timestep 6001308: crashed=1 (0%), missed_goal=68 (31%), scored=149 (68%)
---------------------------------
| episode_end/       |          |
|    crashed         | 1        |
|    missed_goal     | 68       |
|    scored          | 149      |
| rollout/           |          |
|    ep_len_mean     | 228      |
|    ep_rew_mean     | 36.8     |
| time/              |          |
|    fps             | 81       |
|    iterations      | 163      |
|    time_elapsed    | 12280    |
|    total_timesteps | 6002688  |
---------------------------------
----------------------------------------
| rollout/                |            |
|    ep_len_mean          | 226        |
|    ep_rew_mean          | 37.6       |
| time/                   |            |
|    fps                  | 81         |
|    iterations           | 164        |
|    time_elapsed         | 12348      |
|    total_timesteps      | 6008832    |
| train/                  |            |
|    approx_kl            | 0.05118391 |
|    clip_fraction        | 0.368      |
|    clip_range           | 0.2        |
|    entropy_loss         | -0.874     |
|    explained_variance   | 0.877      |
|    learning_rate        | 0.0003     |
|    loss                 | 0.116      |
|    n_updates            | 9770       |
|    policy_gradient_loss | 0.0128     |
|    std                  | 0.305      |
|    value_loss           | 20         |
----------------------------------------
-----------------------------------------
| rollout/                |             |
|    ep_len_mean          | 227         |
|    ep_rew_mean          | 36.4        |
| time/                   |             |
|    fps                  | 81          |
|    iterations           | 165         |
|    time_elapsed         | 12427       |
|    total_timesteps      | 6014976     |
| train/                  |             |
|    approx_kl            | 0.055853825 |
|    clip_fraction        | 0.401       |
|    clip_range           | 0.2         |
|    entropy_loss         | -0.864      |
|    explained_variance   | 0.913       |
|    learning_rate        | 0.0003      |
|    loss                 | 0.126       |
|    n_updates            | 9780        |
|    policy_gradient_loss | 0.00907     |
|    std                  | 0.303       |
|    value_loss           | 8.26        |
-----------------------------------------
-----------------------------------------
| rollout/                |             |
|    ep_len_mean          | 228         |
|    ep_rew_mean          | 40.1        |
| time/                   |             |
|    fps                  | 81          |
|    iterations           | 166         |
|    time_elapsed         | 12504       |
|    total_timesteps      | 6021120     |
| train/                  |             |
|    approx_kl            | 0.041549172 |
|    clip_fraction        | 0.356       |
|    clip_range           | 0.2         |
|    entropy_loss         | -0.848      |
|    explained_variance   | 0.588       |
|    learning_rate        | 0.0003      |
|    loss                 | 0.134       |
|    n_updates            | 9790        |
|    policy_gradient_loss | 0.00541     |
|    std                  | 0.302       |
|    value_loss           | 154         |
-----------------------------------------
----------------------------------------
| rollout/                |            |
|    ep_len_mean          | 228        |
|    ep_rew_mean          | 39.6       |
| time/                   |            |
|    fps                  | 81         |
|    iterations           | 167        |
|    time_elapsed         | 12578      |
|    total_timesteps      | 6027264    |
| train/                  |            |
|    approx_kl            | 0.09523388 |
|    clip_fraction        | 0.374      |
|    clip_range           | 0.2        |
|    entropy_loss         | -0.822     |
|    explained_variance   | 0.927      |
|    learning_rate        | 0.0003     |
|    loss                 | 0.287      |
|    n_updates            | 9800       |
|    policy_gradient_loss | 0.00338    |
|    std                  | 0.3        |
|    value_loss           | 7.54       |
----------------------------------------
-----------------------------------------
| rollout/                |             |
|    ep_len_mean          | 227         |
|    ep_rew_mean          | 22.7        |
| time/                   |             |
|    fps                  | 81          |
|    iterations           | 168         |
|    time_elapsed         | 12653       |
|    total_timesteps      | 6033408     |
| train/                  |             |
|    approx_kl            | 0.037585508 |
|    clip_fraction        | 0.274       |
|    clip_range           | 0.2         |
|    entropy_loss         | -0.813      |
|    explained_variance   | 0.553       |
|    learning_rate        | 0.0003      |
|    loss                 | 1.05        |
|    n_updates            | 9810        |
|    policy_gradient_loss | -0.0011     |
|    std                  | 0.3         |
|    value_loss           | 217         |
-----------------------------------------
-----------------------------------------
| rollout/                |             |
|    ep_len_mean          | 225         |
|    ep_rew_mean          | 26.3        |
| time/                   |             |
|    fps                  | 81          |
|    iterations           | 169         |
|    time_elapsed         | 12733       |
|    total_timesteps      | 6039552     |
| train/                  |             |
|    approx_kl            | 0.043420445 |
|    clip_fraction        | 0.315       |
|    clip_range           | 0.2         |
|    entropy_loss         | -0.828      |
|    explained_variance   | 0.702       |
|    learning_rate        | 0.0003      |
|    loss                 | 1.16        |
|    n_updates            | 9820        |
|    policy_gradient_loss | 0.000269    |
|    std                  | 0.301       |
|    value_loss           | 175         |
-----------------------------------------
---------------------------------------
| rollout/                |           |
|    ep_len_mean          | 225       |
|    ep_rew_mean          | 24.9      |
| time/                   |           |
|    fps                  | 81        |
|    iterations           | 170       |
|    time_elapsed         | 12806     |
|    total_timesteps      | 6045696   |
| train/                  |           |
|    approx_kl            | 0.0608972 |
|    clip_fraction        | 0.404     |
|    clip_range           | 0.2       |
|    entropy_loss         | -0.82     |
|    explained_variance   | 0.726     |
|    learning_rate        | 0.0003    |
|    loss                 | 0.142     |
|    n_updates            | 9830      |
|    policy_gradient_loss | 0.00625   |
|    std                  | 0.299     |
|    value_loss           | 63.3      |
---------------------------------------
Eval num_timesteps=6051048, episode_reward=39.02 +/- 32.14
Episode length: 225.30 +/- 19.09
----------------------------------------
| eval/                   |            |
|    mean_ep_length       | 225        |
|    mean_reward          | 39         |
| time/                   |            |
|    total_timesteps      | 6051048    |
| train/                  |            |
|    approx_kl            | 0.08452654 |
|    clip_fraction        | 0.366      |
|    clip_range           | 0.2        |
|    entropy_loss         | -0.79      |
|    explained_variance   | 0.951      |
|    learning_rate        | 0.0003     |
|    loss                 | 0.0675     |
|    n_updates            | 9840       |
|    policy_gradient_loss | 0.00772    |
|    std                  | 0.297      |
|    value_loss           | 5.47       |
----------------------------------------
[episode ends] timestep 6051312: missed_goal=49 (22%), scored=173 (78%)
---------------------------------
| episode_end/       |          |
|    missed_goal     | 49       |
|    scored          | 173      |
| rollout/           |          |
|    ep_len_mean     | 223      |
|    ep_rew_mean     | 48.3     |
| time/              |          |
|    fps             | 81       |
|    iterations      | 171      |
|    time_elapsed    | 12899    |
|    total_timesteps | 6051840  |
---------------------------------
-----------------------------------------
| rollout/                |             |
|    ep_len_mean          | 224         |
|    ep_rew_mean          | 47          |
| time/                   |             |
|    fps                  | 81          |
|    iterations           | 172         |
|    time_elapsed         | 12974       |
|    total_timesteps      | 6057984     |
| train/                  |             |
|    approx_kl            | 0.052027557 |
|    clip_fraction        | 0.317       |
|    clip_range           | 0.2         |
|    entropy_loss         | -0.784      |
|    explained_variance   | 0.904       |
|    learning_rate        | 0.0003      |
|    loss                 | 0.0704      |
|    n_updates            | 9850        |
|    policy_gradient_loss | 0.00464     |
|    std                  | 0.299       |
|    value_loss           | 17.7        |
-----------------------------------------
---------------------------------------
| rollout/                |           |
|    ep_len_mean          | 226       |
|    ep_rew_mean          | 46.8      |
| time/                   |           |
|    fps                  | 81        |
|    iterations           | 173       |
|    time_elapsed         | 13050     |
|    total_timesteps      | 6064128   |
| train/                  |           |
|    approx_kl            | 0.0484298 |
|    clip_fraction        | 0.351     |
|    clip_range           | 0.2       |
|    entropy_loss         | -0.808    |
|    explained_variance   | 0.88      |
|    learning_rate        | 0.0003    |
|    loss                 | 2.3       |
|    n_updates            | 9860      |
|    policy_gradient_loss | 0.00395   |
|    std                  | 0.3       |
|    value_loss           | 9         |
---------------------------------------
----------------------------------------
| rollout/                |            |
|    ep_len_mean          | 225        |
|    ep_rew_mean          | 45.1       |
| time/                   |            |
|    fps                  | 81         |
|    iterations           | 174        |
|    time_elapsed         | 13130      |
|    total_timesteps      | 6070272    |
| train/                  |            |
|    approx_kl            | 0.06658261 |
|    clip_fraction        | 0.326      |
|    clip_range           | 0.2        |
|    entropy_loss         | -0.814     |
|    explained_variance   | 0.823      |
|    learning_rate        | 0.0003     |
|    loss                 | 0.637      |
|    n_updates            | 9870       |
|    policy_gradient_loss | 0.00269    |
|    std                  | 0.3        |
|    value_loss           | 27.7       |
----------------------------------------
----------------------------------------
| rollout/                |            |
|    ep_len_mean          | 225        |
|    ep_rew_mean          | 42         |
| time/                   |            |
|    fps                  | 81         |
|    iterations           | 175        |
|    time_elapsed         | 13211      |
|    total_timesteps      | 6076416    |
| train/                  |            |
|    approx_kl            | 0.02357608 |
|    clip_fraction        | 0.267      |
|    clip_range           | 0.2        |
|    entropy_loss         | -0.817     |
|    explained_variance   | 0.745      |
|    learning_rate        | 0.0003     |
|    loss                 | 0.411      |
|    n_updates            | 9880       |
|    policy_gradient_loss | 0.00151    |
|    std                  | 0.3        |
|    value_loss           | 26.4       |
----------------------------------------
-----------------------------------------
| rollout/                |             |
|    ep_len_mean          | 226         |
|    ep_rew_mean          | 36.6        |
| time/                   |             |
|    fps                  | 81          |
|    iterations           | 176         |
|    time_elapsed         | 13287       |
|    total_timesteps      | 6082560     |
| train/                  |             |
|    approx_kl            | 0.025111273 |
|    clip_fraction        | 0.208       |
|    clip_range           | 0.2         |
|    entropy_loss         | -0.813      |
|    explained_variance   | 0.678       |
|    learning_rate        | 0.0003      |
|    loss                 | 1.57        |
|    n_updates            | 9890        |
|    policy_gradient_loss | -0.00185    |
|    std                  | 0.299       |
|    value_loss           | 42.8        |
-----------------------------------------
----------------------------------------
| rollout/                |            |
|    ep_len_mean          | 225        |
|    ep_rew_mean          | 37.2       |
| time/                   |            |
|    fps                  | 81         |
|    iterations           | 177        |
|    time_elapsed         | 13361      |
|    total_timesteps      | 6088704    |
| train/                  |            |
|    approx_kl            | 0.03653267 |
|    clip_fraction        | 0.298      |
|    clip_range           | 0.2        |
|    entropy_loss         | -0.795     |
|    explained_variance   | 0.799      |
|    learning_rate        | 0.0003     |
|    loss                 | 14.1       |
|    n_updates            | 9900       |
|    policy_gradient_loss | -0.00296   |
|    std                  | 0.298      |
|    value_loss           | 39.5       |
----------------------------------------
----------------------------------------
| rollout/                |            |
|    ep_len_mean          | 223        |
|    ep_rew_mean          | 39.1       |
| time/                   |            |
|    fps                  | 81         |
|    iterations           | 178        |
|    time_elapsed         | 13431      |
|    total_timesteps      | 6094848    |
| train/                  |            |
|    approx_kl            | 0.07492204 |
|    clip_fraction        | 0.335      |
|    clip_range           | 0.2        |
|    entropy_loss         | -0.781     |
|    explained_variance   | 0.896      |
|    learning_rate        | 0.0003     |
|    loss                 | 0.803      |
|    n_updates            | 9910       |
|    policy_gradient_loss | 0.00993    |
|    std                  | 0.298      |
|    value_loss           | 9.78       |
----------------------------------------
-----------------------------------------
| rollout/                |             |
|    ep_len_mean          | 222         |
|    ep_rew_mean          | 42.9        |
| time/                   |             |
|    fps                  | 81          |
|    iterations           | 179         |
|    time_elapsed         | 13498       |
|    total_timesteps      | 6100992     |
| train/                  |             |
|    approx_kl            | 0.038296815 |
|    clip_fraction        | 0.297       |
|    clip_range           | 0.2         |
|    entropy_loss         | -0.785      |
|    explained_variance   | 0.842       |
|    learning_rate        | 0.0003      |
|    loss                 | 3.06        |
|    n_updates            | 9920        |
|    policy_gradient_loss | 0.00647     |
|    std                  | 0.298       |
|    value_loss           | 27.4        |
-----------------------------------------
Eval num_timesteps=6101040, episode_reward=39.41 +/- 31.48
Episode length: 216.40 +/- 17.77
-----------------------------------------
| eval/                   |             |
|    mean_ep_length       | 216         |
|    mean_reward          | 39.4        |
| time/                   |             |
|    total_timesteps      | 6101040     |
| train/                  |             |
|    approx_kl            | 0.040021162 |
|    clip_fraction        | 0.31        |
|    clip_range           | 0.2         |
|    entropy_loss         | -0.785      |
|    explained_variance   | 0.896       |
|    learning_rate        | 0.0003      |
|    loss                 | 20          |
|    n_updates            | 9930        |
|    policy_gradient_loss | -0.00252    |
|    std                  | 0.298       |
|    value_loss           | 11.1        |
-----------------------------------------
[progress] timestep 6101316
[episode ends] timestep 6101316: missed_goal=66 (29%), scored=158 (71%)
---------------------------------
| episode_end/       |          |
|    missed_goal     | 66       |
|    scored          | 158      |
| rollout/           |          |
|    ep_len_mean     | 221      |
|    ep_rew_mean     | 39.8     |
| time/              |          |
|    fps             | 81       |
|    iterations      | 180      |
|    time_elapsed    | 13581    |
|    total_timesteps | 6107136  |
---------------------------------
-----------------------------------------
| rollout/                |             |
|    ep_len_mean          | 222         |
|    ep_rew_mean          | 45.4        |
| time/                   |             |
|    fps                  | 81          |
|    iterations           | 181         |
|    time_elapsed         | 13645       |
|    total_timesteps      | 6113280     |
| train/                  |             |
|    approx_kl            | 0.030349487 |
|    clip_fraction        | 0.299       |
|    clip_range           | 0.2         |
|    entropy_loss         | -0.789      |
|    explained_variance   | 0.727       |
|    learning_rate        | 0.0003      |
|    loss                 | 0.0819      |
|    n_updates            | 9940        |
|    policy_gradient_loss | 0.00465     |
|    std                  | 0.299       |
|    value_loss           | 47.4        |
-----------------------------------------
-----------------------------------------
| rollout/                |             |
|    ep_len_mean          | 224         |
|    ep_rew_mean          | 41.2        |
| time/                   |             |
|    fps                  | 81          |
|    iterations           | 182         |
|    time_elapsed         | 13710       |
|    total_timesteps      | 6119424     |
| train/                  |             |
|    approx_kl            | 0.061757516 |
|    clip_fraction        | 0.316       |
|    clip_range           | 0.2         |
|    entropy_loss         | -0.799      |
|    explained_variance   | 0.907       |
|    learning_rate        | 0.0003      |
|    loss                 | 0.0203      |
|    n_updates            | 9950        |
|    policy_gradient_loss | 0.00325     |
|    std                  | 0.299       |
|    value_loss           | 12.2        |
-----------------------------------------
-----------------------------------------
| rollout/                |             |
|    ep_len_mean          | 225         |
|    ep_rew_mean          | 35.8        |
| time/                   |             |
|    fps                  | 81          |
|    iterations           | 183         |
|    time_elapsed         | 13776       |
|    total_timesteps      | 6125568     |
| train/                  |             |
|    approx_kl            | 0.031779584 |
|    clip_fraction        | 0.279       |
|    clip_range           | 0.2         |
|    entropy_loss         | -0.797      |
|    explained_variance   | 0.947       |
|    learning_rate        | 0.0003      |
|    loss                 | 1.13        |
|    n_updates            | 9960        |
|    policy_gradient_loss | -0.00369    |
|    std                  | 0.299       |
|    value_loss           | 10.3        |
-----------------------------------------
----------------------------------------
| rollout/                |            |
|    ep_len_mean          | 228        |
|    ep_rew_mean          | 35.4       |
| time/                   |            |
|    fps                  | 81         |
|    iterations           | 184        |
|    time_elapsed         | 13842      |
|    total_timesteps      | 6131712    |
| train/                  |            |
|    approx_kl            | 0.07550042 |
|    clip_fraction        | 0.368      |
|    clip_range           | 0.2        |
|    entropy_loss         | -0.789     |
|    explained_variance   | 0.707      |
|    learning_rate        | 0.0003     |
|    loss                 | 0.473      |
|    n_updates            | 9970       |
|    policy_gradient_loss | 0.0075     |
|    std                  | 0.298      |
|    value_loss           | 123        |
----------------------------------------
----------------------------------------
| rollout/                |            |
|    ep_len_mean          | 227        |
|    ep_rew_mean          | 33         |
| time/                   |            |
|    fps                  | 81         |
|    iterations           | 185        |
|    time_elapsed         | 13909      |
|    total_timesteps      | 6137856    |
| train/                  |            |
|    approx_kl            | 0.11457398 |
|    clip_fraction        | 0.464      |
|    clip_range           | 0.2        |
|    entropy_loss         | -0.789     |
|    explained_variance   | 0.697      |
|    learning_rate        | 0.0003     |
|    loss                 | 5.5        |
|    n_updates            | 9980       |
|    policy_gradient_loss | 0.0258     |
|    std                  | 0.299      |
|    value_loss           | 84.2       |
----------------------------------------
----------------------------------------
| rollout/                |            |
|    ep_len_mean          | 227        |
|    ep_rew_mean          | 29.4       |
| time/                   |            |
|    fps                  | 81         |
|    iterations           | 186        |
|    time_elapsed         | 13973      |
|    total_timesteps      | 6144000    |
| train/                  |            |
|    approx_kl            | 0.06478552 |
|    clip_fraction        | 0.358      |
|    clip_range           | 0.2        |
|    entropy_loss         | -0.791     |
|    explained_variance   | 0.878      |
|    learning_rate        | 0.0003     |
|    loss                 | 0.068      |
|    n_updates            | 9990       |
|    policy_gradient_loss | 0.0034     |
|    std                  | 0.299      |
|    value_loss           | 26.6       |
----------------------------------------
----------------------------------------
| rollout/                |            |
|    ep_len_mean          | 225        |
|    ep_rew_mean          | 37.2       |
| time/                   |            |
|    fps                  | 81         |
|    iterations           | 187        |
|    time_elapsed         | 14042      |
|    total_timesteps      | 6150144    |
| train/                  |            |
|    approx_kl            | 0.06667247 |
|    clip_fraction        | 0.372      |
|    clip_range           | 0.2        |
|    entropy_loss         | -0.78      |
|    explained_variance   | 0.49       |
|    learning_rate        | 0.0003     |
|    loss                 | 11.2       |
|    n_updates            | 10000      |
|    policy_gradient_loss | 0.0156     |
|    std                  | 0.297      |
|    value_loss           | 197        |
----------------------------------------
Eval num_timesteps=6151032, episode_reward=58.73 +/- 19.84
Episode length: 223.70 +/- 7.10
----------------------------------------
| eval/                   |            |
|    mean_ep_length       | 224        |
|    mean_reward          | 58.7       |
| time/                   |            |
|    total_timesteps      | 6151032    |
| train/                  |            |
|    approx_kl            | 0.11990043 |
|    clip_fraction        | 0.429      |
|    clip_range           | 0.2        |
|    entropy_loss         | -0.765     |
|    explained_variance   | 0.869      |
|    learning_rate        | 0.0003     |
|    loss                 | 2.35       |
|    n_updates            | 10010      |
|    policy_gradient_loss | 0.0169     |
|    std                  | 0.296      |
|    value_loss           | 14.3       |
----------------------------------------
[episode ends] timestep 6151320: crashed=2 (1%), missed_goal=61 (27%), scored=160 (72%)
---------------------------------
| episode_end/       |          |
|    crashed         | 2        |
|    missed_goal     | 61       |
|    scored          | 160      |
| rollout/           |          |
|    ep_len_mean     | 223      |
|    ep_rew_mean     | 42.7     |
| time/              |          |
|    fps             | 81       |
|    iterations      | 188      |
|    time_elapsed    | 14123    |
|    total_timesteps | 6156288  |
---------------------------------
-----------------------------------------
| rollout/                |             |
|    ep_len_mean          | 226         |
|    ep_rew_mean          | 38.7        |
| time/                   |             |
|    fps                  | 81          |
|    iterations           | 189         |
|    time_elapsed         | 14188       |
|    total_timesteps      | 6162432     |
| train/                  |             |
|    approx_kl            | 0.053166423 |
|    clip_fraction        | 0.352       |
|    clip_range           | 0.2         |
|    entropy_loss         | -0.769      |
|    explained_variance   | 0.896       |
|    learning_rate        | 0.0003      |
|    loss                 | 0.0276      |
|    n_updates            | 10020       |
|    policy_gradient_loss | 0.0027      |
|    std                  | 0.297       |
|    value_loss           | 14.5        |
-----------------------------------------
----------------------------------------
| rollout/                |            |
|    ep_len_mean          | 226        |
|    ep_rew_mean          | 41.6       |
| time/                   |            |
|    fps                  | 81         |
|    iterations           | 190        |
|    time_elapsed         | 14256      |
|    total_timesteps      | 6168576    |
| train/                  |            |
|    approx_kl            | 0.08458837 |
|    clip_fraction        | 0.425      |
|    clip_range           | 0.2        |
|    entropy_loss         | -0.762     |
|    explained_variance   | 0.671      |
|    learning_rate        | 0.0003     |
|    loss                 | 2.01       |
|    n_updates            | 10030      |
|    policy_gradient_loss | 0.0187     |
|    std                  | 0.296      |
|    value_loss           | 68.9       |
----------------------------------------
----------------------------------------
| rollout/                |            |
|    ep_len_mean          | 226        |
|    ep_rew_mean          | 40.8       |
| time/                   |            |
|    fps                  | 81         |
|    iterations           | 191        |
|    time_elapsed         | 14326      |
|    total_timesteps      | 6174720    |
| train/                  |            |
|    approx_kl            | 0.06027164 |
|    clip_fraction        | 0.254      |
|    clip_range           | 0.2        |
|    entropy_loss         | -0.747     |
|    explained_variance   | 0.91       |
|    learning_rate        | 0.0003     |
|    loss                 | 4.52       |
|    n_updates            | 10040      |
|    policy_gradient_loss | 0.00238    |
|    std                  | 0.294      |
|    value_loss           | 10.8       |
----------------------------------------
----------------------------------------
| rollout/                |            |
|    ep_len_mean          | 222        |
|    ep_rew_mean          | 37.2       |
| time/                   |            |
|    fps                  | 81         |
|    iterations           | 192        |
|    time_elapsed         | 14395      |
|    total_timesteps      | 6180864    |
| train/                  |            |
|    approx_kl            | 0.03286529 |
|    clip_fraction        | 0.298      |
|    clip_range           | 0.2        |
|    entropy_loss         | -0.727     |
|    explained_variance   | 0.879      |
|    learning_rate        | 0.0003     |
|    loss                 | 3.18       |
|    n_updates            | 10050      |
|    policy_gradient_loss | 0.00117    |
|    std                  | 0.294      |
|    value_loss           | 10.3       |
----------------------------------------
-----------------------------------------
| rollout/                |             |
|    ep_len_mean          | 221         |
|    ep_rew_mean          | 36.3        |
| time/                   |             |
|    fps                  | 81          |
|    iterations           | 193         |
|    time_elapsed         | 14466       |
|    total_timesteps      | 6187008     |
| train/                  |             |
|    approx_kl            | 0.045167405 |
|    clip_fraction        | 0.191       |
|    clip_range           | 0.2         |
|    entropy_loss         | -0.723      |
|    explained_variance   | 0.9         |
|    learning_rate        | 0.0003      |
|    loss                 | 1.63        |
|    n_updates            | 10060       |
|    policy_gradient_loss | -0.00562    |
|    std                  | 0.293       |
|    value_loss           | 11.1        |
-----------------------------------------
-----------------------------------------
| rollout/                |             |
|    ep_len_mean          | 223         |
|    ep_rew_mean          | 39.8        |
| time/                   |             |
|    fps                  | 82          |
|    iterations           | 194         |
|    time_elapsed         | 14532       |
|    total_timesteps      | 6193152     |
| train/                  |             |
|    approx_kl            | 0.096584976 |
|    clip_fraction        | 0.289       |
|    clip_range           | 0.2         |
|    entropy_loss         | -0.712      |
|    explained_variance   | 0.923       |
|    learning_rate        | 0.0003      |
|    loss                 | 0.255       |
|    n_updates            | 10070       |
|    policy_gradient_loss | 0.00525     |
|    std                  | 0.292       |
|    value_loss           | 12.2        |
-----------------------------------------
----------------------------------------
| rollout/                |            |
|    ep_len_mean          | 225        |
|    ep_rew_mean          | 37.8       |
| time/                   |            |
|    fps                  | 82         |
|    iterations           | 195        |
|    time_elapsed         | 14604      |
|    total_timesteps      | 6199296    |
| train/                  |            |
|    approx_kl            | 0.03870828 |
|    clip_fraction        | 0.329      |
|    clip_range           | 0.2        |
|    entropy_loss         | -0.692     |
|    explained_variance   | 0.895      |
|    learning_rate        | 0.0003     |
|    loss                 | 0.13       |
|    n_updates            | 10080      |
|    policy_gradient_loss | 0.00644    |
|    std                  | 0.29       |
|    value_loss           | 11.4       |
----------------------------------------
Eval num_timesteps=6201024, episode_reward=52.29 +/- 25.31
Episode length: 223.60 +/- 17.27
---------------------------------------
| eval/                   |           |
|    mean_ep_length       | 224       |
|    mean_reward          | 52.3      |
| time/                   |           |
|    total_timesteps      | 6201024   |
| train/                  |           |
|    approx_kl            | 0.0629795 |
|    clip_fraction        | 0.293     |
|    clip_range           | 0.2       |
|    entropy_loss         | -0.679    |
|    explained_variance   | 0.894     |
|    learning_rate        | 0.0003    |
|    loss                 | 4.21      |
|    n_updates            | 10090     |
|    policy_gradient_loss | 0.002     |
|    std                  | 0.29      |
|    value_loss           | 12        |
---------------------------------------
[progress] timestep 6201324
[episode ends] timestep 6201324: missed_goal=79 (35%), scored=144 (65%)
---------------------------------
| episode_end/       |          |
|    missed_goal     | 79       |
|    scored          | 144      |
| rollout/           |          |
|    ep_len_mean     | 227      |
|    ep_rew_mean     | 41.5     |
| time/              |          |
|    fps             | 81       |
|    iterations      | 196      |
|    time_elapsed    | 14688    |
|    total_timesteps | 6205440  |
---------------------------------
----------------------------------------
| rollout/                |            |
|    ep_len_mean          | 227        |
|    ep_rew_mean          | 43.7       |
| time/                   |            |
|    fps                  | 82         |
|    iterations           | 197        |
|    time_elapsed         | 14758      |
|    total_timesteps      | 6211584    |
| train/                  |            |
|    approx_kl            | 0.09283189 |
|    clip_fraction        | 0.335      |
|    clip_range           | 0.2        |
|    entropy_loss         | -0.676     |
|    explained_variance   | 0.951      |
|    learning_rate        | 0.0003     |
|    loss                 | 0.336      |
|    n_updates            | 10100      |
|    policy_gradient_loss | 0.00397    |
|    std                  | 0.29       |
|    value_loss           | 7.37       |
----------------------------------------
----------------------------------------
| rollout/                |            |
|    ep_len_mean          | 226        |
|    ep_rew_mean          | 42         |
| time/                   |            |
|    fps                  | 82         |
|    iterations           | 198        |
|    time_elapsed         | 14824      |
|    total_timesteps      | 6217728    |
| train/                  |            |
|    approx_kl            | 0.04671125 |
|    clip_fraction        | 0.345      |
|    clip_range           | 0.2        |
|    entropy_loss         | -0.677     |
|    explained_variance   | 0.768      |
|    learning_rate        | 0.0003     |
|    loss                 | 255        |
|    n_updates            | 10110      |
|    policy_gradient_loss | 0.00823    |
|    std                  | 0.29       |
|    value_loss           | 48.6       |
----------------------------------------
----------------------------------------
| rollout/                |            |
|    ep_len_mean          | 222        |
|    ep_rew_mean          | 43.9       |
| time/                   |            |
|    fps                  | 82         |
|    iterations           | 199        |
|    time_elapsed         | 14892      |
|    total_timesteps      | 6223872    |
| train/                  |            |
|    approx_kl            | 0.14574146 |
|    clip_fraction        | 0.378      |
|    clip_range           | 0.2        |
|    entropy_loss         | -0.672     |
|    explained_variance   | 0.702      |
|    learning_rate        | 0.0003     |
|    loss                 | 0.0878     |
|    n_updates            | 10120      |
|    policy_gradient_loss | 0.00807    |
|    std                  | 0.289      |
|    value_loss           | 68.7       |
----------------------------------------
-----------------------------------------
| rollout/                |             |
|    ep_len_mean          | 224         |
|    ep_rew_mean          | 41.3        |
| time/                   |             |
|    fps                  | 82          |
|    iterations           | 200         |
|    time_elapsed         | 14959       |
|    total_timesteps      | 6230016     |
| train/                  |             |
|    approx_kl            | 0.062306095 |
|    clip_fraction        | 0.349       |
|    clip_range           | 0.2         |
|    entropy_loss         | -0.663      |
|    explained_variance   | 0.888       |
|    learning_rate        | 0.0003      |
|    loss                 | 0.12        |
|    n_updates            | 10130       |
|    policy_gradient_loss | 0.00432     |
|    std                  | 0.289       |
|    value_loss           | 8.64        |
-----------------------------------------
---------------------------------------
| rollout/                |           |
|    ep_len_mean          | 222       |
|    ep_rew_mean          | 40.4      |
| time/                   |           |
|    fps                  | 82        |
|    iterations           | 201       |
|    time_elapsed         | 15025     |
|    total_timesteps      | 6236160   |
| train/                  |           |
|    approx_kl            | 0.0484889 |
|    clip_fraction        | 0.335     |
|    clip_range           | 0.2       |
|    entropy_loss         | -0.663    |
|    explained_variance   | 0.679     |
|    learning_rate        | 0.0003    |
|    loss                 | 24.7      |
|    n_updates            | 10140     |
|    policy_gradient_loss | 0.00588   |
|    std                  | 0.289     |
|    value_loss           | 68.2      |
---------------------------------------
-----------------------------------------
| rollout/                |             |
|    ep_len_mean          | 225         |
|    ep_rew_mean          | 39.6        |
| time/                   |             |
|    fps                  | 82          |
|    iterations           | 202         |
|    time_elapsed         | 15092       |
|    total_timesteps      | 6242304     |
| train/                  |             |
|    approx_kl            | 0.036002304 |
|    clip_fraction        | 0.255       |
|    clip_range           | 0.2         |
|    entropy_loss         | -0.659      |
|    explained_variance   | 0.824       |
|    learning_rate        | 0.0003      |
|    loss                 | 8.74        |
|    n_updates            | 10150       |
|    policy_gradient_loss | 0.00102     |
|    std                  | 0.289       |
|    value_loss           | 20.7        |
-----------------------------------------
----------------------------------------
| rollout/                |            |
|    ep_len_mean          | 227        |
|    ep_rew_mean          | 33.1       |
| time/                   |            |
|    fps                  | 82         |
|    iterations           | 203        |
|    time_elapsed         | 15162      |
|    total_timesteps      | 6248448    |
| train/                  |            |
|    approx_kl            | 0.02283596 |
|    clip_fraction        | 0.186      |
|    clip_range           | 0.2        |
|    entropy_loss         | -0.652     |
|    explained_variance   | 0.573      |
|    learning_rate        | 0.0003     |
|    loss                 | 2.18       |
|    n_updates            | 10160      |
|    policy_gradient_loss | -0.00603   |
|    std                  | 0.288      |
|    value_loss           | 89         |
----------------------------------------
Eval num_timesteps=6251016, episode_reward=19.63 +/- 29.60
Episode length: 234.70 +/- 14.53
-----------------------------------------
| eval/                   |             |
|    mean_ep_length       | 235         |
|    mean_reward          | 19.6        |
| time/                   |             |
|    total_timesteps      | 6251016     |
| train/                  |             |
|    approx_kl            | 0.056715477 |
|    clip_fraction        | 0.354       |
|    clip_range           | 0.2         |
|    entropy_loss         | -0.637      |
|    explained_variance   | 0.889       |
|    learning_rate        | 0.0003      |
|    loss                 | 1.75        |
|    n_updates            | 10170       |
|    policy_gradient_loss | 0.0113      |
|    std                  | 0.287       |
|    value_loss           | 9.55        |
-----------------------------------------
[episode ends] timestep 6251328: crashed=2 (1%), missed_goal=62 (28%), scored=156 (71%)
---------------------------------
| episode_end/       |          |
|    crashed         | 2        |
|    missed_goal     | 62       |
|    scored          | 156      |
| rollout/           |          |
|    ep_len_mean     | 228      |
|    ep_rew_mean     | 33.1     |
| time/              |          |
|    fps             | 82       |
|    iterations      | 204      |
|    time_elapsed    | 15248    |
|    total_timesteps | 6254592  |
---------------------------------
----------------------------------------
| rollout/                |            |
|    ep_len_mean          | 230        |
|    ep_rew_mean          | 30.3       |
| time/                   |            |
|    fps                  | 82         |
|    iterations           | 205        |
|    time_elapsed         | 15318      |
|    total_timesteps      | 6260736    |
| train/                  |            |
|    approx_kl            | 0.04630338 |
|    clip_fraction        | 0.403      |
|    clip_range           | 0.2        |
|    entropy_loss         | -0.636     |
|    explained_variance   | 0.83       |
|    learning_rate        | 0.0003     |
|    loss                 | 0.199      |
|    n_updates            | 10180      |
|    policy_gradient_loss | 0.0203     |
|    std                  | 0.287      |
|    value_loss           | 28.4       |
----------------------------------------
-----------------------------------------
| rollout/                |             |
|    ep_len_mean          | 229         |
|    ep_rew_mean          | 32          |
| time/                   |             |
|    fps                  | 82          |
|    iterations           | 206         |
|    time_elapsed         | 15390       |
|    total_timesteps      | 6266880     |
| train/                  |             |
|    approx_kl            | 0.042175066 |
|    clip_fraction        | 0.262       |
|    clip_range           | 0.2         |
|    entropy_loss         | -0.635      |
|    explained_variance   | 0.865       |
|    learning_rate        | 0.0003      |
|    loss                 | 103         |
|    n_updates            | 10190       |
|    policy_gradient_loss | 0.00386     |
|    std                  | 0.288       |
|    value_loss           | 20.3        |
-----------------------------------------
-----------------------------------------
| rollout/                |             |
|    ep_len_mean          | 228         |
|    ep_rew_mean          | 30.7        |
| time/                   |             |
|    fps                  | 82          |
|    iterations           | 207         |
|    time_elapsed         | 15459       |
|    total_timesteps      | 6273024     |
| train/                  |             |
|    approx_kl            | 0.026487624 |
|    clip_fraction        | 0.18        |
|    clip_range           | 0.2         |
|    entropy_loss         | -0.635      |
|    explained_variance   | 0.885       |
|    learning_rate        | 0.0003      |
|    loss                 | 0.629       |
|    n_updates            | 10200       |
|    policy_gradient_loss | -0.00376    |
|    std                  | 0.287       |
|    value_loss           | 16.5        |
-----------------------------------------
-----------------------------------------
| rollout/                |             |
|    ep_len_mean          | 225         |
|    ep_rew_mean          | 35.7        |
| time/                   |             |
|    fps                  | 82          |
|    iterations           | 208         |
|    time_elapsed         | 15527       |
|    total_timesteps      | 6279168     |
| train/                  |             |
|    approx_kl            | 0.019337669 |
|    clip_fraction        | 0.198       |
|    clip_range           | 0.2         |
|    entropy_loss         | -0.615      |
|    explained_variance   | 0.8         |
|    learning_rate        | 0.0003      |
|    loss                 | 3.23        |
|    n_updates            | 10210       |
|    policy_gradient_loss | -0.00716    |
|    std                  | 0.285       |
|    value_loss           | 19.4        |
-----------------------------------------
-----------------------------------------
| rollout/                |             |
|    ep_len_mean          | 226         |
|    ep_rew_mean          | 39.6        |
| time/                   |             |
|    fps                  | 82          |
|    iterations           | 209         |
|    time_elapsed         | 15598       |
|    total_timesteps      | 6285312     |
| train/                  |             |
|    approx_kl            | 0.041586336 |
|    clip_fraction        | 0.277       |
|    clip_range           | 0.2         |
|    entropy_loss         | -0.6        |
|    explained_variance   | 0.901       |
|    learning_rate        | 0.0003      |
|    loss                 | 2.53        |
|    n_updates            | 10220       |
|    policy_gradient_loss | 0.00186     |
|    std                  | 0.285       |
|    value_loss           | 10.8        |
-----------------------------------------
-----------------------------------------
| rollout/                |             |
|    ep_len_mean          | 225         |
|    ep_rew_mean          | 45.4        |
| time/                   |             |
|    fps                  | 82          |
|    iterations           | 210         |
|    time_elapsed         | 15669       |
|    total_timesteps      | 6291456     |
| train/                  |             |
|    approx_kl            | 0.040680405 |
|    clip_fraction        | 0.284       |
|    clip_range           | 0.2         |
|    entropy_loss         | -0.599      |
|    explained_variance   | 0.854       |
|    learning_rate        | 0.0003      |
|    loss                 | 1.06        |
|    n_updates            | 10230       |
|    policy_gradient_loss | 0.00274     |
|    std                  | 0.285       |
|    value_loss           | 14.6        |
-----------------------------------------
----------------------------------------
| rollout/                |            |
|    ep_len_mean          | 225        |
|    ep_rew_mean          | 47.1       |
| time/                   |            |
|    fps                  | 82         |
|    iterations           | 211        |
|    time_elapsed         | 15741      |
|    total_timesteps      | 6297600    |
| train/                  |            |
|    approx_kl            | 0.17606355 |
|    clip_fraction        | 0.409      |
|    clip_range           | 0.2        |
|    entropy_loss         | -0.595     |
|    explained_variance   | 0.892      |
|    learning_rate        | 0.0003     |
|    loss                 | 2.76       |
|    n_updates            | 10240      |
|    policy_gradient_loss | 0.0195     |
|    std                  | 0.284      |
|    value_loss           | 10.9       |
----------------------------------------
Eval num_timesteps=6301008, episode_reward=28.92 +/- 88.38
Episode length: 224.70 +/- 21.45
----------------------------------------
| eval/                   |            |
|    mean_ep_length       | 225        |
|    mean_reward          | 28.9       |
| time/                   |            |
|    total_timesteps      | 6301008    |
| train/                  |            |
|    approx_kl            | 0.14840141 |
|    clip_fraction        | 0.446      |
|    clip_range           | 0.2        |
|    entropy_loss         | -0.587     |
|    explained_variance   | 0.895      |
|    learning_rate        | 0.0003     |
|    loss                 | 0.527      |
|    n_updates            | 10250      |
|    policy_gradient_loss | 0.0227     |
|    std                  | 0.285      |
|    value_loss           | 11         |
----------------------------------------
[progress] timestep 6301332
[episode ends] timestep 6301332: missed_goal=77 (35%), scored=143 (65%)
---------------------------------
| episode_end/       |          |
|    missed_goal     | 77       |
|    scored          | 143      |
| rollout/           |          |
|    ep_len_mean     | 224      |
|    ep_rew_mean     | 49       |
| time/              |          |
|    fps             | 82       |
|    iterations      | 212      |
|    time_elapsed    | 15827    |
|    total_timesteps | 6303744  |
---------------------------------
-----------------------------------------
| rollout/                |             |
|    ep_len_mean          | 225         |
|    ep_rew_mean          | 46.4        |
| time/                   |             |
|    fps                  | 82          |
|    iterations           | 213         |
|    time_elapsed         | 15896       |
|    total_timesteps      | 6309888     |
| train/                  |             |
|    approx_kl            | 0.044366073 |
|    clip_fraction        | 0.374       |
|    clip_range           | 0.2         |
|    entropy_loss         | -0.589      |
|    explained_variance   | 0.88        |
|    learning_rate        | 0.0003      |
|    loss                 | 1.08        |
|    n_updates            | 10260       |
|    policy_gradient_loss | 0.0118      |
|    std                  | 0.284       |
|    value_loss           | 18.7        |
-----------------------------------------
----------------------------------------
| rollout/                |            |
|    ep_len_mean          | 226        |
|    ep_rew_mean          | 42.9       |
| time/                   |            |
|    fps                  | 82         |
|    iterations           | 214        |
|    time_elapsed         | 15967      |
|    total_timesteps      | 6316032    |
| train/                  |            |
|    approx_kl            | 0.11287436 |
|    clip_fraction        | 0.421      |
|    clip_range           | 0.2        |
|    entropy_loss         | -0.577     |
|    explained_variance   | 0.793      |
|    learning_rate        | 0.0003     |
|    loss                 | 2.02       |
|    n_updates            | 10270      |
|    policy_gradient_loss | 0.0132     |
|    std                  | 0.284      |
|    value_loss           | 42.3       |
----------------------------------------
----------------------------------------
| rollout/                |            |
|    ep_len_mean          | 228        |
|    ep_rew_mean          | 38.8       |
| time/                   |            |
|    fps                  | 82         |
|    iterations           | 215        |
|    time_elapsed         | 16038      |
|    total_timesteps      | 6322176    |
| train/                  |            |
|    approx_kl            | 0.07228852 |
|    clip_fraction        | 0.327      |
|    clip_range           | 0.2        |
|    entropy_loss         | -0.599     |
|    explained_variance   | 0.891      |
|    learning_rate        | 0.0003     |
|    loss                 | 0.639      |
|    n_updates            | 10280      |
|    policy_gradient_loss | 0.0114     |
|    std                  | 0.286      |
|    value_loss           | 18.3       |
----------------------------------------
-----------------------------------------
| rollout/                |             |
|    ep_len_mean          | 227         |
|    ep_rew_mean          | 42.8        |
| time/                   |             |
|    fps                  | 82          |
|    iterations           | 216         |
|    time_elapsed         | 16106       |
|    total_timesteps      | 6328320     |
| train/                  |             |
|    approx_kl            | 0.024887914 |
|    clip_fraction        | 0.212       |
|    clip_range           | 0.2         |
|    entropy_loss         | -0.618      |
|    explained_variance   | 0.805       |
|    learning_rate        | 0.0003      |
|    loss                 | 45          |
|    n_updates            | 10290       |
|    policy_gradient_loss | -0.00343    |
|    std                  | 0.287       |
|    value_loss           | 20.9        |
-----------------------------------------
----------------------------------------
| rollout/                |            |
|    ep_len_mean          | 222        |
|    ep_rew_mean          | 43.9       |
| time/                   |            |
|    fps                  | 82         |
|    iterations           | 217        |
|    time_elapsed         | 16173      |
|    total_timesteps      | 6334464    |
| train/                  |            |
|    approx_kl            | 0.03515785 |
|    clip_fraction        | 0.277      |
|    clip_range           | 0.2        |
|    entropy_loss         | -0.62      |
|    explained_variance   | 0.822      |
|    learning_rate        | 0.0003     |
|    loss                 | 0.47       |
|    n_updates            | 10300      |
|    policy_gradient_loss | 0.00289    |
|    std                  | 0.286      |
|    value_loss           | 21.6       |
----------------------------------------
----------------------------------------
| rollout/                |            |
|    ep_len_mean          | 223        |
|    ep_rew_mean          | 38.2       |
| time/                   |            |
|    fps                  | 82         |
|    iterations           | 218        |
|    time_elapsed         | 16241      |
|    total_timesteps      | 6340608    |
| train/                  |            |
|    approx_kl            | 0.09063625 |
|    clip_fraction        | 0.338      |
|    clip_range           | 0.2        |
|    entropy_loss         | -0.614     |
|    explained_variance   | 0.598      |
|    learning_rate        | 0.0003     |
|    loss                 | 0.855      |
|    n_updates            | 10310      |
|    policy_gradient_loss | 0.0144     |
|    std                  | 0.287      |
|    value_loss           | 147        |
----------------------------------------
----------------------------------------
| rollout/                |            |
|    ep_len_mean          | 222        |
|    ep_rew_mean          | 37.6       |
| time/                   |            |
|    fps                  | 82         |
|    iterations           | 219        |
|    time_elapsed         | 16307      |
|    total_timesteps      | 6346752    |
| train/                  |            |
|    approx_kl            | 0.07927188 |
|    clip_fraction        | 0.333      |
|    clip_range           | 0.2        |
|    entropy_loss         | -0.625     |
|    explained_variance   | 0.868      |
|    learning_rate        | 0.0003     |
|    loss                 | 11.5       |
|    n_updates            | 10320      |
|    policy_gradient_loss | 0.00405    |
|    std                  | 0.288      |
|    value_loss           | 14.7       |
----------------------------------------
Eval num_timesteps=6351000, episode_reward=39.76 +/- 30.39
Episode length: 220.10 +/- 8.53
----------------------------------------
| eval/                   |            |
|    mean_ep_length       | 220        |
|    mean_reward          | 39.8       |
| time/                   |            |
|    total_timesteps      | 6351000    |
| train/                  |            |
|    approx_kl            | 0.11303931 |
|    clip_fraction        | 0.483      |
|    clip_range           | 0.2        |
|    entropy_loss         | -0.643     |
|    explained_variance   | 0.78       |
|    learning_rate        | 0.0003     |
|    loss                 | 0.58       |
|    n_updates            | 10330      |
|    policy_gradient_loss | 0.0273     |
|    std                  | 0.29       |
|    value_loss           | 40.3       |
----------------------------------------
[episode ends] timestep 6351336: missed_goal=65 (29%), scored=160 (71%)
---------------------------------
| episode_end/       |          |
|    missed_goal     | 65       |
|    scored          | 160      |
| rollout/           |          |
|    ep_len_mean     | 223      |
|    ep_rew_mean     | 39.9     |
| time/              |          |
|    fps             | 82       |
|    iterations      | 220      |
|    time_elapsed    | 16397    |
|    total_timesteps | 6352896  |
---------------------------------
----------------------------------------
| rollout/                |            |
|    ep_len_mean          | 228        |
|    ep_rew_mean          | 31.5       |
| time/                   |            |
|    fps                  | 82         |
|    iterations           | 221        |
|    time_elapsed         | 16467      |
|    total_timesteps      | 6359040    |
| train/                  |            |
|    approx_kl            | 0.15397055 |
|    clip_fraction        | 0.354      |
|    clip_range           | 0.2        |
|    entropy_loss         | -0.657     |
|    explained_variance   | 0.889      |
|    learning_rate        | 0.0003     |
|    loss                 | 3.43       |
|    n_updates            | 10340      |
|    policy_gradient_loss | 0.015      |
|    std                  | 0.29       |
|    value_loss           | 16.9       |
----------------------------------------
-----------------------------------------
| rollout/                |             |
|    ep_len_mean          | 226         |
|    ep_rew_mean          | 39.8        |
| time/                   |             |
|    fps                  | 82          |
|    iterations           | 222         |
|    time_elapsed         | 16539       |
|    total_timesteps      | 6365184     |
| train/                  |             |
|    approx_kl            | 0.027023127 |
|    clip_fraction        | 0.256       |
|    clip_range           | 0.2         |
|    entropy_loss         | -0.663      |
|    explained_variance   | 0.793       |
|    learning_rate        | 0.0003      |
|    loss                 | 13.1        |
|    n_updates            | 10350       |
|    policy_gradient_loss | -0.000608   |
|    std                  | 0.29        |
|    value_loss           | 43.1        |
-----------------------------------------
----------------------------------------
| rollout/                |            |
|    ep_len_mean          | 231        |
|    ep_rew_mean          | 40         |
| time/                   |            |
|    fps                  | 82         |
|    iterations           | 223        |
|    time_elapsed         | 16609      |
|    total_timesteps      | 6371328    |
| train/                  |            |
|    approx_kl            | 0.09134058 |
|    clip_fraction        | 0.374      |
|    clip_range           | 0.2        |
|    entropy_loss         | -0.658     |
|    explained_variance   | 0.929      |
|    learning_rate        | 0.0003     |
|    loss                 | 0.159      |
|    n_updates            | 10360      |
|    policy_gradient_loss | 0.0196     |
|    std                  | 0.289      |
|    value_loss           | 6.06       |
----------------------------------------
---------------------------------------
| rollout/                |           |
|    ep_len_mean          | 231       |
|    ep_rew_mean          | 39        |
| time/                   |           |
|    fps                  | 82        |
|    iterations           | 224       |
|    time_elapsed         | 16687     |
|    total_timesteps      | 6377472   |
| train/                  |           |
|    approx_kl            | 0.0830853 |
|    clip_fraction        | 0.363     |
|    clip_range           | 0.2       |
|    entropy_loss         | -0.653    |
|    explained_variance   | 0.912     |
|    learning_rate        | 0.0003    |
|    loss                 | 0.169     |
|    n_updates            | 10370     |
|    policy_gradient_loss | 0.0101    |
|    std                  | 0.289     |
|    value_loss           | 15.2      |
---------------------------------------
----------------------------------------
| rollout/                |            |
|    ep_len_mean          | 229        |
|    ep_rew_mean          | 39.7       |
| time/                   |            |
|    fps                  | 82         |
|    iterations           | 225        |
|    time_elapsed         | 16760      |
|    total_timesteps      | 6383616    |
| train/                  |            |
|    approx_kl            | 0.08247588 |
|    clip_fraction        | 0.392      |
|    clip_range           | 0.2        |
|    entropy_loss         | -0.651     |
|    explained_variance   | 0.947      |
|    learning_rate        | 0.0003     |
|    loss                 | 0.0803     |
|    n_updates            | 10380      |
|    policy_gradient_loss | 0.00742    |
|    std                  | 0.289      |
|    value_loss           | 8.14       |
----------------------------------------
-----------------------------------------
| rollout/                |             |
|    ep_len_mean          | 229         |
|    ep_rew_mean          | 35.8        |
| time/                   |             |
|    fps                  | 82          |
|    iterations           | 226         |
|    time_elapsed         | 16828       |
|    total_timesteps      | 6389760     |
| train/                  |             |
|    approx_kl            | 0.030106053 |
|    clip_fraction        | 0.321       |
|    clip_range           | 0.2         |
|    entropy_loss         | -0.656      |
|    explained_variance   | 0.943       |
|    learning_rate        | 0.0003      |
|    loss                 | 0.396       |
|    n_updates            | 10390       |
|    policy_gradient_loss | 0.00249     |
|    std                  | 0.29        |
|    value_loss           | 12.4        |
-----------------------------------------
-----------------------------------------
| rollout/                |             |
|    ep_len_mean          | 228         |
|    ep_rew_mean          | 34.8        |
| time/                   |             |
|    fps                  | 82          |
|    iterations           | 227         |
|    time_elapsed         | 16901       |
|    total_timesteps      | 6395904     |
| train/                  |             |
|    approx_kl            | 0.029985918 |
|    clip_fraction        | 0.27        |
|    clip_range           | 0.2         |
|    entropy_loss         | -0.653      |
|    explained_variance   | 0.671       |
|    learning_rate        | 0.0003      |
|    loss                 | 5.05        |
|    n_updates            | 10400       |
|    policy_gradient_loss | -0.000642   |
|    std                  | 0.289       |
|    value_loss           | 16.5        |
-----------------------------------------
Eval num_timesteps=6400992, episode_reward=32.94 +/- 42.27
Episode length: 234.70 +/- 18.68
----------------------------------------
| eval/                   |            |
|    mean_ep_length       | 235        |
|    mean_reward          | 32.9       |
| time/                   |            |
|    total_timesteps      | 6400992    |
| train/                  |            |
|    approx_kl            | 0.02690494 |
|    clip_fraction        | 0.169      |
|    clip_range           | 0.2        |
|    entropy_loss         | -0.649     |
|    explained_variance   | 0.891      |
|    learning_rate        | 0.0003     |
|    loss                 | 13         |
|    n_updates            | 10410      |
|    policy_gradient_loss | -0.009     |
|    std                  | 0.289      |
|    value_loss           | 9.01       |
----------------------------------------
[progress] timestep 6401340
[episode ends] timestep 6401340: missed_goal=79 (37%), scored=137 (63%)
---------------------------------
| episode_end/       |          |
|    missed_goal     | 79       |
|    scored          | 137      |
| rollout/           |          |
|    ep_len_mean     | 228      |
|    ep_rew_mean     | 39.9     |
| time/              |          |
|    fps             | 82       |
|    iterations      | 228      |
|    time_elapsed    | 16991    |
|    total_timesteps | 6402048  |
---------------------------------
-----------------------------------------
| rollout/                |             |
|    ep_len_mean          | 228         |
|    ep_rew_mean          | 39.1        |
| time/                   |             |
|    fps                  | 82          |
|    iterations           | 229         |
|    time_elapsed         | 17064       |
|    total_timesteps      | 6408192     |
| train/                  |             |
|    approx_kl            | 0.032355446 |
|    clip_fraction        | 0.218       |
|    clip_range           | 0.2         |
|    entropy_loss         | -0.648      |
|    explained_variance   | 0.89        |
|    learning_rate        | 0.0003      |
|    loss                 | 0.57        |
|    n_updates            | 10420       |
|    policy_gradient_loss | -0.00847    |
|    std                  | 0.289       |
|    value_loss           | 13          |
-----------------------------------------
----------------------------------------
| rollout/                |            |
|    ep_len_mean          | 227        |
|    ep_rew_mean          | 39.7       |
| time/                   |            |
|    fps                  | 82         |
|    iterations           | 230        |
|    time_elapsed         | 17135      |
|    total_timesteps      | 6414336    |
| train/                  |            |
|    approx_kl            | 0.20089038 |
|    clip_fraction        | 0.365      |
|    clip_range           | 0.2        |
|    entropy_loss         | -0.659     |
|    explained_variance   | 0.706      |
|    learning_rate        | 0.0003     |
|    loss                 | 0.405      |
|    n_updates            | 10430      |
|    policy_gradient_loss | 0.0136     |
|    std                  | 0.291      |
|    value_loss           | 51.6       |
----------------------------------------
-----------------------------------------
| rollout/                |             |
|    ep_len_mean          | 227         |
|    ep_rew_mean          | 42.2        |
| time/                   |             |
|    fps                  | 82          |
|    iterations           | 231         |
|    time_elapsed         | 17205       |
|    total_timesteps      | 6420480     |
| train/                  |             |
|    approx_kl            | 0.031569496 |
|    clip_fraction        | 0.273       |
|    clip_range           | 0.2         |
|    entropy_loss         | -0.672      |
|    explained_variance   | 0.926       |
|    learning_rate        | 0.0003      |
|    loss                 | 1.67        |
|    n_updates            | 10440       |
|    policy_gradient_loss | 0.00195     |
|    std                  | 0.29        |
|    value_loss           | 8.03        |
-----------------------------------------
-----------------------------------------
| rollout/                |             |
|    ep_len_mean          | 225         |
|    ep_rew_mean          | 44.8        |
| time/                   |             |
|    fps                  | 82          |
|    iterations           | 232         |
|    time_elapsed         | 17267       |
|    total_timesteps      | 6426624     |
| train/                  |             |
|    approx_kl            | 0.039363645 |
|    clip_fraction        | 0.353       |
|    clip_range           | 0.2         |
|    entropy_loss         | -0.665      |
|    explained_variance   | 0.882       |
|    learning_rate        | 0.0003      |
|    loss                 | 0.571       |
|    n_updates            | 10450       |
|    policy_gradient_loss | 0.0133      |
|    std                  | 0.29        |
|    value_loss           | 17.2        |
-----------------------------------------
----------------------------------------
| rollout/                |            |
|    ep_len_mean          | 225        |
|    ep_rew_mean          | 47.9       |
| time/                   |            |
|    fps                  | 82         |
|    iterations           | 233        |
|    time_elapsed         | 17340      |
|    total_timesteps      | 6432768    |
| train/                  |            |
|    approx_kl            | 0.04486519 |
|    clip_fraction        | 0.267      |
|    clip_range           | 0.2        |
|    entropy_loss         | -0.655     |
|    explained_variance   | 0.903      |
|    learning_rate        | 0.0003     |
|    loss                 | 1.28       |
|    n_updates            | 10460      |
|    policy_gradient_loss | 0.000598   |
|    std                  | 0.289      |
|    value_loss           | 15.4       |
----------------------------------------
----------------------------------------
| rollout/                |            |
|    ep_len_mean          | 225        |
|    ep_rew_mean          | 46.2       |
| time/                   |            |
|    fps                  | 82         |
|    iterations           | 234        |
|    time_elapsed         | 17408      |
|    total_timesteps      | 6438912    |
| train/                  |            |
|    approx_kl            | 0.11803635 |
|    clip_fraction        | 0.361      |
|    clip_range           | 0.2        |
|    entropy_loss         | -0.627     |
|    explained_variance   | 0.873      |
|    learning_rate        | 0.0003     |
|    loss                 | 0.195      |
|    n_updates            | 10470      |
|    policy_gradient_loss | 0.00895    |
|    std                  | 0.286      |
|    value_loss           | 20         |
----------------------------------------
----------------------------------------
| rollout/                |            |
|    ep_len_mean          | 228        |
|    ep_rew_mean          | 44.9       |
| time/                   |            |
|    fps                  | 82         |
|    iterations           | 235        |
|    time_elapsed         | 17478      |
|    total_timesteps      | 6445056    |
| train/                  |            |
|    approx_kl            | 0.11748903 |
|    clip_fraction        | 0.417      |
|    clip_range           | 0.2        |
|    entropy_loss         | -0.604     |
|    explained_variance   | 0.916      |
|    learning_rate        | 0.0003     |
|    loss                 | 0.656      |
|    n_updates            | 10480      |
|    policy_gradient_loss | 0.0207     |
|    std                  | 0.286      |
|    value_loss           | 12.1       |
----------------------------------------
Eval num_timesteps=6450984, episode_reward=39.67 +/- 31.23
Episode length: 228.20 +/- 11.23
-----------------------------------------
| eval/                   |             |
|    mean_ep_length       | 228         |
|    mean_reward          | 39.7        |
| time/                   |             |
|    total_timesteps      | 6450984     |
| train/                  |             |
|    approx_kl            | 0.032921974 |
|    clip_fraction        | 0.259       |
|    clip_range           | 0.2         |
|    entropy_loss         | -0.611      |
|    explained_variance   | 0.891       |
|    learning_rate        | 0.0003      |
|    loss                 | 2.14        |
|    n_updates            | 10490       |
|    policy_gradient_loss | -0.00123    |
|    std                  | 0.286       |
|    value_loss           | 10.9        |
-----------------------------------------
---------------------------------
| rollout/           |          |
|    ep_len_mean     | 229      |
|    ep_rew_mean     | 46.2     |
| time/              |          |
|    fps             | 82       |
|    iterations      | 236      |
|    time_elapsed    | 17569    |
|    total_timesteps | 6451200  |
---------------------------------
[episode ends] timestep 6451344: crashed=1 (0%), missed_goal=61 (28%), scored=158 (72%)
--------------------------------------
| episode_end/            |          |
|    crashed              | 1        |
|    missed_goal          | 61       |
|    scored               | 158      |
| rollout/                |          |
|    ep_len_mean          | 231      |
|    ep_rew_mean          | 39.6     |
| time/                   |          |
|    fps                  | 82       |
|    iterations           | 237      |
|    time_elapsed         | 17640    |
|    total_timesteps      | 6457344  |
| train/                  |          |
|    approx_kl            | 0.11883  |
|    clip_fraction        | 0.384    |
|    clip_range           | 0.2      |
|    entropy_loss         | -0.594   |
|    explained_variance   | 0.949    |
|    learning_rate        | 0.0003   |
|    loss                 | 5.2      |
|    n_updates            | 10500    |
|    policy_gradient_loss | 0.011    |
|    std                  | 0.285    |
|    value_loss           | 6.33     |
--------------------------------------
-----------------------------------------
| rollout/                |             |
|    ep_len_mean          | 233         |
|    ep_rew_mean          | 38.3        |
| time/                   |             |
|    fps                  | 82          |
|    iterations           | 238         |
|    time_elapsed         | 17714       |
|    total_timesteps      | 6463488     |
| train/                  |             |
|    approx_kl            | 0.047303498 |
|    clip_fraction        | 0.338       |
|    clip_range           | 0.2         |
|    entropy_loss         | -0.586      |
|    explained_variance   | 0.881       |
|    learning_rate        | 0.0003      |
|    loss                 | 22.3        |
|    n_updates            | 10510       |
|    policy_gradient_loss | 0.013       |
|    std                  | 0.286       |
|    value_loss           | 13.3        |
-----------------------------------------
----------------------------------------
| rollout/                |            |
|    ep_len_mean          | 231        |
|    ep_rew_mean          | 36.5       |
| time/                   |            |
|    fps                  | 82         |
|    iterations           | 239        |
|    time_elapsed         | 17782      |
|    total_timesteps      | 6469632    |
| train/                  |            |
|    approx_kl            | 0.07400765 |
|    clip_fraction        | 0.368      |
|    clip_range           | 0.2        |
|    entropy_loss         | -0.594     |
|    explained_variance   | 0.954      |
|    learning_rate        | 0.0003     |
|    loss                 | 0.893      |
|    n_updates            | 10520      |
|    policy_gradient_loss | 0.00262    |
|    std                  | 0.285      |
|    value_loss           | 11         |
----------------------------------------
-----------------------------------------
| rollout/                |             |
|    ep_len_mean          | 232         |
|    ep_rew_mean          | 30.8        |
| time/                   |             |
|    fps                  | 82          |
|    iterations           | 240         |
|    time_elapsed         | 17851       |
|    total_timesteps      | 6475776     |
| train/                  |             |
|    approx_kl            | 0.047971264 |
|    clip_fraction        | 0.297       |
|    clip_range           | 0.2         |
|    entropy_loss         | -0.589      |
|    explained_variance   | 0.944       |
|    learning_rate        | 0.0003      |
|    loss                 | 0.489       |
|    n_updates            | 10530       |
|    policy_gradient_loss | 0.000444    |
|    std                  | 0.286       |
|    value_loss           | 10.6        |
-----------------------------------------
----------------------------------------
| rollout/                |            |
|    ep_len_mean          | 232        |
|    ep_rew_mean          | 34.7       |
| time/                   |            |
|    fps                  | 82         |
|    iterations           | 241        |
|    time_elapsed         | 17925      |
|    total_timesteps      | 6481920    |
| train/                  |            |
|    approx_kl            | 0.02676299 |
|    clip_fraction        | 0.26       |
|    clip_range           | 0.2        |
|    entropy_loss         | -0.58      |
|    explained_variance   | 0.946      |
|    learning_rate        | 0.0003     |
|    loss                 | 0.827      |
|    n_updates            | 10540      |
|    policy_gradient_loss | -0.00863   |
|    std                  | 0.285      |
|    value_loss           | 9.33       |
----------------------------------------
----------------------------------------
| rollout/                |            |
|    ep_len_mean          | 229        |
|    ep_rew_mean          | 31         |
| time/                   |            |
|    fps                  | 82         |
|    iterations           | 242        |
|    time_elapsed         | 17998      |
|    total_timesteps      | 6488064    |
| train/                  |            |
|    approx_kl            | 0.06717122 |
|    clip_fraction        | 0.349      |
|    clip_range           | 0.2        |
|    entropy_loss         | -0.579     |
|    explained_variance   | 0.818      |
|    learning_rate        | 0.0003     |
|    loss                 | 0.211      |
|    n_updates            | 10550      |
|    policy_gradient_loss | 0.0156     |
|    std                  | 0.285      |
|    value_loss           | 20.7       |
----------------------------------------
-----------------------------------------
| rollout/                |             |
|    ep_len_mean          | 228         |
|    ep_rew_mean          | 35.4        |
| time/                   |             |
|    fps                  | 82          |
|    iterations           | 243         |
|    time_elapsed         | 18072       |
|    total_timesteps      | 6494208     |
| train/                  |             |
|    approx_kl            | 0.029401956 |
|    clip_fraction        | 0.251       |
|    clip_range           | 0.2         |
|    entropy_loss         | -0.583      |
|    explained_variance   | 0.554       |
|    learning_rate        | 0.0003      |
|    loss                 | 4.73        |
|    n_updates            | 10560       |
|    policy_gradient_loss | -0.00187    |
|    std                  | 0.284       |
|    value_loss           | 104         |
-----------------------------------------
-----------------------------------------
| rollout/                |             |
|    ep_len_mean          | 226         |
|    ep_rew_mean          | 41.7        |
| time/                   |             |
|    fps                  | 82          |
|    iterations           | 244         |
|    time_elapsed         | 18148       |
|    total_timesteps      | 6500352     |
| train/                  |             |
|    approx_kl            | 0.060819406 |
|    clip_fraction        | 0.362       |
|    clip_range           | 0.2         |
|    entropy_loss         | -0.575      |
|    explained_variance   | 0.894       |
|    learning_rate        | 0.0003      |
|    loss                 | 7.72        |
|    n_updates            | 10570       |
|    policy_gradient_loss | 0.0105      |
|    std                  | 0.284       |
|    value_loss           | 16.3        |
-----------------------------------------
Eval num_timesteps=6500976, episode_reward=52.10 +/- 25.26
Episode length: 225.80 +/- 15.80
----------------------------------------
| eval/                   |            |
|    mean_ep_length       | 226        |
|    mean_reward          | 52.1       |
| time/                   |            |
|    total_timesteps      | 6500976    |
| train/                  |            |
|    approx_kl            | 0.21173732 |
|    clip_fraction        | 0.415      |
|    clip_range           | 0.2        |
|    entropy_loss         | -0.581     |
|    explained_variance   | 0.951      |
|    learning_rate        | 0.0003     |
|    loss                 | 0.588      |
|    n_updates            | 10580      |
|    policy_gradient_loss | 0.0286     |
|    std                  | 0.285      |
|    value_loss           | 5.44       |
----------------------------------------
[progress] timestep 6501348
[episode ends] timestep 6501348: crashed=1 (0%), missed_goal=90 (41%), scored=129 (59%)
---------------------------------
| episode_end/       |          |
|    crashed         | 1        |
|    missed_goal     | 90       |
|    scored          | 129      |
| rollout/           |          |
|    ep_len_mean     | 223      |
|    ep_rew_mean     | 44.8     |
| time/              |          |
|    fps             | 82       |
|    iterations      | 245      |
|    time_elapsed    | 18242    |
|    total_timesteps | 6506496  |
---------------------------------
----------------------------------------
| rollout/                |            |
|    ep_len_mean          | 222        |
|    ep_rew_mean          | 49.8       |
| time/                   |            |
|    fps                  | 82         |
|    iterations           | 246        |
|    time_elapsed         | 18316      |
|    total_timesteps      | 6512640    |
| train/                  |            |
|    approx_kl            | 0.02799883 |
|    clip_fraction        | 0.267      |
|    clip_range           | 0.2        |
|    entropy_loss         | -0.598     |
|    explained_variance   | 0.932      |
|    learning_rate        | 0.0003     |
|    loss                 | 0.18       |
|    n_updates            | 10590      |
|    policy_gradient_loss | -0.000173  |
|    std                  | 0.286      |
|    value_loss           | 13.8       |
----------------------------------------
-----------------------------------------
| rollout/                |             |
|    ep_len_mean          | 224         |
|    ep_rew_mean          | 51          |
| time/                   |             |
|    fps                  | 82          |
|    iterations           | 247         |
|    time_elapsed         | 18390       |
|    total_timesteps      | 6518784     |
| train/                  |             |
|    approx_kl            | 0.039939012 |
|    clip_fraction        | 0.333       |
|    clip_range           | 0.2         |
|    entropy_loss         | -0.611      |
|    explained_variance   | 0.927       |
|    learning_rate        | 0.0003      |
|    loss                 | 3.97        |
|    n_updates            | 10600       |
|    policy_gradient_loss | 0.00393     |
|    std                  | 0.287       |
|    value_loss           | 5.58        |
-----------------------------------------
----------------------------------------
| rollout/                |            |
|    ep_len_mean          | 225        |
|    ep_rew_mean          | 48.1       |
| time/                   |            |
|    fps                  | 82         |
|    iterations           | 248        |
|    time_elapsed         | 18464      |
|    total_timesteps      | 6524928    |
| train/                  |            |
|    approx_kl            | 0.07859917 |
|    clip_fraction        | 0.406      |
|    clip_range           | 0.2        |
|    entropy_loss         | -0.606     |
|    explained_variance   | 0.959      |
|    learning_rate        | 0.0003     |
|    loss                 | 0.144      |
|    n_updates            | 10610      |
|    policy_gradient_loss | 0.00847    |
|    std                  | 0.286      |
|    value_loss           | 3.01       |
----------------------------------------
-----------------------------------------
| rollout/                |             |
|    ep_len_mean          | 225         |
|    ep_rew_mean          | 51.3        |
| time/                   |             |
|    fps                  | 82          |
|    iterations           | 249         |
|    time_elapsed         | 18533       |
|    total_timesteps      | 6531072     |
| train/                  |             |
|    approx_kl            | 0.052926805 |
|    clip_fraction        | 0.358       |
|    clip_range           | 0.2         |
|    entropy_loss         | -0.596      |
|    explained_variance   | 0.462       |
|    learning_rate        | 0.0003      |
|    loss                 | 14.6        |
|    n_updates            | 10620       |
|    policy_gradient_loss | 0.0102      |
|    std                  | 0.286       |
|    value_loss           | 135         |
-----------------------------------------
----------------------------------------
| rollout/                |            |
|    ep_len_mean          | 227        |
|    ep_rew_mean          | 49.1       |
| time/                   |            |
|    fps                  | 82         |
|    iterations           | 250        |
|    time_elapsed         | 18609      |
|    total_timesteps      | 6537216    |
| train/                  |            |
|    approx_kl            | 0.04537334 |
|    clip_fraction        | 0.301      |
|    clip_range           | 0.2        |
|    entropy_loss         | -0.595     |
|    explained_variance   | 0.944      |
|    learning_rate        | 0.0003     |
|    loss                 | 0.0766     |
|    n_updates            | 10630      |
|    policy_gradient_loss | -0.00689   |
|    std                  | 0.285      |
|    value_loss           | 7.72       |
----------------------------------------
----------------------------------------
| rollout/                |            |
|    ep_len_mean          | 226        |
|    ep_rew_mean          | 48.4       |
| time/                   |            |
|    fps                  | 82         |
|    iterations           | 251        |
|    time_elapsed         | 18675      |
|    total_timesteps      | 6543360    |
| train/                  |            |
|    approx_kl            | 0.05895728 |
|    clip_fraction        | 0.29       |
|    clip_range           | 0.2        |
|    entropy_loss         | -0.579     |
|    explained_variance   | 0.936      |
|    learning_rate        | 0.0003     |
|    loss                 | 0.202      |
|    n_updates            | 10640      |
|    policy_gradient_loss | -0.00395   |
|    std                  | 0.284      |
|    value_loss           | 7.79       |
----------------------------------------
-----------------------------------------
| rollout/                |             |
|    ep_len_mean          | 225         |
|    ep_rew_mean          | 54.6        |
| time/                   |             |
|    fps                  | 82          |
|    iterations           | 252         |
|    time_elapsed         | 18738       |
|    total_timesteps      | 6549504     |
| train/                  |             |
|    approx_kl            | 0.053046223 |
|    clip_fraction        | 0.349       |
|    clip_range           | 0.2         |
|    entropy_loss         | -0.572      |
|    explained_variance   | 0.977       |
|    learning_rate        | 0.0003      |
|    loss                 | 0.127       |
|    n_updates            | 10650       |
|    policy_gradient_loss | -0.00315    |
|    std                  | 0.284       |
|    value_loss           | 1.83        |
-----------------------------------------
Eval num_timesteps=6550968, episode_reward=35.98 +/- 67.90
Episode length: 222.80 +/- 12.07
-----------------------------------------
| eval/                   |             |
|    mean_ep_length       | 223         |
|    mean_reward          | 36          |
| time/                   |             |
|    total_timesteps      | 6550968     |
| train/                  |             |
|    approx_kl            | 0.066583395 |
|    clip_fraction        | 0.323       |
|    clip_range           | 0.2         |
|    entropy_loss         | -0.551      |
|    explained_variance   | 0.966       |
|    learning_rate        | 0.0003      |
|    loss                 | 0.0895      |
|    n_updates            | 10660       |
|    policy_gradient_loss | -0.00318    |
|    std                  | 0.282       |
|    value_loss           | 3.01        |
-----------------------------------------
[episode ends] timestep 6551352: missed_goal=45 (20%), scored=177 (80%)
---------------------------------
| episode_end/       |          |
|    missed_goal     | 45       |
|    scored          | 177      |
| rollout/           |          |
|    ep_len_mean     | 224      |
|    ep_rew_mean     | 51.5     |
| time/              |          |
|    fps             | 82       |
|    iterations      | 253      |
|    time_elapsed    | 18819    |
|    total_timesteps | 6555648  |
---------------------------------
-----------------------------------------
| rollout/                |             |
|    ep_len_mean          | 225         |
|    ep_rew_mean          | 50.6        |
| time/                   |             |
|    fps                  | 82          |
|    iterations           | 254         |
|    time_elapsed         | 18882       |
|    total_timesteps      | 6561792     |
| train/                  |             |
|    approx_kl            | 0.069378585 |
|    clip_fraction        | 0.367       |
|    clip_range           | 0.2         |
|    entropy_loss         | -0.543      |
|    explained_variance   | 0.876       |
|    learning_rate        | 0.0003      |
|    loss                 | 2.19        |
|    n_updates            | 10670       |
|    policy_gradient_loss | 0.00744     |
|    std                  | 0.283       |
|    value_loss           | 14.9        |
-----------------------------------------
-----------------------------------------
| rollout/                |             |
|    ep_len_mean          | 224         |
|    ep_rew_mean          | 49.1        |
| time/                   |             |
|    fps                  | 82          |
|    iterations           | 255         |
|    time_elapsed         | 18948       |
|    total_timesteps      | 6567936     |
| train/                  |             |
|    approx_kl            | 0.045833394 |
|    clip_fraction        | 0.3         |
|    clip_range           | 0.2         |
|    entropy_loss         | -0.538      |
|    explained_variance   | 0.97        |
|    learning_rate        | 0.0003      |
|    loss                 | 0.233       |
|    n_updates            | 10680       |
|    policy_gradient_loss | -0.00161    |
|    std                  | 0.281       |
|    value_loss           | 3.45        |
-----------------------------------------
-----------------------------------------
| rollout/                |             |
|    ep_len_mean          | 225         |
|    ep_rew_mean          | 44          |
| time/                   |             |
|    fps                  | 82          |
|    iterations           | 256         |
|    time_elapsed         | 19011       |
|    total_timesteps      | 6574080     |
| train/                  |             |
|    approx_kl            | 0.039466593 |
|    clip_fraction        | 0.337       |
|    clip_range           | 0.2         |
|    entropy_loss         | -0.526      |
|    explained_variance   | 0.668       |
|    learning_rate        | 0.0003      |
|    loss                 | 1.38        |
|    n_updates            | 10690       |
|    policy_gradient_loss | 0.00489     |
|    std                  | 0.282       |
|    value_loss           | 68.7        |
-----------------------------------------
-----------------------------------------
| rollout/                |             |
|    ep_len_mean          | 226         |
|    ep_rew_mean          | 40          |
| time/                   |             |
|    fps                  | 82          |
|    iterations           | 257         |
|    time_elapsed         | 19072       |
|    total_timesteps      | 6580224     |
| train/                  |             |
|    approx_kl            | 0.037341963 |
|    clip_fraction        | 0.321       |
|    clip_range           | 0.2         |
|    entropy_loss         | -0.537      |
|    explained_variance   | 0.594       |
|    learning_rate        | 0.0003      |
|    loss                 | 0.0596      |
|    n_updates            | 10700       |
|    policy_gradient_loss | 0.00053     |
|    std                  | 0.282       |
|    value_loss           | 73.2        |
-----------------------------------------
----------------------------------------
| rollout/                |            |
|    ep_len_mean          | 225        |
|    ep_rew_mean          | 40         |
| time/                   |            |
|    fps                  | 82         |
|    iterations           | 258        |
|    time_elapsed         | 19137      |
|    total_timesteps      | 6586368    |
| train/                  |            |
|    approx_kl            | 0.04626161 |
|    clip_fraction        | 0.316      |
|    clip_range           | 0.2        |
|    entropy_loss         | -0.548     |
|    explained_variance   | 0.654      |
|    learning_rate        | 0.0003     |
|    loss                 | 0.284      |
|    n_updates            | 10710      |
|    policy_gradient_loss | 0.00355    |
|    std                  | 0.283      |
|    value_loss           | 99.4       |
----------------------------------------
-----------------------------------------
| rollout/                |             |
|    ep_len_mean          | 226         |
|    ep_rew_mean          | 41.6        |
| time/                   |             |
|    fps                  | 82          |
|    iterations           | 259         |
|    time_elapsed         | 19200       |
|    total_timesteps      | 6592512     |
| train/                  |             |
|    approx_kl            | 0.043698374 |
|    clip_fraction        | 0.316       |
|    clip_range           | 0.2         |
|    entropy_loss         | -0.558      |
|    explained_variance   | 0.914       |
|    learning_rate        | 0.0003      |
|    loss                 | 3.26        |
|    n_updates            | 10720       |
|    policy_gradient_loss | -0.00178    |
|    std                  | 0.284       |
|    value_loss           | 11.2        |
-----------------------------------------
-----------------------------------------
| rollout/                |             |
|    ep_len_mean          | 224         |
|    ep_rew_mean          | 33.8        |
| time/                   |             |
|    fps                  | 82          |
|    iterations           | 260         |
|    time_elapsed         | 19264       |
|    total_timesteps      | 6598656     |
| train/                  |             |
|    approx_kl            | 0.046069294 |
|    clip_fraction        | 0.327       |
|    clip_range           | 0.2         |
|    entropy_loss         | -0.56       |
|    explained_variance   | 0.728       |
|    learning_rate        | 0.0003      |
|    loss                 | 4.17        |
|    n_updates            | 10730       |
|    policy_gradient_loss | 0.006       |
|    std                  | 0.283       |
|    value_loss           | 73.4        |
-----------------------------------------
Eval num_timesteps=6600960, episode_reward=41.88 +/- 29.13
Episode length: 227.60 +/- 22.89
-----------------------------------------
| eval/                   |             |
|    mean_ep_length       | 228         |
|    mean_reward          | 41.9        |
| time/                   |             |
|    total_timesteps      | 6600960     |
| train/                  |             |
|    approx_kl            | 0.050750196 |
|    clip_fraction        | 0.283       |
|    clip_range           | 0.2         |
|    entropy_loss         | -0.554      |
|    explained_variance   | 0.553       |
|    learning_rate        | 0.0003      |
|    loss                 | 0.14        |
|    n_updates            | 10740       |
|    policy_gradient_loss | 0.00474     |
|    std                  | 0.283       |
|    value_loss           | 98.3        |
-----------------------------------------
[progress] timestep 6601356
[episode ends] timestep 6601356: crashed=1 (0%), missed_goal=57 (26%), scored=164 (74%)
---------------------------------
| episode_end/       |          |
|    crashed         | 1        |
|    missed_goal     | 57       |
|    scored          | 164      |
| rollout/           |          |
|    ep_len_mean     | 224      |
|    ep_rew_mean     | 34.5     |
| time/              |          |
|    fps             | 82       |
|    iterations      | 261      |
|    time_elapsed    | 19340    |
|    total_timesteps | 6604800  |
---------------------------------
----------------------------------------
| rollout/                |            |
|    ep_len_mean          | 222        |
|    ep_rew_mean          | 38.6       |
| time/                   |            |
|    fps                  | 82         |
|    iterations           | 262        |
|    time_elapsed         | 19401      |
|    total_timesteps      | 6610944    |
| train/                  |            |
|    approx_kl            | 0.03764737 |
|    clip_fraction        | 0.345      |
|    clip_range           | 0.2        |
|    entropy_loss         | -0.547     |
|    explained_variance   | 0.773      |
|    learning_rate        | 0.0003     |
|    loss                 | 0.645      |
|    n_updates            | 10750      |
|    policy_gradient_loss | 0.00293    |
|    std                  | 0.282      |
|    value_loss           | 61.7       |
----------------------------------------
-----------------------------------------
| rollout/                |             |
|    ep_len_mean          | 221         |
|    ep_rew_mean          | 46.2        |
| time/                   |             |
|    fps                  | 83          |
|    iterations           | 263         |
|    time_elapsed         | 19466       |
|    total_timesteps      | 6617088     |
| train/                  |             |
|    approx_kl            | 0.040774316 |
|    clip_fraction        | 0.362       |
|    clip_range           | 0.2         |
|    entropy_loss         | -0.527      |
|    explained_variance   | 0.945       |
|    learning_rate        | 0.0003      |
|    loss                 | 3.63        |
|    n_updates            | 10760       |
|    policy_gradient_loss | 0.00343     |
|    std                  | 0.28        |
|    value_loss           | 6.06        |
-----------------------------------------
----------------------------------------
| rollout/                |            |
|    ep_len_mean          | 220        |
|    ep_rew_mean          | 44.4       |
| time/                   |            |
|    fps                  | 83         |
|    iterations           | 264        |
|    time_elapsed         | 19536      |
|    total_timesteps      | 6623232    |
| train/                  |            |
|    approx_kl            | 0.09033983 |
|    clip_fraction        | 0.41       |
|    clip_range           | 0.2        |
|    entropy_loss         | -0.515     |
|    explained_variance   | 0.935      |
|    learning_rate        | 0.0003     |
|    loss                 | 1.41       |
|    n_updates            | 10770      |
|    policy_gradient_loss | 0.00971    |
|    std                  | 0.281      |
|    value_loss           | 4.98       |
----------------------------------------
-----------------------------------------
| rollout/                |             |
|    ep_len_mean          | 221         |
|    ep_rew_mean          | 47.5        |
| time/                   |             |
|    fps                  | 83          |
|    iterations           | 265         |
|    time_elapsed         | 19604       |
|    total_timesteps      | 6629376     |
| train/                  |             |
|    approx_kl            | 0.044502884 |
|    clip_fraction        | 0.334       |
|    clip_range           | 0.2         |
|    entropy_loss         | -0.519      |
|    explained_variance   | 0.611       |
|    learning_rate        | 0.0003      |
|    loss                 | 1.78        |
|    n_updates            | 10780       |
|    policy_gradient_loss | 0.00171     |
|    std                  | 0.28        |
|    value_loss           | 190         |
-----------------------------------------
-----------------------------------------
| rollout/                |             |
|    ep_len_mean          | 220         |
|    ep_rew_mean          | 49.3        |
| time/                   |             |
|    fps                  | 83          |
|    iterations           | 266         |
|    time_elapsed         | 19671       |
|    total_timesteps      | 6635520     |
| train/                  |             |
|    approx_kl            | 0.027419185 |
|    clip_fraction        | 0.303       |
|    clip_range           | 0.2         |
|    entropy_loss         | -0.516      |
|    explained_variance   | 0.886       |
|    learning_rate        | 0.0003      |
|    loss                 | 0.256       |
|    n_updates            | 10790       |
|    policy_gradient_loss | -0.00159    |
|    std                  | 0.281       |
|    value_loss           | 9.91        |
-----------------------------------------
-----------------------------------------
| rollout/                |             |
|    ep_len_mean          | 221         |
|    ep_rew_mean          | 47.1        |
| time/                   |             |
|    fps                  | 83          |
|    iterations           | 267         |
|    time_elapsed         | 19736       |
|    total_timesteps      | 6641664     |
| train/                  |             |
|    approx_kl            | 0.032191664 |
|    clip_fraction        | 0.283       |
|    clip_range           | 0.2         |
|    entropy_loss         | -0.515      |
|    explained_variance   | 0.885       |
|    learning_rate        | 0.0003      |
|    loss                 | -0.0123     |
|    n_updates            | 10800       |
|    policy_gradient_loss | -0.0012     |
|    std                  | 0.28        |
|    value_loss           | 9.33        |
-----------------------------------------
----------------------------------------
| rollout/                |            |
|    ep_len_mean          | 222        |
|    ep_rew_mean          | 49.2       |
| time/                   |            |
|    fps                  | 83         |
|    iterations           | 268        |
|    time_elapsed         | 19800      |
|    total_timesteps      | 6647808    |
| train/                  |            |
|    approx_kl            | 0.04658167 |
|    clip_fraction        | 0.266      |
|    clip_range           | 0.2        |
|    entropy_loss         | -0.503     |
|    explained_variance   | 0.846      |
|    learning_rate        | 0.0003     |
|    loss                 | 0.0861     |
|    n_updates            | 10810      |
|    policy_gradient_loss | -0.0022    |
|    std                  | 0.279      |
|    value_loss           | 14.2       |
----------------------------------------
Eval num_timesteps=6650952, episode_reward=45.94 +/- 29.03
Episode length: 224.40 +/- 28.79
-----------------------------------------
| eval/                   |             |
|    mean_ep_length       | 224         |
|    mean_reward          | 45.9        |
| time/                   |             |
|    total_timesteps      | 6650952     |
| train/                  |             |
|    approx_kl            | 0.030418113 |
|    clip_fraction        | 0.229       |
|    clip_range           | 0.2         |
|    entropy_loss         | -0.499      |
|    explained_variance   | 0.764       |
|    learning_rate        | 0.0003      |
|    loss                 | 4.47        |
|    n_updates            | 10820       |
|    policy_gradient_loss | 0.00027     |
|    std                  | 0.279       |
|    value_loss           | 26.8        |
-----------------------------------------
[episode ends] timestep 6651360: crashed=2 (1%), missed_goal=52 (23%), scored=171 (76%)
---------------------------------
| episode_end/       |          |
|    crashed         | 2        |
|    missed_goal     | 52       |
|    scored          | 171      |
| rollout/           |          |
|    ep_len_mean     | 222      |
|    ep_rew_mean     | 41.1     |
| time/              |          |
|    fps             | 83       |
|    iterations      | 269      |
|    time_elapsed    | 19879    |
|    total_timesteps | 6653952  |
---------------------------------
-----------------------------------------
| rollout/                |             |
|    ep_len_mean          | 222         |
|    ep_rew_mean          | 37.9        |
| time/                   |             |
|    fps                  | 83          |
|    iterations           | 270         |
|    time_elapsed         | 19949       |
|    total_timesteps      | 6660096     |
| train/                  |             |
|    approx_kl            | 0.049467567 |
|    clip_fraction        | 0.319       |
|    clip_range           | 0.2         |
|    entropy_loss         | -0.495      |
|    explained_variance   | 0.921       |
|    learning_rate        | 0.0003      |
|    loss                 | 5.02        |
|    n_updates            | 10830       |
|    policy_gradient_loss | 0.00351     |
|    std                  | 0.279       |
|    value_loss           | 9.1         |
-----------------------------------------
----------------------------------------
| rollout/                |            |
|    ep_len_mean          | 223        |
|    ep_rew_mean          | 35.4       |
| time/                   |            |
|    fps                  | 83         |
|    iterations           | 271        |
|    time_elapsed         | 20012      |
|    total_timesteps      | 6666240    |
| train/                  |            |
|    approx_kl            | 0.03664617 |
|    clip_fraction        | 0.279      |
|    clip_range           | 0.2        |
|    entropy_loss         | -0.49      |
|    explained_variance   | 0.684      |
|    learning_rate        | 0.0003     |
|    loss                 | 0.359      |
|    n_updates            | 10840      |
|    policy_gradient_loss | 0.0125     |
|    std                  | 0.278      |
|    value_loss           | 86.9       |
----------------------------------------
----------------------------------------
| rollout/                |            |
|    ep_len_mean          | 222        |
|    ep_rew_mean          | 40.3       |
| time/                   |            |
|    fps                  | 83         |
|    iterations           | 272        |
|    time_elapsed         | 20078      |
|    total_timesteps      | 6672384    |
| train/                  |            |
|    approx_kl            | 0.02401273 |
|    clip_fraction        | 0.194      |
|    clip_range           | 0.2        |
|    entropy_loss         | -0.483     |
|    explained_variance   | 0.945      |
|    learning_rate        | 0.0003     |
|    loss                 | 15.9       |
|    n_updates            | 10850      |
|    policy_gradient_loss | -0.00891   |
|    std                  | 0.278      |
|    value_loss           | 8.08       |
----------------------------------------
-----------------------------------------
| rollout/                |             |
|    ep_len_mean          | 222         |
|    ep_rew_mean          | 43.8        |
| time/                   |             |
|    fps                  | 83          |
|    iterations           | 273         |
|    time_elapsed         | 20143       |
|    total_timesteps      | 6678528     |
| train/                  |             |
|    approx_kl            | 0.057718378 |
|    clip_fraction        | 0.252       |
|    clip_range           | 0.2         |
|    entropy_loss         | -0.468      |
|    explained_variance   | 0.91        |
|    learning_rate        | 0.0003      |
|    loss                 | 2.84        |
|    n_updates            | 10860       |
|    policy_gradient_loss | 0.000395    |
|    std                  | 0.277       |
|    value_loss           | 14.7        |
-----------------------------------------
----------------------------------------
| rollout/                |            |
|    ep_len_mean          | 222        |
|    ep_rew_mean          | 47.2       |
| time/                   |            |
|    fps                  | 83         |
|    iterations           | 274        |
|    time_elapsed         | 20211      |
|    total_timesteps      | 6684672    |
| train/                  |            |
|    approx_kl            | 0.07372283 |
|    clip_fraction        | 0.387      |
|    clip_range           | 0.2        |
|    entropy_loss         | -0.456     |
|    explained_variance   | 0.948      |
|    learning_rate        | 0.0003     |
|    loss                 | 0.0316     |
|    n_updates            | 10870      |
|    policy_gradient_loss | 0.011      |
|    std                  | 0.275      |
|    value_loss           | 5.85       |
----------------------------------------
-----------------------------------------
| rollout/                |             |
|    ep_len_mean          | 221         |
|    ep_rew_mean          | 46.6        |
| time/                   |             |
|    fps                  | 83          |
|    iterations           | 275         |
|    time_elapsed         | 20277       |
|    total_timesteps      | 6690816     |
| train/                  |             |
|    approx_kl            | 0.042407528 |
|    clip_fraction        | 0.349       |
|    clip_range           | 0.2         |
|    entropy_loss         | -0.438      |
|    explained_variance   | 0.779       |
|    learning_rate        | 0.0003      |
|    loss                 | 536         |
|    n_updates            | 10880       |
|    policy_gradient_loss | 0.00553     |
|    std                  | 0.274       |
|    value_loss           | 60.1        |
-----------------------------------------
----------------------------------------
| rollout/                |            |
|    ep_len_mean          | 220        |
|    ep_rew_mean          | 49.2       |
| time/                   |            |
|    fps                  | 83         |
|    iterations           | 276        |
|    time_elapsed         | 20348      |
|    total_timesteps      | 6696960    |
| train/                  |            |
|    approx_kl            | 0.06841306 |
|    clip_fraction        | 0.395      |
|    clip_range           | 0.2        |
|    entropy_loss         | -0.4       |
|    explained_variance   | 0.727      |
|    learning_rate        | 0.0003     |
|    loss                 | 5.03       |
|    n_updates            | 10890      |
|    policy_gradient_loss | 0.00614    |
|    std                  | 0.272      |
|    value_loss           | 54.3       |
----------------------------------------
Eval num_timesteps=6700944, episode_reward=51.60 +/- 27.36
Episode length: 220.70 +/- 10.99
----------------------------------------
| eval/                   |            |
|    mean_ep_length       | 221        |
|    mean_reward          | 51.6       |
| time/                   |            |
|    total_timesteps      | 6700944    |
| train/                  |            |
|    approx_kl            | 0.06930887 |
|    clip_fraction        | 0.405      |
|    clip_range           | 0.2        |
|    entropy_loss         | -0.395     |
|    explained_variance   | 0.932      |
|    learning_rate        | 0.0003     |
|    loss                 | 0.521      |
|    n_updates            | 10900      |
|    policy_gradient_loss | 0.00397    |
|    std                  | 0.272      |
|    value_loss           | 6.07       |
----------------------------------------
[progress] timestep 6701364
[episode ends] timestep 6701364: crashed=1 (0%), missed_goal=53 (23%), scored=175 (76%)
---------------------------------
| episode_end/       |          |
|    crashed         | 1        |
|    missed_goal     | 53       |
|    scored          | 175      |
| rollout/           |          |
|    ep_len_mean     | 221      |
|    ep_rew_mean     | 47.4     |
| time/              |          |
|    fps             | 83       |
|    iterations      | 277      |
|    time_elapsed    | 20437    |
|    total_timesteps | 6703104  |
---------------------------------
----------------------------------------
| rollout/                |            |
|    ep_len_mean          | 220        |
|    ep_rew_mean          | 51.2       |
| time/                   |            |
|    fps                  | 83         |
|    iterations           | 278        |
|    time_elapsed         | 20506      |
|    total_timesteps      | 6709248    |
| train/                  |            |
|    approx_kl            | 0.06341816 |
|    clip_fraction        | 0.366      |
|    clip_range           | 0.2        |
|    entropy_loss         | -0.395     |
|    explained_variance   | 0.877      |
|    learning_rate        | 0.0003     |
|    loss                 | 0.0337     |
|    n_updates            | 10910      |
|    policy_gradient_loss | 0.0025     |
|    std                  | 0.272      |
|    value_loss           | 16.9       |
----------------------------------------
----------------------------------------
| rollout/                |            |
|    ep_len_mean          | 220        |
|    ep_rew_mean          | 52.8       |
| time/                   |            |
|    fps                  | 83         |
|    iterations           | 279        |
|    time_elapsed         | 20578      |
|    total_timesteps      | 6715392    |
| train/                  |            |
|    approx_kl            | 0.04057056 |
|    clip_fraction        | 0.304      |
|    clip_range           | 0.2        |
|    entropy_loss         | -0.391     |
|    explained_variance   | 0.947      |
|    learning_rate        | 0.0003     |
|    loss                 | 0.0187     |
|    n_updates            | 10920      |
|    policy_gradient_loss | 0.000284   |
|    std                  | 0.272      |
|    value_loss           | 5.46       |
----------------------------------------
-----------------------------------------
| rollout/                |             |
|    ep_len_mean          | 221         |
|    ep_rew_mean          | 50.7        |
| time/                   |             |
|    fps                  | 83          |
|    iterations           | 280         |
|    time_elapsed         | 20648       |
|    total_timesteps      | 6721536     |
| train/                  |             |
|    approx_kl            | 0.034584347 |
|    clip_fraction        | 0.315       |
|    clip_range           | 0.2         |
|    entropy_loss         | -0.389      |
|    explained_variance   | 0.846       |
|    learning_rate        | 0.0003      |
|    loss                 | 0.0489      |
|    n_updates            | 10930       |
|    policy_gradient_loss | -0.000172   |
|    std                  | 0.272       |
|    value_loss           | 16.5        |
-----------------------------------------
-----------------------------------------
| rollout/                |             |
|    ep_len_mean          | 221         |
|    ep_rew_mean          | 47          |
| time/                   |             |
|    fps                  | 83          |
|    iterations           | 281         |
|    time_elapsed         | 20716       |
|    total_timesteps      | 6727680     |
| train/                  |             |
|    approx_kl            | 0.060448408 |
|    clip_fraction        | 0.287       |
|    clip_range           | 0.2         |
|    entropy_loss         | -0.392      |
|    explained_variance   | 0.804       |
|    learning_rate        | 0.0003      |
|    loss                 | 9.86        |
|    n_updates            | 10940       |
|    policy_gradient_loss | 0.00394     |
|    std                  | 0.272       |
|    value_loss           | 16          |
-----------------------------------------
-----------------------------------------
| rollout/                |             |
|    ep_len_mean          | 221         |
|    ep_rew_mean          | 43.3        |
| time/                   |             |
|    fps                  | 83          |
|    iterations           | 282         |
|    time_elapsed         | 20788       |
|    total_timesteps      | 6733824     |
| train/                  |             |
|    approx_kl            | 0.056320358 |
|    clip_fraction        | 0.343       |
|    clip_range           | 0.2         |
|    entropy_loss         | -0.386      |
|    explained_variance   | 0.93        |
|    learning_rate        | 0.0003      |
|    loss                 | 7.6         |
|    n_updates            | 10950       |
|    policy_gradient_loss | 0.00452     |
|    std                  | 0.271       |
|    value_loss           | 13.3        |
-----------------------------------------
-----------------------------------------
| rollout/                |             |
|    ep_len_mean          | 221         |
|    ep_rew_mean          | 45.2        |
| time/                   |             |
|    fps                  | 83          |
|    iterations           | 283         |
|    time_elapsed         | 20859       |
|    total_timesteps      | 6739968     |
| train/                  |             |
|    approx_kl            | 0.031615417 |
|    clip_fraction        | 0.318       |
|    clip_range           | 0.2         |
|    entropy_loss         | -0.375      |
|    explained_variance   | 0.796       |
|    learning_rate        | 0.0003      |
|    loss                 | 1.25        |
|    n_updates            | 10960       |
|    policy_gradient_loss | 0.00448     |
|    std                  | 0.27        |
|    value_loss           | 38.8        |
-----------------------------------------
-----------------------------------------
| rollout/                |             |
|    ep_len_mean          | 221         |
|    ep_rew_mean          | 47.4        |
| time/                   |             |
|    fps                  | 83          |
|    iterations           | 284         |
|    time_elapsed         | 20928       |
|    total_timesteps      | 6746112     |
| train/                  |             |
|    approx_kl            | 0.033977065 |
|    clip_fraction        | 0.27        |
|    clip_range           | 0.2         |
|    entropy_loss         | -0.354      |
|    explained_variance   | 0.916       |
|    learning_rate        | 0.0003      |
|    loss                 | 0.219       |
|    n_updates            | 10970       |
|    policy_gradient_loss | 0.00106     |
|    std                  | 0.268       |
|    value_loss           | 9.63        |
-----------------------------------------
Eval num_timesteps=6750936, episode_reward=41.24 +/- 29.95
Episode length: 234.80 +/- 23.26
----------------------------------------
| eval/                   |            |
|    mean_ep_length       | 235        |
|    mean_reward          | 41.2       |
| time/                   |            |
|    total_timesteps      | 6750936    |
| train/                  |            |
|    approx_kl            | 0.04112367 |
|    clip_fraction        | 0.338      |
|    clip_range           | 0.2        |
|    entropy_loss         | -0.342     |
|    explained_variance   | 0.956      |
|    learning_rate        | 0.0003     |
|    loss                 | 0.498      |
|    n_updates            | 10980      |
|    policy_gradient_loss | 0.00493    |
|    std                  | 0.268      |
|    value_loss           | 5.64       |
----------------------------------------
[episode ends] timestep 6751368: missed_goal=52 (23%), scored=174 (77%)
---------------------------------
| episode_end/       |          |
|    missed_goal     | 52       |
|    scored          | 174      |
| rollout/           |          |
|    ep_len_mean     | 220      |
|    ep_rew_mean     | 51.3     |
| time/              |          |
|    fps             | 83       |
|    iterations      | 285      |
|    time_elapsed    | 21014    |
|    total_timesteps | 6752256  |
---------------------------------
----------------------------------------
| rollout/                |            |
|    ep_len_mean          | 220        |
|    ep_rew_mean          | 51.6       |
| time/                   |            |
|    fps                  | 83         |
|    iterations           | 286        |
|    time_elapsed         | 21081      |
|    total_timesteps      | 6758400    |
| train/                  |            |
|    approx_kl            | 0.07258759 |
|    clip_fraction        | 0.403      |
|    clip_range           | 0.2        |
|    entropy_loss         | -0.332     |
|    explained_variance   | 0.966      |
|    learning_rate        | 0.0003     |
|    loss                 | 0.0642     |
|    n_updates            | 10990      |
|    policy_gradient_loss | 0.00416    |
|    std                  | 0.267      |
|    value_loss           | 3.93       |
----------------------------------------
-----------------------------------------
| rollout/                |             |
|    ep_len_mean          | 218         |
|    ep_rew_mean          | 44          |
| time/                   |             |
|    fps                  | 83          |
|    iterations           | 287         |
|    time_elapsed         | 21147       |
|    total_timesteps      | 6764544     |
| train/                  |             |
|    approx_kl            | 0.055723708 |
|    clip_fraction        | 0.358       |
|    clip_range           | 0.2         |
|    entropy_loss         | -0.312      |
|    explained_variance   | 0.743       |
|    learning_rate        | 0.0003      |
|    loss                 | 8.47        |
|    n_updates            | 11000       |
|    policy_gradient_loss | 0.00746     |
|    std                  | 0.265       |
|    value_loss           | 33.8        |
-----------------------------------------
---------------------------------------
| rollout/                |           |
|    ep_len_mean          | 219       |
|    ep_rew_mean          | 45.5      |
| time/                   |           |
|    fps                  | 83        |
|    iterations           | 288       |
|    time_elapsed         | 21218     |
|    total_timesteps      | 6770688   |
| train/                  |           |
|    approx_kl            | 0.0699479 |
|    clip_fraction        | 0.346     |
|    clip_range           | 0.2       |
|    entropy_loss         | -0.283    |
|    explained_variance   | 0.963     |
|    learning_rate        | 0.0003    |
|    loss                 | 6.67      |
|    n_updates            | 11010     |
|    policy_gradient_loss | 0.00413   |
|    std                  | 0.264     |
|    value_loss           | 5.23      |
---------------------------------------
----------------------------------------
| rollout/                |            |
|    ep_len_mean          | 221        |
|    ep_rew_mean          | 41.8       |
| time/                   |            |
|    fps                  | 83         |
|    iterations           | 289        |
|    time_elapsed         | 21286      |
|    total_timesteps      | 6776832    |
| train/                  |            |
|    approx_kl            | 0.06453118 |
|    clip_fraction        | 0.32       |
|    clip_range           | 0.2        |
|    entropy_loss         | -0.278     |
|    explained_variance   | 0.956      |
|    learning_rate        | 0.0003     |
|    loss                 | 0.0124     |
|    n_updates            | 11020      |
|    policy_gradient_loss | 0.00295    |
|    std                  | 0.265      |
|    value_loss           | 6.12       |
----------------------------------------
----------------------------------------
| rollout/                |            |
|    ep_len_mean          | 221        |
|    ep_rew_mean          | 48.8       |
| time/                   |            |
|    fps                  | 83         |
|    iterations           | 290        |
|    time_elapsed         | 21354      |
|    total_timesteps      | 6782976    |
| train/                  |            |
|    approx_kl            | 0.06423857 |
|    clip_fraction        | 0.359      |
|    clip_range           | 0.2        |
|    entropy_loss         | -0.267     |
|    explained_variance   | 0.94       |
|    learning_rate        | 0.0003     |
|    loss                 | 0.0671     |
|    n_updates            | 11030      |
|    policy_gradient_loss | 0.000858   |
|    std                  | 0.262      |
|    value_loss           | 7.72       |
----------------------------------------
-----------------------------------------
| rollout/                |             |
|    ep_len_mean          | 225         |
|    ep_rew_mean          | 49.3        |
| time/                   |             |
|    fps                  | 83          |
|    iterations           | 291         |
|    time_elapsed         | 21420       |
|    total_timesteps      | 6789120     |
| train/                  |             |
|    approx_kl            | 0.034932364 |
|    clip_fraction        | 0.335       |
|    clip_range           | 0.2         |
|    entropy_loss         | -0.244      |
|    explained_variance   | 0.945       |
|    learning_rate        | 0.0003      |
|    loss                 | 0.579       |
|    n_updates            | 11040       |
|    policy_gradient_loss | 0.00622     |
|    std                  | 0.262       |
|    value_loss           | 6.22        |
-----------------------------------------
----------------------------------------
| rollout/                |            |
|    ep_len_mean          | 226        |
|    ep_rew_mean          | 44.6       |
| time/                   |            |
|    fps                  | 83         |
|    iterations           | 292        |
|    time_elapsed         | 21485      |
|    total_timesteps      | 6795264    |
| train/                  |            |
|    approx_kl            | 0.06477361 |
|    clip_fraction        | 0.216      |
|    clip_range           | 0.2        |
|    entropy_loss         | -0.235     |
|    explained_variance   | 0.639      |
|    learning_rate        | 0.0003     |
|    loss                 | 0.327      |
|    n_updates            | 11050      |
|    policy_gradient_loss | -0.00206   |
|    std                  | 0.26       |
|    value_loss           | 109        |
----------------------------------------
Eval num_timesteps=6800928, episode_reward=42.35 +/- 44.86
Episode length: 230.10 +/- 30.25
----------------------------------------
| eval/                   |            |
|    mean_ep_length       | 230        |
|    mean_reward          | 42.3       |
| time/                   |            |
|    total_timesteps      | 6800928    |
| train/                  |            |
|    approx_kl            | 0.05176494 |
|    clip_fraction        | 0.346      |
|    clip_range           | 0.2        |
|    entropy_loss         | -0.225     |
|    explained_variance   | 0.767      |
|    learning_rate        | 0.0003     |
|    loss                 | 24         |
|    n_updates            | 11060      |
|    policy_gradient_loss | 0.00445    |
|    std                  | 0.26       |
|    value_loss           | 33.1       |
----------------------------------------
[progress] timestep 6801372
[episode ends] timestep 6801372: crashed=1 (0%), missed_goal=50 (23%), scored=170 (77%)
---------------------------------
| episode_end/       |          |
|    crashed         | 1        |
|    missed_goal     | 50       |
|    scored          | 170      |
| rollout/           |          |
|    ep_len_mean     | 230      |
|    ep_rew_mean     | 43.7     |
| time/              |          |
|    fps             | 83       |
|    iterations      | 293      |
|    time_elapsed    | 21573    |
|    total_timesteps | 6801408  |
---------------------------------
-----------------------------------------
| rollout/                |             |
|    ep_len_mean          | 230         |
|    ep_rew_mean          | 41.6        |
| time/                   |             |
|    fps                  | 83          |
|    iterations           | 294         |
|    time_elapsed         | 21644       |
|    total_timesteps      | 6807552     |
| train/                  |             |
|    approx_kl            | 0.032235395 |
|    clip_fraction        | 0.306       |
|    clip_range           | 0.2         |
|    entropy_loss         | -0.221      |
|    explained_variance   | 0.939       |
|    learning_rate        | 0.0003      |
|    loss                 | 0.0201      |
|    n_updates            | 11070       |
|    policy_gradient_loss | -0.00186    |
|    std                  | 0.26        |
|    value_loss           | 5.78        |
-----------------------------------------
-----------------------------------------
| rollout/                |             |
|    ep_len_mean          | 227         |
|    ep_rew_mean          | 49.9        |
| time/                   |             |
|    fps                  | 83          |
|    iterations           | 295         |
|    time_elapsed         | 21714       |
|    total_timesteps      | 6813696     |
| train/                  |             |
|    approx_kl            | 0.036805395 |
|    clip_fraction        | 0.336       |
|    clip_range           | 0.2         |
|    entropy_loss         | -0.2        |
|    explained_variance   | 0.879       |
|    learning_rate        | 0.0003      |
|    loss                 | 0.293       |
|    n_updates            | 11080       |
|    policy_gradient_loss | 0.00422     |
|    std                  | 0.258       |
|    value_loss           | 20.4        |
-----------------------------------------
-----------------------------------------
| rollout/                |             |
|    ep_len_mean          | 227         |
|    ep_rew_mean          | 28.2        |
| time/                   |             |
|    fps                  | 83          |
|    iterations           | 296         |
|    time_elapsed         | 21787       |
|    total_timesteps      | 6819840     |
| train/                  |             |
|    approx_kl            | 0.057522982 |
|    clip_fraction        | 0.34        |
|    clip_range           | 0.2         |
|    entropy_loss         | -0.193      |
|    explained_variance   | 0.779       |
|    learning_rate        | 0.0003      |
|    loss                 | 0.812       |
|    n_updates            | 11090       |
|    policy_gradient_loss | 0.00367     |
|    std                  | 0.259       |
|    value_loss           | 26          |
-----------------------------------------
---------------------------------------
| rollout/                |           |
|    ep_len_mean          | 226       |
|    ep_rew_mean          | 26.9      |
| time/                   |           |
|    fps                  | 83        |
|    iterations           | 297       |
|    time_elapsed         | 21854     |
|    total_timesteps      | 6825984   |
| train/                  |           |
|    approx_kl            | 0.0388651 |
|    clip_fraction        | 0.342     |
|    clip_range           | 0.2       |
|    entropy_loss         | -0.195    |
|    explained_variance   | 0.304     |
|    learning_rate        | 0.0003    |
|    loss                 | 0.234     |
|    n_updates            | 11100     |
|    policy_gradient_loss | 0.00645   |
|    std                  | 0.258     |
|    value_loss           | 1.05e+03  |
---------------------------------------
-----------------------------------------
| rollout/                |             |
|    ep_len_mean          | 225         |
|    ep_rew_mean          | 26.8        |
| time/                   |             |
|    fps                  | 83          |
|    iterations           | 298         |
|    time_elapsed         | 21922       |
|    total_timesteps      | 6832128     |
| train/                  |             |
|    approx_kl            | 0.046040576 |
|    clip_fraction        | 0.292       |
|    clip_range           | 0.2         |
|    entropy_loss         | -0.183      |
|    explained_variance   | 0.905       |
|    learning_rate        | 0.0003      |
|    loss                 | 0.326       |
|    n_updates            | 11110       |
|    policy_gradient_loss | 0.00585     |
|    std                  | 0.258       |
|    value_loss           | 9.85        |
-----------------------------------------
----------------------------------------
| rollout/                |            |
|    ep_len_mean          | 225        |
|    ep_rew_mean          | 30.5       |
| time/                   |            |
|    fps                  | 83         |
|    iterations           | 299        |
|    time_elapsed         | 21990      |
|    total_timesteps      | 6838272    |
| train/                  |            |
|    approx_kl            | 0.04866919 |
|    clip_fraction        | 0.315      |
|    clip_range           | 0.2        |
|    entropy_loss         | -0.191     |
|    explained_variance   | 0.642      |
|    learning_rate        | 0.0003     |
|    loss                 | 16.3       |
|    n_updates            | 11120      |
|    policy_gradient_loss | 0.00539    |
|    std                  | 0.259      |
|    value_loss           | 59.9       |
----------------------------------------
-----------------------------------------
| rollout/                |             |
|    ep_len_mean          | 222         |
|    ep_rew_mean          | 49.7        |
| time/                   |             |
|    fps                  | 83          |
|    iterations           | 300         |
|    time_elapsed         | 22058       |
|    total_timesteps      | 6844416     |
| train/                  |             |
|    approx_kl            | 0.071948536 |
|    clip_fraction        | 0.351       |
|    clip_range           | 0.2         |
|    entropy_loss         | -0.182      |
|    explained_variance   | 0.873       |
|    learning_rate        | 0.0003      |
|    loss                 | 0.576       |
|    n_updates            | 11130       |
|    policy_gradient_loss | 0.00224     |
|    std                  | 0.257       |
|    value_loss           | 12.4        |
-----------------------------------------
----------------------------------------
| rollout/                |            |
|    ep_len_mean          | 220        |
|    ep_rew_mean          | 54.7       |
| time/                   |            |
|    fps                  | 83         |
|    iterations           | 301        |
|    time_elapsed         | 22127      |
|    total_timesteps      | 6850560    |
| train/                  |            |
|    approx_kl            | 0.10465329 |
|    clip_fraction        | 0.378      |
|    clip_range           | 0.2        |
|    entropy_loss         | -0.17      |
|    explained_variance   | 0.9        |
|    learning_rate        | 0.0003     |
|    loss                 | 0.0986     |
|    n_updates            | 11140      |
|    policy_gradient_loss | 0.00875    |
|    std                  | 0.257      |
|    value_loss           | 6.07       |
----------------------------------------
Eval num_timesteps=6850920, episode_reward=49.98 +/- 30.94
Episode length: 223.80 +/- 21.13
----------------------------------------
| eval/                   |            |
|    mean_ep_length       | 224        |
|    mean_reward          | 50         |
| time/                   |            |
|    total_timesteps      | 6850920    |
| train/                  |            |
|    approx_kl            | 0.05852091 |
|    clip_fraction        | 0.404      |
|    clip_range           | 0.2        |
|    entropy_loss         | -0.178     |
|    explained_variance   | 0.934      |
|    learning_rate        | 0.0003     |
|    loss                 | 0.6        |
|    n_updates            | 11150      |
|    policy_gradient_loss | 0.00797    |
|    std                  | 0.258      |
|    value_loss           | 6.24       |
----------------------------------------
[episode ends] timestep 6851376: crashed=1 (0%), missed_goal=32 (14%), scored=191 (85%)
---------------------------------
| episode_end/       |          |
|    crashed         | 1        |
|    missed_goal     | 32       |
|    scored          | 191      |
| rollout/           |          |
|    ep_len_mean     | 219      |
|    ep_rew_mean     | 47.9     |
| time/              |          |
|    fps             | 83       |
|    iterations      | 302      |
|    time_elapsed    | 22214    |
|    total_timesteps | 6856704  |
---------------------------------
----------------------------------------
| rollout/                |            |
|    ep_len_mean          | 220        |
|    ep_rew_mean          | 44.7       |
| time/                   |            |
|    fps                  | 83         |
|    iterations           | 303        |
|    time_elapsed         | 22285      |
|    total_timesteps      | 6862848    |
| train/                  |            |
|    approx_kl            | 0.05904166 |
|    clip_fraction        | 0.327      |
|    clip_range           | 0.2        |
|    entropy_loss         | -0.184     |
|    explained_variance   | 0.63       |
|    learning_rate        | 0.0003     |
|    loss                 | 7.15       |
|    n_updates            | 11160      |
|    policy_gradient_loss | 0.00292    |
|    std                  | 0.258      |
|    value_loss           | 163        |
----------------------------------------
-----------------------------------------
| rollout/                |             |
|    ep_len_mean          | 222         |
|    ep_rew_mean          | 42.3        |
| time/                   |             |
|    fps                  | 83          |
|    iterations           | 304         |
|    time_elapsed         | 22355       |
|    total_timesteps      | 6868992     |
| train/                  |             |
|    approx_kl            | 0.069838144 |
|    clip_fraction        | 0.35        |
|    clip_range           | 0.2         |
|    entropy_loss         | -0.179      |
|    explained_variance   | 0.683       |
|    learning_rate        | 0.0003      |
|    loss                 | 7.61        |
|    n_updates            | 11170       |
|    policy_gradient_loss | 0.00905     |
|    std                  | 0.257       |
|    value_loss           | 88.7        |
-----------------------------------------
---------------------------------------
| rollout/                |           |
|    ep_len_mean          | 223       |
|    ep_rew_mean          | 38.6      |
| time/                   |           |
|    fps                  | 83        |
|    iterations           | 305       |
|    time_elapsed         | 22428     |
|    total_timesteps      | 6875136   |
| train/                  |           |
|    approx_kl            | 0.0483333 |
|    clip_fraction        | 0.34      |
|    clip_range           | 0.2       |
|    entropy_loss         | -0.169    |
|    explained_variance   | 0.882     |
|    learning_rate        | 0.0003    |
|    loss                 | 0.336     |
|    n_updates            | 11180     |
|    policy_gradient_loss | 0.000708  |
|    std                  | 0.256     |
|    value_loss           | 13.1      |
---------------------------------------
-----------------------------------------
| rollout/                |             |
|    ep_len_mean          | 223         |
|    ep_rew_mean          | 45.7        |
| time/                   |             |
|    fps                  | 83          |
|    iterations           | 306         |
|    time_elapsed         | 22501       |
|    total_timesteps      | 6881280     |
| train/                  |             |
|    approx_kl            | 0.054871093 |
|    clip_fraction        | 0.364       |
|    clip_range           | 0.2         |
|    entropy_loss         | -0.157      |
|    explained_variance   | 0.725       |
|    learning_rate        | 0.0003      |
|    loss                 | 0.0156      |
|    n_updates            | 11190       |
|    policy_gradient_loss | 0.00548     |
|    std                  | 0.256       |
|    value_loss           | 37.9        |
-----------------------------------------
----------------------------------------
| rollout/                |            |
|    ep_len_mean          | 222        |
|    ep_rew_mean          | 48.5       |
| time/                   |            |
|    fps                  | 83         |
|    iterations           | 307        |
|    time_elapsed         | 22569      |
|    total_timesteps      | 6887424    |
| train/                  |            |
|    approx_kl            | 0.08029127 |
|    clip_fraction        | 0.367      |
|    clip_range           | 0.2        |
|    entropy_loss         | -0.148     |
|    explained_variance   | 0.941      |
|    learning_rate        | 0.0003     |
|    loss                 | 9.11e-06   |
|    n_updates            | 11200      |
|    policy_gradient_loss | 0.00182    |
|    std                  | 0.255      |
|    value_loss           | 5.55       |
----------------------------------------
-----------------------------------------
| rollout/                |             |
|    ep_len_mean          | 218         |
|    ep_rew_mean          | 50.6        |
| time/                   |             |
|    fps                  | 83          |
|    iterations           | 308         |
|    time_elapsed         | 22644       |
|    total_timesteps      | 6893568     |
| train/                  |             |
|    approx_kl            | 0.061303034 |
|    clip_fraction        | 0.366       |
|    clip_range           | 0.2         |
|    entropy_loss         | -0.14       |
|    explained_variance   | 0.843       |
|    learning_rate        | 0.0003      |
|    loss                 | 0.269       |
|    n_updates            | 11210       |
|    policy_gradient_loss | 0.00148     |
|    std                  | 0.254       |
|    value_loss           | 17.3        |
-----------------------------------------
----------------------------------------
| rollout/                |            |
|    ep_len_mean          | 217        |
|    ep_rew_mean          | 52.8       |
| time/                   |            |
|    fps                  | 83         |
|    iterations           | 309        |
|    time_elapsed         | 22714      |
|    total_timesteps      | 6899712    |
| train/                  |            |
|    approx_kl            | 0.03440624 |
|    clip_fraction        | 0.282      |
|    clip_range           | 0.2        |
|    entropy_loss         | -0.137     |
|    explained_variance   | 0.916      |
|    learning_rate        | 0.0003     |
|    loss                 | 2.61       |
|    n_updates            | 11220      |
|    policy_gradient_loss | 0.00098    |
|    std                  | 0.254      |
|    value_loss           | 8.65       |
----------------------------------------
Eval num_timesteps=6900912, episode_reward=31.47 +/- 33.41
Episode length: 232.60 +/- 22.54
--------------------------------------
| eval/                   |          |
|    mean_ep_length       | 233      |
|    mean_reward          | 31.5     |
| time/                   |          |
|    total_timesteps      | 6900912  |
| train/                  |          |
|    approx_kl            | 0.065965 |
|    clip_fraction        | 0.374    |
|    clip_range           | 0.2      |
|    entropy_loss         | -0.122   |
|    explained_variance   | 0.946    |
|    learning_rate        | 0.0003   |
|    loss                 | 0.0808   |
|    n_updates            | 11230    |
|    policy_gradient_loss | 0.0033   |
|    std                  | 0.253    |
|    value_loss           | 5.53     |
--------------------------------------
[progress] timestep 6901380
[episode ends] timestep 6901380: crashed=1 (0%), missed_goal=37 (16%), scored=191 (83%)
---------------------------------
| episode_end/       |          |
|    crashed         | 1        |
|    missed_goal     | 37       |
|    scored          | 191      |
| rollout/           |          |
|    ep_len_mean     | 217      |
|    ep_rew_mean     | 54.6     |
| time/              |          |
|    fps             | 83       |
|    iterations      | 310      |
|    time_elapsed    | 22802    |
|    total_timesteps | 6905856  |
---------------------------------
-----------------------------------------
| rollout/                |             |
|    ep_len_mean          | 220         |
|    ep_rew_mean          | 52          |
| time/                   |             |
|    fps                  | 83          |
|    iterations           | 311         |
|    time_elapsed         | 22874       |
|    total_timesteps      | 6912000     |
| train/                  |             |
|    approx_kl            | 0.051607538 |
|    clip_fraction        | 0.375       |
|    clip_range           | 0.2         |
|    entropy_loss         | -0.11       |
|    explained_variance   | 0.966       |
|    learning_rate        | 0.0003      |
|    loss                 | 0.0103      |
|    n_updates            | 11240       |
|    policy_gradient_loss | 0.00671     |
|    std                  | 0.254       |
|    value_loss           | 3.08        |
-----------------------------------------
-----------------------------------------
| rollout/                |             |
|    ep_len_mean          | 221         |
|    ep_rew_mean          | 49.2        |
| time/                   |             |
|    fps                  | 83          |
|    iterations           | 312         |
|    time_elapsed         | 22942       |
|    total_timesteps      | 6918144     |
| train/                  |             |
|    approx_kl            | 0.046122804 |
|    clip_fraction        | 0.36        |
|    clip_range           | 0.2         |
|    entropy_loss         | -0.119      |
|    explained_variance   | 0.954       |
|    learning_rate        | 0.0003      |
|    loss                 | 2.15        |
|    n_updates            | 11250       |
|    policy_gradient_loss | 0.00251     |
|    std                  | 0.254       |
|    value_loss           | 4.9         |
-----------------------------------------
-----------------------------------------
| rollout/                |             |
|    ep_len_mean          | 223         |
|    ep_rew_mean          | 47.4        |
| time/                   |             |
|    fps                  | 83          |
|    iterations           | 313         |
|    time_elapsed         | 23009       |
|    total_timesteps      | 6924288     |
| train/                  |             |
|    approx_kl            | 0.026910083 |
|    clip_fraction        | 0.241       |
|    clip_range           | 0.2         |
|    entropy_loss         | -0.119      |
|    explained_variance   | 0.763       |
|    learning_rate        | 0.0003      |
|    loss                 | 0.243       |
|    n_updates            | 11260       |
|    policy_gradient_loss | -0.00392    |
|    std                  | 0.254       |
|    value_loss           | 40          |
-----------------------------------------
-----------------------------------------
| rollout/                |             |
|    ep_len_mean          | 220         |
|    ep_rew_mean          | 50.5        |
| time/                   |             |
|    fps                  | 83          |
|    iterations           | 314         |
|    time_elapsed         | 23078       |
|    total_timesteps      | 6930432     |
| train/                  |             |
|    approx_kl            | 0.037703916 |
|    clip_fraction        | 0.31        |
|    clip_range           | 0.2         |
|    entropy_loss         | -0.125      |
|    explained_variance   | 0.881       |
|    learning_rate        | 0.0003      |
|    loss                 | 0.454       |
|    n_updates            | 11270       |
|    policy_gradient_loss | -0.000823   |
|    std                  | 0.255       |
|    value_loss           | 10.6        |
-----------------------------------------
----------------------------------------
| rollout/                |            |
|    ep_len_mean          | 221        |
|    ep_rew_mean          | 48.7       |
| time/                   |            |
|    fps                  | 83         |
|    iterations           | 315        |
|    time_elapsed         | 23151      |
|    total_timesteps      | 6936576    |
| train/                  |            |
|    approx_kl            | 0.14180344 |
|    clip_fraction        | 0.393      |
|    clip_range           | 0.2        |
|    entropy_loss         | -0.124     |
|    explained_variance   | 0.941      |
|    learning_rate        | 0.0003     |
|    loss                 | 9.87       |
|    n_updates            | 11280      |
|    policy_gradient_loss | 0.0153     |
|    std                  | 0.253      |
|    value_loss           | 9.2        |
----------------------------------------
----------------------------------------
| rollout/                |            |
|    ep_len_mean          | 221        |
|    ep_rew_mean          | 51.7       |
| time/                   |            |
|    fps                  | 83         |
|    iterations           | 316        |
|    time_elapsed         | 23224      |
|    total_timesteps      | 6942720    |
| train/                  |            |
|    approx_kl            | 0.05310619 |
|    clip_fraction        | 0.359      |
|    clip_range           | 0.2        |
|    entropy_loss         | -0.125     |
|    explained_variance   | 0.676      |
|    learning_rate        | 0.0003     |
|    loss                 | 0.148      |
|    n_updates            | 11290      |
|    policy_gradient_loss | 0.00172    |
|    std                  | 0.255      |
|    value_loss           | 96.1       |
----------------------------------------
-----------------------------------------
| rollout/                |             |
|    ep_len_mean          | 221         |
|    ep_rew_mean          | 46.2        |
| time/                   |             |
|    fps                  | 83          |
|    iterations           | 317         |
|    time_elapsed         | 23296       |
|    total_timesteps      | 6948864     |
| train/                  |             |
|    approx_kl            | 0.044646587 |
|    clip_fraction        | 0.291       |
|    clip_range           | 0.2         |
|    entropy_loss         | -0.129      |
|    explained_variance   | 0.789       |
|    learning_rate        | 0.0003      |
|    loss                 | 0.167       |
|    n_updates            | 11300       |
|    policy_gradient_loss | -4.11e-05   |
|    std                  | 0.253       |
|    value_loss           | 16.2        |
-----------------------------------------
Eval num_timesteps=6950904, episode_reward=52.61 +/- 25.47
Episode length: 216.40 +/- 6.12
-----------------------------------------
| eval/                   |             |
|    mean_ep_length       | 216         |
|    mean_reward          | 52.6        |
| time/                   |             |
|    total_timesteps      | 6950904     |
| train/                  |             |
|    approx_kl            | 0.049979344 |
|    clip_fraction        | 0.37        |
|    clip_range           | 0.2         |
|    entropy_loss         | -0.0996     |
|    explained_variance   | 0.782       |
|    learning_rate        | 0.0003      |
|    loss                 | 0.109       |
|    n_updates            | 11310       |
|    policy_gradient_loss | 0.00395     |
|    std                  | 0.251       |
|    value_loss           | 43          |
-----------------------------------------
[episode ends] timestep 6951384: missed_goal=46 (20%), scored=180 (80%)
---------------------------------
| episode_end/       |          |
|    missed_goal     | 46       |
|    scored          | 180      |
| rollout/           |          |
|    ep_len_mean     | 220      |
|    ep_rew_mean     | 43.7     |
| time/              |          |
|    fps             | 83       |
|    iterations      | 318      |
|    time_elapsed    | 23389    |
|    total_timesteps | 6955008  |
---------------------------------
----------------------------------------
| rollout/                |            |
|    ep_len_mean          | 221        |
|    ep_rew_mean          | 37.2       |
| time/                   |            |
|    fps                  | 83         |
|    iterations           | 319        |
|    time_elapsed         | 23455      |
|    total_timesteps      | 6961152    |
| train/                  |            |
|    approx_kl            | 0.03202893 |
|    clip_fraction        | 0.236      |
|    clip_range           | 0.2        |
|    entropy_loss         | -0.078     |
|    explained_variance   | 0.931      |
|    learning_rate        | 0.0003     |
|    loss                 | 26.2       |
|    n_updates            | 11320      |
|    policy_gradient_loss | -0.000901  |
|    std                  | 0.25       |
|    value_loss           | 9.38       |
----------------------------------------
----------------------------------------
| rollout/                |            |
|    ep_len_mean          | 220        |
|    ep_rew_mean          | 37         |
| time/                   |            |
|    fps                  | 83         |
|    iterations           | 320        |
|    time_elapsed         | 23530      |
|    total_timesteps      | 6967296    |
| train/                  |            |
|    approx_kl            | 0.04086486 |
|    clip_fraction        | 0.295      |
|    clip_range           | 0.2        |
|    entropy_loss         | -0.0699    |
|    explained_variance   | 0.778      |
|    learning_rate        | 0.0003     |
|    loss                 | 4.38       |
|    n_updates            | 11330      |
|    policy_gradient_loss | -0.00111   |
|    std                  | 0.25       |
|    value_loss           | 49.8       |
----------------------------------------
-----------------------------------------
| rollout/                |             |
|    ep_len_mean          | 222         |
|    ep_rew_mean          | 35.7        |
| time/                   |             |
|    fps                  | 83          |
|    iterations           | 321         |
|    time_elapsed         | 23603       |
|    total_timesteps      | 6973440     |
| train/                  |             |
|    approx_kl            | 0.033483252 |
|    clip_fraction        | 0.279       |
|    clip_range           | 0.2         |
|    entropy_loss         | -0.0665     |
|    explained_variance   | 0.554       |
|    learning_rate        | 0.0003      |
|    loss                 | 0.17        |
|    n_updates            | 11340       |
|    policy_gradient_loss | 0.00488     |
|    std                  | 0.25        |
|    value_loss           | 194         |
-----------------------------------------
-----------------------------------------
| rollout/                |             |
|    ep_len_mean          | 225         |
|    ep_rew_mean          | 28.3        |
| time/                   |             |
|    fps                  | 83          |
|    iterations           | 322         |
|    time_elapsed         | 23671       |
|    total_timesteps      | 6979584     |
| train/                  |             |
|    approx_kl            | 0.030172886 |
|    clip_fraction        | 0.261       |
|    clip_range           | 0.2         |
|    entropy_loss         | -0.0652     |
|    explained_variance   | 0.762       |
|    learning_rate        | 0.0003      |
|    loss                 | 1.05        |
|    n_updates            | 11350       |
|    policy_gradient_loss | 0.000233    |
|    std                  | 0.25        |
|    value_loss           | 39.6        |
-----------------------------------------
-----------------------------------------
| rollout/                |             |
|    ep_len_mean          | 222         |
|    ep_rew_mean          | 34.7        |
| time/                   |             |
|    fps                  | 83          |
|    iterations           | 323         |
|    time_elapsed         | 23739       |
|    total_timesteps      | 6985728     |
| train/                  |             |
|    approx_kl            | 0.045561135 |
|    clip_fraction        | 0.341       |
|    clip_range           | 0.2         |
|    entropy_loss         | -0.0646     |
|    explained_variance   | 0.725       |
|    learning_rate        | 0.0003      |
|    loss                 | 316         |
|    n_updates            | 11360       |
|    policy_gradient_loss | 0.00933     |
|    std                  | 0.25        |
|    value_loss           | 97.7        |
-----------------------------------------
-----------------------------------------
| rollout/                |             |
|    ep_len_mean          | 225         |
|    ep_rew_mean          | 38.2        |
| time/                   |             |
|    fps                  | 83          |
|    iterations           | 324         |
|    time_elapsed         | 23806       |
|    total_timesteps      | 6991872     |
| train/                  |             |
|    approx_kl            | 0.054345816 |
|    clip_fraction        | 0.356       |
|    clip_range           | 0.2         |
|    entropy_loss         | -0.0586     |
|    explained_variance   | 0.891       |
|    learning_rate        | 0.0003      |
|    loss                 | 0.92        |
|    n_updates            | 11370       |
|    policy_gradient_loss | 0.00521     |
|    std                  | 0.25        |
|    value_loss           | 15.6        |
-----------------------------------------
-----------------------------------------
| rollout/                |             |
|    ep_len_mean          | 224         |
|    ep_rew_mean          | 30.9        |
| time/                   |             |
|    fps                  | 83          |
|    iterations           | 325         |
|    time_elapsed         | 23871       |
|    total_timesteps      | 6998016     |
| train/                  |             |
|    approx_kl            | 0.057890266 |
|    clip_fraction        | 0.308       |
|    clip_range           | 0.2         |
|    entropy_loss         | -0.0516     |
|    explained_variance   | 0.751       |
|    learning_rate        | 0.0003      |
|    loss                 | 2.75        |
|    n_updates            | 11380       |
|    policy_gradient_loss | 0.00204     |
|    std                  | 0.249       |
|    value_loss           | 41.8        |
-----------------------------------------
Eval num_timesteps=7000896, episode_reward=58.34 +/- 18.87
Episode length: 219.80 +/- 8.47
----------------------------------------
| eval/                   |            |
|    mean_ep_length       | 220        |
|    mean_reward          | 58.3       |
| time/                   |            |
|    total_timesteps      | 7000896    |
| train/                  |            |
|    approx_kl            | 0.04682651 |
|    clip_fraction        | 0.352      |
|    clip_range           | 0.2        |
|    entropy_loss         | -0.0357    |
|    explained_variance   | 0.275      |
|    learning_rate        | 0.0003     |
|    loss                 | 0.987      |
|    n_updates            | 11390      |
|    policy_gradient_loss | 0.00675    |
|    std                  | 0.248      |
|    value_loss           | 438        |
----------------------------------------
[progress] timestep 7001388
[episode ends] timestep 7001388: crashed=1 (0%), missed_goal=51 (23%), scored=172 (77%)
---------------------------------
| episode_end/       |          |
|    crashed         | 1        |
|    missed_goal     | 51       |
|    scored          | 172      |
| rollout/           |          |
|    ep_len_mean     | 223      |
|    ep_rew_mean     | 38.9     |
| time/              |          |
|    fps             | 83       |
|    iterations      | 326      |
|    time_elapsed    | 23950    |
|    total_timesteps | 7004160  |
---------------------------------
Continuation training complete. Model saved to drone_soccer_ppo_v4.1.zip
